url,공고번호,source,사업요약
https://www.g2b.go.kr/link/PNPE027_01/single/?bidPbancNo=R25BK00782145&bidPbancOrd=000,R25BK00782145,g2b,번호 제안요청명 입찰공고번호 공고정보 참조번호 복권위원
https://www.g2b.go.kr/link/PNPE027_01/single/?bidPbancNo=R25BK01255207&bidPbancOrd=000,R25BK01255207,g2b,"서, 용역입찰유의서, 용역계약일반조건, 용역계약특수조건"
https://www.g2b.go.kr/link/PNPE027_01/single/?bidPbancNo=R25BK01225227&bidPbancOrd=000,R25BK01225227,g2b,"서, 용역입찰유의서, 용역계약일반조건, 용역계약특수조건"
https://www.g2b.go.kr/link/PNPE027_01/single/?bidPbancNo=R25BK00791453&bidPbancOrd=001,R25BK00791453,g2b,"서, 용역입찰유의서, 용역계약일반조건, 용역계약특수조건"
https://www.g2b.go.kr/link/PNPE027_01/single/?bidPbancNo=R25BK01252134&bidPbancOrd=000,R25BK01252134,g2b,"서, 용역입찰유의서, 용역계약일반조건, 용역계약특수조건"
https://www.g2b.go.kr/link/PNPE027_01/single/?bidPbancNo=R25BK01251622&bidPbancOrd=000,R25BK01251622,g2b,"서, 용역입찰유의서, 용역계약일반조건, 용역계약특수조건"
https://www.g2b.go.kr/link/PNPE027_01/single/?bidPbancNo=R25BK01248413&bidPbancOrd=000,R25BK01248413,g2b,"서, 용역입찰유의서, 용역계약일반조건, 용역계약특수조건"
https://www.g2b.go.kr/link/PNPE027_01/single/?bidPbancNo=R25BK01245776&bidPbancOrd=000,R25BK01245776,g2b,"서, 용역입찰유의서, 용역계약일반조건, 용역계약특수조건"
https://www.g2b.go.kr/link/PNPE027_01/single/?bidPbancNo=R25BK01245047&bidPbancOrd=000,R25BK01245047,g2b,"서, 용역입찰유의서, 용역계약일반조건, 용역계약특수조건"
https://www.g2b.go.kr/link/PNPE027_01/single/?bidPbancNo=R25BK01242381&bidPbancOrd=001,R25BK01242381,g2b,"서, 용역입찰유의서, 용역계약일반조건, 용역계약특수조건"
https://www.g2b.go.kr/link/PNPE027_01/single/?bidPbancNo=R25BK01236406&bidPbancOrd=000,R25BK01236406,g2b,"서, 용역입찰유의서, 용역계약일반조건, 용역계약특수조건"
https://www.g2b.go.kr/link/PNPE027_01/single/?bidPbancNo=R25BK01239312&bidPbancOrd=000,R25BK01239312,g2b,"서, 용역입찰유의서, 용역계약일반조건, 용역계약특수조건"
https://www.g2b.go.kr/link/PNPE027_01/single/?bidPbancNo=R25BK01236837&bidPbancOrd=000,R25BK01236837,g2b,"서, 용역입찰유의서, 용역계약일반조건, 용역계약특수조건"
https://www.g2b.go.kr/link/PNPE027_01/single/?bidPbancNo=R25BK01228594&bidPbancOrd=000,R25BK01228594,g2b,"서, 용역입찰유의서, 용역계약일반조건, 용역계약특수조건"
https://www.g2b.go.kr/link/PNPE027_01/single/?bidPbancNo=R25BK01232542&bidPbancOrd=000,R25BK01232542,g2b,서 내역서 영문요약서 과업지시서 설계지침서 최종제안요청
https://www.g2b.go.kr/link/PNPE027_01/single/?bidPbancNo=R25BK01227238&bidPbancOrd=000,R25BK01227238,g2b,"서, 용역입찰유의서, 용역계약일반조건, 용역계약특수조건"
https://www.g2b.go.kr/link/PNPE027_01/single/?bidPbancNo=R25BK01225188&bidPbancOrd=000,R25BK01225188,g2b,"서, 용역입찰유의서, 용역계약일반조건, 용역계약특수조건"
https://www.g2b.go.kr/link/PNPE027_01/single/?bidPbancNo=R25BK01211856&bidPbancOrd=000,R25BK01211856,g2b,"서, 용역입찰유의서, 용역계약일반조건, 용역계약특수조건"
https://www.g2b.go.kr/link/PNPE027_01/single/?bidPbancNo=R25BK01210366&bidPbancOrd=000,R25BK01210366,g2b,"서, 용역입찰유의서, 용역계약일반조건, 용역계약특수조건"
https://www.g2b.go.kr/link/PNPE027_01/single/?bidPbancNo=R25BK01208957&bidPbancOrd=001,R25BK01208957,g2b,"서, 용역입찰유의서, 용역계약일반조건, 용역계약특수조건"
https://www.g2b.go.kr/link/PNPE027_01/single/?bidPbancNo=R25BK01179698&bidPbancOrd=001,R25BK01179698,g2b,"서, 용역입찰유의서, 용역계약일반조건, 용역계약특수조건"
https://www.g2b.go.kr/link/PNPE027_01/single/?bidPbancNo=R25BK01207212&bidPbancOrd=000,R25BK01207212,g2b,"서, 용역입찰유의서, 용역계약일반조건, 용역계약특수조건"
https://www.g2b.go.kr/link/PNPE027_01/single/?bidPbancNo=R25BK01189884&bidPbancOrd=001,R25BK01189884,g2b,"서, 용역입찰유의서, 용역계약일반조건, 용역계약특수조건"
https://www.g2b.go.kr/link/PNPE027_01/single/?bidPbancNo=R25BK01199928&bidPbancOrd=000,R25BK01199928,g2b,"서, 용역입찰유의서, 용역계약일반조건, 용역계약특수조건"
https://www.g2b.go.kr/link/PNPE027_01/single/?bidPbancNo=R25BK01189267&bidPbancOrd=000,R25BK01189267,g2b,"서, 용역입찰유의서, 용역계약일반조건, 용역계약특수조건"
https://www.g2b.go.kr/link/PNPE027_01/single/?bidPbancNo=R25BK01198427&bidPbancOrd=000,R25BK01198427,g2b,"서, 용역입찰유의서, 용역계약일반조건, 용역계약특수조건"
https://www.g2b.go.kr/link/PNPE027_01/single/?bidPbancNo=R25BK01188835&bidPbancOrd=000,R25BK01188835,g2b,"서, 용역입찰유의서, 용역계약일반조건, 용역계약특수조건"
https://www.g2b.go.kr/link/PNPE027_01/single/?bidPbancNo=R25BK01192119&bidPbancOrd=000,R25BK01192119,g2b,"서, 용역입찰유의서, 용역계약일반조건, 용역계약특수조건"
https://www.g2b.go.kr/link/PNPE027_01/single/?bidPbancNo=R25BK01192264&bidPbancOrd=000,R25BK01192264,g2b,서 내역서 영문요약서 과업지시서 설계지침서 최종제안요청
https://www.g2b.go.kr/link/PNPE027_01/single/?bidPbancNo=R25BK01189852&bidPbancOrd=000,R25BK01189852,g2b,"서, 용역입찰유의서, 용역계약일반조건, 용역계약특수조건"
https://www.g2b.go.kr/link/PNPE027_01/single/?bidPbancNo=R25BK01174502&bidPbancOrd=000,R25BK01174502,g2b,"서, 용역입찰유의서, 용역계약일반조건, 용역계약특수조건"
https://www.g2b.go.kr/link/PNPE027_01/single/?bidPbancNo=R25BK01188731&bidPbancOrd=000,R25BK01188731,g2b,서 내역서 영문요약서 과업지시서 설계지침서 최종제안요청
https://www.g2b.go.kr/link/PNPE027_01/single/?bidPbancNo=R25BK01172100&bidPbancOrd=000,R25BK01172100,g2b,서 내역서 영문요약서 과업지시서 설계지침서 최종제안요청
https://www.g2b.go.kr/link/PNPE027_01/single/?bidPbancNo=R25BK01160897&bidPbancOrd=001,R25BK01160897,g2b,"서, 용역입찰유의서, 용역계약일반조건, 용역계약특수조건"
https://www.g2b.go.kr/link/PNPE027_01/single/?bidPbancNo=R25BK01167054&bidPbancOrd=002,R25BK01167054,g2b,"서, 용역입찰유의서, 용역계약일반조건, 용역계약특수조건"
https://www.g2b.go.kr/link/PNPE027_01/single/?bidPbancNo=R25BK01154259&bidPbancOrd=000,R25BK01154259,g2b,"서, 용역입찰유의서, 용역계약일반조건, 용역계약특수조건"
https://www.g2b.go.kr/link/PNPE027_01/single/?bidPbancNo=R25BK01134370&bidPbancOrd=001,R25BK01134370,g2b,"서, 용역입찰유의서, 용역계약일반조건, 용역계약특수조건"
https://www.g2b.go.kr/link/PNPE027_01/single/?bidPbancNo=R25BK01122610&bidPbancOrd=001,R25BK01122610,g2b,"서, 용역입찰유의서, 용역계약일반조건, 용역계약특수조건"
https://www.g2b.go.kr/link/PNPE027_01/single/?bidPbancNo=R25BK01124431&bidPbancOrd=001,R25BK01124431,g2b,나라장터
https://www.g2b.go.kr/link/PNPE027_01/single/?bidPbancNo=R25BK01149260&bidPbancOrd=000,R25BK01149260,g2b,"서, 용역입찰유의서, 용역계약일반조건, 용역계약특수조건"
https://www.g2b.go.kr/link/PNPE027_01/single/?bidPbancNo=R25BK01138963&bidPbancOrd=000,R25BK01138963,g2b,"서, 용역입찰유의서, 용역계약일반조건, 용역계약특수조건"
https://www.g2b.go.kr/link/PNPE027_01/single/?bidPbancNo=R25BK01135281&bidPbancOrd=000,R25BK01135281,g2b,서 내역서 영문요약서 과업지시서 설계지침서 최종제안요청
https://www.g2b.go.kr/link/PNPE027_01/single/?bidPbancNo=R25BK01142187&bidPbancOrd=000,R25BK01142187,g2b,"서, 용역입찰유의서, 용역계약일반조건, 용역계약특수조건"
https://www.g2b.go.kr/link/PNPE027_01/single/?bidPbancNo=R25BK01136707&bidPbancOrd=000,R25BK01136707,g2b,"서, 용역입찰유의서, 용역계약일반조건, 용역계약특수조건"
https://www.g2b.go.kr/link/PNPE027_01/single/?bidPbancNo=R25BK01123170&bidPbancOrd=002,R25BK01123170,g2b,"서, 용역입찰유의서, 용역계약일반조건, 용역계약특수조건"
https://www.g2b.go.kr/link/PNPE027_01/single/?bidPbancNo=R25BK01136851&bidPbancOrd=000,R25BK01136851,g2b,서 내역서 영문요약서 과업지시서 설계지침서 최종제안요청
https://www.g2b.go.kr/link/PNPE027_01/single/?bidPbancNo=R25BK01131678&bidPbancOrd=000,R25BK01131678,g2b,"서, 용역입찰유의서, 용역계약일반조건, 용역계약특수조건"
https://www.g2b.go.kr/link/PNPE027_01/single/?bidPbancNo=R25BK01129530&bidPbancOrd=000,R25BK01129530,g2b,"서, 용역입찰유의서, 용역계약일반조건, 용역계약특수조건"
https://www.g2b.go.kr/link/PNPE027_01/single/?bidPbancNo=R25BK01124299&bidPbancOrd=000,R25BK01124299,g2b,"서, 용역입찰유의서, 용역계약일반조건, 용역계약특수조건"
https://www.g2b.go.kr/link/PNPE027_01/single/?bidPbancNo=R25BK01106384&bidPbancOrd=000,R25BK01106384,g2b,"서, 용역입찰유의서, 용역계약일반조건, 용역계약특수조건"
https://www.g2b.go.kr/link/PNPE027_01/single/?bidPbancNo=R25BK01113005&bidPbancOrd=000,R25BK01113005,g2b,"서, 용역입찰유의서, 용역계약일반조건, 용역계약특수조건"
https://www.g2b.go.kr/link/PNPE027_01/single/?bidPbancNo=R25BK01108018&bidPbancOrd=000,R25BK01108018,g2b,서 내역서 영문요약서 과업지시서 설계지침서 최종제안요청
https://www.g2b.go.kr/link/PNPE027_01/single/?bidPbancNo=R25BK01097120&bidPbancOrd=001,R25BK01097120,g2b,"서, 용역입찰유의서, 용역계약일반조건, 용역계약특수조건"
https://www.g2b.go.kr/link/PNPE027_01/single/?bidPbancNo=R25BK01110835&bidPbancOrd=000,R25BK01110835,g2b,"서, 용역입찰유의서, 용역계약일반조건, 용역계약특수조건"
https://www.g2b.go.kr/link/PNPE027_01/single/?bidPbancNo=R25BK01098925&bidPbancOrd=000,R25BK01098925,g2b,서 내역서 영문요약서 과업지시서 설계지침서 최종제안요청
https://www.g2b.go.kr/link/PNPE027_01/single/?bidPbancNo=R25BK01072717&bidPbancOrd=001,R25BK01072717,g2b,나라장터
https://www.g2b.go.kr/link/PNPE027_01/single/?bidPbancNo=R25BK01094963&bidPbancOrd=000,R25BK01094963,g2b,"서, 용역입찰유의서, 용역계약일반조건, 용역계약특수조건"
https://www.g2b.go.kr/link/PNPE027_01/single/?bidPbancNo=R25BK01075842&bidPbancOrd=002,R25BK01075842,g2b,"서, 용역입찰유의서, 용역계약일반조건, 용역계약특수조건"
https://www.g2b.go.kr/link/PNPE027_01/single/?bidPbancNo=R25BK01033406&bidPbancOrd=001,R25BK01033406,g2b,정보 전체1건 Grid start No 문서명 파일명 
https://www.g2b.go.kr/link/PNPE027_01/single/?bidPbancNo=R25BK01078267&bidPbancOrd=000,R25BK01078267,g2b,"서, 용역입찰유의서, 용역계약일반조건, 용역계약특수조건"
https://www.g2b.go.kr/link/PNPE027_01/single/?bidPbancNo=R25BK01077086&bidPbancOrd=001,R25BK01077086,g2b,"서, 용역입찰유의서, 용역계약일반조건, 용역계약특수조건"
https://www.g2b.go.kr/link/PNPE027_01/single/?bidPbancNo=R25BK01078350&bidPbancOrd=000,R25BK01078350,g2b,서 내역서 영문요약서 과업지시서 설계지침서 최종제안요청
https://www.g2b.go.kr/link/PNPE027_01/single/?bidPbancNo=R25BK01071682&bidPbancOrd=000,R25BK01071682,g2b,"서, 용역입찰유의서, 용역계약일반조건, 용역계약특수조건"
https://www.g2b.go.kr/link/PNPE027_01/single/?bidPbancNo=R25BK01070726&bidPbancOrd=000,R25BK01070726,g2b,"서, 용역입찰유의서, 용역계약일반조건, 용역계약특수조건"
https://www.g2b.go.kr/link/PNPE027_01/single/?bidPbancNo=R25BK01062642&bidPbancOrd=000,R25BK01062642,g2b,"서, 용역입찰유의서, 용역계약일반조건, 용역계약특수조건"
https://www.g2b.go.kr/link/PNPE027_01/single/?bidPbancNo=R25BK01064516&bidPbancOrd=001,R25BK01064516,g2b,서 내역서 영문요약서 과업지시서 설계지침서 최종제안요청
https://www.g2b.go.kr/link/PNPE027_01/single/?bidPbancNo=R25BK01061832&bidPbancOrd=000,R25BK01061832,g2b,"서, 용역입찰유의서, 용역계약일반조건, 용역계약특수조건"
https://www.g2b.go.kr/link/PNPE027_01/single/?bidPbancNo=R25BK01046141&bidPbancOrd=003,R25BK01046141,g2b,"서, 용역입찰유의서, 용역계약일반조건, 용역계약특수조건"
https://www.g2b.go.kr/link/PNPE027_01/single/?bidPbancNo=R25BK01045680&bidPbancOrd=001,R25BK01045680,g2b,"서, 용역입찰유의서, 용역계약일반조건, 용역계약특수조건"
https://www.g2b.go.kr/link/PNPE027_01/single/?bidPbancNo=R25BK01059601&bidPbancOrd=000,R25BK01059601,g2b,서 내역서 영문요약서 과업지시서 설계지침서 최종제안요청
https://www.g2b.go.kr/link/PNPE027_01/single/?bidPbancNo=R25BK01026286&bidPbancOrd=000,R25BK01026286,g2b,서 내역서 영문요약서 과업지시서 설계지침서 최종제안요청
https://www.g2b.go.kr/link/PNPE027_01/single/?bidPbancNo=R25BK01043988&bidPbancOrd=000,R25BK01043988,g2b,서 내역서 영문요약서 과업지시서 설계지침서 최종제안요청
https://www.g2b.go.kr/link/PNPE027_01/single/?bidPbancNo=R25BK01022996&bidPbancOrd=000,R25BK01022996,g2b,서 내역서 영문요약서 과업지시서 설계지침서 최종제안요청
https://www.g2b.go.kr/link/PNPE027_01/single/?bidPbancNo=R25BK01024484&bidPbancOrd=001,R25BK01024484,g2b,서 내역서 영문요약서 과업지시서 설계지침서 최종제안요청
https://www.g2b.go.kr/link/PNPE027_01/single/?bidPbancNo=R25BK01021901&bidPbancOrd=000,R25BK01021901,g2b,서 내역서 영문요약서 과업지시서 설계지침서 최종제안요청
https://www.g2b.go.kr/link/PNPE027_01/single/?bidPbancNo=R25BK01014296&bidPbancOrd=000,R25BK01014296,g2b,"서, 용역입찰유의서, 용역계약일반조건, 용역계약특수조건"
https://www.g2b.go.kr/link/PNPE027_01/single/?bidPbancNo=R25BK01010531&bidPbancOrd=000,R25BK01010531,g2b,"서, 용역입찰유의서, 용역계약일반조건, 용역계약특수조건"
https://www.g2b.go.kr/link/PNPE027_01/single/?bidPbancNo=R25BK01003082&bidPbancOrd=000,R25BK01003082,g2b,"서, 용역입찰유의서, 용역계약일반조건, 용역계약특수조건"
https://www.g2b.go.kr/link/PNPE027_01/single/?bidPbancNo=R25BK00995147&bidPbancOrd=001,R25BK00995147,g2b,서 내역서 영문요약서 과업지시서 설계지침서 최종제안요청
https://www.g2b.go.kr/link/PNPE027_01/single/?bidPbancNo=R25BK00928400&bidPbancOrd=001,R25BK00928400,g2b,"서, 용역입찰유의서, 용역계약일반조건, 용역계약특수조건"
https://www.g2b.go.kr/link/PNPE027_01/single/?bidPbancNo=R25BK00953236&bidPbancOrd=000,R25BK00953236,g2b,서.hwpx 54.7 KB 허수진 13:32:15 미리
https://www.g2b.go.kr/link/PNPE027_01/single/?bidPbancNo=R25BK00961191&bidPbancOrd=000,R25BK00961191,g2b,서.hwpx 47.6 KB 허수진 16:59:16 미리
https://www.g2b.go.kr/link/PNPE027_01/single/?bidPbancNo=R25BK00957306&bidPbancOrd=000,R25BK00957306,g2b,"서, 용역입찰유의서, 용역계약일반조건, 용역계약특수조건"
https://www.g2b.go.kr/link/PNPE027_01/single/?bidPbancNo=R25BK00957559&bidPbancOrd=001,R25BK00957559,g2b,"서, 용역입찰유의서, 용역계약일반조건, 용역계약특수조건"
https://www.g2b.go.kr/link/PNPE027_01/single/?bidPbancNo=R25BK00954974&bidPbancOrd=000,R25BK00954974,g2b,번호 제안요청명 입찰공고번호 공고정보 참조번호 운영지원
https://www.g2b.go.kr/link/PNPE027_01/single/?bidPbancNo=R25BK00944658&bidPbancOrd=000,R25BK00944658,g2b,번호 제안요청명 입찰공고번호 공고정보 참조번호 운영지원
https://www.g2b.go.kr/link/PNPE027_01/single/?bidPbancNo=R25BK00947893&bidPbancOrd=000,R25BK00947893,g2b,서.hwpx 50.0 KB 허수진 13:31:41 미리
https://www.g2b.go.kr/link/PNPE027_01/single/?bidPbancNo=R25BK00951503&bidPbancOrd=000,R25BK00951503,g2b,서 내역서 영문요약서 과업지시서 설계지침서 최종제안요청
https://www.g2b.go.kr/link/PNPE027_01/single/?bidPbancNo=R25BK00940899&bidPbancOrd=001,R25BK00940899,g2b,"서,시방서,도면등이 첨부될 경우 이를 포함), Inst"
https://www.g2b.go.kr/link/PNPE027_01/single/?bidPbancNo=R25BK00942666&bidPbancOrd=000,R25BK00942666,g2b,서.hwpx 60.5 KB 김하연 13:12:45 미리
https://www.g2b.go.kr/link/PNPE027_01/single/?bidPbancNo=R25BK00940728&bidPbancOrd=000,R25BK00940728,g2b,서.hwpx 16.5 KB 김지후 14:18:43 미리
https://www.g2b.go.kr/link/PNPE027_01/single/?bidPbancNo=R25BK00937176&bidPbancOrd=000,R25BK00937176,g2b,서.hwpx 16.5 KB 김지후 08:45:57 미리
https://www.g2b.go.kr/link/PNPE027_01/single/?bidPbancNo=R25BK00932756&bidPbancOrd=000,R25BK00932756,g2b,"서, 용역입찰유의서, 용역계약일반조건, 용역계약특수조건"
https://www.g2b.go.kr/link/PNPE027_01/single/?bidPbancNo=R25BK00934174&bidPbancOrd=001,R25BK00934174,g2b,서 내역서 영문요약서 과업지시서 설계지침서 최종제안요청
https://www.g2b.go.kr/link/PNPE027_01/single/?bidPbancNo=R25BK00929926&bidPbancOrd=000,R25BK00929926,g2b,번호 제안요청명 입찰공고번호 공고정보 참조번호 대구세관
https://www.g2b.go.kr/link/PNPE027_01/single/?bidPbancNo=R25BK00924473&bidPbancOrd=000,R25BK00924473,g2b,번호 제안요청명 입찰공고번호 공고정보 참조번호 운영지원
https://www.g2b.go.kr/link/PNPE027_01/single/?bidPbancNo=R25BK00927018&bidPbancOrd=002,R25BK00927018,g2b,나라장터
https://www.g2b.go.kr/link/PNPE027_01/single/?bidPbancNo=R25BK00918598&bidPbancOrd=000,R25BK00918598,g2b,서_3D스캐너.hwp 58.5 KB 김정환 14:33:
https://www.g2b.go.kr/link/PNPE027_01/single/?bidPbancNo=R25BK00913068&bidPbancOrd=000,R25BK00913068,g2b,번호 제안요청명 입찰공고번호 공고정보 참조번호 세관운영
https://www.g2b.go.kr/link/PNPE027_01/single/?bidPbancNo=R25BK00888683&bidPbancOrd=001,R25BK00888683,g2b,번호 제안요청명 입찰공고번호 공고정보 참조번호 세관운영
https://www.g2b.go.kr/link/PNPE027_01/single/?bidPbancNo=R25BK00910218&bidPbancOrd=000,R25BK00910218,g2b,번호 제안요청명 입찰공고번호 공고정보 참조번호 광주세관
https://www.g2b.go.kr/link/PNPE027_01/single/?bidPbancNo=R25BK00907618&bidPbancOrd=000,R25BK00907618,g2b,서 내역서 영문요약서 과업지시서 설계지침서 최종제안요청
https://www.g2b.go.kr/link/PNPE027_01/single/?bidPbancNo=R25BK00905896&bidPbancOrd=000,R25BK00905896,g2b,"서, 용역입찰유의서, 용역계약일반조건, 용역계약특수조건"
https://www.g2b.go.kr/link/PNPE027_01/single/?bidPbancNo=R25BK00906381&bidPbancOrd=000,R25BK00906381,g2b,번호 제안요청명 입찰공고번호 공고정보 참조번호 대구세관
https://www.g2b.go.kr/link/PNPE027_01/single/?bidPbancNo=R25BK00894466&bidPbancOrd=001,R25BK00894466,g2b,번호 제안요청명 입찰공고번호 공고정보 참조번호 인천세관
https://www.g2b.go.kr/link/PNPE027_01/single/?bidPbancNo=R25BK00901529&bidPbancOrd=002,R25BK00901529,g2b,"서, 용역입찰유의서, 용역계약일반조건, 용역계약특수조건"
https://www.g2b.go.kr/link/PNPE027_01/single/?bidPbancNo=R25BK00895328&bidPbancOrd=000,R25BK00895328,g2b,번호 제안요청명 입찰공고번호 공고정보 참조번호 인천세관
https://www.g2b.go.kr/link/PNPE027_01/single/?bidPbancNo=R25BK00893607&bidPbancOrd=000,R25BK00893607,g2b,번호 제안요청명 입찰공고번호 공고정보 참조번호 2118
https://www.g2b.go.kr/link/PNPE027_01/single/?bidPbancNo=R25BK00891692&bidPbancOrd=000,R25BK00891692,g2b,"서, 구매설명서 참조) - 납품장소도 Grid end "
https://www.g2b.go.kr/link/PNPE027_01/single/?bidPbancNo=R25BK00889944&bidPbancOrd=000,R25BK00889944,g2b,번호 제안요청명 입찰공고번호 공고정보 참조번호 광주세관
https://www.g2b.go.kr/link/PNPE027_01/single/?bidPbancNo=R25BK00883770&bidPbancOrd=000,R25BK00883770,g2b,번호 제안요청명 입찰공고번호 공고정보 참조번호 인천세관
https://www.g2b.go.kr/link/PNPE027_01/single/?bidPbancNo=R25BK00875075&bidPbancOrd=000,R25BK00875075,g2b,"서,시방서,도면등이 첨부될 경우 이를 포함), Inst"
https://www.g2b.go.kr/link/PNPE027_01/single/?bidPbancNo=R25BK00872652&bidPbancOrd=000,R25BK00872652,g2b,"서, 용역입찰유의서, 용역계약일반조건, 용역계약특수조건"
https://www.g2b.go.kr/link/PNPE027_01/single/?bidPbancNo=R25BK00871318&bidPbancOrd=000,R25BK00871318,g2b,서 내역서 영문요약서 과업지시서 설계지침서 최종제안요청
https://www.g2b.go.kr/link/PNPE027_01/single/?bidPbancNo=R25BK00866398&bidPbancOrd=000,R25BK00866398,g2b,"서, 용역입찰유의서, 용역계약일반조건, 용역계약특수조건"
https://www.g2b.go.kr/link/PNPE027_01/single/?bidPbancNo=R25BK00864588&bidPbancOrd=000,R25BK00864588,g2b,서 내역서 영문요약서 과업지시서 설계지침서 최종제안요청
https://www.g2b.go.kr/link/PNPE027_01/single/?bidPbancNo=R25BK00858201&bidPbancOrd=000,R25BK00858201,g2b,번호 제안요청명 입찰공고번호 공고정보 참조번호 2118
https://www.g2b.go.kr/link/PNPE027_01/single/?bidPbancNo=R25BK00835081&bidPbancOrd=000,R25BK00835081,g2b,"서, 용역입찰유의서, 용역계약일반조건, 용역계약특수조건"
https://www.g2b.go.kr/link/PNPE027_01/single/?bidPbancNo=R25BK00824632&bidPbancOrd=000,R25BK00824632,g2b,서_수정.hwpx 36.1 KB 김광일 15:23:29
https://www.g2b.go.kr/link/PNPE027_01/single/?bidPbancNo=R25BK00832417&bidPbancOrd=000,R25BK00832417,g2b,"서, 용역입찰유의서, 용역계약일반조건, 용역계약특수조건"
https://www.g2b.go.kr/link/PNPE027_01/single/?bidPbancNo=R25BK00814960&bidPbancOrd=000,R25BK00814960,g2b,"서, 용역입찰유의서, 용역계약일반조건, 용역계약특수조건"
https://www.g2b.go.kr/link/PNPE027_01/single/?bidPbancNo=R25BK00810534&bidPbancOrd=001,R25BK00810534,g2b,"서, 용역입찰유의서, 용역계약일반조건, 용역계약특수조건"
https://www.g2b.go.kr/link/PNPE027_01/single/?bidPbancNo=R25BK00807761&bidPbancOrd=000,R25BK00807761,g2b,서 내역서 영문요약서 과업지시서 설계지침서 최종제안요청
https://www.g2b.go.kr/link/PNPE027_01/single/?bidPbancNo=R25BK00786113&bidPbancOrd=000,R25BK00786113,g2b,번호 제안요청명 입찰공고번호 공고정보 참조번호 통관지원
https://www.g2b.go.kr/link/PNPE027_01/single/?bidPbancNo=R25BK00805316&bidPbancOrd=000,R25BK00805316,g2b,서 내역서 영문요약서 과업지시서 설계지침서 최종제안요청
https://www.g2b.go.kr/link/PNPE027_01/single/?bidPbancNo=R25BK00803008&bidPbancOrd=001,R25BK00803008,g2b,서 내역서 영문요약서 과업지시서 설계지침서 최종제안요청
https://www.g2b.go.kr/link/PNPE027_01/single/?bidPbancNo=R25BK00779380&bidPbancOrd=000,R25BK00779380,g2b,서 내역서 영문요약서 과업지시서 설계지침서 최종제안요청
https://www.g2b.go.kr/link/PNPE027_01/single/?bidPbancNo=R25BK00781312&bidPbancOrd=000,R25BK00781312,g2b,서 내역서 영문요약서 과업지시서 설계지침서 최종제안요청
https://www.g2b.go.kr/link/PNPE027_01/single/?bidPbancNo=R25BK00778351&bidPbancOrd=000,R25BK00778351,g2b,"서, 용역입찰유의서, 용역계약일반조건, 용역계약특수조건"
https://www.g2b.go.kr/link/PNPE027_01/single/?bidPbancNo=R25BK00775548&bidPbancOrd=000,R25BK00775548,g2b,서 내역서 영문요약서 과업지시서 설계지침서 최종제안요청
https://www.g2b.go.kr/link/PNPE027_01/single/?bidPbancNo=R25BK00775561&bidPbancOrd=000,R25BK00775561,g2b,서 내역서 영문요약서 과업지시서 설계지침서 최종제안요청
https://www.g2b.go.kr/link/PNPE027_01/single/?bidPbancNo=R25BK00770325&bidPbancOrd=000,R25BK00770325,g2b,서_수정.hwpx 35.5 KB 허수진 16:36:43
https://www.g2b.go.kr/link/PNPE027_01/single/?bidPbancNo=R25BK00773233&bidPbancOrd=000,R25BK00773233,g2b,서_수정.hwpx 40.5 KB 허수진 15:40:54
https://www.g2b.go.kr/link/PNPE027_01/single/?bidPbancNo=R25BK00773022&bidPbancOrd=000,R25BK00773022,g2b,"서, 용역입찰유의서, 용역계약일반조건, 용역계약특수조건"
https://www.g2b.go.kr/link/PNPE027_01/single/?bidPbancNo=R25BK00765234&bidPbancOrd=001,R25BK00765234,g2b,"서, 용역입찰유의서, 용역계약일반조건, 용역계약특수조건"
https://www.g2b.go.kr/link/PNPE027_01/single/?bidPbancNo=R25BK00771374&bidPbancOrd=000,R25BK00771374,g2b,"서, 용역입찰유의서, 용역계약일반조건, 용역계약특수조건"
https://www.g2b.go.kr/link/PNPE027_01/single/?bidPbancNo=R25BK00764055&bidPbancOrd=000,R25BK00764055,g2b,서_수정.hwpx 38.6 KB 허수진 13:45:28
https://www.g2b.go.kr/link/PNPE027_01/single/?bidPbancNo=R25BK00765980&bidPbancOrd=000,R25BK00765980,g2b,서 내역서 영문요약서 과업지시서 설계지침서 최종제안요청
https://www.g2b.go.kr/link/PNPE027_01/single/?bidPbancNo=R25BK00761065&bidPbancOrd=000,R25BK00761065,g2b,서 내역서 영문요약서 과업지시서 설계지침서 최종제안요청
https://www.g2b.go.kr/link/PNPE027_01/single/?bidPbancNo=R25BK00753696&bidPbancOrd=001,R25BK00753696,g2b,번호 제안요청명 입찰공고번호 공고정보 참조번호 군산세관
https://www.g2b.go.kr/link/PNPE027_01/single/?bidPbancNo=R25BK00748236&bidPbancOrd=000,R25BK00748236,g2b,"서, 용역입찰유의서, 용역계약일반조건, 용역계약특수조건"
https://www.g2b.go.kr/link/PNPE027_01/single/?bidPbancNo=R25BK00748632&bidPbancOrd=001,R25BK00748632,g2b,"서, 용역입찰유의서, 용역계약일반조건, 용역계약특수조건"
https://www.g2b.go.kr/link/PNPE027_01/single/?bidPbancNo=R25BK00744468&bidPbancOrd=001,R25BK00744468,g2b,번호 제안요청명 입찰공고번호 공고정보 참조번호 2118
https://www.g2b.go.kr/link/PNPE027_01/single/?bidPbancNo=R25BK00737406&bidPbancOrd=001,R25BK00737406,g2b,나라장터
https://www.g2b.go.kr/link/PNPE027_01/single/?bidPbancNo=R25BK00739225&bidPbancOrd=000,R25BK00739225,g2b,서.hwpx 334.6 KB 박현심 19:27:46 미
https://www.g2b.go.kr/link/PNPE027_01/single/?bidPbancNo=R25BK00733865&bidPbancOrd=000,R25BK00733865,g2b,번호 제안요청명 입찰공고번호 공고정보 참조번호 공고기관
https://www.g2b.go.kr/link/PNPE027_01/single/?bidPbancNo=R25BK00721126&bidPbancOrd=001,R25BK00721126,g2b,서 내역서 영문요약서 과업지시서 설계지침서 최종제안요청
https://www.g2b.go.kr/link/PNPE027_01/single/?bidPbancNo=R25BK00723753&bidPbancOrd=000,R25BK00723753,g2b,"서, 용역입찰유의서, 용역계약일반조건, 용역계약특수조건"
https://www.g2b.go.kr/link/PNPE027_01/single/?bidPbancNo=R25BK00716363&bidPbancOrd=000,R25BK00716363,g2b,"서, 용역입찰유의서, 용역계약일반조건, 용역계약특수조건"
https://www.g2b.go.kr/link/PNPE027_01/single/?bidPbancNo=R25BK00710287&bidPbancOrd=000,R25BK00710287,g2b,"서, 용역입찰유의서, 용역계약일반조건, 용역계약특수조건"
https://www.g2b.go.kr/link/PNPE027_01/single/?bidPbancNo=R25BK00706212&bidPbancOrd=000,R25BK00706212,g2b,서 내역서 영문요약서 과업지시서 설계지침서 최종제안요청
https://www.g2b.go.kr/link/PNPE027_01/single/?bidPbancNo=R25BK00704840&bidPbancOrd=000,R25BK00704840,g2b,"서, 용역입찰유의서, 용역계약일반조건, 용역계약특수조건"
https://www.g2b.go.kr/link/PNPE027_01/single/?bidPbancNo=R25BK00701951&bidPbancOrd=000,R25BK00701951,g2b,"서, 용역입찰유의서, 용역계약일반조건, 용역계약특수조건"
https://www.g2b.go.kr/link/PNPE027_01/single/?bidPbancNo=R25BK00681708&bidPbancOrd=001,R25BK00681708,g2b,"서, 용역입찰유의서, 용역계약일반조건, 용역계약특수조건"
https://www.g2b.go.kr/link/PNPE027_01/single/?bidPbancNo=R25BK00698276&bidPbancOrd=001,R25BK00698276,g2b,"서, 용역입찰유의서, 용역계약일반조건, 용역계약특수조건"
https://www.g2b.go.kr/link/PNPE027_01/single/?bidPbancNo=R25BK00696670&bidPbancOrd=000,R25BK00696670,g2b,번호 제안요청명 입찰공고번호 공고정보 참조번호 양산세관
https://www.g2b.go.kr/link/PNPE027_01/single/?bidPbancNo=R25BK00696786&bidPbancOrd=001,R25BK00696786,g2b,"서, 용역입찰유의서, 용역계약일반조건, 용역계약특수조건"
https://www.g2b.go.kr/link/PNPE027_01/single/?bidPbancNo=R25BK00673689&bidPbancOrd=001,R25BK00673689,g2b,"서, 용역입찰유의서, 용역계약일반조건, 용역계약특수조건"
https://www.g2b.go.kr/link/PNPE027_01/single/?bidPbancNo=R25BK00679287&bidPbancOrd=000,R25BK00679287,g2b,"서, 용역입찰유의서, 용역계약일반조건, 용역계약특수조건"
https://www.g2b.go.kr/link/PNPE027_01/single/?bidPbancNo=R25BK00679088&bidPbancOrd=000,R25BK00679088,g2b,번호 제안요청명 입찰공고번호 공고정보 참조번호 양산세관
https://www.g2b.go.kr/link/PNPE027_01/single/?bidPbancNo=R25BK00673202&bidPbancOrd=000,R25BK00673202,g2b,서 내역서 영문요약서 과업지시서 설계지침서 최종제안요청
https://www.g2b.go.kr/link/PNPE027_01/single/?bidPbancNo=R25BK00673525&bidPbancOrd=000,R25BK00673525,g2b,"서, 용역입찰유의서, 용역계약일반조건, 용역계약특수조건"
https://www.g2b.go.kr/link/PNPE027_01/single/?bidPbancNo=R25BK00672061&bidPbancOrd=000,R25BK00672061,g2b,서 내역서 영문요약서 과업지시서 설계지침서 최종제안요청
https://www.g2b.go.kr/link/PNPE027_01/single/?bidPbancNo=R25BK00665704&bidPbancOrd=000,R25BK00665704,g2b,"서, 용역입찰유의서, 용역계약일반조건, 용역계약특수조건"
https://www.g2b.go.kr/link/PNPE027_01/single/?bidPbancNo=R25BK00663170&bidPbancOrd=000,R25BK00663170,g2b,서 내역서 영문요약서 과업지시서 설계지침서 최종제안요청
https://www.g2b.go.kr/link/PNPE027_01/single/?bidPbancNo=R25BK00659784&bidPbancOrd=000,R25BK00659784,g2b,"서, 용역입찰유의서, 용역계약일반조건, 용역계약특수조건"
https://www.g2b.go.kr/link/PNPE027_01/single/?bidPbancNo=R25BK00653761&bidPbancOrd=000,R25BK00653761,g2b,"서, 용역입찰유의서, 용역계약일반조건, 용역계약특수조건"
https://www.g2b.go.kr/link/PNPE027_01/single/?bidPbancNo=R25BK00639660&bidPbancOrd=000,R25BK00639660,g2b,"서, 용역입찰유의서, 용역계약일반조건, 용역계약특수조건"
https://www.g2b.go.kr/link/PNPE027_01/single/?bidPbancNo=R25BK00642010&bidPbancOrd=000,R25BK00642010,g2b,번호 제안요청명 입찰공고번호 공고정보 참조번호 인천세관
https://www.g2b.go.kr/link/PNPE027_01/single/?bidPbancNo=R25BK00626751&bidPbancOrd=000,R25BK00626751,g2b,"서, 용역입찰유의서, 용역계약일반조건, 용역계약특수조건"
https://www.g2b.go.kr/link/PNPE027_01/single/?bidPbancNo=R25BK00635892&bidPbancOrd=000,R25BK00635892,g2b,서 내역서 영문요약서 과업지시서 설계지침서 최종제안요청
https://www.g2b.go.kr/link/PNPE027_01/single/?bidPbancNo=R25BK00628642&bidPbancOrd=000,R25BK00628642,g2b,"서, 용역입찰유의서, 용역계약일반조건, 용역계약특수조건"
https://www.g2b.go.kr/link/PNPE027_01/single/?bidPbancNo=R25BK00629528&bidPbancOrd=000,R25BK00629528,g2b,서 내역서 영문요약서 과업지시서 설계지침서 최종제안요청
https://www.g2b.go.kr/link/PNPE027_01/single/?bidPbancNo=R25BK00619278&bidPbancOrd=000,R25BK00619278,g2b,"서, 용역입찰유의서, 용역계약일반조건, 용역계약특수조건"
https://www.g2b.go.kr/link/PNPE027_01/single/?bidPbancNo=R25BK00619419&bidPbancOrd=000,R25BK00619419,g2b,"서, 용역입찰유의서, 용역계약일반조건, 용역계약특수조건"
https://www.g2b.go.kr/link/PNPE027_01/single/?bidPbancNo=R25BK00619877&bidPbancOrd=001,R25BK00619877,g2b,"서, 용역입찰유의서, 용역계약일반조건, 용역계약특수조건"
https://www.g2b.go.kr/link/PNPE027_01/single/?bidPbancNo=R25BK00609359&bidPbancOrd=000,R25BK00609359,g2b,서 내역서 영문요약서 과업지시서 설계지침서 최종제안요청
https://www.g2b.go.kr/link/PNPE027_01/single/?bidPbancNo=R25BK00611969&bidPbancOrd=000,R25BK00611969,g2b,서 내역서 영문요약서 과업지시서 설계지침서 최종제안요청
https://www.g2b.go.kr/link/PNPE027_01/single/?bidPbancNo=R25BK00617613&bidPbancOrd=000,R25BK00617613,g2b,"서 또는 제안요청서, 다른 법령에서 정하고 있는 경우에"
https://www.g2b.go.kr/link/PNPE027_01/single/?bidPbancNo=R25BK00580147&bidPbancOrd=000,R25BK00580147,g2b,서 내역서 영문요약서 과업지시서 설계지침서 최종제안요청
https://www.g2b.go.kr/link/PNPE027_01/single/?bidPbancNo=R25BK00579687&bidPbancOrd=000,R25BK00579687,g2b,서 내역서 영문요약서 과업지시서 설계지침서 최종제안요청
https://www.g2b.go.kr/link/PNPE027_01/single/?bidPbancNo=R25BK00577832&bidPbancOrd=000,R25BK00577832,g2b,"서, 용역입찰유의서, 용역계약일반조건, 용역계약특수조건"
https://www.g2b.go.kr/link/PNPE027_01/single/?bidPbancNo=R25BK00559864&bidPbancOrd=001,R25BK00559864,g2b,서 내역서 영문요약서 과업지시서 설계지침서 최종제안요청
https://www.g2b.go.kr/link/PNPE027_01/single/?bidPbancNo=R25BK00563761&bidPbancOrd=000,R25BK00563761,g2b,"서, 용역입찰유의서, 용역계약일반조건, 용역계약특수조건"
https://www.g2b.go.kr/link/PNPE027_01/single/?bidPbancNo=R25BK00750647&bidPbancOrd=000,R25BK00750647,g2b,서 내역서 영문요약서 과업지시서 설계지침서 최종제안요청
https://www.g2b.go.kr/link/PNPE027_01/single/?bidPbancNo=R25BK00559905&bidPbancOrd=000,R25BK00559905,g2b,서 내역서 영문요약서 과업지시서 설계지침서 최종제안요청
https://www.g2b.go.kr/link/PNPE027_01/single/?bidPbancNo=R25BK00563280&bidPbancOrd=000,R25BK00563280,g2b,"서, 용역입찰유의서, 용역계약일반조건, 용역계약특수조건"
https://www.g2b.go.kr/link/PNPE027_01/single/?bidPbancNo=R25BK00557103&bidPbancOrd=000,R25BK00557103,g2b,서 내역서 영문요약서 과업지시서 설계지침서 최종제안요청
https://www.g2b.go.kr/link/PNPE027_01/single/?bidPbancNo=R25BK00558930&bidPbancOrd=000,R25BK00558930,g2b,서 내역서 영문요약서 과업지시서 설계지침서 최종제안요청
https://www.g2b.go.kr/link/PNPE027_01/single/?bidPbancNo=R25BK01252422&bidPbancOrd=000,R25BK01252422,g2b,"서, 용역입찰유의서, 용역계약일반조건, 용역계약특수조건"
https://www.g2b.go.kr/link/PNPE027_01/single/?bidPbancNo=R25BK01252395&bidPbancOrd=000,R25BK01252395,g2b,"서, 용역입찰유의서, 용역계약일반조건, 용역계약특수조건"
https://www.g2b.go.kr/link/PNPE027_01/single/?bidPbancNo=R25BK01246355&bidPbancOrd=000,R25BK01246355,g2b,정보 전체1건 Grid start No 문서명 파일명 
https://www.g2b.go.kr/link/PNPE027_01/single/?bidPbancNo=R25BK01246954&bidPbancOrd=000,R25BK01246954,g2b,정보 전체1건 Grid start No 문서명 파일명 
https://www.g2b.go.kr/link/PNPE027_01/single/?bidPbancNo=R25BK01245216&bidPbancOrd=000,R25BK01245216,g2b,"서, 용역입찰유의서, 용역계약일반조건, 용역계약특수조건"
https://www.g2b.go.kr/link/PNPE027_01/single/?bidPbancNo=R25BK01249689&bidPbancOrd=000,R25BK01249689,g2b,"서, 용역입찰유의서, 용역계약일반조건, 용역계약특수조건"
https://www.g2b.go.kr/link/PNPE027_01/single/?bidPbancNo=R25BK01246746&bidPbancOrd=000,R25BK01246746,g2b,"서, 용역입찰유의서, 용역계약일반조건, 용역계약특수조건"
https://www.g2b.go.kr/link/PNPE027_01/single/?bidPbancNo=R25BK01243660&bidPbancOrd=000,R25BK01243660,g2b,"서, 용역입찰유의서, 용역계약일반조건, 용역계약특수조건"
https://www.g2b.go.kr/link/PNPE027_01/single/?bidPbancNo=R25BK01236405&bidPbancOrd=000,R25BK01236405,g2b,"서, 용역입찰유의서, 용역계약일반조건, 용역계약특수조건"
https://www.g2b.go.kr/link/PNPE027_01/single/?bidPbancNo=R25BK01228972&bidPbancOrd=000,R25BK01228972,g2b,"서, 용역입찰유의서, 용역계약일반조건, 용역계약특수조건"
https://www.g2b.go.kr/link/PNPE027_01/single/?bidPbancNo=R25BK01232001&bidPbancOrd=000,R25BK01232001,g2b,"서, 용역입찰유의서, 용역계약일반조건, 용역계약특수조건"
https://www.g2b.go.kr/link/PNPE027_01/single/?bidPbancNo=R25BK01216419&bidPbancOrd=000,R25BK01216419,g2b,"서, 용역입찰유의서, 용역계약일반조건, 용역계약특수조건"
https://www.g2b.go.kr/link/PNPE027_01/single/?bidPbancNo=R25BK01220987&bidPbancOrd=000,R25BK01220987,g2b,"서, 용역입찰유의서, 용역계약일반조건, 용역계약특수조건"
https://www.g2b.go.kr/link/PNPE027_01/single/?bidPbancNo=R25BK01220967&bidPbancOrd=000,R25BK01220967,g2b,정보 전체1건 Grid start No 문서명 파일명 
https://www.g2b.go.kr/link/PNPE027_01/single/?bidPbancNo=R25BK01196912&bidPbancOrd=000,R25BK01196912,g2b,서 내역서 영문요약서 과업지시서 설계지침서 최종제안요청
https://www.g2b.go.kr/link/PNPE027_01/single/?bidPbancNo=R25BK01189370&bidPbancOrd=000,R25BK01189370,g2b,"서, 용역입찰유의서, 용역계약일반조건, 용역계약특수조건"
https://www.g2b.go.kr/link/PNPE027_01/single/?bidPbancNo=R25BK01192109&bidPbancOrd=000,R25BK01192109,g2b,"서, 용역입찰유의서, 용역계약일반조건, 용역계약특수조건"
https://www.g2b.go.kr/link/PNPE027_01/single/?bidPbancNo=R25BK01190047&bidPbancOrd=000,R25BK01190047,g2b,"서, 용역입찰유의서, 용역계약일반조건, 용역계약특수조건"
https://www.g2b.go.kr/link/PNPE027_01/single/?bidPbancNo=R25BK01187559&bidPbancOrd=000,R25BK01187559,g2b,"서, 용역입찰유의서, 용역계약일반조건, 용역계약특수조건"
https://www.g2b.go.kr/link/PNPE027_01/single/?bidPbancNo=R25BK01187323&bidPbancOrd=000,R25BK01187323,g2b,서 내역서 영문요약서 과업지시서 설계지침서 최종제안요청
https://www.g2b.go.kr/link/PNPE027_01/single/?bidPbancNo=R25BK01180125&bidPbancOrd=000,R25BK01180125,g2b,"서, 용역입찰유의서, 용역계약일반조건, 용역계약특수조건"
https://www.g2b.go.kr/link/PNPE027_01/single/?bidPbancNo=R25BK01165275&bidPbancOrd=000,R25BK01165275,g2b,"서, 용역입찰유의서, 용역계약일반조건, 용역계약특수조건"
https://www.g2b.go.kr/link/PNPE027_01/single/?bidPbancNo=R25BK01173716&bidPbancOrd=000,R25BK01173716,g2b,"서, 용역입찰유의서, 용역계약일반조건, 용역계약특수조건"
https://www.g2b.go.kr/link/PNPE027_01/single/?bidPbancNo=R25BK01156127&bidPbancOrd=000,R25BK01156127,g2b,"서, 용역입찰유의서, 용역계약일반조건, 용역계약특수조건"
https://www.g2b.go.kr/link/PNPE027_01/single/?bidPbancNo=R25BK01161879&bidPbancOrd=000,R25BK01161879,g2b,정보 전체2건 Grid start No 문서명 파일명 
https://www.g2b.go.kr/link/PNPE027_01/single/?bidPbancNo=R25BK01161154&bidPbancOrd=000,R25BK01161154,g2b,"서, 용역입찰유의서, 용역계약일반조건, 용역계약특수조건"
https://www.g2b.go.kr/link/PNPE027_01/single/?bidPbancNo=R25BK01148444&bidPbancOrd=000,R25BK01148444,g2b,"서, 용역입찰유의서, 용역계약일반조건, 용역계약특수조건"
https://www.g2b.go.kr/link/PNPE027_01/single/?bidPbancNo=R25BK01148047&bidPbancOrd=001,R25BK01148047,g2b,정보 전체1건 Grid start No 문서명 파일명 
https://www.g2b.go.kr/link/PNPE027_01/single/?bidPbancNo=R25BK01146984&bidPbancOrd=000,R25BK01146984,g2b,정보 전체1건 Grid start No 문서명 파일명 
https://www.g2b.go.kr/link/PNPE027_01/single/?bidPbancNo=R25BK01135030&bidPbancOrd=000,R25BK01135030,g2b,"서, 용역입찰유의서, 용역계약일반조건, 용역계약특수조건"
https://www.g2b.go.kr/link/PNPE027_01/single/?bidPbancNo=R25BK01139515&bidPbancOrd=000,R25BK01139515,g2b,"서, 용역입찰유의서, 용역계약일반조건, 용역계약특수조건"
https://www.g2b.go.kr/link/PNPE027_01/single/?bidPbancNo=R25BK01132424&bidPbancOrd=000,R25BK01132424,g2b,"서, 용역입찰유의서, 용역계약일반조건, 용역계약특수조건"
https://www.g2b.go.kr/link/PNPE027_01/single/?bidPbancNo=R25BK01134353&bidPbancOrd=000,R25BK01134353,g2b,"서, 용역입찰유의서, 용역계약일반조건, 용역계약특수조건"
https://www.g2b.go.kr/link/PNPE027_01/single/?bidPbancNo=R25BK01121330&bidPbancOrd=000,R25BK01121330,g2b,서 내역서 영문요약서 과업지시서 설계지침서 최종제안요청
https://www.g2b.go.kr/link/PNPE027_01/single/?bidPbancNo=R25BK01125397&bidPbancOrd=000,R25BK01125397,g2b,"서, 용역입찰유의서, 용역계약일반조건, 용역계약특수조건"
https://www.g2b.go.kr/link/PNPE027_01/single/?bidPbancNo=R25BK01119503&bidPbancOrd=000,R25BK01119503,g2b,"서, 용역입찰유의서, 용역계약일반조건, 용역계약특수조건"
https://www.g2b.go.kr/link/PNPE027_01/single/?bidPbancNo=R25BK01109168&bidPbancOrd=000,R25BK01109168,g2b,"서, 용역입찰유의서, 용역계약일반조건, 용역계약특수조건"
https://www.g2b.go.kr/link/PNPE027_01/single/?bidPbancNo=R25BK01105020&bidPbancOrd=001,R25BK01105020,g2b,"서, 용역입찰유의서, 용역계약일반조건, 용역계약특수조건"
https://www.g2b.go.kr/link/PNPE027_01/single/?bidPbancNo=R25BK01101717&bidPbancOrd=000,R25BK01101717,g2b,"서, 용역입찰유의서, 용역계약일반조건, 용역계약특수조건"
https://www.g2b.go.kr/link/PNPE027_01/single/?bidPbancNo=R25BK01104930&bidPbancOrd=000,R25BK01104930,g2b,"서, 용역입찰유의서, 용역계약일반조건, 용역계약특수조건"
https://www.g2b.go.kr/link/PNPE027_01/single/?bidPbancNo=R25BK01104449&bidPbancOrd=000,R25BK01104449,g2b,"서, 용역입찰유의서, 용역계약일반조건, 용역계약특수조건"
https://www.g2b.go.kr/link/PNPE027_01/single/?bidPbancNo=R25BK01078290&bidPbancOrd=001,R25BK01078290,g2b,"서, 용역입찰유의서, 용역계약일반조건, 용역계약특수조건"
https://www.g2b.go.kr/link/PNPE027_01/single/?bidPbancNo=R25BK01044923&bidPbancOrd=001,R25BK01044923,g2b,"서, 용역입찰유의서, 용역계약일반조건, 용역계약특수조건"
https://www.g2b.go.kr/link/PNPE027_01/single/?bidPbancNo=R25BK01057485&bidPbancOrd=001,R25BK01057485,g2b,"서, 용역입찰유의서, 용역계약일반조건, 용역계약특수조건"
https://www.g2b.go.kr/link/PNPE027_01/single/?bidPbancNo=R25BK01066565&bidPbancOrd=001,R25BK01066565,g2b,"서, 용역입찰유의서, 용역계약일반조건, 용역계약특수조건"
https://www.g2b.go.kr/link/PNPE027_01/single/?bidPbancNo=R25BK01037258&bidPbancOrd=001,R25BK01037258,g2b,"서, 용역입찰유의서, 용역계약일반조건, 용역계약특수조건"
https://www.g2b.go.kr/link/PNPE027_01/single/?bidPbancNo=R25BK01031456&bidPbancOrd=001,R25BK01031456,g2b,"서, 용역입찰유의서, 용역계약일반조건, 용역계약특수조건"
https://www.g2b.go.kr/link/PNPE027_01/single/?bidPbancNo=R25BK01068498&bidPbancOrd=001,R25BK01068498,g2b,"서, 용역입찰유의서, 용역계약일반조건, 용역계약특수조건"
https://www.g2b.go.kr/link/PNPE027_01/single/?bidPbancNo=R25BK01061772&bidPbancOrd=001,R25BK01061772,g2b,"서, 용역입찰유의서, 용역계약일반조건, 용역계약특수조건"
https://www.g2b.go.kr/link/PNPE027_01/single/?bidPbancNo=R25BK01081540&bidPbancOrd=000,R25BK01081540,g2b,서 내역서 영문요약서 과업지시서 설계지침서 최종제안요청
https://www.g2b.go.kr/link/PNPE027_01/single/?bidPbancNo=R25BK01073186&bidPbancOrd=001,R25BK01073186,g2b,"서, 용역입찰유의서, 용역계약일반조건, 용역계약특수조건"
https://www.g2b.go.kr/link/PNPE027_01/single/?bidPbancNo=R25BK01078262&bidPbancOrd=000,R25BK01078262,g2b,"서, 용역입찰유의서, 용역계약일반조건, 용역계약특수조건"
https://www.g2b.go.kr/link/PNPE027_01/single/?bidPbancNo=R25BK01078133&bidPbancOrd=000,R25BK01078133,g2b,"서, 용역입찰유의서, 용역계약일반조건, 용역계약특수조건"
https://www.g2b.go.kr/link/PNPE027_01/single/?bidPbancNo=R25BK01072385&bidPbancOrd=000,R25BK01072385,g2b,"서, 용역입찰유의서, 용역계약일반조건, 용역계약특수조건"
https://www.g2b.go.kr/link/PNPE027_01/single/?bidPbancNo=R25BK01072272&bidPbancOrd=000,R25BK01072272,g2b,"서, 용역입찰유의서, 용역계약일반조건, 용역계약특수조건"
https://www.g2b.go.kr/link/PNPE027_01/single/?bidPbancNo=R25BK01072261&bidPbancOrd=000,R25BK01072261,g2b,"서, 용역입찰유의서, 용역계약일반조건, 용역계약특수조건"
https://www.g2b.go.kr/link/PNPE027_01/single/?bidPbancNo=R25BK01069574&bidPbancOrd=000,R25BK01069574,g2b,"서, 용역입찰유의서, 용역계약일반조건, 용역계약특수조건"
https://www.g2b.go.kr/link/PNPE027_01/single/?bidPbancNo=R25BK01213606&bidPbancOrd=000,R25BK01213606,g2b,"서, 용역입찰유의서, 용역계약일반조건, 용역계약특수조건"
https://www.g2b.go.kr/link/PNPE027_01/single/?bidPbancNo=R25BK01070422&bidPbancOrd=000,R25BK01070422,g2b,"서, 용역입찰유의서, 용역계약일반조건, 용역계약특수조건"
https://www.g2b.go.kr/link/PNPE027_01/single/?bidPbancNo=R25BK01067482&bidPbancOrd=000,R25BK01067482,g2b,"서, 용역입찰유의서, 용역계약일반조건, 용역계약특수조건"
https://www.g2b.go.kr/link/PNPE027_01/single/?bidPbancNo=R25BK01061960&bidPbancOrd=000,R25BK01061960,g2b,"서, 용역입찰유의서, 용역계약일반조건, 용역계약특수조건"
https://www.g2b.go.kr/link/PNPE027_01/single/?bidPbancNo=R25BK01060235&bidPbancOrd=000,R25BK01060235,g2b,"서, 용역입찰유의서, 용역계약일반조건, 용역계약특수조건"
https://www.g2b.go.kr/link/PNPE027_01/single/?bidPbancNo=R25BK01062516&bidPbancOrd=000,R25BK01062516,g2b,"서, 용역입찰유의서, 용역계약일반조건, 용역계약특수조건"
https://www.g2b.go.kr/link/PNPE027_01/single/?bidPbancNo=R25BK01052971&bidPbancOrd=000,R25BK01052971,g2b,정보 전체2건 Grid start No 문서명 파일명 
https://www.g2b.go.kr/link/PNPE027_01/single/?bidPbancNo=R25BK01060204&bidPbancOrd=000,R25BK01060204,g2b,"서, 용역입찰유의서, 용역계약일반조건, 용역계약특수조건"
https://www.g2b.go.kr/link/PNPE027_01/single/?bidPbancNo=R25BK01053568&bidPbancOrd=000,R25BK01053568,g2b,"서, 용역입찰유의서, 용역계약일반조건, 용역계약특수조건"
https://www.g2b.go.kr/link/PNPE027_01/single/?bidPbancNo=R25BK01045952&bidPbancOrd=000,R25BK01045952,g2b,"서, 용역입찰유의서, 용역계약일반조건, 용역계약특수조건"
https://www.g2b.go.kr/link/PNPE027_01/single/?bidPbancNo=R25BK01043575&bidPbancOrd=000,R25BK01043575,g2b,"서, 용역입찰유의서, 용역계약일반조건, 용역계약특수조건"
https://www.g2b.go.kr/link/PNPE027_01/single/?bidPbancNo=R25BK01043573&bidPbancOrd=000,R25BK01043573,g2b,"서, 용역입찰유의서, 용역계약일반조건, 용역계약특수조건"
https://www.g2b.go.kr/link/PNPE027_01/single/?bidPbancNo=R25BK01043571&bidPbancOrd=000,R25BK01043571,g2b,"서, 용역입찰유의서, 용역계약일반조건, 용역계약특수조건"
https://www.g2b.go.kr/link/PNPE027_01/single/?bidPbancNo=R25BK01043569&bidPbancOrd=000,R25BK01043569,g2b,"서, 용역입찰유의서, 용역계약일반조건, 용역계약특수조건"
https://www.g2b.go.kr/link/PNPE027_01/single/?bidPbancNo=R25BK01031446&bidPbancOrd=000,R25BK01031446,g2b,서 내역서 영문요약서 과업지시서 설계지침서 최종제안요청
https://www.g2b.go.kr/link/PNPE027_01/single/?bidPbancNo=R25BK01032006&bidPbancOrd=000,R25BK01032006,g2b,정보 전체1건 Grid start No 문서명 파일명 
https://www.g2b.go.kr/link/PNPE027_01/single/?bidPbancNo=R25BK01030165&bidPbancOrd=000,R25BK01030165,g2b,나라장터
https://www.g2b.go.kr/link/PNPE027_01/single/?bidPbancNo=R25BK01027798&bidPbancOrd=000,R25BK01027798,g2b,서 내역서 영문요약서 과업지시서 설계지침서 최종제안요청
https://www.g2b.go.kr/link/PNPE027_01/single/?bidPbancNo=R25BK01031100&bidPbancOrd=000,R25BK01031100,g2b,서 내역서 영문요약서 과업지시서 설계지침서 최종제안요청
https://www.g2b.go.kr/link/PNPE027_01/single/?bidPbancNo=R25BK01027135&bidPbancOrd=000,R25BK01027135,g2b,서 내역서 영문요약서 과업지시서 설계지침서 최종제안요청
https://www.g2b.go.kr/link/PNPE027_01/single/?bidPbancNo=R25BK01027511&bidPbancOrd=000,R25BK01027511,g2b,서 내역서 영문요약서 과업지시서 설계지침서 최종제안요청
https://www.g2b.go.kr/link/PNPE027_01/single/?bidPbancNo=R25BK01027529&bidPbancOrd=000,R25BK01027529,g2b,서 내역서 영문요약서 과업지시서 설계지침서 최종제안요청
https://www.g2b.go.kr/link/PNPE027_01/single/?bidPbancNo=R25BK01009825&bidPbancOrd=001,R25BK01009825,g2b,서 내역서 영문요약서 과업지시서 설계지침서 최종제안요청
https://www.g2b.go.kr/link/PNPE027_01/single/?bidPbancNo=R25BK01027551&bidPbancOrd=000,R25BK01027551,g2b,서 내역서 영문요약서 과업지시서 설계지침서 최종제안요청
https://www.g2b.go.kr/link/PNPE027_01/single/?bidPbancNo=R25BK01014564&bidPbancOrd=000,R25BK01014564,g2b,"서, 용역입찰유의서, 용역계약일반조건, 용역계약특수조건"
https://www.g2b.go.kr/link/PNPE027_01/single/?bidPbancNo=R25BK01012098&bidPbancOrd=001,R25BK01012098,g2b,서 내역서 영문요약서 과업지시서 설계지침서 최종제안요청
https://www.g2b.go.kr/link/PNPE027_01/single/?bidPbancNo=R25BK01012122&bidPbancOrd=000,R25BK01012122,g2b,서 내역서 영문요약서 과업지시서 설계지침서 최종제안요청
https://www.g2b.go.kr/link/PNPE027_01/single/?bidPbancNo=R25BK01012540&bidPbancOrd=000,R25BK01012540,g2b,"서, 용역입찰유의서, 용역계약일반조건, 용역계약특수조건"
https://www.g2b.go.kr/link/PNPE027_01/single/?bidPbancNo=R25BK01010805&bidPbancOrd=000,R25BK01010805,g2b,"서, 용역입찰유의서, 용역계약일반조건, 용역계약특수조건"
https://www.g2b.go.kr/link/PNPE027_01/single/?bidPbancNo=R25BK00984312&bidPbancOrd=001,R25BK00984312,g2b,"서, 용역입찰유의서, 용역계약일반조건, 용역계약특수조건"
https://www.g2b.go.kr/link/PNPE027_01/single/?bidPbancNo=R25BK00984240&bidPbancOrd=000,R25BK00984240,g2b,"서, 용역입찰유의서, 용역계약일반조건, 용역계약특수조건"
https://www.g2b.go.kr/link/PNPE027_01/single/?bidPbancNo=R25BK00955313&bidPbancOrd=000,R25BK00955313,g2b,서 내역서 영문요약서 과업지시서 설계지침서 최종제안요청
https://www.g2b.go.kr/link/PNPE027_01/single/?bidPbancNo=R25BK00987109&bidPbancOrd=000,R25BK00987109,g2b,"서, 용역입찰유의서, 용역계약일반조건, 용역계약특수조건"
https://www.g2b.go.kr/link/PNPE027_01/single/?bidPbancNo=R25BK00935401&bidPbancOrd=001,R25BK00935401,g2b,"서, 용역입찰유의서, 용역계약일반조건, 용역계약특수조건"
https://www.g2b.go.kr/link/PNPE027_01/single/?bidPbancNo=R25BK00951756&bidPbancOrd=000,R25BK00951756,g2b,"서, 용역입찰유의서, 용역계약일반조건, 용역계약특수조건"
https://www.g2b.go.kr/link/PNPE027_01/single/?bidPbancNo=R25BK00945274&bidPbancOrd=001,R25BK00945274,g2b,나라장터
https://www.g2b.go.kr/link/PNPE027_01/single/?bidPbancNo=R25BK00942338&bidPbancOrd=000,R25BK00942338,g2b,"서, 용역입찰유의서, 용역계약일반조건, 용역계약특수조건"
https://www.g2b.go.kr/link/PNPE027_01/single/?bidPbancNo=R25BK00940695&bidPbancOrd=000,R25BK00940695,g2b,"서, 용역입찰유의서, 용역계약일반조건, 용역계약특수조건"
https://www.g2b.go.kr/link/PNPE027_01/single/?bidPbancNo=R25BK00920039&bidPbancOrd=000,R25BK00920039,g2b,"서, 용역입찰유의서, 용역계약일반조건, 용역계약특수조건"
https://www.g2b.go.kr/link/PNPE027_01/single/?bidPbancNo=R25BK00917908&bidPbancOrd=000,R25BK00917908,g2b,서 내역서 영문요약서 과업지시서 설계지침서 최종제안요청
https://www.g2b.go.kr/link/PNPE027_01/single/?bidPbancNo=R25BK00913144&bidPbancOrd=000,R25BK00913144,g2b,"서, 용역입찰유의서, 용역계약일반조건, 용역계약특수조건"
https://www.g2b.go.kr/link/PNPE027_01/single/?bidPbancNo=R25BK00901081&bidPbancOrd=000,R25BK00901081,g2b,"서, 용역입찰유의서, 용역계약일반조건, 용역계약특수조건"
https://www.g2b.go.kr/link/PNPE027_01/single/?bidPbancNo=R25BK00892643&bidPbancOrd=000,R25BK00892643,g2b,"서, 용역입찰유의서, 용역계약일반조건, 용역계약특수조건"
https://www.g2b.go.kr/link/PNPE027_01/single/?bidPbancNo=R25BK00882351&bidPbancOrd=000,R25BK00882351,g2b,서 참조 - 과업내역에 따름 Grid end 입찰진행현
https://www.g2b.go.kr/link/PNPE027_01/single/?bidPbancNo=R25BK00883568&bidPbancOrd=000,R25BK00883568,g2b,"서, 용역입찰유의서, 용역계약일반조건, 용역계약특수조건"
https://www.g2b.go.kr/link/PNPE027_01/single/?bidPbancNo=R25BK00882783&bidPbancOrd=000,R25BK00882783,g2b,"서, 용역입찰유의서, 용역계약일반조건, 용역계약특수조건"
https://www.g2b.go.kr/link/PNPE027_01/single/?bidPbancNo=R25BK00879315&bidPbancOrd=001,R25BK00879315,g2b,"서, 용역입찰유의서, 용역계약일반조건, 용역계약특수조건"
https://www.g2b.go.kr/link/PNPE027_01/single/?bidPbancNo=R25BK00872988&bidPbancOrd=000,R25BK00872988,g2b,"서, 용역입찰유의서, 용역계약일반조건, 용역계약특수조건"
https://www.g2b.go.kr/link/PNPE027_01/single/?bidPbancNo=R25BK00864795&bidPbancOrd=000,R25BK00864795,g2b,나라장터
https://www.g2b.go.kr/link/PNPE027_01/single/?bidPbancNo=R25BK00853923&bidPbancOrd=000,R25BK00853923,g2b,"서, 용역입찰유의서, 용역계약일반조건, 용역계약특수조건"
https://www.g2b.go.kr/link/PNPE027_01/single/?bidPbancNo=R25BK00855288&bidPbancOrd=000,R25BK00855288,g2b,"서, 용역입찰유의서, 용역계약일반조건, 용역계약특수조건"
https://www.g2b.go.kr/link/PNPE027_01/single/?bidPbancNo=R25BK00853485&bidPbancOrd=000,R25BK00853485,g2b,"서, 용역입찰유의서, 용역계약일반조건, 용역계약특수조건"
https://www.g2b.go.kr/link/PNPE027_01/single/?bidPbancNo=R25BK00855279&bidPbancOrd=000,R25BK00855279,g2b,"서, 용역입찰유의서, 용역계약일반조건, 용역계약특수조건"
https://www.g2b.go.kr/link/PNPE027_01/single/?bidPbancNo=R25BK00843573&bidPbancOrd=000,R25BK00843573,g2b,"서, 용역입찰유의서, 용역계약일반조건, 용역계약특수조건"
https://www.g2b.go.kr/link/PNPE027_01/single/?bidPbancNo=R25BK00842623&bidPbancOrd=000,R25BK00842623,g2b,"서, 용역입찰유의서, 용역계약일반조건, 용역계약특수조건"
https://www.g2b.go.kr/link/PNPE027_01/single/?bidPbancNo=R25BK00833028&bidPbancOrd=000,R25BK00833028,g2b,서 내역서 영문요약서 과업지시서 설계지침서 최종제안요청
https://www.g2b.go.kr/link/PNPE027_01/single/?bidPbancNo=R25BK00821618&bidPbancOrd=000,R25BK00821618,g2b,"서, 용역입찰유의서, 용역계약일반조건, 용역계약특수조건"
https://www.g2b.go.kr/link/PNPE027_01/single/?bidPbancNo=R25BK00825432&bidPbancOrd=000,R25BK00825432,g2b,"서, 용역입찰유의서, 용역계약일반조건, 용역계약특수조건"
https://www.g2b.go.kr/link/PNPE027_01/single/?bidPbancNo=R25BK00807962&bidPbancOrd=001,R25BK00807962,g2b,서 내역서 영문요약서 과업지시서 설계지침서 최종제안요청
https://www.g2b.go.kr/link/PNPE027_01/single/?bidPbancNo=R25BK00814711&bidPbancOrd=000,R25BK00814711,g2b,"서, 용역입찰유의서, 용역계약일반조건, 용역계약특수조건"
https://www.g2b.go.kr/link/PNPE027_01/single/?bidPbancNo=R25BK00811211&bidPbancOrd=000,R25BK00811211,g2b,서 내역서 영문요약서 과업지시서 설계지침서 최종제안요청
https://www.g2b.go.kr/link/PNPE027_01/single/?bidPbancNo=R25BK00796143&bidPbancOrd=002,R25BK00796143,g2b,나라장터
https://www.g2b.go.kr/link/PNPE027_01/single/?bidPbancNo=R25BK00799913&bidPbancOrd=000,R25BK00799913,g2b,"서, 용역입찰유의서, 용역계약일반조건, 용역계약특수조건"
https://www.g2b.go.kr/link/PNPE027_01/single/?bidPbancNo=R25BK00800022&bidPbancOrd=000,R25BK00800022,g2b,"서, 용역입찰유의서, 용역계약일반조건, 용역계약특수조건"
https://www.g2b.go.kr/link/PNPE027_01/single/?bidPbancNo=R25BK00796138&bidPbancOrd=000,R25BK00796138,g2b,서 내역서 영문요약서 과업지시서 설계지침서 최종제안요청
https://www.g2b.go.kr/link/PNPE027_01/single/?bidPbancNo=R25BK00796066&bidPbancOrd=000,R25BK00796066,g2b,서 내역서 영문요약서 과업지시서 설계지침서 최종제안요청
https://www.g2b.go.kr/link/PNPE027_01/single/?bidPbancNo=R25BK00790428&bidPbancOrd=000,R25BK00790428,g2b,"서, 용역입찰유의서, 용역계약일반조건, 용역계약특수조건"
https://www.g2b.go.kr/link/PNPE027_01/single/?bidPbancNo=R25BK00784308&bidPbancOrd=001,R25BK00784308,g2b,정보 전체1건 Grid start No 문서명 파일명 
https://www.g2b.go.kr/link/PNPE027_01/single/?bidPbancNo=R25BK00790264&bidPbancOrd=000,R25BK00790264,g2b,"서, 용역입찰유의서, 용역계약일반조건, 용역계약특수조건"
https://www.g2b.go.kr/link/PNPE027_01/single/?bidPbancNo=R25BK00790236&bidPbancOrd=000,R25BK00790236,g2b,"서, 용역입찰유의서, 용역계약일반조건, 용역계약특수조건"
https://www.g2b.go.kr/link/PNPE027_01/single/?bidPbancNo=R25BK00790194&bidPbancOrd=000,R25BK00790194,g2b,"서, 용역입찰유의서, 용역계약일반조건, 용역계약특수조건"
https://www.g2b.go.kr/link/PNPE027_01/single/?bidPbancNo=R25BK00790151&bidPbancOrd=000,R25BK00790151,g2b,"서, 용역입찰유의서, 용역계약일반조건, 용역계약특수조건"
https://www.g2b.go.kr/link/PNPE027_01/single/?bidPbancNo=R25BK00790045&bidPbancOrd=000,R25BK00790045,g2b,"서, 용역입찰유의서, 용역계약일반조건, 용역계약특수조건"
https://www.g2b.go.kr/link/PNPE027_01/single/?bidPbancNo=R25BK00789957&bidPbancOrd=000,R25BK00789957,g2b,"서, 용역입찰유의서, 용역계약일반조건, 용역계약특수조건"
https://www.g2b.go.kr/link/PNPE027_01/single/?bidPbancNo=R25BK00789339&bidPbancOrd=000,R25BK00789339,g2b,"서, 용역입찰유의서, 용역계약일반조건, 용역계약특수조건"
https://www.g2b.go.kr/link/PNPE027_01/single/?bidPbancNo=R25BK00786442&bidPbancOrd=000,R25BK00786442,g2b,"서, 용역입찰유의서, 용역계약일반조건, 용역계약특수조건"
https://www.g2b.go.kr/link/PNPE027_01/single/?bidPbancNo=R25BK00783611&bidPbancOrd=000,R25BK00783611,g2b,"서, 용역입찰유의서, 용역계약일반조건, 용역계약특수조건"
https://www.g2b.go.kr/link/PNPE027_01/single/?bidPbancNo=R25BK00986979&bidPbancOrd=001,R25BK00986979,g2b,"서, 용역입찰유의서, 용역계약일반조건, 용역계약특수조건"
https://www.g2b.go.kr/link/PNPE027_01/single/?bidPbancNo=R25BK00775686&bidPbancOrd=000,R25BK00775686,g2b,서 내역서 영문요약서 과업지시서 설계지침서 최종제안요청
https://www.g2b.go.kr/link/PNPE027_01/single/?bidPbancNo=R25BK00769126&bidPbancOrd=000,R25BK00769126,g2b,"서, 용역입찰유의서, 용역계약일반조건, 용역계약특수조건"
https://www.g2b.go.kr/link/PNPE027_01/single/?bidPbancNo=R25BK00766881&bidPbancOrd=000,R25BK00766881,g2b,서 내역서 영문요약서 과업지시서 설계지침서 최종제안요청
https://www.g2b.go.kr/link/PNPE027_01/single/?bidPbancNo=R25BK00761511&bidPbancOrd=000,R25BK00761511,g2b,서 내역서 영문요약서 과업지시서 설계지침서 최종제안요청
https://www.g2b.go.kr/link/PNPE027_01/single/?bidPbancNo=R25BK00754353&bidPbancOrd=000,R25BK00754353,g2b,"서, 용역입찰유의서, 용역계약일반조건, 용역계약특수조건"
https://www.g2b.go.kr/link/PNPE027_01/single/?bidPbancNo=R25BK00749213&bidPbancOrd=000,R25BK00749213,g2b,서 내역서 영문요약서 과업지시서 설계지침서 최종제안요청
https://www.g2b.go.kr/link/PNPE027_01/single/?bidPbancNo=R25BK00752336&bidPbancOrd=000,R25BK00752336,g2b,서 내역서 영문요약서 과업지시서 설계지침서 최종제안요청
https://www.g2b.go.kr/link/PNPE027_01/single/?bidPbancNo=R25BK00747128&bidPbancOrd=000,R25BK00747128,g2b,"서, 용역입찰유의서, 용역계약일반조건, 용역계약특수조건"
https://www.g2b.go.kr/link/PNPE027_01/single/?bidPbancNo=R25BK00747977&bidPbancOrd=000,R25BK00747977,g2b,서 내역서 영문요약서 과업지시서 설계지침서 최종제안요청
https://www.g2b.go.kr/link/PNPE027_01/single/?bidPbancNo=R25BK00744953&bidPbancOrd=000,R25BK00744953,g2b,서 내역서 영문요약서 과업지시서 설계지침서 최종제안요청
https://www.g2b.go.kr/link/PNPE027_01/single/?bidPbancNo=R25BK00728809&bidPbancOrd=000,R25BK00728809,g2b,"서, 용역입찰유의서, 용역계약일반조건, 용역계약특수조건"
https://www.g2b.go.kr/link/PNPE027_01/single/?bidPbancNo=R25BK00739514&bidPbancOrd=000,R25BK00739514,g2b,서 내역서 영문요약서 과업지시서 설계지침서 최종제안요청
https://www.g2b.go.kr/link/PNPE027_01/single/?bidPbancNo=R25BK00735393&bidPbancOrd=000,R25BK00735393,g2b,서 내역서 영문요약서 과업지시서 설계지침서 최종제안요청
https://www.g2b.go.kr/link/PNPE027_01/single/?bidPbancNo=R25BK00702914&bidPbancOrd=000,R25BK00702914,g2b,"서, 용역입찰유의서, 용역계약일반조건, 용역계약특수조건"
https://www.g2b.go.kr/link/PNPE027_01/single/?bidPbancNo=R25BK00716064&bidPbancOrd=000,R25BK00716064,g2b,"서, 용역입찰유의서, 용역계약일반조건, 용역계약특수조건"
https://www.g2b.go.kr/link/PNPE027_01/single/?bidPbancNo=R25BK00714910&bidPbancOrd=000,R25BK00714910,g2b,"서, 용역입찰유의서, 용역계약일반조건, 용역계약특수조건"
https://www.g2b.go.kr/link/PNPE027_01/single/?bidPbancNo=R25BK00681346&bidPbancOrd=001,R25BK00681346,g2b,"서, 용역입찰유의서, 용역계약일반조건, 용역계약특수조건"
https://www.g2b.go.kr/link/PNPE027_01/single/?bidPbancNo=R25BK00685211&bidPbancOrd=000,R25BK00685211,g2b,"서, 용역입찰유의서, 용역계약일반조건, 용역계약특수조건"
https://www.g2b.go.kr/link/PNPE027_01/single/?bidPbancNo=R25BK00711200&bidPbancOrd=000,R25BK00711200,g2b,서 내역서 영문요약서 과업지시서 설계지침서 최종제안요청
https://www.g2b.go.kr/link/PNPE027_01/single/?bidPbancNo=R25BK00703350&bidPbancOrd=000,R25BK00703350,g2b,나라장터
https://www.g2b.go.kr/link/PNPE027_01/single/?bidPbancNo=R25BK00669736&bidPbancOrd=001,R25BK00669736,g2b,"서, 용역입찰유의서, 용역계약일반조건, 용역계약특수조건"
https://www.g2b.go.kr/link/PNPE027_01/single/?bidPbancNo=R25BK00679189&bidPbancOrd=000,R25BK00679189,g2b,"서, 용역입찰유의서, 용역계약일반조건, 용역계약특수조건"
https://www.g2b.go.kr/link/PNPE027_01/single/?bidPbancNo=R25BK00674220&bidPbancOrd=000,R25BK00674220,g2b,정보 전체1건 Grid start No 문서명 파일명 
https://www.g2b.go.kr/link/PNPE027_01/single/?bidPbancNo=R25BK00675290&bidPbancOrd=000,R25BK00675290,g2b,"서, 용역입찰유의서, 용역계약일반조건, 용역계약특수조건"
https://www.g2b.go.kr/link/PNPE027_01/single/?bidPbancNo=R25BK00668527&bidPbancOrd=000,R25BK00668527,g2b,"서, 용역입찰유의서, 용역계약일반조건, 용역계약특수조건"
https://www.g2b.go.kr/link/PNPE027_01/single/?bidPbancNo=R25BK00672273&bidPbancOrd=000,R25BK00672273,g2b,"서, 용역입찰유의서, 용역계약일반조건, 용역계약특수조건"
https://www.g2b.go.kr/link/PNPE027_01/single/?bidPbancNo=R25BK00664248&bidPbancOrd=000,R25BK00664248,g2b,"서, 용역입찰유의서, 용역계약일반조건, 용역계약특수조건"
https://www.g2b.go.kr/link/PNPE027_01/single/?bidPbancNo=R25BK00625399&bidPbancOrd=000,R25BK00625399,g2b,서 내역서 영문요약서 과업지시서 설계지침서 최종제안요청
https://www.g2b.go.kr/link/PNPE027_01/single/?bidPbancNo=R25BK00631519&bidPbancOrd=001,R25BK00631519,g2b,정보 전체0건 Grid start No 문서명 파일명 
https://www.g2b.go.kr/link/PNPE027_01/single/?bidPbancNo=R25BK00646499&bidPbancOrd=000,R25BK00646499,g2b,"서, 용역입찰유의서, 용역계약일반조건, 용역계약특수조건"
https://www.g2b.go.kr/link/PNPE027_01/single/?bidPbancNo=R25BK00640409&bidPbancOrd=000,R25BK00640409,g2b,"서, 용역입찰유의서, 용역계약일반조건, 용역계약특수조건"
https://www.g2b.go.kr/link/PNPE027_01/single/?bidPbancNo=R25BK00639348&bidPbancOrd=000,R25BK00639348,g2b,서 내역서 영문요약서 과업지시서 설계지침서 최종제안요청
https://www.g2b.go.kr/link/PNPE027_01/single/?bidPbancNo=R25BK00615831&bidPbancOrd=000,R25BK00615831,g2b,서 내역서 영문요약서 과업지시서 설계지침서 최종제안요청
https://www.g2b.go.kr/link/PNPE027_01/single/?bidPbancNo=R25BK00631590&bidPbancOrd=000,R25BK00631590,g2b,"서, 용역입찰유의서, 용역계약일반조건, 용역계약특수조건"
https://www.g2b.go.kr/link/PNPE027_01/single/?bidPbancNo=R25BK00628121&bidPbancOrd=000,R25BK00628121,g2b,"서, 용역입찰유의서, 용역계약일반조건, 용역계약특수조건"
https://www.g2b.go.kr/link/PNPE027_01/single/?bidPbancNo=R25BK00623455&bidPbancOrd=000,R25BK00623455,g2b,에 계약목적물 용역 문구가 반드시 확인되어야 하며 실적
https://www.g2b.go.kr/link/PNPE027_01/single/?bidPbancNo=R25BK00615855&bidPbancOrd=000,R25BK00615855,g2b,"서, 용역입찰유의서, 용역계약일반조건, 용역계약특수조건"
https://www.g2b.go.kr/link/PNPE027_01/single/?bidPbancNo=R25BK00623163&bidPbancOrd=000,R25BK00623163,g2b,"서, 용역입찰유의서, 용역계약일반조건, 용역계약특수조건"
https://www.g2b.go.kr/link/PNPE027_01/single/?bidPbancNo=R25BK00615259&bidPbancOrd=000,R25BK00615259,g2b,서 내역서 영문요약서 과업지시서 설계지침서 최종제안요청
https://www.g2b.go.kr/link/PNPE027_01/single/?bidPbancNo=R25BK00614044&bidPbancOrd=000,R25BK00614044,g2b,서 내역서 영문요약서 과업지시서 설계지침서 최종제안요청
https://www.g2b.go.kr/link/PNPE027_01/single/?bidPbancNo=R25BK00587669&bidPbancOrd=001,R25BK00587669,g2b,나라장터
https://www.g2b.go.kr/link/PNPE027_01/single/?bidPbancNo=R25BK00617685&bidPbancOrd=000,R25BK00617685,g2b,"서, 용역입찰유의서, 용역계약일반조건, 용역계약특수조건"
https://www.g2b.go.kr/link/PNPE027_01/single/?bidPbancNo=R25BK00612311&bidPbancOrd=000,R25BK00612311,g2b,"서, 용역입찰유의서, 용역계약일반조건, 용역계약특수조건"
https://www.g2b.go.kr/link/PNPE027_01/single/?bidPbancNo=R25BK00588738&bidPbancOrd=000,R25BK00588738,g2b,"서, 용역입찰유의서, 용역계약일반조건, 용역계약특수조건"
https://www.g2b.go.kr/link/PNPE027_01/single/?bidPbancNo=R25BK00601507&bidPbancOrd=000,R25BK00601507,g2b,"서, 용역입찰유의서, 용역계약일반조건, 용역계약특수조건"
https://www.g2b.go.kr/link/PNPE027_01/single/?bidPbancNo=R25BK00598730&bidPbancOrd=000,R25BK00598730,g2b,서 내역서 영문요약서 과업지시서 설계지침서 최종제안요청
https://www.g2b.go.kr/link/PNPE027_01/single/?bidPbancNo=R25BK00599141&bidPbancOrd=000,R25BK00599141,g2b,"서, 용역입찰유의서, 용역계약일반조건, 용역계약특수조건"
https://www.g2b.go.kr/link/PNPE027_01/single/?bidPbancNo=R25BK00595520&bidPbancOrd=000,R25BK00595520,g2b,서 내역서 영문요약서 과업지시서 설계지침서 최종제안요청
https://www.g2b.go.kr/link/PNPE027_01/single/?bidPbancNo=R25BK00590537&bidPbancOrd=001,R25BK00590537,g2b,서 내역서 영문요약서 과업지시서 설계지침서 최종제안요청
https://www.g2b.go.kr/link/PNPE027_01/single/?bidPbancNo=R25BK00596172&bidPbancOrd=000,R25BK00596172,g2b,서 내역서 영문요약서 과업지시서 설계지침서 최종제안요청
https://www.g2b.go.kr/link/PNPE027_01/single/?bidPbancNo=R25BK00565021&bidPbancOrd=000,R25BK00565021,g2b,"서, 용역입찰유의서, 용역계약일반조건, 용역계약특수조건"
https://www.g2b.go.kr/link/PNPE027_01/single/?bidPbancNo=R25BK01251942&bidPbancOrd=000,R25BK01251942,g2b,"서, 용역입찰유의서, 용역계약일반조건, 용역계약특수조건"
https://www.g2b.go.kr/link/PNPE027_01/single/?bidPbancNo=R25BK01248383&bidPbancOrd=000,R25BK01248383,g2b,"서, 용역입찰유의서, 용역계약일반조건, 용역계약특수조건"
https://www.g2b.go.kr/link/PNPE027_01/single/?bidPbancNo=R25BK01248498&bidPbancOrd=000,R25BK01248498,g2b,"서, 용역입찰유의서, 용역계약일반조건, 용역계약특수조건"
https://www.g2b.go.kr/link/PNPE027_01/single/?bidPbancNo=R25BK01248749&bidPbancOrd=000,R25BK01248749,g2b,"서, 용역입찰유의서, 용역계약일반조건, 용역계약특수조건"
https://www.g2b.go.kr/link/PNPE027_01/single/?bidPbancNo=R25BK01238957&bidPbancOrd=000,R25BK01238957,g2b,"서, 용역입찰유의서, 용역계약일반조건, 용역계약특수조건"
https://www.g2b.go.kr/link/PNPE027_01/single/?bidPbancNo=R25BK01234080&bidPbancOrd=000,R25BK01234080,g2b,"서, 용역입찰유의서, 용역계약일반조건, 용역계약특수조건"
https://www.g2b.go.kr/link/PNPE027_01/single/?bidPbancNo=R25BK01239750&bidPbancOrd=000,R25BK01239750,g2b,번호 제안요청명 입찰공고번호 공고정보 참조번호 공정조달
https://www.g2b.go.kr/link/PNPE027_01/single/?bidPbancNo=R25BK01233202&bidPbancOrd=000,R25BK01233202,g2b,"서, 용역입찰유의서, 용역계약일반조건, 용역계약특수조건"
https://www.g2b.go.kr/link/PNPE027_01/single/?bidPbancNo=R25BK01232882&bidPbancOrd=000,R25BK01232882,g2b,서 내역서 영문요약서 과업지시서 설계지침서 최종제안요청
https://www.g2b.go.kr/link/PNPE027_01/single/?bidPbancNo=R25BK01225885&bidPbancOrd=000,R25BK01225885,g2b,"서, 용역입찰유의서, 용역계약일반조건, 용역계약특수조건"
https://www.g2b.go.kr/link/PNPE027_01/single/?bidPbancNo=R25BK01219645&bidPbancOrd=000,R25BK01219645,g2b,서 내역서 영문요약서 과업지시서 설계지침서 최종제안요청
https://www.g2b.go.kr/link/PNPE027_01/single/?bidPbancNo=R25BK01212302&bidPbancOrd=000,R25BK01212302,g2b,서 내역서 영문요약서 과업지시서 설계지침서 최종제안요청
https://www.g2b.go.kr/link/PNPE027_01/single/?bidPbancNo=R25BK01218726&bidPbancOrd=000,R25BK01218726,g2b,"서, 용역입찰유의서, 용역계약일반조건, 용역계약특수조건"
https://www.g2b.go.kr/link/PNPE027_01/single/?bidPbancNo=R25BK01212465&bidPbancOrd=000,R25BK01212465,g2b,서 내역서 영문요약서 과업지시서 설계지침서 최종제안요청
https://www.g2b.go.kr/link/PNPE027_01/single/?bidPbancNo=R25BK01204991&bidPbancOrd=000,R25BK01204991,g2b,"서, 용역입찰유의서, 용역계약일반조건, 용역계약특수조건"
https://www.g2b.go.kr/link/PNPE027_01/single/?bidPbancNo=R25BK01204692&bidPbancOrd=000,R25BK01204692,g2b,서 내역서 영문요약서 과업지시서 설계지침서 최종제안요청
https://www.g2b.go.kr/link/PNPE027_01/single/?bidPbancNo=R25BK01200430&bidPbancOrd=001,R25BK01200430,g2b,"서, 용역입찰유의서, 용역계약일반조건, 용역계약특수조건"
https://www.g2b.go.kr/link/PNPE027_01/single/?bidPbancNo=R25BK01203598&bidPbancOrd=000,R25BK01203598,g2b,"서, 용역입찰유의서, 용역계약일반조건, 용역계약특수조건"
https://www.g2b.go.kr/link/PNPE027_01/single/?bidPbancNo=R25BK01193092&bidPbancOrd=000,R25BK01193092,g2b,"서, 용역입찰유의서, 용역계약일반조건, 용역계약특수조건"
https://www.g2b.go.kr/link/PNPE027_01/single/?bidPbancNo=R25BK01162549&bidPbancOrd=000,R25BK01162549,g2b,서 내역서 영문요약서 과업지시서 설계지침서 최종제안요청
https://www.g2b.go.kr/link/PNPE027_01/single/?bidPbancNo=R25BK01191278&bidPbancOrd=000,R25BK01191278,g2b,서 내역서 영문요약서 과업지시서 설계지침서 최종제안요청
https://www.g2b.go.kr/link/PNPE027_01/single/?bidPbancNo=R25BK01161931&bidPbancOrd=001,R25BK01161931,g2b,"서, 용역입찰유의서, 용역계약일반조건, 용역계약특수조건"
https://www.g2b.go.kr/link/PNPE027_01/single/?bidPbancNo=R25BK01162944&bidPbancOrd=000,R25BK01162944,g2b,"서, 용역입찰유의서, 용역계약일반조건, 용역계약특수조건"
https://www.g2b.go.kr/link/PNPE027_01/single/?bidPbancNo=R25BK01163895&bidPbancOrd=000,R25BK01163895,g2b,서 내역서 영문요약서 과업지시서 설계지침서 최종제안요청
https://www.g2b.go.kr/link/PNPE027_01/single/?bidPbancNo=R25BK01157962&bidPbancOrd=000,R25BK01157962,g2b,서 내역서 영문요약서 과업지시서 설계지침서 최종제안요청
https://www.g2b.go.kr/link/PNPE027_01/single/?bidPbancNo=R25BK01162899&bidPbancOrd=000,R25BK01162899,g2b,"서, 용역입찰유의서, 용역계약일반조건, 용역계약특수조건"
https://www.g2b.go.kr/link/PNPE027_01/single/?bidPbancNo=R25BK01151431&bidPbancOrd=000,R25BK01151431,g2b,"서, 용역입찰유의서, 용역계약일반조건, 용역계약특수조건"
https://www.g2b.go.kr/link/PNPE027_01/single/?bidPbancNo=R25BK01124698&bidPbancOrd=000,R25BK01124698,g2b,"서, 용역입찰유의서, 용역계약일반조건, 용역계약특수조건"
https://www.g2b.go.kr/link/PNPE027_01/single/?bidPbancNo=R25BK01152567&bidPbancOrd=000,R25BK01152567,g2b,서 내역서 영문요약서 과업지시서 설계지침서 최종제안요청
https://www.g2b.go.kr/link/PNPE027_01/single/?bidPbancNo=R25BK01147152&bidPbancOrd=000,R25BK01147152,g2b,서 내역서 영문요약서 과업지시서 설계지침서 최종제안요청
https://www.g2b.go.kr/link/PNPE027_01/single/?bidPbancNo=R25BK01145419&bidPbancOrd=000,R25BK01145419,g2b,"서, 용역입찰유의서, 용역계약일반조건, 용역계약특수조건"
https://www.g2b.go.kr/link/PNPE027_01/single/?bidPbancNo=R25BK01145529&bidPbancOrd=000,R25BK01145529,g2b,"서, 용역입찰유의서, 용역계약일반조건, 용역계약특수조건"
https://www.g2b.go.kr/link/PNPE027_01/single/?bidPbancNo=R25BK01142354&bidPbancOrd=000,R25BK01142354,g2b,서 내역서 영문요약서 과업지시서 설계지침서 최종제안요청
https://www.g2b.go.kr/link/PNPE027_01/single/?bidPbancNo=R25BK01126521&bidPbancOrd=001,R25BK01126521,g2b,"서, 용역입찰유의서, 용역계약일반조건, 용역계약특수조건"
https://www.g2b.go.kr/link/PNPE027_01/single/?bidPbancNo=R25BK01138281&bidPbancOrd=000,R25BK01138281,g2b,서 내역서 영문요약서 과업지시서 설계지침서 최종제안요청
https://www.g2b.go.kr/link/PNPE027_01/single/?bidPbancNo=R25BK01138218&bidPbancOrd=000,R25BK01138218,g2b,서 내역서 영문요약서 과업지시서 설계지침서 최종제안요청
https://www.g2b.go.kr/link/PNPE027_01/single/?bidPbancNo=R25BK01129624&bidPbancOrd=000,R25BK01129624,g2b,"서, 용역입찰유의서, 용역계약일반조건, 용역계약특수조건"
https://www.g2b.go.kr/link/PNPE027_01/single/?bidPbancNo=R25BK01138139&bidPbancOrd=000,R25BK01138139,g2b,서 내역서 영문요약서 과업지시서 설계지침서 최종제안요청
https://www.g2b.go.kr/link/PNPE027_01/single/?bidPbancNo=R25BK01119716&bidPbancOrd=000,R25BK01119716,g2b,"서, 용역입찰유의서, 용역계약일반조건, 용역계약특수조건"
https://www.g2b.go.kr/link/PNPE027_01/single/?bidPbancNo=R25BK01124851&bidPbancOrd=000,R25BK01124851,g2b,"서, 용역입찰유의서, 용역계약일반조건, 용역계약특수조건"
https://www.g2b.go.kr/link/PNPE027_01/single/?bidPbancNo=R25BK01117721&bidPbancOrd=000,R25BK01117721,g2b,"서, 용역입찰유의서, 용역계약일반조건, 용역계약특수조건"
https://www.g2b.go.kr/link/PNPE027_01/single/?bidPbancNo=R25BK01119129&bidPbancOrd=000,R25BK01119129,g2b,나라장터
https://www.g2b.go.kr/link/PNPE027_01/single/?bidPbancNo=R25BK01119162&bidPbancOrd=000,R25BK01119162,g2b,나라장터
https://www.g2b.go.kr/link/PNPE027_01/single/?bidPbancNo=R25BK01113644&bidPbancOrd=000,R25BK01113644,g2b,"서, 용역입찰유의서, 용역계약일반조건, 용역계약특수조건"
https://www.g2b.go.kr/link/PNPE027_01/single/?bidPbancNo=R25BK01113362&bidPbancOrd=000,R25BK01113362,g2b,"서, 용역입찰유의서, 용역계약일반조건, 용역계약특수조건"
https://www.g2b.go.kr/link/PNPE027_01/single/?bidPbancNo=R25BK01098104&bidPbancOrd=000,R25BK01098104,g2b,서 내역서 영문요약서 과업지시서 설계지침서 최종제안요청
https://www.g2b.go.kr/link/PNPE027_01/single/?bidPbancNo=R25BK01113113&bidPbancOrd=000,R25BK01113113,g2b,"서, 용역입찰유의서, 용역계약일반조건, 용역계약특수조건"
https://www.g2b.go.kr/link/PNPE027_01/single/?bidPbancNo=R25BK01112520&bidPbancOrd=000,R25BK01112520,g2b,"서, 용역입찰유의서, 용역계약일반조건, 용역계약특수조건"
https://www.g2b.go.kr/link/PNPE027_01/single/?bidPbancNo=R25BK01109850&bidPbancOrd=000,R25BK01109850,g2b,서 내역서 영문요약서 과업지시서 설계지침서 최종제안요청
https://www.g2b.go.kr/link/PNPE027_01/single/?bidPbancNo=R25BK01105537&bidPbancOrd=000,R25BK01105537,g2b,"서, 용역입찰유의서, 용역계약일반조건, 용역계약특수조건"
https://www.g2b.go.kr/link/PNPE027_01/single/?bidPbancNo=R25BK01109320&bidPbancOrd=000,R25BK01109320,g2b,"서, 용역입찰유의서, 용역계약일반조건, 용역계약특수조건"
https://www.g2b.go.kr/link/PNPE027_01/single/?bidPbancNo=R25BK01108753&bidPbancOrd=000,R25BK01108753,g2b,"서, 용역입찰유의서, 용역계약일반조건, 용역계약특수조건"
https://www.g2b.go.kr/link/PNPE027_01/single/?bidPbancNo=R25BK01106543&bidPbancOrd=000,R25BK01106543,g2b,서 내역서 영문요약서 과업지시서 설계지침서 최종제안요청
https://www.g2b.go.kr/link/PNPE027_01/single/?bidPbancNo=R25BK01105197&bidPbancOrd=000,R25BK01105197,g2b,"서, 용역입찰유의서, 용역계약일반조건, 용역계약특수조건"
https://www.g2b.go.kr/link/PNPE027_01/single/?bidPbancNo=R25BK01101529&bidPbancOrd=000,R25BK01101529,g2b,서 내역서 영문요약서 과업지시서 설계지침서 최종제안요청
https://www.g2b.go.kr/link/PNPE027_01/single/?bidPbancNo=R25BK01102394&bidPbancOrd=000,R25BK01102394,g2b,서 내역서 영문요약서 과업지시서 설계지침서 최종제안요청
https://www.g2b.go.kr/link/PNPE027_01/single/?bidPbancNo=R25BK01102437&bidPbancOrd=000,R25BK01102437,g2b,나라장터
https://www.g2b.go.kr/link/PNPE027_01/single/?bidPbancNo=R25BK01100421&bidPbancOrd=000,R25BK01100421,g2b,"서, 용역입찰유의서, 용역계약일반조건, 용역계약특수조건"
https://www.g2b.go.kr/link/PNPE027_01/single/?bidPbancNo=R25BK01100009&bidPbancOrd=000,R25BK01100009,g2b,서 내역서 영문요약서 과업지시서 설계지침서 최종제안요청
https://www.g2b.go.kr/link/PNPE027_01/single/?bidPbancNo=R25BK01096637&bidPbancOrd=000,R25BK01096637,g2b,서 내역서 영문요약서 과업지시서 설계지침서 최종제안요청
https://www.g2b.go.kr/link/PNPE027_01/single/?bidPbancNo=R25BK01099195&bidPbancOrd=000,R25BK01099195,g2b,"서, 용역입찰유의서, 용역계약일반조건, 용역계약특수조건"
https://www.g2b.go.kr/link/PNPE027_01/single/?bidPbancNo=R25BK01096370&bidPbancOrd=000,R25BK01096370,g2b,서 내역서 영문요약서 과업지시서 설계지침서 최종제안요청
https://www.g2b.go.kr/link/PNPE027_01/single/?bidPbancNo=R25BK01096301&bidPbancOrd=000,R25BK01096301,g2b,서 내역서 영문요약서 과업지시서 설계지침서 최종제안요청
https://www.g2b.go.kr/link/PNPE027_01/single/?bidPbancNo=R25BK01095459&bidPbancOrd=000,R25BK01095459,g2b,"서, 용역입찰유의서, 용역계약일반조건, 용역계약특수조건"
https://www.g2b.go.kr/link/PNPE027_01/single/?bidPbancNo=R25BK01096244&bidPbancOrd=000,R25BK01096244,g2b,서 내역서 영문요약서 과업지시서 설계지침서 최종제안요청
https://www.g2b.go.kr/link/PNPE027_01/single/?bidPbancNo=R25BK01091975&bidPbancOrd=000,R25BK01091975,g2b,서 내역서 영문요약서 과업지시서 설계지침서 최종제안요청
https://www.g2b.go.kr/link/PNPE027_01/single/?bidPbancNo=R25BK01092445&bidPbancOrd=000,R25BK01092445,g2b,"서, 용역입찰유의서, 용역계약일반조건, 용역계약특수조건"
https://www.g2b.go.kr/link/PNPE027_01/single/?bidPbancNo=R25BK01091245&bidPbancOrd=000,R25BK01091245,g2b,"서, 용역입찰유의서, 용역계약일반조건, 용역계약특수조건"
https://www.g2b.go.kr/link/PNPE027_01/single/?bidPbancNo=R25BK01046573&bidPbancOrd=001,R25BK01046573,g2b,"서, 용역입찰유의서, 용역계약일반조건, 용역계약특수조건"
https://www.g2b.go.kr/link/PNPE027_01/single/?bidPbancNo=R25BK01088458&bidPbancOrd=000,R25BK01088458,g2b,"서, 용역입찰유의서, 용역계약일반조건, 용역계약특수조건"
https://www.g2b.go.kr/link/PNPE027_01/single/?bidPbancNo=R25BK01085538&bidPbancOrd=000,R25BK01085538,g2b,서 내역서 영문요약서 과업지시서 설계지침서 최종제안요청
https://www.g2b.go.kr/link/PNPE027_01/single/?bidPbancNo=R25BK01081419&bidPbancOrd=000,R25BK01081419,g2b,나라장터
https://www.g2b.go.kr/link/PNPE027_01/single/?bidPbancNo=R25BK01066570&bidPbancOrd=001,R25BK01066570,g2b,"서, 용역입찰유의서, 용역계약일반조건, 용역계약특수조건"
https://www.g2b.go.kr/link/PNPE027_01/single/?bidPbancNo=R25BK01079744&bidPbancOrd=000,R25BK01079744,g2b,"서, 용역입찰유의서, 용역계약일반조건, 용역계약특수조건"
https://www.g2b.go.kr/link/PNPE027_01/single/?bidPbancNo=R25BK01075315&bidPbancOrd=000,R25BK01075315,g2b,나라장터
https://www.g2b.go.kr/link/PNPE027_01/single/?bidPbancNo=R25BK01077381&bidPbancOrd=000,R25BK01077381,g2b,서 내역서 영문요약서 과업지시서 설계지침서 최종제안요청
https://www.g2b.go.kr/link/PNPE027_01/single/?bidPbancNo=R25BK01075590&bidPbancOrd=000,R25BK01075590,g2b,나라장터
https://www.g2b.go.kr/link/PNPE027_01/single/?bidPbancNo=R25BK01074937&bidPbancOrd=000,R25BK01074937,g2b,나라장터
https://www.g2b.go.kr/link/PNPE027_01/single/?bidPbancNo=R25BK01075077&bidPbancOrd=000,R25BK01075077,g2b,"서, 용역입찰유의서, 용역계약일반조건, 용역계약특수조건"
https://www.g2b.go.kr/link/PNPE027_01/single/?bidPbancNo=R25BK01067455&bidPbancOrd=000,R25BK01067455,g2b,"서, 용역입찰유의서, 용역계약일반조건, 용역계약특수조건"
https://www.g2b.go.kr/link/PNPE027_01/single/?bidPbancNo=R25BK01052021&bidPbancOrd=000,R25BK01052021,g2b,"서, 용역입찰유의서, 용역계약일반조건, 용역계약특수조건"
https://www.g2b.go.kr/link/PNPE027_01/single/?bidPbancNo=R25BK01064066&bidPbancOrd=000,R25BK01064066,g2b,서 내역서 영문요약서 과업지시서 설계지침서 최종제안요청
https://www.g2b.go.kr/link/PNPE027_01/single/?bidPbancNo=R25BK01059862&bidPbancOrd=000,R25BK01059862,g2b,"서, 용역입찰유의서, 용역계약일반조건, 용역계약특수조건"
https://www.g2b.go.kr/link/PNPE027_01/single/?bidPbancNo=R25BK01059522&bidPbancOrd=000,R25BK01059522,g2b,"서, 용역입찰유의서, 용역계약일반조건, 용역계약특수조건"
https://www.g2b.go.kr/link/PNPE027_01/single/?bidPbancNo=R25BK01055434&bidPbancOrd=000,R25BK01055434,g2b,"서, 용역입찰유의서, 용역계약일반조건, 용역계약특수조건"
https://www.g2b.go.kr/link/PNPE027_01/single/?bidPbancNo=R25BK01047292&bidPbancOrd=000,R25BK01047292,g2b,나라장터
https://www.g2b.go.kr/link/PNPE027_01/single/?bidPbancNo=R25BK01047223&bidPbancOrd=000,R25BK01047223,g2b,"서, 용역입찰유의서, 용역계약일반조건, 용역계약특수조건"
https://www.g2b.go.kr/link/PNPE027_01/single/?bidPbancNo=R25BK01035729&bidPbancOrd=000,R25BK01035729,g2b,서 내역서 영문요약서 과업지시서 설계지침서 최종제안요청
https://www.g2b.go.kr/link/PNPE027_01/single/?bidPbancNo=R25BK01036677&bidPbancOrd=000,R25BK01036677,g2b,"서, 용역입찰유의서, 용역계약일반조건, 용역계약특수조건"
https://www.g2b.go.kr/link/PNPE027_01/single/?bidPbancNo=R25BK01036933&bidPbancOrd=000,R25BK01036933,g2b,"서, 용역입찰유의서, 용역계약일반조건, 용역계약특수조건"
https://www.g2b.go.kr/link/PNPE027_01/single/?bidPbancNo=R25BK01034155&bidPbancOrd=000,R25BK01034155,g2b,"서, 용역입찰유의서, 용역계약일반조건, 용역계약특수조건"
https://www.g2b.go.kr/link/PNPE027_01/single/?bidPbancNo=R25BK01033906&bidPbancOrd=000,R25BK01033906,g2b,"서, 용역입찰유의서, 용역계약일반조건, 용역계약특수조건"
https://www.g2b.go.kr/link/PNPE027_01/single/?bidPbancNo=R25BK01033096&bidPbancOrd=000,R25BK01033096,g2b,"서, 용역입찰유의서, 용역계약일반조건, 용역계약특수조건"
https://www.g2b.go.kr/link/PNPE027_01/single/?bidPbancNo=R25BK01032654&bidPbancOrd=000,R25BK01032654,g2b,"서, 용역입찰유의서, 용역계약일반조건, 용역계약특수조건"
https://www.g2b.go.kr/link/PNPE027_01/single/?bidPbancNo=R25BK01032027&bidPbancOrd=000,R25BK01032027,g2b,"서, 용역입찰유의서, 용역계약일반조건, 용역계약특수조건"
https://www.g2b.go.kr/link/PNPE027_01/single/?bidPbancNo=R25BK01032011&bidPbancOrd=000,R25BK01032011,g2b,"서, 용역입찰유의서, 용역계약일반조건, 용역계약특수조건"
https://www.g2b.go.kr/link/PNPE027_01/single/?bidPbancNo=R25BK01031570&bidPbancOrd=000,R25BK01031570,g2b,"서, 용역입찰유의서, 용역계약일반조건, 용역계약특수조건"
https://www.g2b.go.kr/link/PNPE027_01/single/?bidPbancNo=R25BK01016262&bidPbancOrd=000,R25BK01016262,g2b,"서, 용역입찰유의서, 용역계약일반조건, 용역계약특수조건"
https://www.g2b.go.kr/link/PNPE027_01/single/?bidPbancNo=R25BK01021436&bidPbancOrd=000,R25BK01021436,g2b,서 내역서 영문요약서 과업지시서 설계지침서 최종제안요청
https://www.g2b.go.kr/link/PNPE027_01/single/?bidPbancNo=R25BK01018609&bidPbancOrd=000,R25BK01018609,g2b,서 내역서 영문요약서 과업지시서 설계지침서 최종제안요청
https://www.g2b.go.kr/link/PNPE027_01/single/?bidPbancNo=R25BK01004887&bidPbancOrd=000,R25BK01004887,g2b,"서, 용역입찰유의서, 용역계약일반조건, 용역계약특수조건"
https://www.g2b.go.kr/link/PNPE027_01/single/?bidPbancNo=R25BK01004918&bidPbancOrd=000,R25BK01004918,g2b,"서, 용역입찰유의서, 용역계약일반조건, 용역계약특수조건"
https://www.g2b.go.kr/link/PNPE027_01/single/?bidPbancNo=R25BK01008849&bidPbancOrd=000,R25BK01008849,g2b,나라장터
https://www.g2b.go.kr/link/PNPE027_01/single/?bidPbancNo=R25BK01005872&bidPbancOrd=000,R25BK01005872,g2b,나라장터
https://www.g2b.go.kr/link/PNPE027_01/single/?bidPbancNo=R25BK00995138&bidPbancOrd=000,R25BK00995138,g2b,"서, 용역입찰유의서, 용역계약일반조건, 용역계약특수조건"
https://www.g2b.go.kr/link/PNPE027_01/single/?bidPbancNo=R25BK00991408&bidPbancOrd=000,R25BK00991408,g2b,"서, 용역입찰유의서, 용역계약일반조건, 용역계약특수조건"
https://www.g2b.go.kr/link/PNPE027_01/single/?bidPbancNo=R25BK00966164&bidPbancOrd=000,R25BK00966164,g2b,서 내역서 영문요약서 과업지시서 설계지침서 최종제안요청
https://www.g2b.go.kr/link/PNPE027_01/single/?bidPbancNo=R25BK00972914&bidPbancOrd=000,R25BK00972914,g2b,서 내역서 영문요약서 과업지시서 설계지침서 최종제안요청
https://www.g2b.go.kr/link/PNPE027_01/single/?bidPbancNo=R25BK00945754&bidPbancOrd=000,R25BK00945754,g2b,나라장터
https://www.g2b.go.kr/link/PNPE027_01/single/?bidPbancNo=R25BK00942415&bidPbancOrd=000,R25BK00942415,g2b,서 내역서 영문요약서 과업지시서 설계지침서 최종제안요청
https://www.g2b.go.kr/link/PNPE027_01/single/?bidPbancNo=R25BK00933405&bidPbancOrd=000,R25BK00933405,g2b,"서, 용역입찰유의서, 용역계약일반조건, 용역계약특수조건"
https://www.g2b.go.kr/link/PNPE027_01/single/?bidPbancNo=R25BK00934873&bidPbancOrd=000,R25BK00934873,g2b,"서, 용역입찰유의서, 용역계약일반조건, 용역계약특수조건"
https://www.g2b.go.kr/link/PNPE027_01/single/?bidPbancNo=R25BK00927923&bidPbancOrd=000,R25BK00927923,g2b,"서, 용역입찰유의서, 용역계약일반조건, 용역계약특수조건"
https://www.g2b.go.kr/link/PNPE027_01/single/?bidPbancNo=R25BK00927590&bidPbancOrd=000,R25BK00927590,g2b,서 내역서 영문요약서 과업지시서 설계지침서 최종제안요청
https://www.g2b.go.kr/link/PNPE027_01/single/?bidPbancNo=R25BK00927562&bidPbancOrd=000,R25BK00927562,g2b,서 내역서 영문요약서 과업지시서 설계지침서 최종제안요청
https://www.g2b.go.kr/link/PNPE027_01/single/?bidPbancNo=R25BK00927513&bidPbancOrd=000,R25BK00927513,g2b,서 내역서 영문요약서 과업지시서 설계지침서 최종제안요청
https://www.g2b.go.kr/link/PNPE027_01/single/?bidPbancNo=R25BK00926239&bidPbancOrd=000,R25BK00926239,g2b,"서, 용역입찰유의서, 용역계약일반조건, 용역계약특수조건"
https://www.g2b.go.kr/link/PNPE027_01/single/?bidPbancNo=R25BK00924647&bidPbancOrd=000,R25BK00924647,g2b,서 내역서 영문요약서 과업지시서 설계지침서 최종제안요청
https://www.g2b.go.kr/link/PNPE027_01/single/?bidPbancNo=R25BK00918149&bidPbancOrd=001,R25BK00918149,g2b,나라장터
https://www.g2b.go.kr/link/PNPE027_01/single/?bidPbancNo=R25BK00918064&bidPbancOrd=001,R25BK00918064,g2b,나라장터
https://www.g2b.go.kr/link/PNPE027_01/single/?bidPbancNo=R25BK00914311&bidPbancOrd=000,R25BK00914311,g2b,"서, 용역입찰유의서, 용역계약일반조건, 용역계약특수조건"
https://www.g2b.go.kr/link/PNPE027_01/single/?bidPbancNo=R25BK00922487&bidPbancOrd=000,R25BK00922487,g2b,나라장터
https://www.g2b.go.kr/link/PNPE027_01/single/?bidPbancNo=R25BK00917483&bidPbancOrd=001,R25BK00917483,g2b,나라장터
https://www.g2b.go.kr/link/PNPE027_01/single/?bidPbancNo=R25BK00917438&bidPbancOrd=001,R25BK00917438,g2b,나라장터
https://www.g2b.go.kr/link/PNPE027_01/single/?bidPbancNo=R25BK00917457&bidPbancOrd=000,R25BK00917457,g2b,서 내역서 영문요약서 과업지시서 설계지침서 최종제안요청
https://www.g2b.go.kr/link/PNPE027_01/single/?bidPbancNo=R25BK00916676&bidPbancOrd=000,R25BK00916676,g2b,서 내역서 영문요약서 과업지시서 설계지침서 최종제안요청
https://www.g2b.go.kr/link/PNPE027_01/single/?bidPbancNo=R25BK00917006&bidPbancOrd=000,R25BK00917006,g2b,"서, 용역입찰유의서, 용역계약일반조건, 용역계약특수조건"
https://www.g2b.go.kr/link/PNPE027_01/single/?bidPbancNo=R25BK00915827&bidPbancOrd=000,R25BK00915827,g2b,"서, 용역입찰유의서, 용역계약일반조건, 용역계약특수조건"
https://www.g2b.go.kr/link/PNPE027_01/single/?bidPbancNo=R25BK00916218&bidPbancOrd=000,R25BK00916218,g2b,"서, 용역입찰유의서, 용역계약일반조건, 용역계약특수조건"
https://www.g2b.go.kr/link/PNPE027_01/single/?bidPbancNo=R25BK00914240&bidPbancOrd=000,R25BK00914240,g2b,서 내역서 영문요약서 과업지시서 설계지침서 최종제안요청
https://www.g2b.go.kr/link/PNPE027_01/single/?bidPbancNo=R25BK00911723&bidPbancOrd=000,R25BK00911723,g2b,서 내역서 영문요약서 과업지시서 설계지침서 최종제안요청
https://www.g2b.go.kr/link/PNPE027_01/single/?bidPbancNo=R25BK00914172&bidPbancOrd=000,R25BK00914172,g2b,서 내역서 영문요약서 과업지시서 설계지침서 최종제안요청
https://www.g2b.go.kr/link/PNPE027_01/single/?bidPbancNo=R25BK00914228&bidPbancOrd=000,R25BK00914228,g2b,서 내역서 영문요약서 과업지시서 설계지침서 최종제안요청
https://www.g2b.go.kr/link/PNPE027_01/single/?bidPbancNo=R25BK00913858&bidPbancOrd=000,R25BK00913858,g2b,서 내역서 영문요약서 과업지시서 설계지침서 최종제안요청
https://www.g2b.go.kr/link/PNPE027_01/single/?bidPbancNo=R25BK00913355&bidPbancOrd=000,R25BK00913355,g2b,서 내역서 영문요약서 과업지시서 설계지침서 최종제안요청
https://www.g2b.go.kr/link/PNPE027_01/single/?bidPbancNo=R25BK00914160&bidPbancOrd=000,R25BK00914160,g2b,"서, 용역입찰유의서, 용역계약일반조건, 용역계약특수조건"
https://www.g2b.go.kr/link/PNPE027_01/single/?bidPbancNo=R25BK00913423&bidPbancOrd=000,R25BK00913423,g2b,서 내역서 영문요약서 과업지시서 설계지침서 최종제안요청
https://www.g2b.go.kr/link/PNPE027_01/single/?bidPbancNo=R25BK00913433&bidPbancOrd=000,R25BK00913433,g2b,"서, 용역입찰유의서, 용역계약일반조건, 용역계약특수조건"
https://www.g2b.go.kr/link/PNPE027_01/single/?bidPbancNo=R25BK00913280&bidPbancOrd=000,R25BK00913280,g2b,나라장터
https://www.g2b.go.kr/link/PNPE027_01/single/?bidPbancNo=R25BK00912396&bidPbancOrd=000,R25BK00912396,g2b,"서, 용역입찰유의서, 용역계약일반조건, 용역계약특수조건"
https://www.g2b.go.kr/link/PNPE027_01/single/?bidPbancNo=R25BK00912365&bidPbancOrd=000,R25BK00912365,g2b,서 내역서 영문요약서 과업지시서 설계지침서 최종제안요청
https://www.g2b.go.kr/link/PNPE027_01/single/?bidPbancNo=R25BK00911005&bidPbancOrd=000,R25BK00911005,g2b,서 내역서 영문요약서 과업지시서 설계지침서 최종제안요청
https://www.g2b.go.kr/link/PNPE027_01/single/?bidPbancNo=R25BK00910433&bidPbancOrd=000,R25BK00910433,g2b,서 내역서 영문요약서 과업지시서 설계지침서 최종제안요청
https://www.g2b.go.kr/link/PNPE027_01/single/?bidPbancNo=R25BK00910382&bidPbancOrd=000,R25BK00910382,g2b,서 내역서 영문요약서 과업지시서 설계지침서 최종제안요청
https://www.g2b.go.kr/link/PNPE027_01/single/?bidPbancNo=R25BK00910408&bidPbancOrd=000,R25BK00910408,g2b,서 내역서 영문요약서 과업지시서 설계지침서 최종제안요청
https://www.g2b.go.kr/link/PNPE027_01/single/?bidPbancNo=R25BK00908033&bidPbancOrd=000,R25BK00908033,g2b,정보 전체0건 Grid start No 문서명 파일명 
https://www.g2b.go.kr/link/PNPE027_01/single/?bidPbancNo=R25BK00900944&bidPbancOrd=000,R25BK00900944,g2b,"서, 용역입찰유의서, 용역계약일반조건, 용역계약특수조건"
https://www.g2b.go.kr/link/PNPE027_01/single/?bidPbancNo=R25BK00909198&bidPbancOrd=000,R25BK00909198,g2b,서 내역서 영문요약서 과업지시서 설계지침서 최종제안요청
https://www.g2b.go.kr/link/PNPE027_01/single/?bidPbancNo=R25BK00907055&bidPbancOrd=000,R25BK00907055,g2b,서 내역서 영문요약서 과업지시서 설계지침서 최종제안요청
https://www.g2b.go.kr/link/PNPE027_01/single/?bidPbancNo=R25BK00907839&bidPbancOrd=000,R25BK00907839,g2b,서 내역서 영문요약서 과업지시서 설계지침서 최종제안요청
https://www.g2b.go.kr/link/PNPE027_01/single/?bidPbancNo=R25BK00907819&bidPbancOrd=000,R25BK00907819,g2b,서 내역서 영문요약서 과업지시서 설계지침서 최종제안요청
https://www.g2b.go.kr/link/PNPE027_01/single/?bidPbancNo=R25BK00906733&bidPbancOrd=000,R25BK00906733,g2b,서 내역서 영문요약서 과업지시서 설계지침서 최종제안요청
https://www.g2b.go.kr/link/PNPE027_01/single/?bidPbancNo=R25BK00906768&bidPbancOrd=000,R25BK00906768,g2b,서 내역서 영문요약서 과업지시서 설계지침서 최종제안요청
https://www.g2b.go.kr/link/PNPE027_01/single/?bidPbancNo=R25BK00907011&bidPbancOrd=000,R25BK00907011,g2b,서 내역서 영문요약서 과업지시서 설계지침서 최종제안요청
https://www.g2b.go.kr/link/PNPE027_01/single/?bidPbancNo=R25BK00907369&bidPbancOrd=000,R25BK00907369,g2b,서 내역서 영문요약서 과업지시서 설계지침서 최종제안요청
https://www.g2b.go.kr/link/PNPE027_01/single/?bidPbancNo=R25BK00906522&bidPbancOrd=000,R25BK00906522,g2b,서 내역서 영문요약서 과업지시서 설계지침서 최종제안요청
https://www.g2b.go.kr/link/PNPE027_01/single/?bidPbancNo=R25BK00906858&bidPbancOrd=000,R25BK00906858,g2b,서 내역서 영문요약서 과업지시서 설계지침서 최종제안요청
https://www.g2b.go.kr/link/PNPE027_01/single/?bidPbancNo=R25BK00905787&bidPbancOrd=000,R25BK00905787,g2b,서 내역서 영문요약서 과업지시서 설계지침서 최종제안요청
https://www.g2b.go.kr/link/PNPE027_01/single/?bidPbancNo=R25BK00899878&bidPbancOrd=000,R25BK00899878,g2b,나라장터
https://www.g2b.go.kr/link/PNPE027_01/single/?bidPbancNo=R25BK00901456&bidPbancOrd=000,R25BK00901456,g2b,서 내역서 영문요약서 과업지시서 설계지침서 최종제안요청
https://www.g2b.go.kr/link/PNPE027_01/single/?bidPbancNo=R25BK00904087&bidPbancOrd=000,R25BK00904087,g2b,서 내역서 영문요약서 과업지시서 설계지침서 최종제안요청
https://www.g2b.go.kr/link/PNPE027_01/single/?bidPbancNo=R25BK00901112&bidPbancOrd=000,R25BK00901112,g2b,서 내역서 영문요약서 과업지시서 설계지침서 최종제안요청
https://www.g2b.go.kr/link/PNPE027_01/single/?bidPbancNo=R25BK00901601&bidPbancOrd=000,R25BK00901601,g2b,서 내역서 영문요약서 과업지시서 설계지침서 최종제안요청
https://www.g2b.go.kr/link/PNPE027_01/single/?bidPbancNo=R25BK00898628&bidPbancOrd=000,R25BK00898628,g2b,서 내역서 영문요약서 과업지시서 설계지침서 최종제안요청
https://www.g2b.go.kr/link/PNPE027_01/single/?bidPbancNo=R25BK00900957&bidPbancOrd=000,R25BK00900957,g2b,서 내역서 영문요약서 과업지시서 설계지침서 최종제안요청
https://www.g2b.go.kr/link/PNPE027_01/single/?bidPbancNo=R25BK00900786&bidPbancOrd=000,R25BK00900786,g2b,서 내역서 영문요약서 과업지시서 설계지침서 최종제안요청
https://www.g2b.go.kr/link/PNPE027_01/single/?bidPbancNo=R25BK00900428&bidPbancOrd=000,R25BK00900428,g2b,서 내역서 영문요약서 과업지시서 설계지침서 최종제안요청
https://www.g2b.go.kr/link/PNPE027_01/single/?bidPbancNo=R25BK00900534&bidPbancOrd=000,R25BK00900534,g2b,서 내역서 영문요약서 과업지시서 설계지침서 최종제안요청
https://www.g2b.go.kr/link/PNPE027_01/single/?bidPbancNo=R25BK00900681&bidPbancOrd=000,R25BK00900681,g2b,서 내역서 영문요약서 과업지시서 설계지침서 최종제안요청
https://www.g2b.go.kr/link/PNPE027_01/single/?bidPbancNo=R25BK00899588&bidPbancOrd=000,R25BK00899588,g2b,"서, 용역입찰유의서, 용역계약일반조건, 용역계약특수조건"
https://www.g2b.go.kr/link/PNPE027_01/single/?bidPbancNo=R25BK00899797&bidPbancOrd=000,R25BK00899797,g2b,나라장터
https://www.g2b.go.kr/link/PNPE027_01/single/?bidPbancNo=R25BK00908814&bidPbancOrd=001,R25BK00908814,g2b,나라장터
https://www.g2b.go.kr/link/PNPE027_01/single/?bidPbancNo=R25BK00899710&bidPbancOrd=000,R25BK00899710,g2b,나라장터
https://www.g2b.go.kr/link/PNPE027_01/single/?bidPbancNo=R25BK00907367&bidPbancOrd=000,R25BK00907367,g2b,서 내역서 영문요약서 과업지시서 설계지침서 최종제안요청
https://www.g2b.go.kr/link/PNPE027_01/single/?bidPbancNo=R25BK00899844&bidPbancOrd=000,R25BK00899844,g2b,나라장터
https://www.g2b.go.kr/link/PNPE027_01/single/?bidPbancNo=R25BK00898315&bidPbancOrd=000,R25BK00898315,g2b,서 내역서 영문요약서 과업지시서 설계지침서 최종제안요청
https://www.g2b.go.kr/link/PNPE027_01/single/?bidPbancNo=R25BK00898408&bidPbancOrd=000,R25BK00898408,g2b,서 내역서 영문요약서 과업지시서 설계지침서 최종제안요청
https://www.g2b.go.kr/link/PNPE027_01/single/?bidPbancNo=R25BK00898612&bidPbancOrd=000,R25BK00898612,g2b,서 내역서 영문요약서 과업지시서 설계지침서 최종제안요청
https://www.g2b.go.kr/link/PNPE027_01/single/?bidPbancNo=R25BK00896249&bidPbancOrd=000,R25BK00896249,g2b,서 내역서 영문요약서 과업지시서 설계지침서 최종제안요청
https://www.g2b.go.kr/link/PNPE027_01/single/?bidPbancNo=R25BK00896937&bidPbancOrd=000,R25BK00896937,g2b,서 내역서 영문요약서 과업지시서 설계지침서 최종제안요청
https://www.g2b.go.kr/link/PNPE027_01/single/?bidPbancNo=R25BK00897300&bidPbancOrd=000,R25BK00897300,g2b,서 내역서 영문요약서 과업지시서 설계지침서 최종제안요청
https://www.g2b.go.kr/link/PNPE027_01/single/?bidPbancNo=R25BK00895090&bidPbancOrd=000,R25BK00895090,g2b,서 내역서 영문요약서 과업지시서 설계지침서 최종제안요청
https://www.g2b.go.kr/link/PNPE027_01/single/?bidPbancNo=R25BK00895339&bidPbancOrd=000,R25BK00895339,g2b,서 내역서 영문요약서 과업지시서 설계지침서 최종제안요청
https://www.g2b.go.kr/link/PNPE027_01/single/?bidPbancNo=R25BK00895547&bidPbancOrd=000,R25BK00895547,g2b,서 내역서 영문요약서 과업지시서 설계지침서 최종제안요청
https://www.g2b.go.kr/link/PNPE027_01/single/?bidPbancNo=R25BK00895644&bidPbancOrd=000,R25BK00895644,g2b,서 내역서 영문요약서 과업지시서 설계지침서 최종제안요청
https://www.g2b.go.kr/link/PNPE027_01/single/?bidPbancNo=R25BK00896315&bidPbancOrd=000,R25BK00896315,g2b,"서, 용역입찰유의서, 용역계약일반조건, 용역계약특수조건"
https://www.g2b.go.kr/link/PNPE027_01/single/?bidPbancNo=R25BK00894550&bidPbancOrd=000,R25BK00894550,g2b,서 내역서 영문요약서 과업지시서 설계지침서 최종제안요청
https://www.g2b.go.kr/link/PNPE027_01/single/?bidPbancNo=R25BK00895411&bidPbancOrd=000,R25BK00895411,g2b,서 내역서 영문요약서 과업지시서 설계지침서 최종제안요청
https://www.g2b.go.kr/link/PNPE027_01/single/?bidPbancNo=R25BK00906892&bidPbancOrd=000,R25BK00906892,g2b,서 내역서 영문요약서 과업지시서 설계지침서 최종제안요청
https://www.g2b.go.kr/link/PNPE027_01/single/?bidPbancNo=R25BK00895517&bidPbancOrd=000,R25BK00895517,g2b,서 내역서 영문요약서 과업지시서 설계지침서 최종제안요청
https://www.g2b.go.kr/link/PNPE027_01/single/?bidPbancNo=R25BK00888998&bidPbancOrd=000,R25BK00888998,g2b,"서, 용역입찰유의서, 용역계약일반조건, 용역계약특수조건"
https://www.g2b.go.kr/link/PNPE027_01/single/?bidPbancNo=R25BK00894855&bidPbancOrd=000,R25BK00894855,g2b,서 내역서 영문요약서 과업지시서 설계지침서 최종제안요청
https://www.g2b.go.kr/link/PNPE027_01/single/?bidPbancNo=R25BK00895218&bidPbancOrd=000,R25BK00895218,g2b,서 내역서 영문요약서 과업지시서 설계지침서 최종제안요청
https://www.g2b.go.kr/link/PNPE027_01/single/?bidPbancNo=R25BK00894960&bidPbancOrd=000,R25BK00894960,g2b,서 내역서 영문요약서 과업지시서 설계지침서 최종제안요청
https://www.g2b.go.kr/link/PNPE027_01/single/?bidPbancNo=R25BK00891594&bidPbancOrd=000,R25BK00891594,g2b,서 내역서 영문요약서 과업지시서 설계지침서 최종제안요청
https://www.g2b.go.kr/link/PNPE027_01/single/?bidPbancNo=R25BK00892801&bidPbancOrd=000,R25BK00892801,g2b,서 내역서 영문요약서 과업지시서 설계지침서 최종제안요청
https://www.g2b.go.kr/link/PNPE027_01/single/?bidPbancNo=R25BK00892345&bidPbancOrd=000,R25BK00892345,g2b,서 내역서 영문요약서 과업지시서 설계지침서 최종제안요청
https://www.g2b.go.kr/link/PNPE027_01/single/?bidPbancNo=R25BK00890128&bidPbancOrd=000,R25BK00890128,g2b,"서, 용역입찰유의서, 용역계약일반조건, 용역계약특수조건"
https://www.g2b.go.kr/link/PNPE027_01/single/?bidPbancNo=R25BK00888143&bidPbancOrd=000,R25BK00888143,g2b,"서, 용역입찰유의서, 용역계약일반조건, 용역계약특수조건"
https://www.g2b.go.kr/link/PNPE027_01/single/?bidPbancNo=R25BK00891603&bidPbancOrd=000,R25BK00891603,g2b,서 내역서 영문요약서 과업지시서 설계지침서 최종제안요청
https://www.g2b.go.kr/link/PNPE027_01/single/?bidPbancNo=R25BK00891731&bidPbancOrd=000,R25BK00891731,g2b,서 내역서 영문요약서 과업지시서 설계지침서 최종제안요청
https://www.g2b.go.kr/link/PNPE027_01/single/?bidPbancNo=R25BK00890838&bidPbancOrd=000,R25BK00890838,g2b,"서, 용역입찰유의서, 용역계약일반조건, 용역계약특수조건"
https://www.g2b.go.kr/link/PNPE027_01/single/?bidPbancNo=R25BK00885112&bidPbancOrd=000,R25BK00885112,g2b,나라장터
https://www.g2b.go.kr/link/PNPE027_01/single/?bidPbancNo=R25BK00885005&bidPbancOrd=000,R25BK00885005,g2b,나라장터
https://www.g2b.go.kr/link/PNPE027_01/single/?bidPbancNo=R25BK00889031&bidPbancOrd=000,R25BK00889031,g2b,서 내역서 영문요약서 과업지시서 설계지침서 최종제안요청
https://www.g2b.go.kr/link/PNPE027_01/single/?bidPbancNo=R25BK00888516&bidPbancOrd=000,R25BK00888516,g2b,"서, 용역입찰유의서, 용역계약일반조건, 용역계약특수조건"
https://www.g2b.go.kr/link/PNPE027_01/single/?bidPbancNo=R25BK00888500&bidPbancOrd=000,R25BK00888500,g2b,서 내역서 영문요약서 과업지시서 설계지침서 최종제안요청
https://www.g2b.go.kr/link/PNPE027_01/single/?bidPbancNo=R25BK00883758&bidPbancOrd=000,R25BK00883758,g2b,서 내역서 영문요약서 과업지시서 설계지침서 최종제안요청
https://www.g2b.go.kr/link/PNPE027_01/single/?bidPbancNo=R25BK00882021&bidPbancOrd=000,R25BK00882021,g2b,서 내역서 영문요약서 과업지시서 설계지침서 최종제안요청
https://www.g2b.go.kr/link/PNPE027_01/single/?bidPbancNo=R25BK00877901&bidPbancOrd=000,R25BK00877901,g2b,서 내역서 영문요약서 과업지시서 설계지침서 최종제안요청
https://www.g2b.go.kr/link/PNPE027_01/single/?bidPbancNo=R25BK00876887&bidPbancOrd=000,R25BK00876887,g2b,서 내역서 영문요약서 과업지시서 설계지침서 최종제안요청
https://www.g2b.go.kr/link/PNPE027_01/single/?bidPbancNo=R25BK00875544&bidPbancOrd=000,R25BK00875544,g2b,서 내역서 영문요약서 과업지시서 설계지침서 최종제안요청
https://www.g2b.go.kr/link/PNPE027_01/single/?bidPbancNo=R25BK00875389&bidPbancOrd=000,R25BK00875389,g2b,서 내역서 영문요약서 과업지시서 설계지침서 최종제안요청
https://www.g2b.go.kr/link/PNPE027_01/single/?bidPbancNo=R25BK00874553&bidPbancOrd=000,R25BK00874553,g2b,"서, 용역입찰유의서, 용역계약일반조건, 용역계약특수조건"
https://www.g2b.go.kr/link/PNPE027_01/single/?bidPbancNo=R25BK00874209&bidPbancOrd=000,R25BK00874209,g2b,서 내역서 영문요약서 과업지시서 설계지침서 최종제안요청
https://www.g2b.go.kr/link/PNPE027_01/single/?bidPbancNo=R25BK00872364&bidPbancOrd=000,R25BK00872364,g2b,서 내역서 영문요약서 과업지시서 설계지침서 최종제안요청
https://www.g2b.go.kr/link/PNPE027_01/single/?bidPbancNo=R25BK00872368&bidPbancOrd=000,R25BK00872368,g2b,서 내역서 영문요약서 과업지시서 설계지침서 최종제안요청
https://www.g2b.go.kr/link/PNPE027_01/single/?bidPbancNo=R25BK00873454&bidPbancOrd=000,R25BK00873454,g2b,서 내역서 영문요약서 과업지시서 설계지침서 최종제안요청
https://www.g2b.go.kr/link/PNPE027_01/single/?bidPbancNo=R25BK00873652&bidPbancOrd=000,R25BK00873652,g2b,서 내역서 영문요약서 과업지시서 설계지침서 최종제안요청
https://www.g2b.go.kr/link/PNPE027_01/single/?bidPbancNo=R25BK00871363&bidPbancOrd=001,R25BK00871363,g2b,"서, 용역입찰유의서, 용역계약일반조건, 용역계약특수조건"
https://www.g2b.go.kr/link/PNPE027_01/single/?bidPbancNo=R25BK00872386&bidPbancOrd=000,R25BK00872386,g2b,"서, 용역입찰유의서, 용역계약일반조건, 용역계약특수조건"
https://www.g2b.go.kr/link/PNPE027_01/single/?bidPbancNo=R25BK00871867&bidPbancOrd=000,R25BK00871867,g2b,서 내역서 영문요약서 과업지시서 설계지침서 최종제안요청
https://www.g2b.go.kr/link/PNPE027_01/single/?bidPbancNo=R25BK00871481&bidPbancOrd=000,R25BK00871481,g2b,서 내역서 영문요약서 과업지시서 설계지침서 최종제안요청
https://www.g2b.go.kr/link/PNPE027_01/single/?bidPbancNo=R25BK00867309&bidPbancOrd=000,R25BK00867309,g2b,"서, 용역입찰유의서, 용역계약일반조건, 용역계약특수조건"
https://www.g2b.go.kr/link/PNPE027_01/single/?bidPbancNo=R25BK00864373&bidPbancOrd=000,R25BK00864373,g2b,서 내역서 영문요약서 과업지시서 설계지침서 최종제안요청
https://www.g2b.go.kr/link/PNPE027_01/single/?bidPbancNo=R25BK00868573&bidPbancOrd=000,R25BK00868573,g2b,서 내역서 영문요약서 과업지시서 설계지침서 최종제안요청
https://www.g2b.go.kr/link/PNPE027_01/single/?bidPbancNo=R25BK00864153&bidPbancOrd=000,R25BK00864153,g2b,서 내역서 영문요약서 과업지시서 설계지침서 최종제안요청
https://www.g2b.go.kr/link/PNPE027_01/single/?bidPbancNo=R25BK00859051&bidPbancOrd=000,R25BK00859051,g2b,나라장터
https://www.g2b.go.kr/link/PNPE027_01/single/?bidPbancNo=R25BK00862552&bidPbancOrd=000,R25BK00862552,g2b,"서, 용역입찰유의서, 용역계약일반조건, 용역계약특수조건"
https://www.g2b.go.kr/link/PNPE027_01/single/?bidPbancNo=R25BK00863175&bidPbancOrd=000,R25BK00863175,g2b,서 내역서 영문요약서 과업지시서 설계지침서 최종제안요청
https://www.g2b.go.kr/link/PNPE027_01/single/?bidPbancNo=R25BK00862515&bidPbancOrd=000,R25BK00862515,g2b,서 내역서 영문요약서 과업지시서 설계지침서 최종제안요청
https://www.g2b.go.kr/link/PNPE027_01/single/?bidPbancNo=R25BK00863316&bidPbancOrd=000,R25BK00863316,g2b,서 내역서 영문요약서 과업지시서 설계지침서 최종제안요청
https://www.g2b.go.kr/link/PNPE027_01/single/?bidPbancNo=R25BK00854258&bidPbancOrd=000,R25BK00854258,g2b,번호 제안요청명 입찰공고번호 공고정보 참조번호 카탈로그
https://www.g2b.go.kr/link/PNPE027_01/single/?bidPbancNo=R25BK00862617&bidPbancOrd=000,R25BK00862617,g2b,서 내역서 영문요약서 과업지시서 설계지침서 최종제안요청
https://www.g2b.go.kr/link/PNPE027_01/single/?bidPbancNo=R25BK00860158&bidPbancOrd=000,R25BK00860158,g2b,서 내역서 영문요약서 과업지시서 설계지침서 최종제안요청
https://www.g2b.go.kr/link/PNPE027_01/single/?bidPbancNo=R25BK00859731&bidPbancOrd=000,R25BK00859731,g2b,서 내역서 영문요약서 과업지시서 설계지침서 최종제안요청
https://www.g2b.go.kr/link/PNPE027_01/single/?bidPbancNo=R25BK00852371&bidPbancOrd=000,R25BK00852371,g2b,"서, 용역입찰유의서, 용역계약일반조건, 용역계약특수조건"
https://www.g2b.go.kr/link/PNPE027_01/single/?bidPbancNo=R25BK00858920&bidPbancOrd=000,R25BK00858920,g2b,"서, 용역입찰유의서, 용역계약일반조건, 용역계약특수조건"
https://www.g2b.go.kr/link/PNPE027_01/single/?bidPbancNo=R25BK00859169&bidPbancOrd=000,R25BK00859169,g2b,서 내역서 영문요약서 과업지시서 설계지침서 최종제안요청
https://www.g2b.go.kr/link/PNPE027_01/single/?bidPbancNo=R25BK00856485&bidPbancOrd=000,R25BK00856485,g2b,서 내역서 영문요약서 과업지시서 설계지침서 최종제안요청
https://www.g2b.go.kr/link/PNPE027_01/single/?bidPbancNo=R25BK00858337&bidPbancOrd=000,R25BK00858337,g2b,서 내역서 영문요약서 과업지시서 설계지침서 최종제안요청
https://www.g2b.go.kr/link/PNPE027_01/single/?bidPbancNo=R25BK00855568&bidPbancOrd=000,R25BK00855568,g2b,서 내역서 영문요약서 과업지시서 설계지침서 최종제안요청
https://www.g2b.go.kr/link/PNPE027_01/single/?bidPbancNo=R25BK00844120&bidPbancOrd=000,R25BK00844120,g2b,서 내역서 영문요약서 과업지시서 설계지침서 최종제안요청
https://www.g2b.go.kr/link/PNPE027_01/single/?bidPbancNo=R25BK00855080&bidPbancOrd=000,R25BK00855080,g2b,"서, 용역입찰유의서, 용역계약일반조건, 용역계약특수조건"
https://www.g2b.go.kr/link/PNPE027_01/single/?bidPbancNo=R25BK00814624&bidPbancOrd=000,R25BK00814624,g2b,"서, 용역입찰유의서, 용역계약일반조건, 용역계약특수조건"
https://www.g2b.go.kr/link/PNPE027_01/single/?bidPbancNo=R25BK00856337&bidPbancOrd=000,R25BK00856337,g2b,서 내역서 영문요약서 과업지시서 설계지침서 최종제안요청
https://www.g2b.go.kr/link/PNPE027_01/single/?bidPbancNo=R25BK00856197&bidPbancOrd=000,R25BK00856197,g2b,서 내역서 영문요약서 과업지시서 설계지침서 최종제안요청
https://www.g2b.go.kr/link/PNPE027_01/single/?bidPbancNo=R25BK00854307&bidPbancOrd=000,R25BK00854307,g2b,서 내역서 영문요약서 과업지시서 설계지침서 최종제안요청
https://www.g2b.go.kr/link/PNPE027_01/single/?bidPbancNo=R25BK00837471&bidPbancOrd=000,R25BK00837471,g2b,서 내역서 영문요약서 과업지시서 설계지침서 최종제안요청
https://www.g2b.go.kr/link/PNPE027_01/single/?bidPbancNo=R25BK00850773&bidPbancOrd=001,R25BK00850773,g2b,서 내역서 영문요약서 과업지시서 설계지침서 최종제안요청
https://www.g2b.go.kr/link/PNPE027_01/single/?bidPbancNo=R25BK00854362&bidPbancOrd=000,R25BK00854362,g2b,서 내역서 영문요약서 과업지시서 설계지침서 최종제안요청
https://www.g2b.go.kr/link/PNPE027_01/single/?bidPbancNo=R25BK00854727&bidPbancOrd=000,R25BK00854727,g2b,서 내역서 영문요약서 과업지시서 설계지침서 최종제안요청
https://www.g2b.go.kr/link/PNPE027_01/single/?bidPbancNo=R25BK00854449&bidPbancOrd=000,R25BK00854449,g2b,서 내역서 영문요약서 과업지시서 설계지침서 최종제안요청
https://www.g2b.go.kr/link/PNPE027_01/single/?bidPbancNo=R25BK00841441&bidPbancOrd=000,R25BK00841441,g2b,서 내역서 영문요약서 과업지시서 설계지침서 최종제안요청
https://www.g2b.go.kr/link/PNPE027_01/single/?bidPbancNo=R25BK00852888&bidPbancOrd=000,R25BK00852888,g2b,서 내역서 영문요약서 과업지시서 설계지침서 최종제안요청
https://www.g2b.go.kr/link/PNPE027_01/single/?bidPbancNo=R25BK00853114&bidPbancOrd=000,R25BK00853114,g2b,서 내역서 영문요약서 과업지시서 설계지침서 최종제안요청
https://www.g2b.go.kr/link/PNPE027_01/single/?bidPbancNo=R25BK00848586&bidPbancOrd=000,R25BK00848586,g2b,서 내역서 영문요약서 과업지시서 설계지침서 최종제안요청
https://www.g2b.go.kr/link/PNPE027_01/single/?bidPbancNo=R25BK00851673&bidPbancOrd=000,R25BK00851673,g2b,서 내역서 영문요약서 과업지시서 설계지침서 최종제안요청
https://www.g2b.go.kr/link/PNPE027_01/single/?bidPbancNo=R25BK00848969&bidPbancOrd=000,R25BK00848969,g2b,서 내역서 영문요약서 과업지시서 설계지침서 최종제안요청
https://www.g2b.go.kr/link/PNPE027_01/single/?bidPbancNo=R25BK00848675&bidPbancOrd=000,R25BK00848675,g2b,서 내역서 영문요약서 과업지시서 설계지침서 최종제안요청
https://www.g2b.go.kr/link/PNPE027_01/single/?bidPbancNo=R25BK00849023&bidPbancOrd=000,R25BK00849023,g2b,서 내역서 영문요약서 과업지시서 설계지침서 최종제안요청
https://www.g2b.go.kr/link/PNPE027_01/single/?bidPbancNo=R25BK00849121&bidPbancOrd=000,R25BK00849121,g2b,나라장터
https://www.g2b.go.kr/link/PNPE027_01/single/?bidPbancNo=R25BK00849094&bidPbancOrd=000,R25BK00849094,g2b,나라장터
https://www.g2b.go.kr/link/PNPE027_01/single/?bidPbancNo=R25BK00849041&bidPbancOrd=000,R25BK00849041,g2b,나라장터
https://www.g2b.go.kr/link/PNPE027_01/single/?bidPbancNo=R25BK00848638&bidPbancOrd=000,R25BK00848638,g2b,서 내역서 영문요약서 과업지시서 설계지침서 최종제안요청
https://www.g2b.go.kr/link/PNPE027_01/single/?bidPbancNo=R25BK00848326&bidPbancOrd=000,R25BK00848326,g2b,서 내역서 영문요약서 과업지시서 설계지침서 최종제안요청
https://www.g2b.go.kr/link/PNPE027_01/single/?bidPbancNo=R25BK00847849&bidPbancOrd=000,R25BK00847849,g2b,서 내역서 영문요약서 과업지시서 설계지침서 최종제안요청
https://www.g2b.go.kr/link/PNPE027_01/single/?bidPbancNo=R25BK00847705&bidPbancOrd=000,R25BK00847705,g2b,"서, 용역입찰유의서, 용역계약일반조건, 용역계약특수조건"
https://www.g2b.go.kr/link/PNPE027_01/single/?bidPbancNo=R25BK00846561&bidPbancOrd=000,R25BK00846561,g2b,"서, 용역입찰유의서, 용역계약일반조건, 용역계약특수조건"
https://www.g2b.go.kr/link/PNPE027_01/single/?bidPbancNo=R25BK00847621&bidPbancOrd=000,R25BK00847621,g2b,서 내역서 영문요약서 과업지시서 설계지침서 최종제안요청
https://www.g2b.go.kr/link/PNPE027_01/single/?bidPbancNo=R25BK00845332&bidPbancOrd=000,R25BK00845332,g2b,서 내역서 영문요약서 과업지시서 설계지침서 최종제안요청
https://www.g2b.go.kr/link/PNPE027_01/single/?bidPbancNo=R25BK00844274&bidPbancOrd=000,R25BK00844274,g2b,서 내역서 영문요약서 과업지시서 설계지침서 최종제안요청
https://www.g2b.go.kr/link/PNPE027_01/single/?bidPbancNo=R25BK00843781&bidPbancOrd=000,R25BK00843781,g2b,서 내역서 영문요약서 과업지시서 설계지침서 최종제안요청
https://www.g2b.go.kr/link/PNPE027_01/single/?bidPbancNo=R25BK00842877&bidPbancOrd=000,R25BK00842877,g2b,서 내역서 영문요약서 과업지시서 설계지침서 최종제안요청
https://www.g2b.go.kr/link/PNPE027_01/single/?bidPbancNo=R25BK00842532&bidPbancOrd=000,R25BK00842532,g2b,서 내역서 영문요약서 과업지시서 설계지침서 최종제안요청
https://www.g2b.go.kr/link/PNPE027_01/single/?bidPbancNo=R25BK00840360&bidPbancOrd=000,R25BK00840360,g2b,서 내역서 영문요약서 과업지시서 설계지침서 최종제안요청
https://www.g2b.go.kr/link/PNPE027_01/single/?bidPbancNo=R25BK00838660&bidPbancOrd=000,R25BK00838660,g2b,"서, 용역입찰유의서, 용역계약일반조건, 용역계약특수조건"
https://www.g2b.go.kr/link/PNPE027_01/single/?bidPbancNo=R25BK00837612&bidPbancOrd=000,R25BK00837612,g2b,"서, 용역입찰유의서, 용역계약일반조건, 용역계약특수조건"
https://www.g2b.go.kr/link/PNPE027_01/single/?bidPbancNo=R25BK00838088&bidPbancOrd=000,R25BK00838088,g2b,"서, 용역입찰유의서, 용역계약일반조건, 용역계약특수조건"
https://www.g2b.go.kr/link/PNPE027_01/single/?bidPbancNo=R25BK00837572&bidPbancOrd=000,R25BK00837572,g2b,서 내역서 영문요약서 과업지시서 설계지침서 최종제안요청
https://www.g2b.go.kr/link/PNPE027_01/single/?bidPbancNo=R25BK00837362&bidPbancOrd=000,R25BK00837362,g2b,"서, 용역입찰유의서, 용역계약일반조건, 용역계약특수조건"
https://www.g2b.go.kr/link/PNPE027_01/single/?bidPbancNo=R25BK00837361&bidPbancOrd=000,R25BK00837361,g2b,"서, 용역입찰유의서, 용역계약일반조건, 용역계약특수조건"
https://www.g2b.go.kr/link/PNPE027_01/single/?bidPbancNo=R25BK00836587&bidPbancOrd=000,R25BK00836587,g2b,"서, 용역입찰유의서, 용역계약일반조건, 용역계약특수조건"
https://www.g2b.go.kr/link/PNPE027_01/single/?bidPbancNo=R25BK00835137&bidPbancOrd=000,R25BK00835137,g2b,서 내역서 영문요약서 과업지시서 설계지침서 최종제안요청
https://www.g2b.go.kr/link/PNPE027_01/single/?bidPbancNo=R25BK00835192&bidPbancOrd=000,R25BK00835192,g2b,서 내역서 영문요약서 과업지시서 설계지침서 최종제안요청
https://www.g2b.go.kr/link/PNPE027_01/single/?bidPbancNo=R25BK00835555&bidPbancOrd=000,R25BK00835555,g2b,서 내역서 영문요약서 과업지시서 설계지침서 최종제안요청
https://www.g2b.go.kr/link/PNPE027_01/single/?bidPbancNo=R25BK00833425&bidPbancOrd=000,R25BK00833425,g2b,서 내역서 영문요약서 과업지시서 설계지침서 최종제안요청
https://www.g2b.go.kr/link/PNPE027_01/single/?bidPbancNo=R25BK00832182&bidPbancOrd=000,R25BK00832182,g2b,"서, 용역입찰유의서, 용역계약일반조건, 용역계약특수조건"
https://www.g2b.go.kr/link/PNPE027_01/single/?bidPbancNo=R25BK00824604&bidPbancOrd=000,R25BK00824604,g2b,"서, 용역입찰유의서, 용역계약일반조건, 용역계약특수조건"
https://www.g2b.go.kr/link/PNPE027_01/single/?bidPbancNo=R25BK00831212&bidPbancOrd=000,R25BK00831212,g2b,서 내역서 영문요약서 과업지시서 설계지침서 최종제안요청
https://www.g2b.go.kr/link/PNPE027_01/single/?bidPbancNo=R25BK00830180&bidPbancOrd=000,R25BK00830180,g2b,서 내역서 영문요약서 과업지시서 설계지침서 최종제안요청
https://www.g2b.go.kr/link/PNPE027_01/single/?bidPbancNo=R25BK00829966&bidPbancOrd=000,R25BK00829966,g2b,서 내역서 영문요약서 과업지시서 설계지침서 최종제안요청
https://www.g2b.go.kr/link/PNPE027_01/single/?bidPbancNo=R25BK00830019&bidPbancOrd=000,R25BK00830019,g2b,서 내역서 영문요약서 과업지시서 설계지침서 최종제안요청
https://www.g2b.go.kr/link/PNPE027_01/single/?bidPbancNo=R25BK00829852&bidPbancOrd=000,R25BK00829852,g2b,서 내역서 영문요약서 과업지시서 설계지침서 최종제안요청
https://www.g2b.go.kr/link/PNPE027_01/single/?bidPbancNo=R25BK00829837&bidPbancOrd=000,R25BK00829837,g2b,서 내역서 영문요약서 과업지시서 설계지침서 최종제안요청
https://www.g2b.go.kr/link/PNPE027_01/single/?bidPbancNo=R25BK00829814&bidPbancOrd=000,R25BK00829814,g2b,서 내역서 영문요약서 과업지시서 설계지침서 최종제안요청
https://www.g2b.go.kr/link/PNPE027_01/single/?bidPbancNo=R25BK00828200&bidPbancOrd=000,R25BK00828200,g2b,서 내역서 영문요약서 과업지시서 설계지침서 최종제안요청
https://www.g2b.go.kr/link/PNPE027_01/single/?bidPbancNo=R25BK00828209&bidPbancOrd=000,R25BK00828209,g2b,서 내역서 영문요약서 과업지시서 설계지침서 최종제안요청
https://www.g2b.go.kr/link/PNPE027_01/single/?bidPbancNo=R25BK00842804&bidPbancOrd=000,R25BK00842804,g2b,서 내역서 영문요약서 과업지시서 설계지침서 최종제안요청
https://www.g2b.go.kr/link/PNPE027_01/single/?bidPbancNo=R25BK00828211&bidPbancOrd=000,R25BK00828211,g2b,서 내역서 영문요약서 과업지시서 설계지침서 최종제안요청
https://www.g2b.go.kr/link/PNPE027_01/single/?bidPbancNo=R25BK00824328&bidPbancOrd=000,R25BK00824328,g2b,"서, 용역입찰유의서, 용역계약일반조건, 용역계약특수조건"
https://www.g2b.go.kr/link/PNPE027_01/single/?bidPbancNo=R25BK00824641&bidPbancOrd=000,R25BK00824641,g2b,"서, 용역입찰유의서, 용역계약일반조건, 용역계약특수조건"
https://www.g2b.go.kr/link/PNPE027_01/single/?bidPbancNo=R25BK00842557&bidPbancOrd=000,R25BK00842557,g2b,서 내역서 영문요약서 과업지시서 설계지침서 최종제안요청
https://www.g2b.go.kr/link/PNPE027_01/single/?bidPbancNo=R25BK00839413&bidPbancOrd=000,R25BK00839413,g2b,"서, 용역입찰유의서, 용역계약일반조건, 용역계약특수조건"
https://www.g2b.go.kr/link/PNPE027_01/single/?bidPbancNo=R25BK00825183&bidPbancOrd=000,R25BK00825183,g2b,"서, 용역입찰유의서, 용역계약일반조건, 용역계약특수조건"
https://www.g2b.go.kr/link/PNPE027_01/single/?bidPbancNo=R25BK00819444&bidPbancOrd=000,R25BK00819444,g2b,"서, 용역입찰유의서, 용역계약일반조건, 용역계약특수조건"
https://www.g2b.go.kr/link/PNPE027_01/single/?bidPbancNo=R25BK00823471&bidPbancOrd=000,R25BK00823471,g2b,"서, 용역입찰유의서, 용역계약일반조건, 용역계약특수조건"
https://www.g2b.go.kr/link/PNPE027_01/single/?bidPbancNo=R25BK00823286&bidPbancOrd=000,R25BK00823286,g2b,"서, 용역입찰유의서, 용역계약일반조건, 용역계약특수조건"
https://www.g2b.go.kr/link/PNPE027_01/single/?bidPbancNo=R25BK00822898&bidPbancOrd=000,R25BK00822898,g2b,서 내역서 영문요약서 과업지시서 설계지침서 최종제안요청
https://www.g2b.go.kr/link/PNPE027_01/single/?bidPbancNo=R25BK00817725&bidPbancOrd=000,R25BK00817725,g2b,"서, 용역입찰유의서, 용역계약일반조건, 용역계약특수조건"
https://www.g2b.go.kr/link/PNPE027_01/single/?bidPbancNo=R25BK00817495&bidPbancOrd=000,R25BK00817495,g2b,"서, 용역입찰유의서, 용역계약일반조건, 용역계약특수조건"
https://www.g2b.go.kr/link/PNPE027_01/single/?bidPbancNo=R25BK00819298&bidPbancOrd=000,R25BK00819298,g2b,서 내역서 영문요약서 과업지시서 설계지침서 최종제안요청
https://www.g2b.go.kr/link/PNPE027_01/single/?bidPbancNo=R25BK00817470&bidPbancOrd=000,R25BK00817470,g2b,서 내역서 영문요약서 과업지시서 설계지침서 최종제안요청
https://www.g2b.go.kr/link/PNPE027_01/single/?bidPbancNo=R25BK00789020&bidPbancOrd=000,R25BK00789020,g2b,"서, 용역입찰유의서, 용역계약일반조건, 용역계약특수조건"
https://www.g2b.go.kr/link/PNPE027_01/single/?bidPbancNo=R25BK00815857&bidPbancOrd=000,R25BK00815857,g2b,서 내역서 영문요약서 과업지시서 설계지침서 최종제안요청
https://www.g2b.go.kr/link/PNPE027_01/single/?bidPbancNo=R25BK00815896&bidPbancOrd=000,R25BK00815896,g2b,서 내역서 영문요약서 과업지시서 설계지침서 최종제안요청
https://www.g2b.go.kr/link/PNPE027_01/single/?bidPbancNo=R25BK00812134&bidPbancOrd=000,R25BK00812134,g2b,나라장터
https://www.g2b.go.kr/link/PNPE027_01/single/?bidPbancNo=R25BK00812146&bidPbancOrd=000,R25BK00812146,g2b,나라장터
https://www.g2b.go.kr/link/PNPE027_01/single/?bidPbancNo=R25BK00812155&bidPbancOrd=000,R25BK00812155,g2b,나라장터
https://www.g2b.go.kr/link/PNPE027_01/single/?bidPbancNo=R25BK00812173&bidPbancOrd=000,R25BK00812173,g2b,나라장터
https://www.g2b.go.kr/link/PNPE027_01/single/?bidPbancNo=R25BK00803976&bidPbancOrd=000,R25BK00803976,g2b,나라장터
https://www.g2b.go.kr/link/PNPE027_01/single/?bidPbancNo=R25BK00804009&bidPbancOrd=000,R25BK00804009,g2b,나라장터
https://www.g2b.go.kr/link/PNPE027_01/single/?bidPbancNo=R25BK00776950&bidPbancOrd=000,R25BK00776950,g2b,서 내역서 영문요약서 과업지시서 설계지침서 최종제안요청
https://www.g2b.go.kr/link/PNPE027_01/single/?bidPbancNo=R25BK00804763&bidPbancOrd=000,R25BK00804763,g2b,나라장터
https://www.g2b.go.kr/link/PNPE027_01/single/?bidPbancNo=R25BK00804861&bidPbancOrd=000,R25BK00804861,g2b,나라장터
https://www.g2b.go.kr/link/PNPE027_01/single/?bidPbancNo=R25BK00805910&bidPbancOrd=000,R25BK00805910,g2b,"서, 용역입찰유의서, 용역계약일반조건, 용역계약특수조건"
https://www.g2b.go.kr/link/PNPE027_01/single/?bidPbancNo=R25BK00806416&bidPbancOrd=000,R25BK00806416,g2b,"서, 용역입찰유의서, 용역계약일반조건, 용역계약특수조건"
https://www.g2b.go.kr/link/PNPE027_01/single/?bidPbancNo=R25BK00807399&bidPbancOrd=000,R25BK00807399,g2b,서 내역서 영문요약서 과업지시서 설계지침서 최종제안요청
https://www.g2b.go.kr/link/PNPE027_01/single/?bidPbancNo=R25BK00806580&bidPbancOrd=000,R25BK00806580,g2b,서 내역서 영문요약서 과업지시서 설계지침서 최종제안요청
https://www.g2b.go.kr/link/PNPE027_01/single/?bidPbancNo=R25BK00805853&bidPbancOrd=000,R25BK00805853,g2b,서 내역서 영문요약서 과업지시서 설계지침서 최종제안요청
https://www.g2b.go.kr/link/PNPE027_01/single/?bidPbancNo=R25BK00803216&bidPbancOrd=000,R25BK00803216,g2b,서 내역서 영문요약서 과업지시서 설계지침서 최종제안요청
https://www.g2b.go.kr/link/PNPE027_01/single/?bidPbancNo=R25BK00803889&bidPbancOrd=000,R25BK00803889,g2b,나라장터
https://www.g2b.go.kr/link/PNPE027_01/single/?bidPbancNo=R25BK00800485&bidPbancOrd=000,R25BK00800485,g2b,나라장터
https://www.g2b.go.kr/link/PNPE027_01/single/?bidPbancNo=R25BK00798200&bidPbancOrd=000,R25BK00798200,g2b,서 내역서 영문요약서 과업지시서 설계지침서 최종제안요청
https://www.g2b.go.kr/link/PNPE027_01/single/?bidPbancNo=R25BK00797198&bidPbancOrd=000,R25BK00797198,g2b,나라장터
https://www.g2b.go.kr/link/PNPE027_01/single/?bidPbancNo=R25BK00794592&bidPbancOrd=000,R25BK00794592,g2b,서 내역서 영문요약서 과업지시서 설계지침서 최종제안요청
https://www.g2b.go.kr/link/PNPE027_01/single/?bidPbancNo=R25BK00791807&bidPbancOrd=000,R25BK00791807,g2b,"서, 용역입찰유의서, 용역계약일반조건, 용역계약특수조건"
https://www.g2b.go.kr/link/PNPE027_01/single/?bidPbancNo=R25BK00788891&bidPbancOrd=000,R25BK00788891,g2b,"서, 용역입찰유의서, 용역계약일반조건, 용역계약특수조건"
https://www.g2b.go.kr/link/PNPE027_01/single/?bidPbancNo=R25BK00786238&bidPbancOrd=000,R25BK00786238,g2b,"서, 용역입찰유의서, 용역계약일반조건, 용역계약특수조건"
https://www.g2b.go.kr/link/PNPE027_01/single/?bidPbancNo=R25BK00788461&bidPbancOrd=000,R25BK00788461,g2b,"서, 용역입찰유의서, 용역계약일반조건, 용역계약특수조건"
https://www.g2b.go.kr/link/PNPE027_01/single/?bidPbancNo=R25BK00787679&bidPbancOrd=000,R25BK00787679,g2b,"서, 용역입찰유의서, 용역계약일반조건, 용역계약특수조건"
https://www.g2b.go.kr/link/PNPE027_01/single/?bidPbancNo=R25BK00781938&bidPbancOrd=000,R25BK00781938,g2b,"서, 용역입찰유의서, 용역계약일반조건, 용역계약특수조건"
https://www.g2b.go.kr/link/PNPE027_01/single/?bidPbancNo=R25BK00785990&bidPbancOrd=000,R25BK00785990,g2b,나라장터
https://www.g2b.go.kr/link/PNPE027_01/single/?bidPbancNo=R25BK00778635&bidPbancOrd=000,R25BK00778635,g2b,나라장터
https://www.g2b.go.kr/link/PNPE027_01/single/?bidPbancNo=R25BK00779306&bidPbancOrd=000,R25BK00779306,g2b,나라장터
https://www.g2b.go.kr/link/PNPE027_01/single/?bidPbancNo=R25BK00777588&bidPbancOrd=000,R25BK00777588,g2b,나라장터
https://www.g2b.go.kr/link/PNPE027_01/single/?bidPbancNo=R25BK00768478&bidPbancOrd=000,R25BK00768478,g2b,서 내역서 영문요약서 과업지시서 설계지침서 최종제안요청
https://www.g2b.go.kr/link/PNPE027_01/single/?bidPbancNo=R25BK00756967&bidPbancOrd=000,R25BK00756967,g2b,"서, 용역입찰유의서, 용역계약일반조건, 용역계약특수조건"
https://www.g2b.go.kr/link/PNPE027_01/single/?bidPbancNo=R25BK00755828&bidPbancOrd=000,R25BK00755828,g2b,"서, 용역입찰유의서, 용역계약일반조건, 용역계약특수조건"
https://www.g2b.go.kr/link/PNPE027_01/single/?bidPbancNo=R25BK00814635&bidPbancOrd=000,R25BK00814635,g2b,서 내역서 영문요약서 과업지시서 설계지침서 최종제안요청
https://www.g2b.go.kr/link/PNPE027_01/single/?bidPbancNo=R25BK00751730&bidPbancOrd=000,R25BK00751730,g2b,"서, 용역입찰유의서, 용역계약일반조건, 용역계약특수조건"
https://www.g2b.go.kr/link/PNPE027_01/single/?bidPbancNo=R25BK00753759&bidPbancOrd=000,R25BK00753759,g2b,"서, 용역입찰유의서, 용역계약일반조건, 용역계약특수조건"
https://www.g2b.go.kr/link/PNPE027_01/single/?bidPbancNo=R25BK00745697&bidPbancOrd=000,R25BK00745697,g2b,"서, 용역입찰유의서, 용역계약일반조건, 용역계약특수조건"
https://www.g2b.go.kr/link/PNPE027_01/single/?bidPbancNo=R25BK00746103&bidPbancOrd=000,R25BK00746103,g2b,"서, 용역입찰유의서, 용역계약일반조건, 용역계약특수조건"
https://www.g2b.go.kr/link/PNPE027_01/single/?bidPbancNo=R25BK00742874&bidPbancOrd=000,R25BK00742874,g2b,서 내역서 영문요약서 과업지시서 설계지침서 최종제안요청
https://www.g2b.go.kr/link/PNPE027_01/single/?bidPbancNo=R25BK00742964&bidPbancOrd=000,R25BK00742964,g2b,서 내역서 영문요약서 과업지시서 설계지침서 최종제안요청
https://www.g2b.go.kr/link/PNPE027_01/single/?bidPbancNo=R25BK00732955&bidPbancOrd=000,R25BK00732955,g2b,"서, 용역입찰유의서, 용역계약일반조건, 용역계약특수조건"
https://www.g2b.go.kr/link/PNPE027_01/single/?bidPbancNo=R25BK00737500&bidPbancOrd=001,R25BK00737500,g2b,"서, 용역입찰유의서, 용역계약일반조건, 용역계약특수조건"
https://www.g2b.go.kr/link/PNPE027_01/single/?bidPbancNo=R25BK00742165&bidPbancOrd=000,R25BK00742165,g2b,서 내역서 영문요약서 과업지시서 설계지침서 최종제안요청
https://www.g2b.go.kr/link/PNPE027_01/single/?bidPbancNo=R25BK00742197&bidPbancOrd=000,R25BK00742197,g2b,서 내역서 영문요약서 과업지시서 설계지침서 최종제안요청
https://www.g2b.go.kr/link/PNPE027_01/single/?bidPbancNo=R25BK00742241&bidPbancOrd=000,R25BK00742241,g2b,서 내역서 영문요약서 과업지시서 설계지침서 최종제안요청
https://www.g2b.go.kr/link/PNPE027_01/single/?bidPbancNo=R25BK00742229&bidPbancOrd=000,R25BK00742229,g2b,서 내역서 영문요약서 과업지시서 설계지침서 최종제안요청
https://www.g2b.go.kr/link/PNPE027_01/single/?bidPbancNo=R25BK00738849&bidPbancOrd=000,R25BK00738849,g2b,"서, 용역입찰유의서, 용역계약일반조건, 용역계약특수조건"
https://www.g2b.go.kr/link/PNPE027_01/single/?bidPbancNo=R25BK00736923&bidPbancOrd=000,R25BK00736923,g2b,서 내역서 영문요약서 과업지시서 설계지침서 최종제안요청
https://www.g2b.go.kr/link/PNPE027_01/single/?bidPbancNo=R25BK00733169&bidPbancOrd=000,R25BK00733169,g2b,"서, 용역입찰유의서, 용역계약일반조건, 용역계약특수조건"
https://www.g2b.go.kr/link/PNPE027_01/single/?bidPbancNo=R25BK00733144&bidPbancOrd=000,R25BK00733144,g2b,"서, 용역입찰유의서, 용역계약일반조건, 용역계약특수조건"
https://www.g2b.go.kr/link/PNPE027_01/single/?bidPbancNo=R25BK00735035&bidPbancOrd=000,R25BK00735035,g2b,서 내역서 영문요약서 과업지시서 설계지침서 최종제안요청
https://www.g2b.go.kr/link/PNPE027_01/single/?bidPbancNo=R25BK00733984&bidPbancOrd=000,R25BK00733984,g2b,서 내역서 영문요약서 과업지시서 설계지침서 최종제안요청
https://www.g2b.go.kr/link/PNPE027_01/single/?bidPbancNo=R25BK00733145&bidPbancOrd=000,R25BK00733145,g2b,서 내역서 영문요약서 과업지시서 설계지침서 최종제안요청
https://www.g2b.go.kr/link/PNPE027_01/single/?bidPbancNo=R25BK00732436&bidPbancOrd=000,R25BK00732436,g2b,서 내역서 영문요약서 과업지시서 설계지침서 최종제안요청
https://www.g2b.go.kr/link/PNPE027_01/single/?bidPbancNo=R25BK00732425&bidPbancOrd=000,R25BK00732425,g2b,서 내역서 영문요약서 과업지시서 설계지침서 최종제안요청
https://www.g2b.go.kr/link/PNPE027_01/single/?bidPbancNo=R25BK00732417&bidPbancOrd=000,R25BK00732417,g2b,서 내역서 영문요약서 과업지시서 설계지침서 최종제안요청
https://www.g2b.go.kr/link/PNPE027_01/single/?bidPbancNo=R25BK00691736&bidPbancOrd=000,R25BK00691736,g2b,"서, 용역입찰유의서, 용역계약일반조건, 용역계약특수조건"
https://www.g2b.go.kr/link/PNPE027_01/single/?bidPbancNo=R25BK00725894&bidPbancOrd=000,R25BK00725894,g2b,서 내역서 영문요약서 과업지시서 설계지침서 최종제안요청
https://www.g2b.go.kr/link/PNPE027_01/single/?bidPbancNo=R25BK00709037&bidPbancOrd=000,R25BK00709037,g2b,"서, 용역입찰유의서, 용역계약일반조건, 용역계약특수조건"
https://www.g2b.go.kr/link/PNPE027_01/single/?bidPbancNo=R25BK00722328&bidPbancOrd=000,R25BK00722328,g2b,서 내역서 영문요약서 과업지시서 설계지침서 최종제안요청
https://www.g2b.go.kr/link/PNPE027_01/single/?bidPbancNo=R25BK00713949&bidPbancOrd=000,R25BK00713949,g2b,서 내역서 영문요약서 과업지시서 설계지침서 최종제안요청
https://www.g2b.go.kr/link/PNPE027_01/single/?bidPbancNo=R25BK00711006&bidPbancOrd=000,R25BK00711006,g2b,서 내역서 영문요약서 과업지시서 설계지침서 최종제안요청
https://www.g2b.go.kr/link/PNPE027_01/single/?bidPbancNo=R25BK00709498&bidPbancOrd=000,R25BK00709498,g2b,서 내역서 영문요약서 과업지시서 설계지침서 최종제안요청
https://www.g2b.go.kr/link/PNPE027_01/single/?bidPbancNo=R25BK00702511&bidPbancOrd=000,R25BK00702511,g2b,서 내역서 영문요약서 과업지시서 설계지침서 최종제안요청
https://www.g2b.go.kr/link/PNPE027_01/single/?bidPbancNo=R25BK00708581&bidPbancOrd=000,R25BK00708581,g2b,"서, 용역입찰유의서, 용역계약일반조건, 용역계약특수조건"
https://www.g2b.go.kr/link/PNPE027_01/single/?bidPbancNo=R25BK00705295&bidPbancOrd=000,R25BK00705295,g2b,"서, 용역입찰유의서, 용역계약일반조건, 용역계약특수조건"
https://www.g2b.go.kr/link/PNPE027_01/single/?bidPbancNo=R25BK00703559&bidPbancOrd=000,R25BK00703559,g2b,"서, 용역입찰유의서, 용역계약일반조건, 용역계약특수조건"
https://www.g2b.go.kr/link/PNPE027_01/single/?bidPbancNo=R25BK00670339&bidPbancOrd=000,R25BK00670339,g2b,서 내역서 영문요약서 과업지시서 설계지침서 최종제안요청
https://www.g2b.go.kr/link/PNPE027_01/single/?bidPbancNo=R25BK00694787&bidPbancOrd=000,R25BK00694787,g2b,서 내역서 영문요약서 과업지시서 설계지침서 최종제안요청
https://www.g2b.go.kr/link/PNPE027_01/single/?bidPbancNo=R25BK00696313&bidPbancOrd=000,R25BK00696313,g2b,"서, 용역입찰유의서, 용역계약일반조건, 용역계약특수조건"
https://www.g2b.go.kr/link/PNPE027_01/single/?bidPbancNo=R25BK00691076&bidPbancOrd=000,R25BK00691076,g2b,서 내역서 영문요약서 과업지시서 설계지침서 최종제안요청
https://www.g2b.go.kr/link/PNPE027_01/single/?bidPbancNo=R25BK00616243&bidPbancOrd=001,R25BK00616243,g2b,서 내역서 영문요약서 과업지시서 설계지침서 최종제안요청
https://www.g2b.go.kr/link/PNPE027_01/single/?bidPbancNo=R25BK00685431&bidPbancOrd=000,R25BK00685431,g2b,"서, 용역입찰유의서, 용역계약일반조건, 용역계약특수조건"
https://www.g2b.go.kr/link/PNPE027_01/single/?bidPbancNo=R25BK00679235&bidPbancOrd=000,R25BK00679235,g2b,서 내역서 영문요약서 과업지시서 설계지침서 최종제안요청
https://www.g2b.go.kr/link/PNPE027_01/single/?bidPbancNo=R25BK00671848&bidPbancOrd=000,R25BK00671848,g2b,나라장터
https://www.g2b.go.kr/link/PNPE027_01/single/?bidPbancNo=R25BK00671129&bidPbancOrd=000,R25BK00671129,g2b,"서, 용역입찰유의서, 용역계약일반조건, 용역계약특수조건"
https://www.g2b.go.kr/link/PNPE027_01/single/?bidPbancNo=R25BK00668352&bidPbancOrd=000,R25BK00668352,g2b,서 내역서 영문요약서 과업지시서 설계지침서 최종제안요청
https://www.g2b.go.kr/link/PNPE027_01/single/?bidPbancNo=R25BK00657529&bidPbancOrd=001,R25BK00657529,g2b,"서, 용역입찰유의서, 용역계약일반조건, 용역계약특수조건"
https://www.g2b.go.kr/link/PNPE027_01/single/?bidPbancNo=R25BK00653711&bidPbancOrd=001,R25BK00653711,g2b,"서, 용역입찰유의서, 용역계약일반조건, 용역계약특수조건"
https://www.g2b.go.kr/link/PNPE027_01/single/?bidPbancNo=R25BK00658509&bidPbancOrd=001,R25BK00658509,g2b,"서, 용역입찰유의서, 용역계약일반조건, 용역계약특수조건"
https://www.g2b.go.kr/link/PNPE027_01/single/?bidPbancNo=R25BK00655272&bidPbancOrd=001,R25BK00655272,g2b,"서, 용역입찰유의서, 용역계약일반조건, 용역계약특수조건"
https://www.g2b.go.kr/link/PNPE027_01/single/?bidPbancNo=R25BK00647669&bidPbancOrd=001,R25BK00647669,g2b,"서, 용역입찰유의서, 용역계약일반조건, 용역계약특수조건"
https://www.g2b.go.kr/link/PNPE027_01/single/?bidPbancNo=R25BK00648582&bidPbancOrd=001,R25BK00648582,g2b,"서, 용역입찰유의서, 용역계약일반조건, 용역계약특수조건"
https://www.g2b.go.kr/link/PNPE027_01/single/?bidPbancNo=R25BK00655851&bidPbancOrd=001,R25BK00655851,g2b,"서, 용역입찰유의서, 용역계약일반조건, 용역계약특수조건"
https://www.g2b.go.kr/link/PNPE027_01/single/?bidPbancNo=R25BK00663781&bidPbancOrd=000,R25BK00663781,g2b,서 내역서 영문요약서 과업지시서 설계지침서 최종제안요청
https://www.g2b.go.kr/link/PNPE027_01/single/?bidPbancNo=R25BK00661171&bidPbancOrd=000,R25BK00661171,g2b,서 내역서 영문요약서 과업지시서 설계지침서 최종제안요청
https://www.g2b.go.kr/link/PNPE027_01/single/?bidPbancNo=R25BK00616198&bidPbancOrd=000,R25BK00616198,g2b,서 내역서 영문요약서 과업지시서 설계지침서 최종제안요청
https://www.g2b.go.kr/link/PNPE027_01/single/?bidPbancNo=R25BK00652946&bidPbancOrd=000,R25BK00652946,g2b,서 내역서 영문요약서 과업지시서 설계지침서 최종제안요청
https://www.g2b.go.kr/link/PNPE027_01/single/?bidPbancNo=R25BK00653060&bidPbancOrd=000,R25BK00653060,g2b,서 내역서 영문요약서 과업지시서 설계지침서 최종제안요청
https://www.g2b.go.kr/link/PNPE027_01/single/?bidPbancNo=R25BK00653122&bidPbancOrd=000,R25BK00653122,g2b,서 내역서 영문요약서 과업지시서 설계지침서 최종제안요청
https://www.g2b.go.kr/link/PNPE027_01/single/?bidPbancNo=R25BK00652380&bidPbancOrd=000,R25BK00652380,g2b,서 내역서 영문요약서 과업지시서 설계지침서 최종제안요청
https://www.g2b.go.kr/link/PNPE027_01/single/?bidPbancNo=R25BK00651169&bidPbancOrd=000,R25BK00651169,g2b,서 내역서 영문요약서 과업지시서 설계지침서 최종제안요청
https://www.g2b.go.kr/link/PNPE027_01/single/?bidPbancNo=R25BK00645243&bidPbancOrd=000,R25BK00645243,g2b,서 내역서 영문요약서 과업지시서 설계지침서 최종제안요청
https://www.g2b.go.kr/link/PNPE027_01/single/?bidPbancNo=R25BK00644700&bidPbancOrd=000,R25BK00644700,g2b,서 내역서 영문요약서 과업지시서 설계지침서 최종제안요청
https://www.g2b.go.kr/link/PNPE027_01/single/?bidPbancNo=R25BK00641560&bidPbancOrd=000,R25BK00641560,g2b,서 내역서 영문요약서 과업지시서 설계지침서 최종제안요청
https://www.g2b.go.kr/link/PNPE027_01/single/?bidPbancNo=R25BK00641445&bidPbancOrd=000,R25BK00641445,g2b,서 내역서 영문요약서 과업지시서 설계지침서 최종제안요청
https://www.g2b.go.kr/link/PNPE027_01/single/?bidPbancNo=R25BK00641605&bidPbancOrd=000,R25BK00641605,g2b,서 내역서 영문요약서 과업지시서 설계지침서 최종제안요청
https://www.g2b.go.kr/link/PNPE027_01/single/?bidPbancNo=R25BK00638127&bidPbancOrd=000,R25BK00638127,g2b,나라장터
https://www.g2b.go.kr/link/PNPE027_01/single/?bidPbancNo=R25BK00636213&bidPbancOrd=000,R25BK00636213,g2b,서 내역서 영문요약서 과업지시서 설계지침서 최종제안요청
https://www.g2b.go.kr/link/PNPE027_01/single/?bidPbancNo=R25BK00637394&bidPbancOrd=000,R25BK00637394,g2b,서 내역서 영문요약서 과업지시서 설계지침서 최종제안요청
https://www.g2b.go.kr/link/PNPE027_01/single/?bidPbancNo=R25BK00637093&bidPbancOrd=000,R25BK00637093,g2b,서 내역서 영문요약서 과업지시서 설계지침서 최종제안요청
https://www.g2b.go.kr/link/PNPE027_01/single/?bidPbancNo=R25BK00635945&bidPbancOrd=000,R25BK00635945,g2b,서 내역서 영문요약서 과업지시서 설계지침서 최종제안요청
https://www.g2b.go.kr/link/PNPE027_01/single/?bidPbancNo=R25BK00633386&bidPbancOrd=000,R25BK00633386,g2b,나라장터
https://www.g2b.go.kr/link/PNPE027_01/single/?bidPbancNo=R25BK00632462&bidPbancOrd=000,R25BK00632462,g2b,나라장터
https://www.g2b.go.kr/link/PNPE027_01/single/?bidPbancNo=R25BK00619899&bidPbancOrd=000,R25BK00619899,g2b,"서, 용역입찰유의서, 용역계약일반조건, 용역계약특수조건"
https://www.g2b.go.kr/link/PNPE027_01/single/?bidPbancNo=R25BK00630751&bidPbancOrd=000,R25BK00630751,g2b,서 내역서 영문요약서 과업지시서 설계지침서 최종제안요청
https://www.g2b.go.kr/link/PNPE027_01/single/?bidPbancNo=R25BK00630547&bidPbancOrd=000,R25BK00630547,g2b,서 내역서 영문요약서 과업지시서 설계지침서 최종제안요청
https://www.g2b.go.kr/link/PNPE027_01/single/?bidPbancNo=R25BK00627103&bidPbancOrd=000,R25BK00627103,g2b,"서, 용역입찰유의서, 용역계약일반조건, 용역계약특수조건"
https://www.g2b.go.kr/link/PNPE027_01/single/?bidPbancNo=R25BK00625416&bidPbancOrd=000,R25BK00625416,g2b,서 내역서 영문요약서 과업지시서 설계지침서 최종제안요청
https://www.g2b.go.kr/link/PNPE027_01/single/?bidPbancNo=R25BK00623861&bidPbancOrd=000,R25BK00623861,g2b,서 내역서 영문요약서 과업지시서 설계지침서 최종제안요청
https://www.g2b.go.kr/link/PNPE027_01/single/?bidPbancNo=R25BK00619770&bidPbancOrd=000,R25BK00619770,g2b,"서, 용역입찰유의서, 용역계약일반조건, 용역계약특수조건"
https://www.g2b.go.kr/link/PNPE027_01/single/?bidPbancNo=R25BK00619961&bidPbancOrd=000,R25BK00619961,g2b,서 내역서 영문요약서 과업지시서 설계지침서 최종제안요청
https://www.g2b.go.kr/link/PNPE027_01/single/?bidPbancNo=R25BK00620109&bidPbancOrd=000,R25BK00620109,g2b,서 내역서 영문요약서 과업지시서 설계지침서 최종제안요청
https://www.g2b.go.kr/link/PNPE027_01/single/?bidPbancNo=R25BK00609555&bidPbancOrd=000,R25BK00609555,g2b,"서, 용역입찰유의서, 용역계약일반조건, 용역계약특수조건"
https://www.g2b.go.kr/link/PNPE027_01/single/?bidPbancNo=R25BK00621007&bidPbancOrd=000,R25BK00621007,g2b,"서, 용역입찰유의서, 용역계약일반조건, 용역계약특수조건"
https://www.g2b.go.kr/link/PNPE027_01/single/?bidPbancNo=R25BK00616279&bidPbancOrd=000,R25BK00616279,g2b,나라장터
https://www.g2b.go.kr/link/PNPE027_01/single/?bidPbancNo=R25BK00618787&bidPbancOrd=000,R25BK00618787,g2b,서 내역서 영문요약서 과업지시서 설계지침서 최종제안요청
https://www.g2b.go.kr/link/PNPE027_01/single/?bidPbancNo=R25BK00616556&bidPbancOrd=000,R25BK00616556,g2b,나라장터
https://www.g2b.go.kr/link/PNPE027_01/single/?bidPbancNo=R25BK00616312&bidPbancOrd=000,R25BK00616312,g2b,서 내역서 영문요약서 과업지시서 설계지침서 최종제안요청
https://www.g2b.go.kr/link/PNPE027_01/single/?bidPbancNo=R25BK00614369&bidPbancOrd=000,R25BK00614369,g2b,나라장터
https://www.g2b.go.kr/link/PNPE027_01/single/?bidPbancNo=R25BK00615180&bidPbancOrd=000,R25BK00615180,g2b,나라장터
https://www.g2b.go.kr/link/PNPE027_01/single/?bidPbancNo=R25BK00605707&bidPbancOrd=000,R25BK00605707,g2b,"서, 용역입찰유의서, 용역계약일반조건, 용역계약특수조건"
https://www.g2b.go.kr/link/PNPE027_01/single/?bidPbancNo=R25BK00614047&bidPbancOrd=000,R25BK00614047,g2b,"서, 용역입찰유의서, 용역계약일반조건, 용역계약특수조건"
https://www.g2b.go.kr/link/PNPE027_01/single/?bidPbancNo=R25BK00598748&bidPbancOrd=000,R25BK00598748,g2b,나라장터
https://www.g2b.go.kr/link/PNPE027_01/single/?bidPbancNo=R25BK00570806&bidPbancOrd=001,R25BK00570806,g2b,나라장터
https://www.g2b.go.kr/link/PNPE027_01/single/?bidPbancNo=R25BK00604934&bidPbancOrd=000,R25BK00604934,g2b,"서, 용역입찰유의서, 용역계약일반조건, 용역계약특수조건"
https://www.g2b.go.kr/link/PNPE027_01/single/?bidPbancNo=R25BK00595899&bidPbancOrd=000,R25BK00595899,g2b,"서, 용역입찰유의서, 용역계약일반조건, 용역계약특수조건"
https://www.g2b.go.kr/link/PNPE027_01/single/?bidPbancNo=R25BK00604388&bidPbancOrd=000,R25BK00604388,g2b,"서, 용역입찰유의서, 용역계약일반조건, 용역계약특수조건"
https://www.g2b.go.kr/link/PNPE027_01/single/?bidPbancNo=R25BK00594674&bidPbancOrd=000,R25BK00594674,g2b,나라장터
https://www.g2b.go.kr/link/PNPE027_01/single/?bidPbancNo=R25BK00594288&bidPbancOrd=000,R25BK00594288,g2b,"서, 용역입찰유의서, 용역계약일반조건, 용역계약특수조건"
https://www.g2b.go.kr/link/PNPE027_01/single/?bidPbancNo=R25BK00595262&bidPbancOrd=000,R25BK00595262,g2b,나라장터
https://www.g2b.go.kr/link/PNPE027_01/single/?bidPbancNo=R25BK00594901&bidPbancOrd=000,R25BK00594901,g2b,"서, 용역입찰유의서, 용역계약일반조건, 용역계약특수조건"
https://www.g2b.go.kr/link/PNPE027_01/single/?bidPbancNo=R25BK00590217&bidPbancOrd=000,R25BK00590217,g2b,"서, 용역입찰유의서, 용역계약일반조건, 용역계약특수조건"
https://www.g2b.go.kr/link/PNPE027_01/single/?bidPbancNo=R25BK00655225&bidPbancOrd=000,R25BK00655225,g2b,서 내역서 영문요약서 과업지시서 설계지침서 최종제안요청
https://www.g2b.go.kr/link/PNPE027_01/single/?bidPbancNo=R25BK00572001&bidPbancOrd=000,R25BK00572001,g2b,"서, 용역입찰유의서, 용역계약일반조건, 용역계약특수조건"
https://www.g2b.go.kr/link/PNPE027_01/single/?bidPbancNo=R25BK00580486&bidPbancOrd=000,R25BK00580486,g2b,"서 또는 제안요청서, 다른 법령에서 정하고 있는 경우에"
https://www.g2b.go.kr/link/PNPE027_01/single/?bidPbancNo=R25BK00565833&bidPbancOrd=000,R25BK00565833,g2b,"서, 용역입찰유의서, 용역계약일반조건, 용역계약특수조건"
https://www.g2b.go.kr/link/PNPE027_01/single/?bidPbancNo=R25BK01251512&bidPbancOrd=000,R25BK01251512,g2b,"서, 용역입찰유의서, 용역계약일반조건, 용역계약특수조건"
https://www.g2b.go.kr/link/PNPE027_01/single/?bidPbancNo=R25BK00569193&bidPbancOrd=000,R25BK00569193,g2b,서 내역서 영문요약서 과업지시서 설계지침서 최종제안요청
https://www.g2b.go.kr/link/PNPE027_01/single/?bidPbancNo=R25BK01250486&bidPbancOrd=000,R25BK01250486,g2b,서 내역서 영문요약서 과업지시서 설계지침서 최종제안요청
https://www.g2b.go.kr/link/PNPE027_01/single/?bidPbancNo=R25BK01248778&bidPbancOrd=000,R25BK01248778,g2b,"서, 용역입찰유의서, 용역계약일반조건, 용역계약특수조건"
https://www.g2b.go.kr/link/PNPE027_01/single/?bidPbancNo=R25BK01247498&bidPbancOrd=000,R25BK01247498,g2b,"서, 용역입찰유의서, 용역계약일반조건, 용역계약특수조건"
https://www.g2b.go.kr/link/PNPE027_01/single/?bidPbancNo=R25BK01245190&bidPbancOrd=000,R25BK01245190,g2b,"서, 용역입찰유의서, 용역계약일반조건, 용역계약특수조건"
https://www.g2b.go.kr/link/PNPE027_01/single/?bidPbancNo=R25BK01239550&bidPbancOrd=000,R25BK01239550,g2b,"서, 용역입찰유의서, 용역계약일반조건, 용역계약특수조건"
https://www.g2b.go.kr/link/PNPE027_01/single/?bidPbancNo=R25BK01226612&bidPbancOrd=000,R25BK01226612,g2b,서 내역서 영문요약서 과업지시서 설계지침서 최종제안요청
https://www.g2b.go.kr/link/PNPE027_01/single/?bidPbancNo=R25BK01226555&bidPbancOrd=000,R25BK01226555,g2b,서 내역서 영문요약서 과업지시서 설계지침서 최종제안요청
https://www.g2b.go.kr/link/PNPE027_01/single/?bidPbancNo=R25BK01223613&bidPbancOrd=000,R25BK01223613,g2b,서 내역서 영문요약서 과업지시서 설계지침서 최종제안요청
https://www.g2b.go.kr/link/PNPE027_01/single/?bidPbancNo=R25BK01235876&bidPbancOrd=000,R25BK01235876,g2b,"서, 용역입찰유의서, 용역계약일반조건, 용역계약특수조건"
https://www.g2b.go.kr/link/PNPE027_01/single/?bidPbancNo=R25BK01229195&bidPbancOrd=000,R25BK01229195,g2b,"서, 용역입찰유의서, 용역계약일반조건, 용역계약특수조건"
https://www.g2b.go.kr/link/PNPE027_01/single/?bidPbancNo=R25BK01231838&bidPbancOrd=000,R25BK01231838,g2b,"서, 용역입찰유의서, 용역계약일반조건, 용역계약특수조건"
https://www.g2b.go.kr/link/PNPE027_01/single/?bidPbancNo=R25BK01233365&bidPbancOrd=000,R25BK01233365,g2b,"서, 용역입찰유의서, 용역계약일반조건, 용역계약특수조건"
https://www.g2b.go.kr/link/PNPE027_01/single/?bidPbancNo=R25BK01221374&bidPbancOrd=000,R25BK01221374,g2b,"서, 용역입찰유의서, 용역계약일반조건, 용역계약특수조건"
https://www.g2b.go.kr/link/PNPE027_01/single/?bidPbancNo=R25BK01224579&bidPbancOrd=000,R25BK01224579,g2b,"서, 용역입찰유의서, 용역계약일반조건, 용역계약특수조건"
https://www.g2b.go.kr/link/PNPE027_01/single/?bidPbancNo=R25BK01222611&bidPbancOrd=000,R25BK01222611,g2b,서 내역서 영문요약서 과업지시서 설계지침서 최종제안요청
https://www.g2b.go.kr/link/PNPE027_01/single/?bidPbancNo=R25BK01219753&bidPbancOrd=000,R25BK01219753,g2b,"서, 용역입찰유의서, 용역계약일반조건, 용역계약특수조건"
https://www.g2b.go.kr/link/PNPE027_01/single/?bidPbancNo=R25BK01192042&bidPbancOrd=000,R25BK01192042,g2b,서 내역서 영문요약서 과업지시서 설계지침서 최종제안요청
https://www.g2b.go.kr/link/PNPE027_01/single/?bidPbancNo=R25BK01210267&bidPbancOrd=000,R25BK01210267,g2b,"서, 용역입찰유의서, 용역계약일반조건, 용역계약특수조건"
https://www.g2b.go.kr/link/PNPE027_01/single/?bidPbancNo=R25BK01206828&bidPbancOrd=000,R25BK01206828,g2b,"서, 용역입찰유의서, 용역계약일반조건, 용역계약특수조건"
https://www.g2b.go.kr/link/PNPE027_01/single/?bidPbancNo=R25BK01203791&bidPbancOrd=000,R25BK01203791,g2b,"서, 용역입찰유의서, 용역계약일반조건, 용역계약특수조건"
https://www.g2b.go.kr/link/PNPE027_01/single/?bidPbancNo=R25BK01202340&bidPbancOrd=000,R25BK01202340,g2b,"서, 용역입찰유의서, 용역계약일반조건, 용역계약특수조건"
https://www.g2b.go.kr/link/PNPE027_01/single/?bidPbancNo=R25BK01202180&bidPbancOrd=000,R25BK01202180,g2b,"서, 용역입찰유의서, 용역계약일반조건, 용역계약특수조건"
https://www.g2b.go.kr/link/PNPE027_01/single/?bidPbancNo=R25BK01196829&bidPbancOrd=000,R25BK01196829,g2b,"서, 용역입찰유의서, 용역계약일반조건, 용역계약특수조건"
https://www.g2b.go.kr/link/PNPE027_01/single/?bidPbancNo=R25BK01196746&bidPbancOrd=000,R25BK01196746,g2b,"서, 용역입찰유의서, 용역계약일반조건, 용역계약특수조건"
https://www.g2b.go.kr/link/PNPE027_01/single/?bidPbancNo=R25BK01187669&bidPbancOrd=000,R25BK01187669,g2b,"서, 용역입찰유의서, 용역계약일반조건, 용역계약특수조건"
https://www.g2b.go.kr/link/PNPE027_01/single/?bidPbancNo=R25BK01196300&bidPbancOrd=000,R25BK01196300,g2b,"서, 용역입찰유의서, 용역계약일반조건, 용역계약특수조건"
https://www.g2b.go.kr/link/PNPE027_01/single/?bidPbancNo=R25BK01109313&bidPbancOrd=001,R25BK01109313,g2b,나라장터
https://www.g2b.go.kr/link/PNPE027_01/single/?bidPbancNo=R25BK01189364&bidPbancOrd=000,R25BK01189364,g2b,서 내역서 영문요약서 과업지시서 설계지침서 최종제안요청
https://www.g2b.go.kr/link/PNPE027_01/single/?bidPbancNo=R25BK01194176&bidPbancOrd=000,R25BK01194176,g2b,"서, 용역입찰유의서, 용역계약일반조건, 용역계약특수조건"
https://www.g2b.go.kr/link/PNPE027_01/single/?bidPbancNo=R25BK01188380&bidPbancOrd=000,R25BK01188380,g2b,"서, 용역입찰유의서, 용역계약일반조건, 용역계약특수조건"
https://www.g2b.go.kr/link/PNPE027_01/single/?bidPbancNo=R25BK01187232&bidPbancOrd=000,R25BK01187232,g2b,서 내역서 영문요약서 과업지시서 설계지침서 최종제안요청
https://www.g2b.go.kr/link/PNPE027_01/single/?bidPbancNo=R25BK01185800&bidPbancOrd=000,R25BK01185800,g2b,"서, 용역입찰유의서, 용역계약일반조건, 용역계약특수조건"
https://www.g2b.go.kr/link/PNPE027_01/single/?bidPbancNo=R25BK01184870&bidPbancOrd=000,R25BK01184870,g2b,"서, 용역입찰유의서, 용역계약일반조건, 용역계약특수조건"
https://www.g2b.go.kr/link/PNPE027_01/single/?bidPbancNo=R25BK01184882&bidPbancOrd=000,R25BK01184882,g2b,"서, 용역입찰유의서, 용역계약일반조건, 용역계약특수조건"
https://www.g2b.go.kr/link/PNPE027_01/single/?bidPbancNo=R25BK01184687&bidPbancOrd=000,R25BK01184687,g2b,"서, 용역입찰유의서, 용역계약일반조건, 용역계약특수조건"
https://www.g2b.go.kr/link/PNPE027_01/single/?bidPbancNo=R25BK01182161&bidPbancOrd=000,R25BK01182161,g2b,"서, 용역입찰유의서, 용역계약일반조건, 용역계약특수조건"
https://www.g2b.go.kr/link/PNPE027_01/single/?bidPbancNo=R25BK01184581&bidPbancOrd=000,R25BK01184581,g2b,"서, 용역입찰유의서, 용역계약일반조건, 용역계약특수조건"
https://www.g2b.go.kr/link/PNPE027_01/single/?bidPbancNo=R25BK01179394&bidPbancOrd=000,R25BK01179394,g2b,"서, 용역입찰유의서, 용역계약일반조건, 용역계약특수조건"
https://www.g2b.go.kr/link/PNPE027_01/single/?bidPbancNo=R25BK01178532&bidPbancOrd=000,R25BK01178532,g2b,"서, 용역입찰유의서, 용역계약일반조건, 용역계약특수조건"
https://www.g2b.go.kr/link/PNPE027_01/single/?bidPbancNo=R25BK01173963&bidPbancOrd=000,R25BK01173963,g2b,"서, 용역입찰유의서, 용역계약일반조건, 용역계약특수조건"
https://www.g2b.go.kr/link/PNPE027_01/single/?bidPbancNo=R25BK01167395&bidPbancOrd=000,R25BK01167395,g2b,"서, 용역입찰유의서, 용역계약일반조건, 용역계약특수조건"
https://www.g2b.go.kr/link/PNPE027_01/single/?bidPbancNo=R25BK01171278&bidPbancOrd=000,R25BK01171278,g2b,"서, 용역입찰유의서, 용역계약일반조건, 용역계약특수조건"
https://www.g2b.go.kr/link/PNPE027_01/single/?bidPbancNo=R25BK01164380&bidPbancOrd=000,R25BK01164380,g2b,"서, 용역입찰유의서, 용역계약일반조건, 용역계약특수조건"
https://www.g2b.go.kr/link/PNPE027_01/single/?bidPbancNo=R25BK01155575&bidPbancOrd=000,R25BK01155575,g2b,서 내역서 영문요약서 과업지시서 설계지침서 최종제안요청
https://www.g2b.go.kr/link/PNPE027_01/single/?bidPbancNo=R25BK01158004&bidPbancOrd=000,R25BK01158004,g2b,"서, 용역입찰유의서, 용역계약일반조건, 용역계약특수조건"
https://www.g2b.go.kr/link/PNPE027_01/single/?bidPbancNo=R25BK01154686&bidPbancOrd=000,R25BK01154686,g2b,"서, 용역입찰유의서, 용역계약일반조건, 용역계약특수조건"
https://www.g2b.go.kr/link/PNPE027_01/single/?bidPbancNo=R25BK01154802&bidPbancOrd=000,R25BK01154802,g2b,"서, 용역입찰유의서, 용역계약일반조건, 용역계약특수조건"
https://www.g2b.go.kr/link/PNPE027_01/single/?bidPbancNo=R25BK01151812&bidPbancOrd=000,R25BK01151812,g2b,"서, 용역입찰유의서, 용역계약일반조건, 용역계약특수조건"
https://www.g2b.go.kr/link/PNPE027_01/single/?bidPbancNo=R25BK01151049&bidPbancOrd=000,R25BK01151049,g2b,"서, 용역입찰유의서, 용역계약일반조건, 용역계약특수조건"
https://www.g2b.go.kr/link/PNPE027_01/single/?bidPbancNo=R25BK01149656&bidPbancOrd=000,R25BK01149656,g2b,"서, 용역입찰유의서, 용역계약일반조건, 용역계약특수조건"
https://www.g2b.go.kr/link/PNPE027_01/single/?bidPbancNo=R25BK01233772&bidPbancOrd=000,R25BK01233772,g2b,"서, 용역입찰유의서, 용역계약일반조건, 용역계약특수조건"
https://www.g2b.go.kr/link/PNPE027_01/single/?bidPbancNo=R25BK01146220&bidPbancOrd=000,R25BK01146220,g2b,"서, 용역입찰유의서, 용역계약일반조건, 용역계약특수조건"
https://www.g2b.go.kr/link/PNPE027_01/single/?bidPbancNo=R25BK01146263&bidPbancOrd=000,R25BK01146263,g2b,"서, 용역입찰유의서, 용역계약일반조건, 용역계약특수조건"
https://www.g2b.go.kr/link/PNPE027_01/single/?bidPbancNo=R25BK01137138&bidPbancOrd=000,R25BK01137138,g2b,"서, 용역입찰유의서, 용역계약일반조건, 용역계약특수조건"
https://www.g2b.go.kr/link/PNPE027_01/single/?bidPbancNo=R25BK01136736&bidPbancOrd=000,R25BK01136736,g2b,"서, 용역입찰유의서, 용역계약일반조건, 용역계약특수조건"
https://www.g2b.go.kr/link/PNPE027_01/single/?bidPbancNo=R25BK01135437&bidPbancOrd=000,R25BK01135437,g2b,"서, 용역입찰유의서, 용역계약일반조건, 용역계약특수조건"
https://www.g2b.go.kr/link/PNPE027_01/single/?bidPbancNo=R25BK01129613&bidPbancOrd=000,R25BK01129613,g2b,"서, 용역입찰유의서, 용역계약일반조건, 용역계약특수조건"
https://www.g2b.go.kr/link/PNPE027_01/single/?bidPbancNo=R25BK01128187&bidPbancOrd=000,R25BK01128187,g2b,"서, 용역입찰유의서, 용역계약일반조건, 용역계약특수조건"
https://www.g2b.go.kr/link/PNPE027_01/single/?bidPbancNo=R25BK01122345&bidPbancOrd=003,R25BK01122345,g2b,"서, 용역입찰유의서, 용역계약일반조건, 용역계약특수조건"
https://www.g2b.go.kr/link/PNPE027_01/single/?bidPbancNo=R25BK01125629&bidPbancOrd=000,R25BK01125629,g2b,"서, 용역입찰유의서, 용역계약일반조건, 용역계약특수조건"
https://www.g2b.go.kr/link/PNPE027_01/single/?bidPbancNo=R25BK01125995&bidPbancOrd=000,R25BK01125995,g2b,"서, 용역입찰유의서, 용역계약일반조건, 용역계약특수조건"
https://www.g2b.go.kr/link/PNPE027_01/single/?bidPbancNo=R25BK01120697&bidPbancOrd=000,R25BK01120697,g2b,"서, 용역입찰유의서, 용역계약일반조건, 용역계약특수조건"
https://www.g2b.go.kr/link/PNPE027_01/single/?bidPbancNo=R25BK01118234&bidPbancOrd=000,R25BK01118234,g2b,"서, 용역입찰유의서, 용역계약일반조건, 용역계약특수조건"
https://www.g2b.go.kr/link/PNPE027_01/single/?bidPbancNo=R25BK01114199&bidPbancOrd=000,R25BK01114199,g2b,"서, 용역입찰유의서, 용역계약일반조건, 용역계약특수조건"
https://www.g2b.go.kr/link/PNPE027_01/single/?bidPbancNo=R25BK01104269&bidPbancOrd=000,R25BK01104269,g2b,"서, 용역입찰유의서, 용역계약일반조건, 용역계약특수조건"
https://www.g2b.go.kr/link/PNPE027_01/single/?bidPbancNo=R25BK01112123&bidPbancOrd=000,R25BK01112123,g2b,"서, 용역입찰유의서, 용역계약일반조건, 용역계약특수조건"
https://www.g2b.go.kr/link/PNPE027_01/single/?bidPbancNo=R25BK01106405&bidPbancOrd=000,R25BK01106405,g2b,"서, 용역입찰유의서, 용역계약일반조건, 용역계약특수조건"
https://www.g2b.go.kr/link/PNPE027_01/single/?bidPbancNo=R25BK01111369&bidPbancOrd=000,R25BK01111369,g2b,"서, 용역입찰유의서, 용역계약일반조건, 용역계약특수조건"
https://www.g2b.go.kr/link/PNPE027_01/single/?bidPbancNo=R25BK01110646&bidPbancOrd=000,R25BK01110646,g2b,"서, 용역입찰유의서, 용역계약일반조건, 용역계약특수조건"
https://www.g2b.go.kr/link/PNPE027_01/single/?bidPbancNo=R25BK01107833&bidPbancOrd=000,R25BK01107833,g2b,"서, 용역입찰유의서, 용역계약일반조건, 용역계약특수조건"
https://www.g2b.go.kr/link/PNPE027_01/single/?bidPbancNo=R25BK01109500&bidPbancOrd=000,R25BK01109500,g2b,"서, 용역입찰유의서, 용역계약일반조건, 용역계약특수조건"
https://www.g2b.go.kr/link/PNPE027_01/single/?bidPbancNo=R25BK01106195&bidPbancOrd=000,R25BK01106195,g2b,"서, 용역입찰유의서, 용역계약일반조건, 용역계약특수조건"
https://www.g2b.go.kr/link/PNPE027_01/single/?bidPbancNo=R25BK01106935&bidPbancOrd=000,R25BK01106935,g2b,"서, 용역입찰유의서, 용역계약일반조건, 용역계약특수조건"
https://www.g2b.go.kr/link/PNPE027_01/single/?bidPbancNo=R25BK01106751&bidPbancOrd=000,R25BK01106751,g2b,"서, 용역입찰유의서, 용역계약일반조건, 용역계약특수조건"
https://www.g2b.go.kr/link/PNPE027_01/single/?bidPbancNo=R25BK01102876&bidPbancOrd=002,R25BK01102876,g2b,"서, 용역입찰유의서, 용역계약일반조건, 용역계약특수조건"
https://www.g2b.go.kr/link/PNPE027_01/single/?bidPbancNo=R25BK01102806&bidPbancOrd=001,R25BK01102806,g2b,"서, 용역입찰유의서, 용역계약일반조건, 용역계약특수조건"
https://www.g2b.go.kr/link/PNPE027_01/single/?bidPbancNo=R25BK01099742&bidPbancOrd=000,R25BK01099742,g2b,"서, 용역입찰유의서, 용역계약일반조건, 용역계약특수조건"
https://www.g2b.go.kr/link/PNPE027_01/single/?bidPbancNo=R25BK01051614&bidPbancOrd=001,R25BK01051614,g2b,"서, 용역입찰유의서, 용역계약일반조건, 용역계약특수조건"
https://www.g2b.go.kr/link/PNPE027_01/single/?bidPbancNo=R25BK01098010&bidPbancOrd=000,R25BK01098010,g2b,서 내역서 영문요약서 과업지시서 설계지침서 최종제안요청
https://www.g2b.go.kr/link/PNPE027_01/single/?bidPbancNo=R25BK01084806&bidPbancOrd=000,R25BK01084806,g2b,"서, 용역입찰유의서, 용역계약일반조건, 용역계약특수조건"
https://www.g2b.go.kr/link/PNPE027_01/single/?bidPbancNo=R25BK01084766&bidPbancOrd=000,R25BK01084766,g2b,"서, 용역입찰유의서, 용역계약일반조건, 용역계약특수조건"
https://www.g2b.go.kr/link/PNPE027_01/single/?bidPbancNo=R25BK01081332&bidPbancOrd=000,R25BK01081332,g2b,"서, 용역입찰유의서, 용역계약일반조건, 용역계약특수조건"
https://www.g2b.go.kr/link/PNPE027_01/single/?bidPbancNo=R25BK01066738&bidPbancOrd=001,R25BK01066738,g2b,"서, 용역입찰유의서, 용역계약일반조건, 용역계약특수조건"
https://www.g2b.go.kr/link/PNPE027_01/single/?bidPbancNo=R25BK01064390&bidPbancOrd=000,R25BK01064390,g2b,"서 또는 제안요청서, 다른 법령에서 정하고 있는 경우에"
https://www.g2b.go.kr/link/PNPE027_01/single/?bidPbancNo=R25BK01061154&bidPbancOrd=000,R25BK01061154,g2b,"서, 용역입찰유의서, 용역계약일반조건, 용역계약특수조건"
https://www.g2b.go.kr/link/PNPE027_01/single/?bidPbancNo=R25BK01053233&bidPbancOrd=000,R25BK01053233,g2b,"서, 용역입찰유의서, 용역계약일반조건, 용역계약특수조건"
https://www.g2b.go.kr/link/PNPE027_01/single/?bidPbancNo=R25BK01055464&bidPbancOrd=000,R25BK01055464,g2b,서 내역서 영문요약서 과업지시서 설계지침서 최종제안요청
https://www.g2b.go.kr/link/PNPE027_01/single/?bidPbancNo=R25BK01053650&bidPbancOrd=000,R25BK01053650,g2b,"서, 용역입찰유의서, 용역계약일반조건, 용역계약특수조건"
https://www.g2b.go.kr/link/PNPE027_01/single/?bidPbancNo=R25BK01051216&bidPbancOrd=000,R25BK01051216,g2b,서 내역서 영문요약서 과업지시서 설계지침서 최종제안요청
https://www.g2b.go.kr/link/PNPE027_01/single/?bidPbancNo=R25BK01045644&bidPbancOrd=000,R25BK01045644,g2b,"서, 용역입찰유의서, 용역계약일반조건, 용역계약특수조건"
https://www.g2b.go.kr/link/PNPE027_01/single/?bidPbancNo=R25BK01039600&bidPbancOrd=000,R25BK01039600,g2b,"서, 용역입찰유의서, 용역계약일반조건, 용역계약특수조건"
https://www.g2b.go.kr/link/PNPE027_01/single/?bidPbancNo=R25BK01117445&bidPbancOrd=001,R25BK01117445,g2b,"서, 용역입찰유의서, 용역계약일반조건, 용역계약특수조건"
https://www.g2b.go.kr/link/PNPE027_01/single/?bidPbancNo=R25BK01117387&bidPbancOrd=000,R25BK01117387,g2b,"서, 용역입찰유의서, 용역계약일반조건, 용역계약특수조건"
https://www.g2b.go.kr/link/PNPE027_01/single/?bidPbancNo=R25BK01029177&bidPbancOrd=001,R25BK01029177,g2b,"서, 용역입찰유의서, 용역계약일반조건, 용역계약특수조건"
https://www.g2b.go.kr/link/PNPE027_01/single/?bidPbancNo=R25BK01025590&bidPbancOrd=000,R25BK01025590,g2b,서 내역서 영문요약서 과업지시서 설계지침서 최종제안요청
https://www.g2b.go.kr/link/PNPE027_01/single/?bidPbancNo=R25BK01024347&bidPbancOrd=000,R25BK01024347,g2b,서 내역서 영문요약서 과업지시서 설계지침서 최종제안요청
https://www.g2b.go.kr/link/PNPE027_01/single/?bidPbancNo=R25BK01020707&bidPbancOrd=000,R25BK01020707,g2b,서 내역서 영문요약서 과업지시서 설계지침서 최종제안요청
https://www.g2b.go.kr/link/PNPE027_01/single/?bidPbancNo=R25BK01020098&bidPbancOrd=000,R25BK01020098,g2b,서 내역서 영문요약서 과업지시서 설계지침서 최종제안요청
https://www.g2b.go.kr/link/PNPE027_01/single/?bidPbancNo=R25BK01009129&bidPbancOrd=000,R25BK01009129,g2b,"서, 용역입찰유의서, 용역계약일반조건, 용역계약특수조건"
https://www.g2b.go.kr/link/PNPE027_01/single/?bidPbancNo=R25BK00998413&bidPbancOrd=000,R25BK00998413,g2b,"서, 용역입찰유의서, 용역계약일반조건, 용역계약특수조건"
https://www.g2b.go.kr/link/PNPE027_01/single/?bidPbancNo=R25BK00993992&bidPbancOrd=000,R25BK00993992,g2b,"서, 용역입찰유의서, 용역계약일반조건, 용역계약특수조건"
https://www.g2b.go.kr/link/PNPE027_01/single/?bidPbancNo=R25BK00978399&bidPbancOrd=001,R25BK00978399,g2b,나라장터
https://www.g2b.go.kr/link/PNPE027_01/single/?bidPbancNo=R25BK00962033&bidPbancOrd=001,R25BK00962033,g2b,서 내역서 영문요약서 과업지시서 설계지침서 최종제안요청
https://www.g2b.go.kr/link/PNPE027_01/single/?bidPbancNo=R25BK00969910&bidPbancOrd=001,R25BK00969910,g2b,서 내역서 영문요약서 과업지시서 설계지침서 최종제안요청
https://www.g2b.go.kr/link/PNPE027_01/single/?bidPbancNo=R25BK00965859&bidPbancOrd=001,R25BK00965859,g2b,서 내역서 영문요약서 과업지시서 설계지침서 최종제안요청
https://www.g2b.go.kr/link/PNPE027_01/single/?bidPbancNo=R25BK00981009&bidPbancOrd=000,R25BK00981009,g2b,"서, 용역입찰유의서, 용역계약일반조건, 용역계약특수조건"
https://www.g2b.go.kr/link/PNPE027_01/single/?bidPbancNo=R25BK00972084&bidPbancOrd=000,R25BK00972084,g2b,서 내역서 영문요약서 과업지시서 설계지침서 최종제안요청
https://www.g2b.go.kr/link/PNPE027_01/single/?bidPbancNo=R25BK00938536&bidPbancOrd=001,R25BK00938536,g2b,"서, 용역입찰유의서, 용역계약일반조건, 용역계약특수조건"
https://www.g2b.go.kr/link/PNPE027_01/single/?bidPbancNo=R25BK00971352&bidPbancOrd=000,R25BK00971352,g2b,"서, 용역입찰유의서, 용역계약일반조건, 용역계약특수조건"
https://www.g2b.go.kr/link/PNPE027_01/single/?bidPbancNo=R25BK00930472&bidPbancOrd=000,R25BK00930472,g2b,"서, 용역입찰유의서, 용역계약일반조건, 용역계약특수조건"
https://www.g2b.go.kr/link/PNPE027_01/single/?bidPbancNo=R25BK00926306&bidPbancOrd=000,R25BK00926306,g2b,"서, 용역입찰유의서, 용역계약일반조건, 용역계약특수조건"
https://www.g2b.go.kr/link/PNPE027_01/single/?bidPbancNo=R25BK00923218&bidPbancOrd=000,R25BK00923218,g2b,"서, 용역입찰유의서, 용역계약일반조건, 용역계약특수조건"
https://www.g2b.go.kr/link/PNPE027_01/single/?bidPbancNo=R25BK00916406&bidPbancOrd=001,R25BK00916406,g2b,나라장터
https://www.g2b.go.kr/link/PNPE027_01/single/?bidPbancNo=R25BK00913856&bidPbancOrd=000,R25BK00913856,g2b,서 내역서 영문요약서 과업지시서 설계지침서 최종제안요청
https://www.g2b.go.kr/link/PNPE027_01/single/?bidPbancNo=R25BK00918727&bidPbancOrd=000,R25BK00918727,g2b,나라장터
https://www.g2b.go.kr/link/PNPE027_01/single/?bidPbancNo=R25BK00916437&bidPbancOrd=000,R25BK00916437,g2b,"서, 용역입찰유의서, 용역계약일반조건, 용역계약특수조건"
https://www.g2b.go.kr/link/PNPE027_01/single/?bidPbancNo=R25BK01077918&bidPbancOrd=000,R25BK01077918,g2b,"서, 용역입찰유의서, 용역계약일반조건, 용역계약특수조건"
https://www.g2b.go.kr/link/PNPE027_01/single/?bidPbancNo=R25BK00908766&bidPbancOrd=000,R25BK00908766,g2b,"서, 용역입찰유의서, 용역계약일반조건, 용역계약특수조건"
https://www.g2b.go.kr/link/PNPE027_01/single/?bidPbancNo=R25BK00905352&bidPbancOrd=000,R25BK00905352,g2b,"서, 용역입찰유의서, 용역계약일반조건, 용역계약특수조건"
https://www.g2b.go.kr/link/PNPE027_01/single/?bidPbancNo=R25BK00908053&bidPbancOrd=000,R25BK00908053,g2b,"서, 용역입찰유의서, 용역계약일반조건, 용역계약특수조건"
https://www.g2b.go.kr/link/PNPE027_01/single/?bidPbancNo=R25BK00903572&bidPbancOrd=000,R25BK00903572,g2b,"서, 용역입찰유의서, 용역계약일반조건, 용역계약특수조건"
https://www.g2b.go.kr/link/PNPE027_01/single/?bidPbancNo=R25BK00893505&bidPbancOrd=001,R25BK00893505,g2b,서 내역서 영문요약서 과업지시서 설계지침서 최종제안요청
https://www.g2b.go.kr/link/PNPE027_01/single/?bidPbancNo=R25BK00893174&bidPbancOrd=000,R25BK00893174,g2b,"서, 용역입찰유의서, 용역계약일반조건, 용역계약특수조건"
https://www.g2b.go.kr/link/PNPE027_01/single/?bidPbancNo=R25BK00879385&bidPbancOrd=000,R25BK00879385,g2b,"서, 용역입찰유의서, 용역계약일반조건, 용역계약특수조건"
https://www.g2b.go.kr/link/PNPE027_01/single/?bidPbancNo=R25BK00891578&bidPbancOrd=000,R25BK00891578,g2b,서 내역서 영문요약서 과업지시서 설계지침서 최종제안요청
https://www.g2b.go.kr/link/PNPE027_01/single/?bidPbancNo=R25BK00891521&bidPbancOrd=000,R25BK00891521,g2b,서 내역서 영문요약서 과업지시서 설계지침서 최종제안요청
https://www.g2b.go.kr/link/PNPE027_01/single/?bidPbancNo=R25BK00873939&bidPbancOrd=000,R25BK00873939,g2b,"서, 용역입찰유의서, 용역계약일반조건, 용역계약특수조건"
https://www.g2b.go.kr/link/PNPE027_01/single/?bidPbancNo=R25BK00871418&bidPbancOrd=000,R25BK00871418,g2b,서 내역서 영문요약서 과업지시서 설계지침서 최종제안요청
https://www.g2b.go.kr/link/PNPE027_01/single/?bidPbancNo=R25BK00862401&bidPbancOrd=000,R25BK00862401,g2b,"서, 용역입찰유의서, 용역계약일반조건, 용역계약특수조건"
https://www.g2b.go.kr/link/PNPE027_01/single/?bidPbancNo=R25BK00866285&bidPbancOrd=000,R25BK00866285,g2b,"서, 용역입찰유의서, 용역계약일반조건, 용역계약특수조건"
https://www.g2b.go.kr/link/PNPE027_01/single/?bidPbancNo=R25BK00867703&bidPbancOrd=000,R25BK00867703,g2b,"서, 용역입찰유의서, 용역계약일반조건, 용역계약특수조건"
https://www.g2b.go.kr/link/PNPE027_01/single/?bidPbancNo=R25BK00848815&bidPbancOrd=000,R25BK00848815,g2b,"서, 용역입찰유의서, 용역계약일반조건, 용역계약특수조건"
https://www.g2b.go.kr/link/PNPE027_01/single/?bidPbancNo=R25BK00846925&bidPbancOrd=000,R25BK00846925,g2b,서 내역서 영문요약서 과업지시서 설계지침서 최종제안요청
https://www.g2b.go.kr/link/PNPE027_01/single/?bidPbancNo=R25BK00847011&bidPbancOrd=000,R25BK00847011,g2b,"서, 용역입찰유의서, 용역계약일반조건, 용역계약특수조건"
https://www.g2b.go.kr/link/PNPE027_01/single/?bidPbancNo=R25BK00843701&bidPbancOrd=000,R25BK00843701,g2b,"서, 용역입찰유의서, 용역계약일반조건, 용역계약특수조건"
https://www.g2b.go.kr/link/PNPE027_01/single/?bidPbancNo=R25BK00837928&bidPbancOrd=000,R25BK00837928,g2b,"서, 용역입찰유의서, 용역계약일반조건, 용역계약특수조건"
https://www.g2b.go.kr/link/PNPE027_01/single/?bidPbancNo=R25BK00834244&bidPbancOrd=000,R25BK00834244,g2b,"서, 용역입찰유의서, 용역계약일반조건, 용역계약특수조건"
https://www.g2b.go.kr/link/PNPE027_01/single/?bidPbancNo=R25BK00834940&bidPbancOrd=000,R25BK00834940,g2b,"서, 용역입찰유의서, 용역계약일반조건, 용역계약특수조건"
https://www.g2b.go.kr/link/PNPE027_01/single/?bidPbancNo=R25BK00832714&bidPbancOrd=000,R25BK00832714,g2b,"서, 용역입찰유의서, 용역계약일반조건, 용역계약특수조건"
https://www.g2b.go.kr/link/PNPE027_01/single/?bidPbancNo=R25BK00824724&bidPbancOrd=000,R25BK00824724,g2b,"서, 용역입찰유의서, 용역계약일반조건, 용역계약특수조건"
https://www.g2b.go.kr/link/PNPE027_01/single/?bidPbancNo=R25BK00832276&bidPbancOrd=000,R25BK00832276,g2b,"서, 용역입찰유의서, 용역계약일반조건, 용역계약특수조건"
https://www.g2b.go.kr/link/PNPE027_01/single/?bidPbancNo=R25BK00814999&bidPbancOrd=000,R25BK00814999,g2b,서 내역서 영문요약서 과업지시서 설계지침서 최종제안요청
https://www.g2b.go.kr/link/PNPE027_01/single/?bidPbancNo=R25BK00816352&bidPbancOrd=000,R25BK00816352,g2b,"서, 용역입찰유의서, 용역계약일반조건, 용역계약특수조건"
https://www.g2b.go.kr/link/PNPE027_01/single/?bidPbancNo=R25BK00807129&bidPbancOrd=000,R25BK00807129,g2b,서 내역서 영문요약서 과업지시서 설계지침서 최종제안요청
https://www.g2b.go.kr/link/PNPE027_01/single/?bidPbancNo=R25BK00803967&bidPbancOrd=000,R25BK00803967,g2b,"서, 용역입찰유의서, 용역계약일반조건, 용역계약특수조건"
https://www.g2b.go.kr/link/PNPE027_01/single/?bidPbancNo=R25BK00806720&bidPbancOrd=000,R25BK00806720,g2b,"서, 용역입찰유의서, 용역계약일반조건, 용역계약특수조건"
https://www.g2b.go.kr/link/PNPE027_01/single/?bidPbancNo=R25BK00798002&bidPbancOrd=000,R25BK00798002,g2b,"서, 용역입찰유의서, 용역계약일반조건, 용역계약특수조건"
https://www.g2b.go.kr/link/PNPE027_01/single/?bidPbancNo=R25BK00797403&bidPbancOrd=000,R25BK00797403,g2b,"서, 용역입찰유의서, 용역계약일반조건, 용역계약특수조건"
https://www.g2b.go.kr/link/PNPE027_01/single/?bidPbancNo=R25BK00797638&bidPbancOrd=000,R25BK00797638,g2b,"서, 용역입찰유의서, 용역계약일반조건, 용역계약특수조건"
https://www.g2b.go.kr/link/PNPE027_01/single/?bidPbancNo=R25BK00785247&bidPbancOrd=000,R25BK00785247,g2b,"서, 용역입찰유의서, 용역계약일반조건, 용역계약특수조건"
https://www.g2b.go.kr/link/PNPE027_01/single/?bidPbancNo=R25BK00792651&bidPbancOrd=000,R25BK00792651,g2b,"서, 용역입찰유의서, 용역계약일반조건, 용역계약특수조건"
https://www.g2b.go.kr/link/PNPE027_01/single/?bidPbancNo=R25BK00782373&bidPbancOrd=000,R25BK00782373,g2b,"서, 용역입찰유의서, 용역계약일반조건, 용역계약특수조건"
https://www.g2b.go.kr/link/PNPE027_01/single/?bidPbancNo=R25BK00779663&bidPbancOrd=001,R25BK00779663,g2b,"서, 용역입찰유의서, 용역계약일반조건, 용역계약특수조건"
https://www.g2b.go.kr/link/PNPE027_01/single/?bidPbancNo=R25BK00783708&bidPbancOrd=000,R25BK00783708,g2b,"서, 용역입찰유의서, 용역계약일반조건, 용역계약특수조건"
https://www.g2b.go.kr/link/PNPE027_01/single/?bidPbancNo=R25BK00776699&bidPbancOrd=000,R25BK00776699,g2b,"서, 용역입찰유의서, 용역계약일반조건, 용역계약특수조건"
https://www.g2b.go.kr/link/PNPE027_01/single/?bidPbancNo=R25BK00778069&bidPbancOrd=000,R25BK00778069,g2b,"서, 용역입찰유의서, 용역계약일반조건, 용역계약특수조건"
https://www.g2b.go.kr/link/PNPE027_01/single/?bidPbancNo=R25BK00773290&bidPbancOrd=000,R25BK00773290,g2b,"서, 용역입찰유의서, 용역계약일반조건, 용역계약특수조건"
https://www.g2b.go.kr/link/PNPE027_01/single/?bidPbancNo=R25BK00771938&bidPbancOrd=000,R25BK00771938,g2b,서 내역서 영문요약서 과업지시서 설계지침서 최종제안요청
https://www.g2b.go.kr/link/PNPE027_01/single/?bidPbancNo=R25BK00773258&bidPbancOrd=000,R25BK00773258,g2b,"서, 용역입찰유의서, 용역계약일반조건, 용역계약특수조건"
https://www.g2b.go.kr/link/PNPE027_01/single/?bidPbancNo=R25BK00768443&bidPbancOrd=000,R25BK00768443,g2b,"서, 용역입찰유의서, 용역계약일반조건, 용역계약특수조건"
https://www.g2b.go.kr/link/PNPE027_01/single/?bidPbancNo=R25BK00771644&bidPbancOrd=000,R25BK00771644,g2b,"서, 용역입찰유의서, 용역계약일반조건, 용역계약특수조건"
https://www.g2b.go.kr/link/PNPE027_01/single/?bidPbancNo=R25BK00908763&bidPbancOrd=000,R25BK00908763,g2b,"서, 용역입찰유의서, 용역계약일반조건, 용역계약특수조건"
https://www.g2b.go.kr/link/PNPE027_01/single/?bidPbancNo=R25BK00753556&bidPbancOrd=000,R25BK00753556,g2b,"서, 용역입찰유의서, 용역계약일반조건, 용역계약특수조건"
https://www.g2b.go.kr/link/PNPE027_01/single/?bidPbancNo=R25BK00768231&bidPbancOrd=000,R25BK00768231,g2b,"서, 용역입찰유의서, 용역계약일반조건, 용역계약특수조건"
https://www.g2b.go.kr/link/PNPE027_01/single/?bidPbancNo=R25BK00765499&bidPbancOrd=000,R25BK00765499,g2b,"서, 용역입찰유의서, 용역계약일반조건, 용역계약특수조건"
https://www.g2b.go.kr/link/PNPE027_01/single/?bidPbancNo=R25BK00763860&bidPbancOrd=000,R25BK00763860,g2b,"서, 용역입찰유의서, 용역계약일반조건, 용역계약특수조건"
https://www.g2b.go.kr/link/PNPE027_01/single/?bidPbancNo=R25BK00758635&bidPbancOrd=000,R25BK00758635,g2b,"서, 용역입찰유의서, 용역계약일반조건, 용역계약특수조건"
https://www.g2b.go.kr/link/PNPE027_01/single/?bidPbancNo=R25BK00760564&bidPbancOrd=000,R25BK00760564,g2b,"서, 용역입찰유의서, 용역계약일반조건, 용역계약특수조건"
https://www.g2b.go.kr/link/PNPE027_01/single/?bidPbancNo=R25BK00760166&bidPbancOrd=001,R25BK00760166,g2b,"서, 용역입찰유의서, 용역계약일반조건, 용역계약특수조건"
https://www.g2b.go.kr/link/PNPE027_01/single/?bidPbancNo=R25BK00754214&bidPbancOrd=000,R25BK00754214,g2b,"서, 용역입찰유의서, 용역계약일반조건, 용역계약특수조건"
https://www.g2b.go.kr/link/PNPE027_01/single/?bidPbancNo=R25BK00755515&bidPbancOrd=000,R25BK00755515,g2b,"서, 용역입찰유의서, 용역계약일반조건, 용역계약특수조건"
https://www.g2b.go.kr/link/PNPE027_01/single/?bidPbancNo=R25BK00728942&bidPbancOrd=000,R25BK00728942,g2b,"서, 용역입찰유의서, 용역계약일반조건, 용역계약특수조건"
https://www.g2b.go.kr/link/PNPE027_01/single/?bidPbancNo=R25BK00753890&bidPbancOrd=000,R25BK00753890,g2b,"서, 용역입찰유의서, 용역계약일반조건, 용역계약특수조건"
https://www.g2b.go.kr/link/PNPE027_01/single/?bidPbancNo=R25BK00752468&bidPbancOrd=000,R25BK00752468,g2b,"서, 용역입찰유의서, 용역계약일반조건, 용역계약특수조건"
https://www.g2b.go.kr/link/PNPE027_01/single/?bidPbancNo=R25BK00749455&bidPbancOrd=000,R25BK00749455,g2b,"서, 용역입찰유의서, 용역계약일반조건, 용역계약특수조건"
https://www.g2b.go.kr/link/PNPE027_01/single/?bidPbancNo=R25BK00747198&bidPbancOrd=000,R25BK00747198,g2b,"서, 용역입찰유의서, 용역계약일반조건, 용역계약특수조건"
https://www.g2b.go.kr/link/PNPE027_01/single/?bidPbancNo=R25BK00743987&bidPbancOrd=000,R25BK00743987,g2b,"서, 용역입찰유의서, 용역계약일반조건, 용역계약특수조건"
https://www.g2b.go.kr/link/PNPE027_01/single/?bidPbancNo=R25BK00735263&bidPbancOrd=000,R25BK00735263,g2b,"서, 용역입찰유의서, 용역계약일반조건, 용역계약특수조건"
https://www.g2b.go.kr/link/PNPE027_01/single/?bidPbancNo=R25BK00743754&bidPbancOrd=000,R25BK00743754,g2b,"서, 용역입찰유의서, 용역계약일반조건, 용역계약특수조건"
https://www.g2b.go.kr/link/PNPE027_01/single/?bidPbancNo=R25BK00723586&bidPbancOrd=000,R25BK00723586,g2b,"서, 용역입찰유의서, 용역계약일반조건, 용역계약특수조건"
https://www.g2b.go.kr/link/PNPE027_01/single/?bidPbancNo=R25BK00730979&bidPbancOrd=000,R25BK00730979,g2b,"서, 용역입찰유의서, 용역계약일반조건, 용역계약특수조건"
https://www.g2b.go.kr/link/PNPE027_01/single/?bidPbancNo=R25BK00722451&bidPbancOrd=000,R25BK00722451,g2b,"서, 용역입찰유의서, 용역계약일반조건, 용역계약특수조건"
https://www.g2b.go.kr/link/PNPE027_01/single/?bidPbancNo=R25BK00740065&bidPbancOrd=000,R25BK00740065,g2b,"서, 용역입찰유의서, 용역계약일반조건, 용역계약특수조건"
https://www.g2b.go.kr/link/PNPE027_01/single/?bidPbancNo=R25BK00737030&bidPbancOrd=000,R25BK00737030,g2b,"서, 용역입찰유의서, 용역계약일반조건, 용역계약특수조건"
https://www.g2b.go.kr/link/PNPE027_01/single/?bidPbancNo=R25BK00736645&bidPbancOrd=000,R25BK00736645,g2b,"서, 용역입찰유의서, 용역계약일반조건, 용역계약특수조건"
https://www.g2b.go.kr/link/PNPE027_01/single/?bidPbancNo=R25BK00729544&bidPbancOrd=000,R25BK00729544,g2b,"서, 용역입찰유의서, 용역계약일반조건, 용역계약특수조건"
https://www.g2b.go.kr/link/PNPE027_01/single/?bidPbancNo=R25BK00729523&bidPbancOrd=000,R25BK00729523,g2b,"서, 용역입찰유의서, 용역계약일반조건, 용역계약특수조건"
https://www.g2b.go.kr/link/PNPE027_01/single/?bidPbancNo=R25BK00726457&bidPbancOrd=000,R25BK00726457,g2b,"서, 용역입찰유의서, 용역계약일반조건, 용역계약특수조건"
https://www.g2b.go.kr/link/PNPE027_01/single/?bidPbancNo=R25BK00726273&bidPbancOrd=000,R25BK00726273,g2b,"서, 용역입찰유의서, 용역계약일반조건, 용역계약특수조건"
https://www.g2b.go.kr/link/PNPE027_01/single/?bidPbancNo=R25BK00725621&bidPbancOrd=000,R25BK00725621,g2b,"서, 용역입찰유의서, 용역계약일반조건, 용역계약특수조건"
https://www.g2b.go.kr/link/PNPE027_01/single/?bidPbancNo=R25BK00725594&bidPbancOrd=000,R25BK00725594,g2b,"서, 용역입찰유의서, 용역계약일반조건, 용역계약특수조건"
https://www.g2b.go.kr/link/PNPE027_01/single/?bidPbancNo=R25BK00723616&bidPbancOrd=000,R25BK00723616,g2b,"서, 용역입찰유의서, 용역계약일반조건, 용역계약특수조건"
https://www.g2b.go.kr/link/PNPE027_01/single/?bidPbancNo=R25BK00718257&bidPbancOrd=000,R25BK00718257,g2b,"서, 용역입찰유의서, 용역계약일반조건, 용역계약특수조건"
https://www.g2b.go.kr/link/PNPE027_01/single/?bidPbancNo=R25BK00713544&bidPbancOrd=000,R25BK00713544,g2b,"서, 용역입찰유의서, 용역계약일반조건, 용역계약특수조건"
https://www.g2b.go.kr/link/PNPE027_01/single/?bidPbancNo=R25BK00705017&bidPbancOrd=000,R25BK00705017,g2b,"서, 용역입찰유의서, 용역계약일반조건, 용역계약특수조건"
https://www.g2b.go.kr/link/PNPE027_01/single/?bidPbancNo=R25BK00702891&bidPbancOrd=000,R25BK00702891,g2b,"서, 용역입찰유의서, 용역계약일반조건, 용역계약특수조건"
https://www.g2b.go.kr/link/PNPE027_01/single/?bidPbancNo=R25BK00700360&bidPbancOrd=000,R25BK00700360,g2b,"서, 용역입찰유의서, 용역계약일반조건, 용역계약특수조건"
https://www.g2b.go.kr/link/PNPE027_01/single/?bidPbancNo=R25BK00693478&bidPbancOrd=000,R25BK00693478,g2b,"서, 용역입찰유의서, 용역계약일반조건, 용역계약특수조건"
https://www.g2b.go.kr/link/PNPE027_01/single/?bidPbancNo=R25BK00692497&bidPbancOrd=000,R25BK00692497,g2b,서 내역서 영문요약서 과업지시서 설계지침서 최종제안요청
https://www.g2b.go.kr/link/PNPE027_01/single/?bidPbancNo=R25BK00691469&bidPbancOrd=000,R25BK00691469,g2b,"서, 용역입찰유의서, 용역계약일반조건, 용역계약특수조건"
https://www.g2b.go.kr/link/PNPE027_01/single/?bidPbancNo=R25BK00691051&bidPbancOrd=000,R25BK00691051,g2b,"서, 용역입찰유의서, 용역계약일반조건, 용역계약특수조건"
https://www.g2b.go.kr/link/PNPE027_01/single/?bidPbancNo=R25BK00690999&bidPbancOrd=000,R25BK00690999,g2b,"서, 용역입찰유의서, 용역계약일반조건, 용역계약특수조건"
https://www.g2b.go.kr/link/PNPE027_01/single/?bidPbancNo=R25BK00681321&bidPbancOrd=000,R25BK00681321,g2b,"서, 용역입찰유의서, 용역계약일반조건, 용역계약특수조건"
https://www.g2b.go.kr/link/PNPE027_01/single/?bidPbancNo=R25BK00684784&bidPbancOrd=000,R25BK00684784,g2b,"서, 용역입찰유의서, 용역계약일반조건, 용역계약특수조건"
https://www.g2b.go.kr/link/PNPE027_01/single/?bidPbancNo=R25BK00683382&bidPbancOrd=000,R25BK00683382,g2b,"서, 용역입찰유의서, 용역계약일반조건, 용역계약특수조건"
https://www.g2b.go.kr/link/PNPE027_01/single/?bidPbancNo=R25BK00672746&bidPbancOrd=000,R25BK00672746,g2b,"서, 용역입찰유의서, 용역계약일반조건, 용역계약특수조건"
https://www.g2b.go.kr/link/PNPE027_01/single/?bidPbancNo=R25BK00646160&bidPbancOrd=001,R25BK00646160,g2b,"서, 용역입찰유의서, 용역계약일반조건, 용역계약특수조건"
https://www.g2b.go.kr/link/PNPE027_01/single/?bidPbancNo=R25BK00676271&bidPbancOrd=000,R25BK00676271,g2b,서 내역서 영문요약서 과업지시서 설계지침서 최종제안요청
https://www.g2b.go.kr/link/PNPE027_01/single/?bidPbancNo=R25BK00675920&bidPbancOrd=000,R25BK00675920,g2b,"서, 용역입찰유의서, 용역계약일반조건, 용역계약특수조건"
https://www.g2b.go.kr/link/PNPE027_01/single/?bidPbancNo=R25BK00674002&bidPbancOrd=000,R25BK00674002,g2b,서 내역서 영문요약서 과업지시서 설계지침서 최종제안요청
https://www.g2b.go.kr/link/PNPE027_01/single/?bidPbancNo=R25BK00672039&bidPbancOrd=000,R25BK00672039,g2b,"서, 용역입찰유의서, 용역계약일반조건, 용역계약특수조건"
https://www.g2b.go.kr/link/PNPE027_01/single/?bidPbancNo=R25BK00672194&bidPbancOrd=000,R25BK00672194,g2b,"서, 용역입찰유의서, 용역계약일반조건, 용역계약특수조건"
https://www.g2b.go.kr/link/PNPE027_01/single/?bidPbancNo=R25BK00666832&bidPbancOrd=000,R25BK00666832,g2b,"서, 용역입찰유의서, 용역계약일반조건, 용역계약특수조건"
https://www.g2b.go.kr/link/PNPE027_01/single/?bidPbancNo=R25BK00667894&bidPbancOrd=000,R25BK00667894,g2b,"서, 용역입찰유의서, 용역계약일반조건, 용역계약특수조건"
https://www.g2b.go.kr/link/PNPE027_01/single/?bidPbancNo=R25BK00669524&bidPbancOrd=000,R25BK00669524,g2b,"서, 용역입찰유의서, 용역계약일반조건, 용역계약특수조건"
https://www.g2b.go.kr/link/PNPE027_01/single/?bidPbancNo=R25BK00666244&bidPbancOrd=000,R25BK00666244,g2b,"서, 용역입찰유의서, 용역계약일반조건, 용역계약특수조건"
https://www.g2b.go.kr/link/PNPE027_01/single/?bidPbancNo=R25BK00657108&bidPbancOrd=000,R25BK00657108,g2b,"서, 용역입찰유의서, 용역계약일반조건, 용역계약특수조건"
https://www.g2b.go.kr/link/PNPE027_01/single/?bidPbancNo=R25BK00654524&bidPbancOrd=000,R25BK00654524,g2b,"서, 용역입찰유의서, 용역계약일반조건, 용역계약특수조건"
https://www.g2b.go.kr/link/PNPE027_01/single/?bidPbancNo=R25BK00650801&bidPbancOrd=000,R25BK00650801,g2b,서 내역서 영문요약서 과업지시서 설계지침서 최종제안요청
https://www.g2b.go.kr/link/PNPE027_01/single/?bidPbancNo=R25BK00645052&bidPbancOrd=000,R25BK00645052,g2b,"서, 용역입찰유의서, 용역계약일반조건, 용역계약특수조건"
https://www.g2b.go.kr/link/PNPE027_01/single/?bidPbancNo=R25BK00640197&bidPbancOrd=000,R25BK00640197,g2b,"서, 용역입찰유의서, 용역계약일반조건, 용역계약특수조건"
https://www.g2b.go.kr/link/PNPE027_01/single/?bidPbancNo=R25BK00639546&bidPbancOrd=000,R25BK00639546,g2b,"서, 용역입찰유의서, 용역계약일반조건, 용역계약특수조건"
https://www.g2b.go.kr/link/PNPE027_01/single/?bidPbancNo=R25BK00640688&bidPbancOrd=000,R25BK00640688,g2b,"서, 용역입찰유의서, 용역계약일반조건, 용역계약특수조건"
https://www.g2b.go.kr/link/PNPE027_01/single/?bidPbancNo=R25BK00635031&bidPbancOrd=001,R25BK00635031,g2b,"서, 용역입찰유의서, 용역계약일반조건, 용역계약특수조건"
https://www.g2b.go.kr/link/PNPE027_01/single/?bidPbancNo=R25BK00624385&bidPbancOrd=000,R25BK00624385,g2b,"서, 용역입찰유의서, 용역계약일반조건, 용역계약특수조건"
https://www.g2b.go.kr/link/PNPE027_01/single/?bidPbancNo=R25BK00635660&bidPbancOrd=000,R25BK00635660,g2b,"서, 용역입찰유의서, 용역계약일반조건, 용역계약특수조건"
https://www.g2b.go.kr/link/PNPE027_01/single/?bidPbancNo=R25BK00625492&bidPbancOrd=000,R25BK00625492,g2b,"서, 용역입찰유의서, 용역계약일반조건, 용역계약특수조건"
https://www.g2b.go.kr/link/PNPE027_01/single/?bidPbancNo=R25BK00619444&bidPbancOrd=000,R25BK00619444,g2b,"서, 용역입찰유의서, 용역계약일반조건, 용역계약특수조건"
https://www.g2b.go.kr/link/PNPE027_01/single/?bidPbancNo=R25BK00619032&bidPbancOrd=001,R25BK00619032,g2b,"서, 용역입찰유의서, 용역계약일반조건, 용역계약특수조건"
https://www.g2b.go.kr/link/PNPE027_01/single/?bidPbancNo=R25BK00619103&bidPbancOrd=000,R25BK00619103,g2b,"서, 용역입찰유의서, 용역계약일반조건, 용역계약특수조건"
https://www.g2b.go.kr/link/PNPE027_01/single/?bidPbancNo=R25BK00616064&bidPbancOrd=000,R25BK00616064,g2b,서 내역서 영문요약서 과업지시서 설계지침서 최종제안요청
https://www.g2b.go.kr/link/PNPE027_01/single/?bidPbancNo=R25BK00613868&bidPbancOrd=000,R25BK00613868,g2b,"서, 용역입찰유의서, 용역계약일반조건, 용역계약특수조건"
https://www.g2b.go.kr/link/PNPE027_01/single/?bidPbancNo=R25BK00604182&bidPbancOrd=000,R25BK00604182,g2b,"서, 용역입찰유의서, 용역계약일반조건, 용역계약특수조건"
https://www.g2b.go.kr/link/PNPE027_01/single/?bidPbancNo=R25BK00606795&bidPbancOrd=000,R25BK00606795,g2b,"서, 용역입찰유의서, 용역계약일반조건, 용역계약특수조건"
https://www.g2b.go.kr/link/PNPE027_01/single/?bidPbancNo=R25BK00597552&bidPbancOrd=000,R25BK00597552,g2b,"서, 용역입찰유의서, 용역계약일반조건, 용역계약특수조건"
https://www.g2b.go.kr/link/PNPE027_01/single/?bidPbancNo=R25BK00588850&bidPbancOrd=000,R25BK00588850,g2b,서 내역서 영문요약서 과업지시서 설계지침서 최종제안요청
https://www.g2b.go.kr/link/PNPE027_01/single/?bidPbancNo=R25BK00585667&bidPbancOrd=000,R25BK00585667,g2b,"서, 용역입찰유의서, 용역계약일반조건, 용역계약특수조건"
https://www.g2b.go.kr/link/PNPE027_01/single/?bidPbancNo=R25BK00579994&bidPbancOrd=000,R25BK00579994,g2b,서 내역서 영문요약서 과업지시서 설계지침서 최종제안요청
https://www.g2b.go.kr/link/PNPE027_01/single/?bidPbancNo=R25BK00570551&bidPbancOrd=000,R25BK00570551,g2b,"서, 용역입찰유의서, 용역계약일반조건, 용역계약특수조건"
https://www.g2b.go.kr/link/PNPE027_01/single/?bidPbancNo=R25BK00565169&bidPbancOrd=000,R25BK00565169,g2b,"서, 용역입찰유의서, 용역계약일반조건, 용역계약특수조건"
https://www.g2b.go.kr/link/PNPE027_01/single/?bidPbancNo=R25BK01035413&bidPbancOrd=001,R25BK01035413,g2b,"서, 용역입찰유의서, 용역계약일반조건, 용역계약특수조건"
https://www.g2b.go.kr/link/PNPE027_01/single/?bidPbancNo=R25BK01252024&bidPbancOrd=000,R25BK01252024,g2b,"서, 용역입찰유의서, 용역계약일반조건, 용역계약특수조건"
https://www.g2b.go.kr/link/PNPE027_01/single/?bidPbancNo=R25BK01253592&bidPbancOrd=002,R25BK01253592,g2b,"서, 용역입찰유의서, 용역계약일반조건, 용역계약특수조건"
https://www.g2b.go.kr/link/PNPE027_01/single/?bidPbancNo=R25BK01253939&bidPbancOrd=003,R25BK01253939,g2b,"서, 용역입찰유의서, 용역계약일반조건, 용역계약특수조건"
https://www.g2b.go.kr/link/PNPE027_01/single/?bidPbancNo=R25BK01253729&bidPbancOrd=002,R25BK01253729,g2b,"서, 용역입찰유의서, 용역계약일반조건, 용역계약특수조건"
https://www.g2b.go.kr/link/PNPE027_01/single/?bidPbancNo=R25BK01253686&bidPbancOrd=002,R25BK01253686,g2b,"서, 용역입찰유의서, 용역계약일반조건, 용역계약특수조건"
https://www.g2b.go.kr/link/PNPE027_01/single/?bidPbancNo=R25BK01253521&bidPbancOrd=002,R25BK01253521,g2b,"서, 용역입찰유의서, 용역계약일반조건, 용역계약특수조건"
https://www.g2b.go.kr/link/PNPE027_01/single/?bidPbancNo=R25BK01253619&bidPbancOrd=000,R25BK01253619,g2b,"서, 용역입찰유의서, 용역계약일반조건, 용역계약특수조건"
https://www.g2b.go.kr/link/PNPE027_01/single/?bidPbancNo=R25BK01253768&bidPbancOrd=001,R25BK01253768,g2b,"서, 용역입찰유의서, 용역계약일반조건, 용역계약특수조건"
https://www.g2b.go.kr/link/PNPE027_01/single/?bidPbancNo=R25BK01253832&bidPbancOrd=000,R25BK01253832,g2b,서 내역서 영문요약서 과업지시서 설계지침서 최종제안요청
https://www.g2b.go.kr/link/PNPE027_01/single/?bidPbancNo=R25BK01238722&bidPbancOrd=000,R25BK01238722,g2b,"서, 용역입찰유의서, 용역계약일반조건, 용역계약특수조건"
https://www.g2b.go.kr/link/PNPE027_01/single/?bidPbancNo=R25BK01252732&bidPbancOrd=000,R25BK01252732,g2b,"서, 용역입찰유의서, 용역계약일반조건, 용역계약특수조건"
https://www.g2b.go.kr/link/PNPE027_01/single/?bidPbancNo=R25BK01251673&bidPbancOrd=000,R25BK01251673,g2b,"서, 용역입찰유의서, 용역계약일반조건, 용역계약특수조건"
https://www.g2b.go.kr/link/PNPE027_01/single/?bidPbancNo=R25BK01250065&bidPbancOrd=000,R25BK01250065,g2b,"서, 용역입찰유의서, 용역계약일반조건, 용역계약특수조건"
https://www.g2b.go.kr/link/PNPE027_01/single/?bidPbancNo=R25BK01247287&bidPbancOrd=000,R25BK01247287,g2b,"서, 용역입찰유의서, 용역계약일반조건, 용역계약특수조건"
https://www.g2b.go.kr/link/PNPE027_01/single/?bidPbancNo=R25BK01247331&bidPbancOrd=000,R25BK01247331,g2b,"서, 용역입찰유의서, 용역계약일반조건, 용역계약특수조건"
https://www.g2b.go.kr/link/PNPE027_01/single/?bidPbancNo=R25BK01247326&bidPbancOrd=000,R25BK01247326,g2b,"서, 용역입찰유의서, 용역계약일반조건, 용역계약특수조건"
https://www.g2b.go.kr/link/PNPE027_01/single/?bidPbancNo=R25BK01240206&bidPbancOrd=000,R25BK01240206,g2b,"서, 용역입찰유의서, 용역계약일반조건, 용역계약특수조건"
https://www.g2b.go.kr/link/PNPE027_01/single/?bidPbancNo=R25BK01247320&bidPbancOrd=000,R25BK01247320,g2b,"서, 용역입찰유의서, 용역계약일반조건, 용역계약특수조건"
https://www.g2b.go.kr/link/PNPE027_01/single/?bidPbancNo=R25BK01242569&bidPbancOrd=000,R25BK01242569,g2b,"서, 용역입찰유의서, 용역계약일반조건, 용역계약특수조건"
https://www.g2b.go.kr/link/PNPE027_01/single/?bidPbancNo=R25BK01242556&bidPbancOrd=000,R25BK01242556,g2b,"서, 용역입찰유의서, 용역계약일반조건, 용역계약특수조건"
https://www.g2b.go.kr/link/PNPE027_01/single/?bidPbancNo=R25BK01242875&bidPbancOrd=000,R25BK01242875,g2b,"서, 용역입찰유의서, 용역계약일반조건, 용역계약특수조건"
https://www.g2b.go.kr/link/PNPE027_01/single/?bidPbancNo=R25BK01242911&bidPbancOrd=000,R25BK01242911,g2b,"서, 용역입찰유의서, 용역계약일반조건, 용역계약특수조건"
https://www.g2b.go.kr/link/PNPE027_01/single/?bidPbancNo=R25BK01242552&bidPbancOrd=000,R25BK01242552,g2b,"서, 용역입찰유의서, 용역계약일반조건, 용역계약특수조건"
https://www.g2b.go.kr/link/PNPE027_01/single/?bidPbancNo=R25BK01213568&bidPbancOrd=001,R25BK01213568,g2b,"서, 용역입찰유의서, 용역계약일반조건, 용역계약특수조건"
https://www.g2b.go.kr/link/PNPE027_01/single/?bidPbancNo=R25BK01242779&bidPbancOrd=000,R25BK01242779,g2b,"서, 용역입찰유의서, 용역계약일반조건, 용역계약특수조건"
https://www.g2b.go.kr/link/PNPE027_01/single/?bidPbancNo=R25BK01233173&bidPbancOrd=000,R25BK01233173,g2b,"서, 용역입찰유의서, 용역계약일반조건, 용역계약특수조건"
https://www.g2b.go.kr/link/PNPE027_01/single/?bidPbancNo=R25BK01237740&bidPbancOrd=000,R25BK01237740,g2b,"서, 용역입찰유의서, 용역계약일반조건, 용역계약특수조건"
https://www.g2b.go.kr/link/PNPE027_01/single/?bidPbancNo=R25BK00636298&bidPbancOrd=000,R25BK00636298,g2b,"서, 용역입찰유의서, 용역계약일반조건, 용역계약특수조건"
https://www.g2b.go.kr/link/PNPE027_01/single/?bidPbancNo=R25BK01236313&bidPbancOrd=000,R25BK01236313,g2b,"서, 용역입찰유의서, 용역계약일반조건, 용역계약특수조건"
https://www.g2b.go.kr/link/PNPE027_01/single/?bidPbancNo=R25BK01238636&bidPbancOrd=000,R25BK01238636,g2b,"서, 용역입찰유의서, 용역계약일반조건, 용역계약특수조건"
https://www.g2b.go.kr/link/PNPE027_01/single/?bidPbancNo=R25BK01232957&bidPbancOrd=000,R25BK01232957,g2b,"서, 용역입찰유의서, 용역계약일반조건, 용역계약특수조건"
https://www.g2b.go.kr/link/PNPE027_01/single/?bidPbancNo=R25BK01233104&bidPbancOrd=000,R25BK01233104,g2b,"서, 용역입찰유의서, 용역계약일반조건, 용역계약특수조건"
https://www.g2b.go.kr/link/PNPE027_01/single/?bidPbancNo=R25BK01234813&bidPbancOrd=000,R25BK01234813,g2b,서 내역서 영문요약서 과업지시서 설계지침서 최종제안요청
https://www.g2b.go.kr/link/PNPE027_01/single/?bidPbancNo=R25BK01232294&bidPbancOrd=000,R25BK01232294,g2b,서 내역서 영문요약서 과업지시서 설계지침서 최종제안요청
https://www.g2b.go.kr/link/PNPE027_01/single/?bidPbancNo=R25BK01229368&bidPbancOrd=001,R25BK01229368,g2b,서 내역서 영문요약서 과업지시서 설계지침서 최종제안요청
https://www.g2b.go.kr/link/PNPE027_01/single/?bidPbancNo=R25BK01231979&bidPbancOrd=000,R25BK01231979,g2b,"서, 용역입찰유의서, 용역계약일반조건, 용역계약특수조건"
https://www.g2b.go.kr/link/PNPE027_01/single/?bidPbancNo=R25BK01227971&bidPbancOrd=000,R25BK01227971,g2b,"서, 용역입찰유의서, 용역계약일반조건, 용역계약특수조건"
https://www.g2b.go.kr/link/PNPE027_01/single/?bidPbancNo=R25BK01224681&bidPbancOrd=000,R25BK01224681,g2b,"서, 용역입찰유의서, 용역계약일반조건, 용역계약특수조건"
https://www.g2b.go.kr/link/PNPE027_01/single/?bidPbancNo=R25BK01230326&bidPbancOrd=000,R25BK01230326,g2b,"서, 용역입찰유의서, 용역계약일반조건, 용역계약특수조건"
https://www.g2b.go.kr/link/PNPE027_01/single/?bidPbancNo=R25BK01223893&bidPbancOrd=000,R25BK01223893,g2b,"서, 용역입찰유의서, 용역계약일반조건, 용역계약특수조건"
https://www.g2b.go.kr/link/PNPE027_01/single/?bidPbancNo=R25BK01222692&bidPbancOrd=001,R25BK01222692,g2b,"서, 용역입찰유의서, 용역계약일반조건, 용역계약특수조건"
https://www.g2b.go.kr/link/PNPE027_01/single/?bidPbancNo=R25BK01226255&bidPbancOrd=000,R25BK01226255,g2b,"서, 용역입찰유의서, 용역계약일반조건, 용역계약특수조건"
https://www.g2b.go.kr/link/PNPE027_01/single/?bidPbancNo=R25BK01225564&bidPbancOrd=000,R25BK01225564,g2b,"서, 용역입찰유의서, 용역계약일반조건, 용역계약특수조건"
https://www.g2b.go.kr/link/PNPE027_01/single/?bidPbancNo=R25BK01202337&bidPbancOrd=000,R25BK01202337,g2b,"서, 용역입찰유의서, 용역계약일반조건, 용역계약특수조건"
https://www.g2b.go.kr/link/PNPE027_01/single/?bidPbancNo=R25BK01225886&bidPbancOrd=000,R25BK01225886,g2b,"서, 용역입찰유의서, 용역계약일반조건, 용역계약특수조건"
https://www.g2b.go.kr/link/PNPE027_01/single/?bidPbancNo=R25BK01225802&bidPbancOrd=000,R25BK01225802,g2b,"서, 용역입찰유의서, 용역계약일반조건, 용역계약특수조건"
https://www.g2b.go.kr/link/PNPE027_01/single/?bidPbancNo=R25BK01225651&bidPbancOrd=000,R25BK01225651,g2b,"서, 용역입찰유의서, 용역계약일반조건, 용역계약특수조건"
https://www.g2b.go.kr/link/PNPE027_01/single/?bidPbancNo=R25BK01225752&bidPbancOrd=000,R25BK01225752,g2b,"서, 용역입찰유의서, 용역계약일반조건, 용역계약특수조건"
https://www.g2b.go.kr/link/PNPE027_01/single/?bidPbancNo=R25BK01225549&bidPbancOrd=000,R25BK01225549,g2b,"서, 용역입찰유의서, 용역계약일반조건, 용역계약특수조건"
https://www.g2b.go.kr/link/PNPE027_01/single/?bidPbancNo=R25BK01223803&bidPbancOrd=000,R25BK01223803,g2b,"서, 용역입찰유의서, 용역계약일반조건, 용역계약특수조건"
https://www.g2b.go.kr/link/PNPE027_01/single/?bidPbancNo=R25BK01224576&bidPbancOrd=000,R25BK01224576,g2b,서 내역서 영문요약서 과업지시서 설계지침서 최종제안요청
https://www.g2b.go.kr/link/PNPE027_01/single/?bidPbancNo=R25BK01223758&bidPbancOrd=000,R25BK01223758,g2b,"서, 용역입찰유의서, 용역계약일반조건, 용역계약특수조건"
https://www.g2b.go.kr/link/PNPE027_01/single/?bidPbancNo=R25BK01223179&bidPbancOrd=000,R25BK01223179,g2b,"서, 용역입찰유의서, 용역계약일반조건, 용역계약특수조건"
https://www.g2b.go.kr/link/PNPE027_01/single/?bidPbancNo=R25BK01223553&bidPbancOrd=000,R25BK01223553,g2b,"서, 용역입찰유의서, 용역계약일반조건, 용역계약특수조건"
https://www.g2b.go.kr/link/PNPE027_01/single/?bidPbancNo=R25BK01223453&bidPbancOrd=000,R25BK01223453,g2b,"서, 용역입찰유의서, 용역계약일반조건, 용역계약특수조건"
https://www.g2b.go.kr/link/PNPE027_01/single/?bidPbancNo=R25BK01223051&bidPbancOrd=000,R25BK01223051,g2b,"서, 용역입찰유의서, 용역계약일반조건, 용역계약특수조건"
https://www.g2b.go.kr/link/PNPE027_01/single/?bidPbancNo=R25BK01222722&bidPbancOrd=000,R25BK01222722,g2b,"서, 용역입찰유의서, 용역계약일반조건, 용역계약특수조건"
https://www.g2b.go.kr/link/PNPE027_01/single/?bidPbancNo=R25BK01214574&bidPbancOrd=001,R25BK01214574,g2b,"서, 용역입찰유의서, 용역계약일반조건, 용역계약특수조건"
https://www.g2b.go.kr/link/PNPE027_01/single/?bidPbancNo=R25BK01211051&bidPbancOrd=001,R25BK01211051,g2b,"서, 용역입찰유의서, 용역계약일반조건, 용역계약특수조건"
https://www.g2b.go.kr/link/PNPE027_01/single/?bidPbancNo=R25BK01216914&bidPbancOrd=000,R25BK01216914,g2b,"서, 용역입찰유의서, 용역계약일반조건, 용역계약특수조건"
https://www.g2b.go.kr/link/PNPE027_01/single/?bidPbancNo=R25BK01216901&bidPbancOrd=000,R25BK01216901,g2b,"서, 용역입찰유의서, 용역계약일반조건, 용역계약특수조건"
https://www.g2b.go.kr/link/PNPE027_01/single/?bidPbancNo=R25BK01216882&bidPbancOrd=000,R25BK01216882,g2b,"서, 용역입찰유의서, 용역계약일반조건, 용역계약특수조건"
https://www.g2b.go.kr/link/PNPE027_01/single/?bidPbancNo=R25BK01217665&bidPbancOrd=000,R25BK01217665,g2b,"서, 용역입찰유의서, 용역계약일반조건, 용역계약특수조건"
https://www.g2b.go.kr/link/PNPE027_01/single/?bidPbancNo=R25BK01216347&bidPbancOrd=001,R25BK01216347,g2b,"서, 용역입찰유의서, 용역계약일반조건, 용역계약특수조건"
https://www.g2b.go.kr/link/PNPE027_01/single/?bidPbancNo=R25BK01216201&bidPbancOrd=000,R25BK01216201,g2b,"서, 용역입찰유의서, 용역계약일반조건, 용역계약특수조건"
https://www.g2b.go.kr/link/PNPE027_01/single/?bidPbancNo=R25BK01216128&bidPbancOrd=000,R25BK01216128,g2b,"서, 용역입찰유의서, 용역계약일반조건, 용역계약특수조건"
https://www.g2b.go.kr/link/PNPE027_01/single/?bidPbancNo=R25BK01213604&bidPbancOrd=000,R25BK01213604,g2b,"서, 용역입찰유의서, 용역계약일반조건, 용역계약특수조건"
https://www.g2b.go.kr/link/PNPE027_01/single/?bidPbancNo=R25BK01213601&bidPbancOrd=000,R25BK01213601,g2b,"서, 용역입찰유의서, 용역계약일반조건, 용역계약특수조건"
https://www.g2b.go.kr/link/PNPE027_01/single/?bidPbancNo=R25BK01213594&bidPbancOrd=000,R25BK01213594,g2b,"서, 용역입찰유의서, 용역계약일반조건, 용역계약특수조건"
https://www.g2b.go.kr/link/PNPE027_01/single/?bidPbancNo=R25BK01214332&bidPbancOrd=000,R25BK01214332,g2b,"서, 용역입찰유의서, 용역계약일반조건, 용역계약특수조건"
https://www.g2b.go.kr/link/PNPE027_01/single/?bidPbancNo=R25BK01207093&bidPbancOrd=001,R25BK01207093,g2b,"서, 용역입찰유의서, 용역계약일반조건, 용역계약특수조건"
https://www.g2b.go.kr/link/PNPE027_01/single/?bidPbancNo=R25BK01210328&bidPbancOrd=000,R25BK01210328,g2b,"서, 용역입찰유의서, 용역계약일반조건, 용역계약특수조건"
https://www.g2b.go.kr/link/PNPE027_01/single/?bidPbancNo=R25BK01210542&bidPbancOrd=000,R25BK01210542,g2b,"서, 용역입찰유의서, 용역계약일반조건, 용역계약특수조건"
https://www.g2b.go.kr/link/PNPE027_01/single/?bidPbancNo=R25BK01209437&bidPbancOrd=000,R25BK01209437,g2b,"서, 용역입찰유의서, 용역계약일반조건, 용역계약특수조건"
https://www.g2b.go.kr/link/PNPE027_01/single/?bidPbancNo=R25BK01211520&bidPbancOrd=000,R25BK01211520,g2b,"서, 용역입찰유의서, 용역계약일반조건, 용역계약특수조건"
https://www.g2b.go.kr/link/PNPE027_01/single/?bidPbancNo=R25BK01210982&bidPbancOrd=000,R25BK01210982,g2b,"서, 용역입찰유의서, 용역계약일반조건, 용역계약특수조건"
https://www.g2b.go.kr/link/PNPE027_01/single/?bidPbancNo=R25BK01210405&bidPbancOrd=000,R25BK01210405,g2b,"서, 용역입찰유의서, 용역계약일반조건, 용역계약특수조건"
https://www.g2b.go.kr/link/PNPE027_01/single/?bidPbancNo=R25BK01203698&bidPbancOrd=000,R25BK01203698,g2b,서 내역서 영문요약서 과업지시서 설계지침서 최종제안요청
https://www.g2b.go.kr/link/PNPE027_01/single/?bidPbancNo=R25BK01199559&bidPbancOrd=000,R25BK01199559,g2b,"서, 용역입찰유의서, 용역계약일반조건, 용역계약특수조건"
https://www.g2b.go.kr/link/PNPE027_01/single/?bidPbancNo=R25BK01207920&bidPbancOrd=000,R25BK01207920,g2b,서 내역서 영문요약서 과업지시서 설계지침서 최종제안요청
https://www.g2b.go.kr/link/PNPE027_01/single/?bidPbancNo=R25BK01206887&bidPbancOrd=001,R25BK01206887,g2b,서 내역서 영문요약서 과업지시서 설계지침서 최종제안요청
https://www.g2b.go.kr/link/PNPE027_01/single/?bidPbancNo=R25BK01207713&bidPbancOrd=000,R25BK01207713,g2b,"서, 용역입찰유의서, 용역계약일반조건, 용역계약특수조건"
https://www.g2b.go.kr/link/PNPE027_01/single/?bidPbancNo=R25BK01207699&bidPbancOrd=000,R25BK01207699,g2b,"서, 용역입찰유의서, 용역계약일반조건, 용역계약특수조건"
https://www.g2b.go.kr/link/PNPE027_01/single/?bidPbancNo=R25BK01207687&bidPbancOrd=000,R25BK01207687,g2b,"서, 용역입찰유의서, 용역계약일반조건, 용역계약특수조건"
https://www.g2b.go.kr/link/PNPE027_01/single/?bidPbancNo=R25BK01206689&bidPbancOrd=000,R25BK01206689,g2b,"서, 용역입찰유의서, 용역계약일반조건, 용역계약특수조건"
https://www.g2b.go.kr/link/PNPE027_01/single/?bidPbancNo=R25BK01214929&bidPbancOrd=001,R25BK01214929,g2b,"서, 용역입찰유의서, 용역계약일반조건, 용역계약특수조건"
https://www.g2b.go.kr/link/PNPE027_01/single/?bidPbancNo=R25BK01213770&bidPbancOrd=001,R25BK01213770,g2b,"서, 용역입찰유의서, 용역계약일반조건, 용역계약특수조건"
https://www.g2b.go.kr/link/PNPE027_01/single/?bidPbancNo=R25BK01215183&bidPbancOrd=000,R25BK01215183,g2b,"서, 용역입찰유의서, 용역계약일반조건, 용역계약특수조건"
https://www.g2b.go.kr/link/PNPE027_01/single/?bidPbancNo=R25BK01207025&bidPbancOrd=000,R25BK01207025,g2b,"서, 용역입찰유의서, 용역계약일반조건, 용역계약특수조건"
https://www.g2b.go.kr/link/PNPE027_01/single/?bidPbancNo=R25BK01187124&bidPbancOrd=001,R25BK01187124,g2b,나라장터
https://www.g2b.go.kr/link/PNPE027_01/single/?bidPbancNo=R25BK01203352&bidPbancOrd=000,R25BK01203352,g2b,"서, 용역입찰유의서, 용역계약일반조건, 용역계약특수조건"
https://www.g2b.go.kr/link/PNPE027_01/single/?bidPbancNo=R25BK01202781&bidPbancOrd=000,R25BK01202781,g2b,"서, 용역입찰유의서, 용역계약일반조건, 용역계약특수조건"
https://www.g2b.go.kr/link/PNPE027_01/single/?bidPbancNo=R25BK01200291&bidPbancOrd=000,R25BK01200291,g2b,"서, 용역입찰유의서, 용역계약일반조건, 용역계약특수조건"
https://www.g2b.go.kr/link/PNPE027_01/single/?bidPbancNo=R25BK01198779&bidPbancOrd=000,R25BK01198779,g2b,서 내역서 영문요약서 과업지시서 설계지침서 최종제안요청
https://www.g2b.go.kr/link/PNPE027_01/single/?bidPbancNo=R25BK01196644&bidPbancOrd=000,R25BK01196644,g2b,"서, 용역입찰유의서, 용역계약일반조건, 용역계약특수조건"
https://www.g2b.go.kr/link/PNPE027_01/single/?bidPbancNo=R25BK01195780&bidPbancOrd=001,R25BK01195780,g2b,서 내역서 영문요약서 과업지시서 설계지침서 최종제안요청
https://www.g2b.go.kr/link/PNPE027_01/single/?bidPbancNo=R25BK01197644&bidPbancOrd=000,R25BK01197644,g2b,"서, 용역입찰유의서, 용역계약일반조건, 용역계약특수조건"
https://www.g2b.go.kr/link/PNPE027_01/single/?bidPbancNo=R25BK01187251&bidPbancOrd=001,R25BK01187251,g2b,나라장터
https://www.g2b.go.kr/link/PNPE027_01/single/?bidPbancNo=R25BK01187223&bidPbancOrd=001,R25BK01187223,g2b,나라장터
https://www.g2b.go.kr/link/PNPE027_01/single/?bidPbancNo=R25BK01199050&bidPbancOrd=000,R25BK01199050,g2b,"서, 용역입찰유의서, 용역계약일반조건, 용역계약특수조건"
https://www.g2b.go.kr/link/PNPE027_01/single/?bidPbancNo=R25BK01185134&bidPbancOrd=000,R25BK01185134,g2b,"서, 용역입찰유의서, 용역계약일반조건, 용역계약특수조건"
https://www.g2b.go.kr/link/PNPE027_01/single/?bidPbancNo=R25BK01192947&bidPbancOrd=000,R25BK01192947,g2b,서 내역서 영문요약서 과업지시서 설계지침서 최종제안요청
https://www.g2b.go.kr/link/PNPE027_01/single/?bidPbancNo=R25BK01191750&bidPbancOrd=000,R25BK01191750,g2b,"서, 용역입찰유의서, 용역계약일반조건, 용역계약특수조건"
https://www.g2b.go.kr/link/PNPE027_01/single/?bidPbancNo=R25BK01188485&bidPbancOrd=000,R25BK01188485,g2b,서 내역서 영문요약서 과업지시서 설계지침서 최종제안요청
https://www.g2b.go.kr/link/PNPE027_01/single/?bidPbancNo=R25BK01188699&bidPbancOrd=000,R25BK01188699,g2b,서 내역서 영문요약서 과업지시서 설계지침서 최종제안요청
https://www.g2b.go.kr/link/PNPE027_01/single/?bidPbancNo=R25BK01188410&bidPbancOrd=000,R25BK01188410,g2b,"서, 용역입찰유의서, 용역계약일반조건, 용역계약특수조건"
https://www.g2b.go.kr/link/PNPE027_01/single/?bidPbancNo=R25BK01185656&bidPbancOrd=000,R25BK01185656,g2b,"서, 용역입찰유의서, 용역계약일반조건, 용역계약특수조건"
https://www.g2b.go.kr/link/PNPE027_01/single/?bidPbancNo=R25BK01185728&bidPbancOrd=000,R25BK01185728,g2b,"서, 용역입찰유의서, 용역계약일반조건, 용역계약특수조건"
https://www.g2b.go.kr/link/PNPE027_01/single/?bidPbancNo=R25BK01184027&bidPbancOrd=000,R25BK01184027,g2b,서 내역서 영문요약서 과업지시서 설계지침서 최종제안요청
https://www.g2b.go.kr/link/PNPE027_01/single/?bidPbancNo=R25BK01184666&bidPbancOrd=000,R25BK01184666,g2b,"서, 용역입찰유의서, 용역계약일반조건, 용역계약특수조건"
https://www.g2b.go.kr/link/PNPE027_01/single/?bidPbancNo=R25BK01175373&bidPbancOrd=000,R25BK01175373,g2b,"서, 용역입찰유의서, 용역계약일반조건, 용역계약특수조건"
https://www.g2b.go.kr/link/PNPE027_01/single/?bidPbancNo=R25BK01178882&bidPbancOrd=000,R25BK01178882,g2b,"서, 용역입찰유의서, 용역계약일반조건, 용역계약특수조건"
https://www.g2b.go.kr/link/PNPE027_01/single/?bidPbancNo=R25BK01181898&bidPbancOrd=000,R25BK01181898,g2b,"서, 용역입찰유의서, 용역계약일반조건, 용역계약특수조건"
https://www.g2b.go.kr/link/PNPE027_01/single/?bidPbancNo=R25BK01181343&bidPbancOrd=000,R25BK01181343,g2b,"서, 용역입찰유의서, 용역계약일반조건, 용역계약특수조건"
https://www.g2b.go.kr/link/PNPE027_01/single/?bidPbancNo=R25BK01180734&bidPbancOrd=000,R25BK01180734,g2b,"서, 용역입찰유의서, 용역계약일반조건, 용역계약특수조건"
https://www.g2b.go.kr/link/PNPE027_01/single/?bidPbancNo=R25BK01180598&bidPbancOrd=000,R25BK01180598,g2b,"서, 용역입찰유의서, 용역계약일반조건, 용역계약특수조건"
https://www.g2b.go.kr/link/PNPE027_01/single/?bidPbancNo=R25BK01178737&bidPbancOrd=000,R25BK01178737,g2b,"서, 용역입찰유의서, 용역계약일반조건, 용역계약특수조건"
https://www.g2b.go.kr/link/PNPE027_01/single/?bidPbancNo=R25BK01178657&bidPbancOrd=000,R25BK01178657,g2b,"서, 용역입찰유의서, 용역계약일반조건, 용역계약특수조건"
https://www.g2b.go.kr/link/PNPE027_01/single/?bidPbancNo=R25BK01168198&bidPbancOrd=000,R25BK01168198,g2b,"서, 용역입찰유의서, 용역계약일반조건, 용역계약특수조건"
https://www.g2b.go.kr/link/PNPE027_01/single/?bidPbancNo=R25BK01174325&bidPbancOrd=000,R25BK01174325,g2b,서 내역서 영문요약서 과업지시서 설계지침서 최종제안요청
https://www.g2b.go.kr/link/PNPE027_01/single/?bidPbancNo=R25BK01162340&bidPbancOrd=000,R25BK01162340,g2b,서 내역서 영문요약서 과업지시서 설계지침서 최종제안요청
https://www.g2b.go.kr/link/PNPE027_01/single/?bidPbancNo=R25BK01173652&bidPbancOrd=001,R25BK01173652,g2b,"서, 용역입찰유의서, 용역계약일반조건, 용역계약특수조건"
https://www.g2b.go.kr/link/PNPE027_01/single/?bidPbancNo=R25BK01173711&bidPbancOrd=000,R25BK01173711,g2b,"서, 용역입찰유의서, 용역계약일반조건, 용역계약특수조건"
https://www.g2b.go.kr/link/PNPE027_01/single/?bidPbancNo=R25BK01173820&bidPbancOrd=000,R25BK01173820,g2b,"서, 용역입찰유의서, 용역계약일반조건, 용역계약특수조건"
https://www.g2b.go.kr/link/PNPE027_01/single/?bidPbancNo=R25BK01168906&bidPbancOrd=000,R25BK01168906,g2b,서 내역서 영문요약서 과업지시서 설계지침서 최종제안요청
https://www.g2b.go.kr/link/PNPE027_01/single/?bidPbancNo=R25BK01170740&bidPbancOrd=000,R25BK01170740,g2b,서 내역서 영문요약서 과업지시서 설계지침서 최종제안요청
https://www.g2b.go.kr/link/PNPE027_01/single/?bidPbancNo=R25BK01169801&bidPbancOrd=000,R25BK01169801,g2b,서 내역서 영문요약서 과업지시서 설계지침서 최종제안요청
https://www.g2b.go.kr/link/PNPE027_01/single/?bidPbancNo=R25BK01144234&bidPbancOrd=001,R25BK01144234,g2b,"서, 용역입찰유의서, 용역계약일반조건, 용역계약특수조건"
https://www.g2b.go.kr/link/PNPE027_01/single/?bidPbancNo=R25BK01144383&bidPbancOrd=001,R25BK01144383,g2b,"서, 용역입찰유의서, 용역계약일반조건, 용역계약특수조건"
https://www.g2b.go.kr/link/PNPE027_01/single/?bidPbancNo=R25BK01144082&bidPbancOrd=001,R25BK01144082,g2b,"서, 용역입찰유의서, 용역계약일반조건, 용역계약특수조건"
https://www.g2b.go.kr/link/PNPE027_01/single/?bidPbancNo=R25BK01168494&bidPbancOrd=000,R25BK01168494,g2b,서 내역서 영문요약서 과업지시서 설계지침서 최종제안요청
https://www.g2b.go.kr/link/PNPE027_01/single/?bidPbancNo=R25BK01168577&bidPbancOrd=000,R25BK01168577,g2b,서 내역서 영문요약서 과업지시서 설계지침서 최종제안요청
https://www.g2b.go.kr/link/PNPE027_01/single/?bidPbancNo=R25BK01168613&bidPbancOrd=000,R25BK01168613,g2b,서 내역서 영문요약서 과업지시서 설계지침서 최종제안요청
https://www.g2b.go.kr/link/PNPE027_01/single/?bidPbancNo=R25BK01168427&bidPbancOrd=000,R25BK01168427,g2b,서 내역서 영문요약서 과업지시서 설계지침서 최종제안요청
https://www.g2b.go.kr/link/PNPE027_01/single/?bidPbancNo=R25BK01169630&bidPbancOrd=000,R25BK01169630,g2b,"서, 용역입찰유의서, 용역계약일반조건, 용역계약특수조건"
https://www.g2b.go.kr/link/PNPE027_01/single/?bidPbancNo=R25BK01164045&bidPbancOrd=000,R25BK01164045,g2b,"서, 용역입찰유의서, 용역계약일반조건, 용역계약특수조건"
https://www.g2b.go.kr/link/PNPE027_01/single/?bidPbancNo=R25BK01164731&bidPbancOrd=000,R25BK01164731,g2b,서 내역서 영문요약서 과업지시서 설계지침서 최종제안요청
https://www.g2b.go.kr/link/PNPE027_01/single/?bidPbancNo=R25BK01166573&bidPbancOrd=000,R25BK01166573,g2b,서 내역서 영문요약서 과업지시서 설계지침서 최종제안요청
https://www.g2b.go.kr/link/PNPE027_01/single/?bidPbancNo=R25BK01166708&bidPbancOrd=000,R25BK01166708,g2b,서 내역서 영문요약서 과업지시서 설계지침서 최종제안요청
https://www.g2b.go.kr/link/PNPE027_01/single/?bidPbancNo=R25BK01165283&bidPbancOrd=000,R25BK01165283,g2b,서 내역서 영문요약서 과업지시서 설계지침서 최종제안요청
https://www.g2b.go.kr/link/PNPE027_01/single/?bidPbancNo=R25BK01166406&bidPbancOrd=000,R25BK01166406,g2b,서 내역서 영문요약서 과업지시서 설계지침서 최종제안요청
https://www.g2b.go.kr/link/PNPE027_01/single/?bidPbancNo=R25BK01165045&bidPbancOrd=000,R25BK01165045,g2b,서 내역서 영문요약서 과업지시서 설계지침서 최종제안요청
https://www.g2b.go.kr/link/PNPE027_01/single/?bidPbancNo=R25BK01164130&bidPbancOrd=000,R25BK01164130,g2b,서 내역서 영문요약서 과업지시서 설계지침서 최종제안요청
https://www.g2b.go.kr/link/PNPE027_01/single/?bidPbancNo=R25BK01164313&bidPbancOrd=000,R25BK01164313,g2b,"서, 용역입찰유의서, 용역계약일반조건, 용역계약특수조건"
https://www.g2b.go.kr/link/PNPE027_01/single/?bidPbancNo=R25BK01145588&bidPbancOrd=000,R25BK01145588,g2b,"서, 용역입찰유의서, 용역계약일반조건, 용역계약특수조건"
https://www.g2b.go.kr/link/PNPE027_01/single/?bidPbancNo=R25BK01162073&bidPbancOrd=000,R25BK01162073,g2b,"서, 용역입찰유의서, 용역계약일반조건, 용역계약특수조건"
https://www.g2b.go.kr/link/PNPE027_01/single/?bidPbancNo=R25BK01160308&bidPbancOrd=000,R25BK01160308,g2b,서 내역서 영문요약서 과업지시서 설계지침서 최종제안요청
https://www.g2b.go.kr/link/PNPE027_01/single/?bidPbancNo=R25BK01160581&bidPbancOrd=000,R25BK01160581,g2b,"서, 용역입찰유의서, 용역계약일반조건, 용역계약특수조건"
https://www.g2b.go.kr/link/PNPE027_01/single/?bidPbancNo=R25BK01154685&bidPbancOrd=000,R25BK01154685,g2b,"서, 용역입찰유의서, 용역계약일반조건, 용역계약특수조건"
https://www.g2b.go.kr/link/PNPE027_01/single/?bidPbancNo=R25BK01157341&bidPbancOrd=000,R25BK01157341,g2b,정보 전체1건 Grid start No 문서명 파일명 
https://www.g2b.go.kr/link/PNPE027_01/single/?bidPbancNo=R25BK01109303&bidPbancOrd=001,R25BK01109303,g2b,서 내역서 영문요약서 과업지시서 설계지침서 최종제안요청
https://www.g2b.go.kr/link/PNPE027_01/single/?bidPbancNo=R25BK01157015&bidPbancOrd=000,R25BK01157015,g2b,서 내역서 영문요약서 과업지시서 설계지침서 최종제안요청
https://www.g2b.go.kr/link/PNPE027_01/single/?bidPbancNo=R25BK01158240&bidPbancOrd=000,R25BK01158240,g2b,"서, 용역입찰유의서, 용역계약일반조건, 용역계약특수조건"
https://www.g2b.go.kr/link/PNPE027_01/single/?bidPbancNo=R25BK01156716&bidPbancOrd=000,R25BK01156716,g2b,서 내역서 영문요약서 과업지시서 설계지침서 최종제안요청
https://www.g2b.go.kr/link/PNPE027_01/single/?bidPbancNo=R25BK01114551&bidPbancOrd=001,R25BK01114551,g2b,"서, 용역입찰유의서, 용역계약일반조건, 용역계약특수조건"
https://www.g2b.go.kr/link/PNPE027_01/single/?bidPbancNo=R25BK01144463&bidPbancOrd=000,R25BK01144463,g2b,"서, 용역입찰유의서, 용역계약일반조건, 용역계약특수조건"
https://www.g2b.go.kr/link/PNPE027_01/single/?bidPbancNo=R25BK01130936&bidPbancOrd=001,R25BK01130936,g2b,"서, 용역입찰유의서, 용역계약일반조건, 용역계약특수조건"
https://www.g2b.go.kr/link/PNPE027_01/single/?bidPbancNo=R25BK01149459&bidPbancOrd=000,R25BK01149459,g2b,"서, 용역입찰유의서, 용역계약일반조건, 용역계약특수조건"
https://www.g2b.go.kr/link/PNPE027_01/single/?bidPbancNo=R25BK01139834&bidPbancOrd=001,R25BK01139834,g2b,나라장터
https://www.g2b.go.kr/link/PNPE027_01/single/?bidPbancNo=R25BK01135487&bidPbancOrd=001,R25BK01135487,g2b,서 내역서 영문요약서 과업지시서 설계지침서 최종제안요청
https://www.g2b.go.kr/link/PNPE027_01/single/?bidPbancNo=R25BK01123921&bidPbancOrd=001,R25BK01123921,g2b,"서, 용역입찰유의서, 용역계약일반조건, 용역계약특수조건"
https://www.g2b.go.kr/link/PNPE027_01/single/?bidPbancNo=R25BK01145785&bidPbancOrd=000,R25BK01145785,g2b,"서, 용역입찰유의서, 용역계약일반조건, 용역계약특수조건"
https://www.g2b.go.kr/link/PNPE027_01/single/?bidPbancNo=R25BK01146648&bidPbancOrd=000,R25BK01146648,g2b,"서, 용역입찰유의서, 용역계약일반조건, 용역계약특수조건"
https://www.g2b.go.kr/link/PNPE027_01/single/?bidPbancNo=R25BK01146103&bidPbancOrd=000,R25BK01146103,g2b,서 내역서 영문요약서 과업지시서 설계지침서 최종제안요청
https://www.g2b.go.kr/link/PNPE027_01/single/?bidPbancNo=R25BK01133076&bidPbancOrd=000,R25BK01133076,g2b,"서, 용역입찰유의서, 용역계약일반조건, 용역계약특수조건"
https://www.g2b.go.kr/link/PNPE027_01/single/?bidPbancNo=R25BK01145754&bidPbancOrd=000,R25BK01145754,g2b,"서, 용역입찰유의서, 용역계약일반조건, 용역계약특수조건"
https://www.g2b.go.kr/link/PNPE027_01/single/?bidPbancNo=R25BK01143553&bidPbancOrd=000,R25BK01143553,g2b,서 내역서 영문요약서 과업지시서 설계지침서 최종제안요청
https://www.g2b.go.kr/link/PNPE027_01/single/?bidPbancNo=R25BK01143233&bidPbancOrd=000,R25BK01143233,g2b,서 내역서 영문요약서 과업지시서 설계지침서 최종제안요청
https://www.g2b.go.kr/link/PNPE027_01/single/?bidPbancNo=R25BK01142896&bidPbancOrd=000,R25BK01142896,g2b,서 내역서 영문요약서 과업지시서 설계지침서 최종제안요청
https://www.g2b.go.kr/link/PNPE027_01/single/?bidPbancNo=R25BK01144409&bidPbancOrd=000,R25BK01144409,g2b,"서, 용역입찰유의서, 용역계약일반조건, 용역계약특수조건"
https://www.g2b.go.kr/link/PNPE027_01/single/?bidPbancNo=R25BK01143986&bidPbancOrd=000,R25BK01143986,g2b,서 내역서 영문요약서 과업지시서 설계지침서 최종제안요청
https://www.g2b.go.kr/link/PNPE027_01/single/?bidPbancNo=R25BK01142868&bidPbancOrd=000,R25BK01142868,g2b,서 내역서 영문요약서 과업지시서 설계지침서 최종제안요청
https://www.g2b.go.kr/link/PNPE027_01/single/?bidPbancNo=R25BK01142580&bidPbancOrd=000,R25BK01142580,g2b,"서, 용역입찰유의서, 용역계약일반조건, 용역계약특수조건"
https://www.g2b.go.kr/link/PNPE027_01/single/?bidPbancNo=R25BK01141165&bidPbancOrd=000,R25BK01141165,g2b,서 내역서 영문요약서 과업지시서 설계지침서 최종제안요청
https://www.g2b.go.kr/link/PNPE027_01/single/?bidPbancNo=R25BK01142392&bidPbancOrd=000,R25BK01142392,g2b,"서, 용역입찰유의서, 용역계약일반조건, 용역계약특수조건"
https://www.g2b.go.kr/link/PNPE027_01/single/?bidPbancNo=R25BK01142336&bidPbancOrd=000,R25BK01142336,g2b,"서, 용역입찰유의서, 용역계약일반조건, 용역계약특수조건"
https://www.g2b.go.kr/link/PNPE027_01/single/?bidPbancNo=R25BK01129806&bidPbancOrd=000,R25BK01129806,g2b,"서, 용역입찰유의서, 용역계약일반조건, 용역계약특수조건"
https://www.g2b.go.kr/link/PNPE027_01/single/?bidPbancNo=R25BK01140686&bidPbancOrd=000,R25BK01140686,g2b,서 내역서 영문요약서 과업지시서 설계지침서 최종제안요청
https://www.g2b.go.kr/link/PNPE027_01/single/?bidPbancNo=R25BK01140518&bidPbancOrd=000,R25BK01140518,g2b,"서, 용역입찰유의서, 용역계약일반조건, 용역계약특수조건"
https://www.g2b.go.kr/link/PNPE027_01/single/?bidPbancNo=R25BK01140464&bidPbancOrd=000,R25BK01140464,g2b,나라장터
https://www.g2b.go.kr/link/PNPE027_01/single/?bidPbancNo=R25BK01139092&bidPbancOrd=000,R25BK01139092,g2b,서 내역서 영문요약서 과업지시서 설계지침서 최종제안요청
https://www.g2b.go.kr/link/PNPE027_01/single/?bidPbancNo=R25BK01131357&bidPbancOrd=000,R25BK01131357,g2b,"서, 용역입찰유의서, 용역계약일반조건, 용역계약특수조건"
https://www.g2b.go.kr/link/PNPE027_01/single/?bidPbancNo=R25BK01139601&bidPbancOrd=000,R25BK01139601,g2b,서 내역서 영문요약서 과업지시서 설계지침서 최종제안요청
https://www.g2b.go.kr/link/PNPE027_01/single/?bidPbancNo=R25BK01136907&bidPbancOrd=000,R25BK01136907,g2b,"서, 용역입찰유의서, 용역계약일반조건, 용역계약특수조건"
https://www.g2b.go.kr/link/PNPE027_01/single/?bidPbancNo=R25BK01134463&bidPbancOrd=000,R25BK01134463,g2b,나라장터
https://www.g2b.go.kr/link/PNPE027_01/single/?bidPbancNo=R25BK01136653&bidPbancOrd=000,R25BK01136653,g2b,서 내역서 영문요약서 과업지시서 설계지침서 최종제안요청
https://www.g2b.go.kr/link/PNPE027_01/single/?bidPbancNo=R25BK01136626&bidPbancOrd=000,R25BK01136626,g2b,서 내역서 영문요약서 과업지시서 설계지침서 최종제안요청
https://www.g2b.go.kr/link/PNPE027_01/single/?bidPbancNo=R25BK01134444&bidPbancOrd=000,R25BK01134444,g2b,서 내역서 영문요약서 과업지시서 설계지침서 최종제안요청
https://www.g2b.go.kr/link/PNPE027_01/single/?bidPbancNo=R25BK01130577&bidPbancOrd=000,R25BK01130577,g2b,서 내역서 영문요약서 과업지시서 설계지침서 최종제안요청
https://www.g2b.go.kr/link/PNPE027_01/single/?bidPbancNo=R25BK01134991&bidPbancOrd=000,R25BK01134991,g2b,서 내역서 영문요약서 과업지시서 설계지침서 최종제안요청
https://www.g2b.go.kr/link/PNPE027_01/single/?bidPbancNo=R25BK01127699&bidPbancOrd=000,R25BK01127699,g2b,서 내역서 영문요약서 과업지시서 설계지침서 최종제안요청
https://www.g2b.go.kr/link/PNPE027_01/single/?bidPbancNo=R25BK01135290&bidPbancOrd=000,R25BK01135290,g2b,서 내역서 영문요약서 과업지시서 설계지침서 최종제안요청
https://www.g2b.go.kr/link/PNPE027_01/single/?bidPbancNo=R25BK01134766&bidPbancOrd=000,R25BK01134766,g2b,서 내역서 영문요약서 과업지시서 설계지침서 최종제안요청
https://www.g2b.go.kr/link/PNPE027_01/single/?bidPbancNo=R25BK01134745&bidPbancOrd=000,R25BK01134745,g2b,서 내역서 영문요약서 과업지시서 설계지침서 최종제안요청
https://www.g2b.go.kr/link/PNPE027_01/single/?bidPbancNo=R25BK01135065&bidPbancOrd=000,R25BK01135065,g2b,서 내역서 영문요약서 과업지시서 설계지침서 최종제안요청
https://www.g2b.go.kr/link/PNPE027_01/single/?bidPbancNo=R25BK01131560&bidPbancOrd=000,R25BK01131560,g2b,서 내역서 영문요약서 과업지시서 설계지침서 최종제안요청
https://www.g2b.go.kr/link/PNPE027_01/single/?bidPbancNo=R25BK01135150&bidPbancOrd=000,R25BK01135150,g2b,서 내역서 영문요약서 과업지시서 설계지침서 최종제안요청
https://www.g2b.go.kr/link/PNPE027_01/single/?bidPbancNo=R25BK01132802&bidPbancOrd=000,R25BK01132802,g2b,서 내역서 영문요약서 과업지시서 설계지침서 최종제안요청
https://www.g2b.go.kr/link/PNPE027_01/single/?bidPbancNo=R25BK01104763&bidPbancOrd=001,R25BK01104763,g2b,서 내역서 영문요약서 과업지시서 설계지침서 최종제안요청
https://www.g2b.go.kr/link/PNPE027_01/single/?bidPbancNo=R25BK01128033&bidPbancOrd=000,R25BK01128033,g2b,"서, 용역입찰유의서, 용역계약일반조건, 용역계약특수조건"
https://www.g2b.go.kr/link/PNPE027_01/single/?bidPbancNo=R25BK01116483&bidPbancOrd=001,R25BK01116483,g2b,서 등에 의함 - 현장설치도 Grid end 입찰진행현
https://www.g2b.go.kr/link/PNPE027_01/single/?bidPbancNo=R25BK01129948&bidPbancOrd=000,R25BK01129948,g2b,"서, 용역입찰유의서, 용역계약일반조건, 용역계약특수조건"
https://www.g2b.go.kr/link/PNPE027_01/single/?bidPbancNo=R25BK01129427&bidPbancOrd=000,R25BK01129427,g2b,서 내역서 영문요약서 과업지시서 설계지침서 최종제안요청
https://www.g2b.go.kr/link/PNPE027_01/single/?bidPbancNo=R25BK01129080&bidPbancOrd=000,R25BK01129080,g2b,"서, 용역입찰유의서, 용역계약일반조건, 용역계약특수조건"
https://www.g2b.go.kr/link/PNPE027_01/single/?bidPbancNo=R25BK01128906&bidPbancOrd=000,R25BK01128906,g2b,서 내역서 영문요약서 과업지시서 설계지침서 최종제안요청
https://www.g2b.go.kr/link/PNPE027_01/single/?bidPbancNo=R25BK01128805&bidPbancOrd=000,R25BK01128805,g2b,서 내역서 영문요약서 과업지시서 설계지침서 최종제안요청
https://www.g2b.go.kr/link/PNPE027_01/single/?bidPbancNo=R25BK01128842&bidPbancOrd=000,R25BK01128842,g2b,서 내역서 영문요약서 과업지시서 설계지침서 최종제안요청
https://www.g2b.go.kr/link/PNPE027_01/single/?bidPbancNo=R25BK01128547&bidPbancOrd=000,R25BK01128547,g2b,서 내역서 영문요약서 과업지시서 설계지침서 최종제안요청
https://www.g2b.go.kr/link/PNPE027_01/single/?bidPbancNo=R25BK01126922&bidPbancOrd=000,R25BK01126922,g2b,"서, 용역입찰유의서, 용역계약일반조건, 용역계약특수조건"
https://www.g2b.go.kr/link/PNPE027_01/single/?bidPbancNo=R25BK01123790&bidPbancOrd=000,R25BK01123790,g2b,서 내역서 영문요약서 과업지시서 설계지침서 최종제안요청
https://www.g2b.go.kr/link/PNPE027_01/single/?bidPbancNo=R25BK01123392&bidPbancOrd=000,R25BK01123392,g2b,서 내역서 영문요약서 과업지시서 설계지침서 최종제안요청
https://www.g2b.go.kr/link/PNPE027_01/single/?bidPbancNo=R25BK01107826&bidPbancOrd=001,R25BK01107826,g2b,"서, 용역입찰유의서, 용역계약일반조건, 용역계약특수조건"
https://www.g2b.go.kr/link/PNPE027_01/single/?bidPbancNo=R25BK01125955&bidPbancOrd=000,R25BK01125955,g2b,"서, 용역입찰유의서, 용역계약일반조건, 용역계약특수조건"
https://www.g2b.go.kr/link/PNPE027_01/single/?bidPbancNo=R25BK01123786&bidPbancOrd=000,R25BK01123786,g2b,"서, 용역입찰유의서, 용역계약일반조건, 용역계약특수조건"
https://www.g2b.go.kr/link/PNPE027_01/single/?bidPbancNo=R25BK01122754&bidPbancOrd=001,R25BK01122754,g2b,"서, 용역입찰유의서, 용역계약일반조건, 용역계약특수조건"
https://www.g2b.go.kr/link/PNPE027_01/single/?bidPbancNo=R25BK01123367&bidPbancOrd=001,R25BK01123367,g2b,"서, 용역입찰유의서, 용역계약일반조건, 용역계약특수조건"
https://www.g2b.go.kr/link/PNPE027_01/single/?bidPbancNo=R25BK01119535&bidPbancOrd=000,R25BK01119535,g2b,서 내역서 영문요약서 과업지시서 설계지침서 최종제안요청
https://www.g2b.go.kr/link/PNPE027_01/single/?bidPbancNo=R25BK01120886&bidPbancOrd=000,R25BK01120886,g2b,서 내역서 영문요약서 과업지시서 설계지침서 최종제안요청
https://www.g2b.go.kr/link/PNPE027_01/single/?bidPbancNo=R25BK01117592&bidPbancOrd=000,R25BK01117592,g2b,서 내역서 영문요약서 과업지시서 설계지침서 최종제안요청
https://www.g2b.go.kr/link/PNPE027_01/single/?bidPbancNo=R25BK01115796&bidPbancOrd=000,R25BK01115796,g2b,서 내역서 영문요약서 과업지시서 설계지침서 최종제안요청
https://www.g2b.go.kr/link/PNPE027_01/single/?bidPbancNo=R25BK01115933&bidPbancOrd=000,R25BK01115933,g2b,서 내역서 영문요약서 과업지시서 설계지침서 최종제안요청
https://www.g2b.go.kr/link/PNPE027_01/single/?bidPbancNo=R25BK01117152&bidPbancOrd=000,R25BK01117152,g2b,"서, 용역입찰유의서, 용역계약일반조건, 용역계약특수조건"
https://www.g2b.go.kr/link/PNPE027_01/single/?bidPbancNo=R25BK01116937&bidPbancOrd=000,R25BK01116937,g2b,서 내역서 영문요약서 과업지시서 설계지침서 최종제안요청
https://www.g2b.go.kr/link/PNPE027_01/single/?bidPbancNo=R25BK01117770&bidPbancOrd=000,R25BK01117770,g2b,나라장터
https://www.g2b.go.kr/link/PNPE027_01/single/?bidPbancNo=R25BK01117465&bidPbancOrd=000,R25BK01117465,g2b,서 내역서 영문요약서 과업지시서 설계지침서 최종제안요청
https://www.g2b.go.kr/link/PNPE027_01/single/?bidPbancNo=R25BK01115677&bidPbancOrd=001,R25BK01115677,g2b,"서, 용역입찰유의서, 용역계약일반조건, 용역계약특수조건"
https://www.g2b.go.kr/link/PNPE027_01/single/?bidPbancNo=R25BK01115899&bidPbancOrd=000,R25BK01115899,g2b,"서, 용역입찰유의서, 용역계약일반조건, 용역계약특수조건"
https://www.g2b.go.kr/link/PNPE027_01/single/?bidPbancNo=R25BK01115936&bidPbancOrd=000,R25BK01115936,g2b,서 내역서 영문요약서 과업지시서 설계지침서 최종제안요청
https://www.g2b.go.kr/link/PNPE027_01/single/?bidPbancNo=R25BK01114323&bidPbancOrd=000,R25BK01114323,g2b,서 내역서 영문요약서 과업지시서 설계지침서 최종제안요청
https://www.g2b.go.kr/link/PNPE027_01/single/?bidPbancNo=R25BK01114563&bidPbancOrd=000,R25BK01114563,g2b,서 내역서 영문요약서 과업지시서 설계지침서 최종제안요청
https://www.g2b.go.kr/link/PNPE027_01/single/?bidPbancNo=R25BK01100663&bidPbancOrd=001,R25BK01100663,g2b,서 내역서 영문요약서 과업지시서 설계지침서 최종제안요청
https://www.g2b.go.kr/link/PNPE027_01/single/?bidPbancNo=R25BK01109462&bidPbancOrd=001,R25BK01109462,g2b,"서, 용역입찰유의서, 용역계약일반조건, 용역계약특수조건"
https://www.g2b.go.kr/link/PNPE027_01/single/?bidPbancNo=R25BK01109189&bidPbancOrd=001,R25BK01109189,g2b,"서, 용역입찰유의서, 용역계약일반조건, 용역계약특수조건"
https://www.g2b.go.kr/link/PNPE027_01/single/?bidPbancNo=R25BK01109359&bidPbancOrd=001,R25BK01109359,g2b,"서, 용역입찰유의서, 용역계약일반조건, 용역계약특수조건"
https://www.g2b.go.kr/link/PNPE027_01/single/?bidPbancNo=R25BK01114087&bidPbancOrd=000,R25BK01114087,g2b,"서, 용역입찰유의서, 용역계약일반조건, 용역계약특수조건"
https://www.g2b.go.kr/link/PNPE027_01/single/?bidPbancNo=R25BK01113860&bidPbancOrd=000,R25BK01113860,g2b,서 내역서 영문요약서 과업지시서 설계지침서 최종제안요청
https://www.g2b.go.kr/link/PNPE027_01/single/?bidPbancNo=R25BK01111878&bidPbancOrd=000,R25BK01111878,g2b,서 내역서 영문요약서 과업지시서 설계지침서 최종제안요청
https://www.g2b.go.kr/link/PNPE027_01/single/?bidPbancNo=R25BK01092935&bidPbancOrd=000,R25BK01092935,g2b,"서, 용역입찰유의서, 용역계약일반조건, 용역계약특수조건"
https://www.g2b.go.kr/link/PNPE027_01/single/?bidPbancNo=R25BK01110756&bidPbancOrd=000,R25BK01110756,g2b,서 내역서 영문요약서 과업지시서 설계지침서 최종제안요청
https://www.g2b.go.kr/link/PNPE027_01/single/?bidPbancNo=R25BK01109820&bidPbancOrd=000,R25BK01109820,g2b,"서, 용역입찰유의서, 용역계약일반조건, 용역계약특수조건"
https://www.g2b.go.kr/link/PNPE027_01/single/?bidPbancNo=R25BK01109567&bidPbancOrd=000,R25BK01109567,g2b,서 내역서 영문요약서 과업지시서 설계지침서 최종제안요청
https://www.g2b.go.kr/link/PNPE027_01/single/?bidPbancNo=R25BK01110507&bidPbancOrd=000,R25BK01110507,g2b,"서, 용역입찰유의서, 용역계약일반조건, 용역계약특수조건"
https://www.g2b.go.kr/link/PNPE027_01/single/?bidPbancNo=R25BK01110445&bidPbancOrd=000,R25BK01110445,g2b,"서, 용역입찰유의서, 용역계약일반조건, 용역계약특수조건"
https://www.g2b.go.kr/link/PNPE027_01/single/?bidPbancNo=R25BK01110373&bidPbancOrd=000,R25BK01110373,g2b,"서, 용역입찰유의서, 용역계약일반조건, 용역계약특수조건"
https://www.g2b.go.kr/link/PNPE027_01/single/?bidPbancNo=R25BK01109816&bidPbancOrd=000,R25BK01109816,g2b,"서, 용역입찰유의서, 용역계약일반조건, 용역계약특수조건"
https://www.g2b.go.kr/link/PNPE027_01/single/?bidPbancNo=R25BK01101946&bidPbancOrd=000,R25BK01101946,g2b,"서, 용역입찰유의서, 용역계약일반조건, 용역계약특수조건"
https://www.g2b.go.kr/link/PNPE027_01/single/?bidPbancNo=R25BK01108742&bidPbancOrd=000,R25BK01108742,g2b,서 내역서 영문요약서 과업지시서 설계지침서 최종제안요청
https://www.g2b.go.kr/link/PNPE027_01/single/?bidPbancNo=R25BK01108751&bidPbancOrd=000,R25BK01108751,g2b,서 내역서 영문요약서 과업지시서 설계지침서 최종제안요청
https://www.g2b.go.kr/link/PNPE027_01/single/?bidPbancNo=R25BK01107718&bidPbancOrd=002,R25BK01107718,g2b,서 내역서 영문요약서 과업지시서 설계지침서 최종제안요청
https://www.g2b.go.kr/link/PNPE027_01/single/?bidPbancNo=R25BK01107584&bidPbancOrd=000,R25BK01107584,g2b,"서, 용역입찰유의서, 용역계약일반조건, 용역계약특수조건"
https://www.g2b.go.kr/link/PNPE027_01/single/?bidPbancNo=R25BK01107763&bidPbancOrd=000,R25BK01107763,g2b,"서, 용역입찰유의서, 용역계약일반조건, 용역계약특수조건"
https://www.g2b.go.kr/link/PNPE027_01/single/?bidPbancNo=R25BK01108068&bidPbancOrd=000,R25BK01108068,g2b,"서, 용역입찰유의서, 용역계약일반조건, 용역계약특수조건"
https://www.g2b.go.kr/link/PNPE027_01/single/?bidPbancNo=R25BK01106242&bidPbancOrd=000,R25BK01106242,g2b,서 내역서 영문요약서 과업지시서 설계지침서 최종제안요청
https://www.g2b.go.kr/link/PNPE027_01/single/?bidPbancNo=R25BK01108080&bidPbancOrd=000,R25BK01108080,g2b,"서, 용역입찰유의서, 용역계약일반조건, 용역계약특수조건"
https://www.g2b.go.kr/link/PNPE027_01/single/?bidPbancNo=R25BK01106264&bidPbancOrd=000,R25BK01106264,g2b,"서, 용역입찰유의서, 용역계약일반조건, 용역계약특수조건"
https://www.g2b.go.kr/link/PNPE027_01/single/?bidPbancNo=R25BK01095642&bidPbancOrd=001,R25BK01095642,g2b,"서, 용역입찰유의서, 용역계약일반조건, 용역계약특수조건"
https://www.g2b.go.kr/link/PNPE027_01/single/?bidPbancNo=R25BK01094569&bidPbancOrd=001,R25BK01094569,g2b,"서, 용역입찰유의서, 용역계약일반조건, 용역계약특수조건"
https://www.g2b.go.kr/link/PNPE027_01/single/?bidPbancNo=R25BK01105586&bidPbancOrd=000,R25BK01105586,g2b,"서, 용역입찰유의서, 용역계약일반조건, 용역계약특수조건"
https://www.g2b.go.kr/link/PNPE027_01/single/?bidPbancNo=R25BK01105340&bidPbancOrd=000,R25BK01105340,g2b,나라장터
https://www.g2b.go.kr/link/PNPE027_01/single/?bidPbancNo=R25BK01101447&bidPbancOrd=000,R25BK01101447,g2b,"서, 용역입찰유의서, 용역계약일반조건, 용역계약특수조건"
https://www.g2b.go.kr/link/PNPE027_01/single/?bidPbancNo=R25BK01101701&bidPbancOrd=000,R25BK01101701,g2b,서 내역서 영문요약서 과업지시서 설계지침서 최종제안요청
https://www.g2b.go.kr/link/PNPE027_01/single/?bidPbancNo=R25BK01102230&bidPbancOrd=000,R25BK01102230,g2b,서 내역서 영문요약서 과업지시서 설계지침서 최종제안요청
https://www.g2b.go.kr/link/PNPE027_01/single/?bidPbancNo=R25BK01102244&bidPbancOrd=000,R25BK01102244,g2b,서 내역서 영문요약서 과업지시서 설계지침서 최종제안요청
https://www.g2b.go.kr/link/PNPE027_01/single/?bidPbancNo=R25BK01099822&bidPbancOrd=000,R25BK01099822,g2b,"서, 용역입찰유의서, 용역계약일반조건, 용역계약특수조건"
https://www.g2b.go.kr/link/PNPE027_01/single/?bidPbancNo=R25BK01100560&bidPbancOrd=000,R25BK01100560,g2b,서 내역서 영문요약서 과업지시서 설계지침서 최종제안요청
https://www.g2b.go.kr/link/PNPE027_01/single/?bidPbancNo=R25BK01098871&bidPbancOrd=000,R25BK01098871,g2b,서 내역서 영문요약서 과업지시서 설계지침서 최종제안요청
https://www.g2b.go.kr/link/PNPE027_01/single/?bidPbancNo=R25BK01098831&bidPbancOrd=000,R25BK01098831,g2b,서 내역서 영문요약서 과업지시서 설계지침서 최종제안요청
https://www.g2b.go.kr/link/PNPE027_01/single/?bidPbancNo=R25BK01098768&bidPbancOrd=000,R25BK01098768,g2b,서 내역서 영문요약서 과업지시서 설계지침서 최종제안요청
https://www.g2b.go.kr/link/PNPE027_01/single/?bidPbancNo=R25BK01096629&bidPbancOrd=000,R25BK01096629,g2b,서 내역서 영문요약서 과업지시서 설계지침서 최종제안요청
https://www.g2b.go.kr/link/PNPE027_01/single/?bidPbancNo=R25BK01097436&bidPbancOrd=000,R25BK01097436,g2b,정보 전체1건 Grid start No 문서명 파일명 
https://www.g2b.go.kr/link/PNPE027_01/single/?bidPbancNo=R25BK01095922&bidPbancOrd=001,R25BK01095922,g2b,나라장터
https://www.g2b.go.kr/link/PNPE027_01/single/?bidPbancNo=R25BK01096031&bidPbancOrd=000,R25BK01096031,g2b,서 내역서 영문요약서 과업지시서 설계지침서 최종제안요청
https://www.g2b.go.kr/link/PNPE027_01/single/?bidPbancNo=R25BK01095810&bidPbancOrd=000,R25BK01095810,g2b,서 내역서 영문요약서 과업지시서 설계지침서 최종제안요청
https://www.g2b.go.kr/link/PNPE027_01/single/?bidPbancNo=R25BK01095256&bidPbancOrd=001,R25BK01095256,g2b,나라장터
https://www.g2b.go.kr/link/PNPE027_01/single/?bidPbancNo=R25BK01091188&bidPbancOrd=000,R25BK01091188,g2b,서 내역서 영문요약서 과업지시서 설계지침서 최종제안요청
https://www.g2b.go.kr/link/PNPE027_01/single/?bidPbancNo=R25BK01095392&bidPbancOrd=000,R25BK01095392,g2b,"서, 용역입찰유의서, 용역계약일반조건, 용역계약특수조건"
https://www.g2b.go.kr/link/PNPE027_01/single/?bidPbancNo=R25BK01095829&bidPbancOrd=000,R25BK01095829,g2b,서 내역서 영문요약서 과업지시서 설계지침서 최종제안요청
https://www.g2b.go.kr/link/PNPE027_01/single/?bidPbancNo=R25BK01095593&bidPbancOrd=000,R25BK01095593,g2b,서 내역서 영문요약서 과업지시서 설계지침서 최종제안요청
https://www.g2b.go.kr/link/PNPE027_01/single/?bidPbancNo=R25BK01090771&bidPbancOrd=000,R25BK01090771,g2b,"서, 용역입찰유의서, 용역계약일반조건, 용역계약특수조건"
https://www.g2b.go.kr/link/PNPE027_01/single/?bidPbancNo=R25BK01090091&bidPbancOrd=000,R25BK01090091,g2b,서 내역서 영문요약서 과업지시서 설계지침서 최종제안요청
https://www.g2b.go.kr/link/PNPE027_01/single/?bidPbancNo=R25BK01045796&bidPbancOrd=001,R25BK01045796,g2b,"서, 용역입찰유의서, 용역계약일반조건, 용역계약특수조건"
https://www.g2b.go.kr/link/PNPE027_01/single/?bidPbancNo=R25BK01061666&bidPbancOrd=001,R25BK01061666,g2b,나라장터
https://www.g2b.go.kr/link/PNPE027_01/single/?bidPbancNo=R25BK01087856&bidPbancOrd=000,R25BK01087856,g2b,"서, 용역입찰유의서, 용역계약일반조건, 용역계약특수조건"
https://www.g2b.go.kr/link/PNPE027_01/single/?bidPbancNo=R25BK01088514&bidPbancOrd=000,R25BK01088514,g2b,서 내역서 영문요약서 과업지시서 설계지침서 최종제안요청
https://www.g2b.go.kr/link/PNPE027_01/single/?bidPbancNo=R25BK01088229&bidPbancOrd=000,R25BK01088229,g2b,서 내역서 영문요약서 과업지시서 설계지침서 최종제안요청
https://www.g2b.go.kr/link/PNPE027_01/single/?bidPbancNo=R25BK01074655&bidPbancOrd=001,R25BK01074655,g2b,"서, 용역입찰유의서, 용역계약일반조건, 용역계약특수조건"
https://www.g2b.go.kr/link/PNPE027_01/single/?bidPbancNo=R25BK01109498&bidPbancOrd=000,R25BK01109498,g2b,서 내역서 영문요약서 과업지시서 설계지침서 최종제안요청
https://www.g2b.go.kr/link/PNPE027_01/single/?bidPbancNo=R25BK01086894&bidPbancOrd=000,R25BK01086894,g2b,"서, 용역입찰유의서, 용역계약일반조건, 용역계약특수조건"
https://www.g2b.go.kr/link/PNPE027_01/single/?bidPbancNo=R25BK01086852&bidPbancOrd=000,R25BK01086852,g2b,서 내역서 영문요약서 과업지시서 설계지침서 최종제안요청
https://www.g2b.go.kr/link/PNPE027_01/single/?bidPbancNo=R25BK01086799&bidPbancOrd=000,R25BK01086799,g2b,서 내역서 영문요약서 과업지시서 설계지침서 최종제안요청
https://www.g2b.go.kr/link/PNPE027_01/single/?bidPbancNo=R25BK01086577&bidPbancOrd=000,R25BK01086577,g2b,서 내역서 영문요약서 과업지시서 설계지침서 최종제안요청
https://www.g2b.go.kr/link/PNPE027_01/single/?bidPbancNo=R25BK01086457&bidPbancOrd=000,R25BK01086457,g2b,서 내역서 영문요약서 과업지시서 설계지침서 최종제안요청
https://www.g2b.go.kr/link/PNPE027_01/single/?bidPbancNo=R25BK01030527&bidPbancOrd=001,R25BK01030527,g2b,"서, 용역입찰유의서, 용역계약일반조건, 용역계약특수조건"
https://www.g2b.go.kr/link/PNPE027_01/single/?bidPbancNo=R25BK01072779&bidPbancOrd=001,R25BK01072779,g2b,"서, 용역입찰유의서, 용역계약일반조건, 용역계약특수조건"
https://www.g2b.go.kr/link/PNPE027_01/single/?bidPbancNo=R25BK01083100&bidPbancOrd=000,R25BK01083100,g2b,서 내역서 영문요약서 과업지시서 설계지침서 최종제안요청
https://www.g2b.go.kr/link/PNPE027_01/single/?bidPbancNo=R25BK01083099&bidPbancOrd=000,R25BK01083099,g2b,서 내역서 영문요약서 과업지시서 설계지침서 최종제안요청
https://www.g2b.go.kr/link/PNPE027_01/single/?bidPbancNo=R25BK01083089&bidPbancOrd=000,R25BK01083089,g2b,서 내역서 영문요약서 과업지시서 설계지침서 최종제안요청
https://www.g2b.go.kr/link/PNPE027_01/single/?bidPbancNo=R25BK01082913&bidPbancOrd=000,R25BK01082913,g2b,"서, 용역입찰유의서, 용역계약일반조건, 용역계약특수조건"
https://www.g2b.go.kr/link/PNPE027_01/single/?bidPbancNo=R25BK01080154&bidPbancOrd=000,R25BK01080154,g2b,"서, 용역입찰유의서, 용역계약일반조건, 용역계약특수조건"
https://www.g2b.go.kr/link/PNPE027_01/single/?bidPbancNo=R25BK01079975&bidPbancOrd=000,R25BK01079975,g2b,서 내역서 영문요약서 과업지시서 설계지침서 최종제안요청
https://www.g2b.go.kr/link/PNPE027_01/single/?bidPbancNo=R25BK01078195&bidPbancOrd=000,R25BK01078195,g2b,나라장터
https://www.g2b.go.kr/link/PNPE027_01/single/?bidPbancNo=R25BK01076931&bidPbancOrd=000,R25BK01076931,g2b,서 내역서 영문요약서 과업지시서 설계지침서 최종제안요청
https://www.g2b.go.kr/link/PNPE027_01/single/?bidPbancNo=R25BK01075271&bidPbancOrd=000,R25BK01075271,g2b,서 내역서 영문요약서 과업지시서 설계지침서 최종제안요청
https://www.g2b.go.kr/link/PNPE027_01/single/?bidPbancNo=R25BK01076899&bidPbancOrd=000,R25BK01076899,g2b,서 내역서 영문요약서 과업지시서 설계지침서 최종제안요청
https://www.g2b.go.kr/link/PNPE027_01/single/?bidPbancNo=R25BK01073592&bidPbancOrd=000,R25BK01073592,g2b,"서, 용역입찰유의서, 용역계약일반조건, 용역계약특수조건"
https://www.g2b.go.kr/link/PNPE027_01/single/?bidPbancNo=R25BK01072963&bidPbancOrd=000,R25BK01072963,g2b,서 내역서 영문요약서 과업지시서 설계지침서 최종제안요청
https://www.g2b.go.kr/link/PNPE027_01/single/?bidPbancNo=R25BK01070156&bidPbancOrd=000,R25BK01070156,g2b,"서, 용역입찰유의서, 용역계약일반조건, 용역계약특수조건"
https://www.g2b.go.kr/link/PNPE027_01/single/?bidPbancNo=R25BK01071494&bidPbancOrd=000,R25BK01071494,g2b,서 내역서 영문요약서 과업지시서 설계지침서 최종제안요청
https://www.g2b.go.kr/link/PNPE027_01/single/?bidPbancNo=R25BK01071316&bidPbancOrd=000,R25BK01071316,g2b,서 내역서 영문요약서 과업지시서 설계지침서 최종제안요청
https://www.g2b.go.kr/link/PNPE027_01/single/?bidPbancNo=R25BK01069861&bidPbancOrd=000,R25BK01069861,g2b,"서, 용역입찰유의서, 용역계약일반조건, 용역계약특수조건"
https://www.g2b.go.kr/link/PNPE027_01/single/?bidPbancNo=R25BK01069786&bidPbancOrd=000,R25BK01069786,g2b,나라장터
https://www.g2b.go.kr/link/PNPE027_01/single/?bidPbancNo=R25BK01070102&bidPbancOrd=000,R25BK01070102,g2b,정보 전체0건 Grid start No 문서명 파일명 
https://www.g2b.go.kr/link/PNPE027_01/single/?bidPbancNo=R25BK01063905&bidPbancOrd=001,R25BK01063905,g2b,서 내역서 영문요약서 과업지시서 설계지침서 최종제안요청
https://www.g2b.go.kr/link/PNPE027_01/single/?bidPbancNo=R25BK01069997&bidPbancOrd=000,R25BK01069997,g2b,정보 전체0건 Grid start No 문서명 파일명 
https://www.g2b.go.kr/link/PNPE027_01/single/?bidPbancNo=R25BK01068107&bidPbancOrd=000,R25BK01068107,g2b,서 내역서 영문요약서 과업지시서 설계지침서 최종제안요청
https://www.g2b.go.kr/link/PNPE027_01/single/?bidPbancNo=R25BK01068390&bidPbancOrd=000,R25BK01068390,g2b,"서, 용역입찰유의서, 용역계약일반조건, 용역계약특수조건"
https://www.g2b.go.kr/link/PNPE027_01/single/?bidPbancNo=R25BK01065157&bidPbancOrd=000,R25BK01065157,g2b,"서, 용역입찰유의서, 용역계약일반조건, 용역계약특수조건"
https://www.g2b.go.kr/link/PNPE027_01/single/?bidPbancNo=R25BK01066957&bidPbancOrd=000,R25BK01066957,g2b,"서, 용역입찰유의서, 용역계약일반조건, 용역계약특수조건"
https://www.g2b.go.kr/link/PNPE027_01/single/?bidPbancNo=R25BK01058890&bidPbancOrd=001,R25BK01058890,g2b,나라장터
https://www.g2b.go.kr/link/PNPE027_01/single/?bidPbancNo=R25BK01065181&bidPbancOrd=000,R25BK01065181,g2b,"서, 용역입찰유의서, 용역계약일반조건, 용역계약특수조건"
https://www.g2b.go.kr/link/PNPE027_01/single/?bidPbancNo=R25BK01064185&bidPbancOrd=000,R25BK01064185,g2b,서 내역서 영문요약서 과업지시서 설계지침서 최종제안요청
https://www.g2b.go.kr/link/PNPE027_01/single/?bidPbancNo=R25BK01063592&bidPbancOrd=000,R25BK01063592,g2b,서 내역서 영문요약서 과업지시서 설계지침서 최종제안요청
https://www.g2b.go.kr/link/PNPE027_01/single/?bidPbancNo=R25BK01062927&bidPbancOrd=000,R25BK01062927,g2b,"서, 용역입찰유의서, 용역계약일반조건, 용역계약특수조건"
https://www.g2b.go.kr/link/PNPE027_01/single/?bidPbancNo=R25BK01062932&bidPbancOrd=000,R25BK01062932,g2b,서 내역서 영문요약서 과업지시서 설계지침서 최종제안요청
https://www.g2b.go.kr/link/PNPE027_01/single/?bidPbancNo=R25BK01057610&bidPbancOrd=000,R25BK01057610,g2b,서 내역서 영문요약서 과업지시서 설계지침서 최종제안요청
https://www.g2b.go.kr/link/PNPE027_01/single/?bidPbancNo=R25BK01056858&bidPbancOrd=000,R25BK01056858,g2b,서 내역서 영문요약서 과업지시서 설계지침서 최종제안요청
https://www.g2b.go.kr/link/PNPE027_01/single/?bidPbancNo=R25BK01054634&bidPbancOrd=000,R25BK01054634,g2b,"서, 용역입찰유의서, 용역계약일반조건, 용역계약특수조건"
https://www.g2b.go.kr/link/PNPE027_01/single/?bidPbancNo=R25BK01054569&bidPbancOrd=000,R25BK01054569,g2b,"서, 용역입찰유의서, 용역계약일반조건, 용역계약특수조건"
https://www.g2b.go.kr/link/PNPE027_01/single/?bidPbancNo=R25BK01045662&bidPbancOrd=000,R25BK01045662,g2b,"서, 용역입찰유의서, 용역계약일반조건, 용역계약특수조건"
https://www.g2b.go.kr/link/PNPE027_01/single/?bidPbancNo=R25BK01054334&bidPbancOrd=000,R25BK01054334,g2b,"서, 용역입찰유의서, 용역계약일반조건, 용역계약특수조건"
https://www.g2b.go.kr/link/PNPE027_01/single/?bidPbancNo=R25BK01053164&bidPbancOrd=000,R25BK01053164,g2b,서 내역서 영문요약서 과업지시서 설계지침서 최종제안요청
https://www.g2b.go.kr/link/PNPE027_01/single/?bidPbancNo=R25BK01053141&bidPbancOrd=000,R25BK01053141,g2b,서 내역서 영문요약서 과업지시서 설계지침서 최종제안요청
https://www.g2b.go.kr/link/PNPE027_01/single/?bidPbancNo=R25BK01053122&bidPbancOrd=000,R25BK01053122,g2b,서 내역서 영문요약서 과업지시서 설계지침서 최종제안요청
https://www.g2b.go.kr/link/PNPE027_01/single/?bidPbancNo=R25BK01053098&bidPbancOrd=000,R25BK01053098,g2b,서 내역서 영문요약서 과업지시서 설계지침서 최종제안요청
https://www.g2b.go.kr/link/PNPE027_01/single/?bidPbancNo=R25BK01051725&bidPbancOrd=000,R25BK01051725,g2b,정보 전체0건 Grid start No 문서명 파일명 
https://www.g2b.go.kr/link/PNPE027_01/single/?bidPbancNo=R25BK01051666&bidPbancOrd=000,R25BK01051666,g2b,정보 전체0건 Grid start No 문서명 파일명 
https://www.g2b.go.kr/link/PNPE027_01/single/?bidPbancNo=R25BK01052315&bidPbancOrd=000,R25BK01052315,g2b,서 내역서 영문요약서 과업지시서 설계지침서 최종제안요청
https://www.g2b.go.kr/link/PNPE027_01/single/?bidPbancNo=R25BK01052268&bidPbancOrd=000,R25BK01052268,g2b,서 내역서 영문요약서 과업지시서 설계지침서 최종제안요청
https://www.g2b.go.kr/link/PNPE027_01/single/?bidPbancNo=R25BK01050768&bidPbancOrd=000,R25BK01050768,g2b,"서, 용역입찰유의서, 용역계약일반조건, 용역계약특수조건"
https://www.g2b.go.kr/link/PNPE027_01/single/?bidPbancNo=R25BK01049402&bidPbancOrd=000,R25BK01049402,g2b,서 내역서 영문요약서 과업지시서 설계지침서 최종제안요청
https://www.g2b.go.kr/link/PNPE027_01/single/?bidPbancNo=R25BK01049432&bidPbancOrd=000,R25BK01049432,g2b,서 내역서 영문요약서 과업지시서 설계지침서 최종제안요청
https://www.g2b.go.kr/link/PNPE027_01/single/?bidPbancNo=R25BK01049368&bidPbancOrd=000,R25BK01049368,g2b,서 내역서 영문요약서 과업지시서 설계지침서 최종제안요청
https://www.g2b.go.kr/link/PNPE027_01/single/?bidPbancNo=R25BK01049293&bidPbancOrd=000,R25BK01049293,g2b,서 내역서 영문요약서 과업지시서 설계지침서 최종제안요청
https://www.g2b.go.kr/link/PNPE027_01/single/?bidPbancNo=R25BK01070385&bidPbancOrd=000,R25BK01070385,g2b,서 내역서 영문요약서 과업지시서 설계지침서 최종제안요청
https://www.g2b.go.kr/link/PNPE027_01/single/?bidPbancNo=R25BK01048740&bidPbancOrd=000,R25BK01048740,g2b,"서, 용역입찰유의서, 용역계약일반조건, 용역계약특수조건"
https://www.g2b.go.kr/link/PNPE027_01/single/?bidPbancNo=R25BK01048833&bidPbancOrd=000,R25BK01048833,g2b,"서, 용역입찰유의서, 용역계약일반조건, 용역계약특수조건"
https://www.g2b.go.kr/link/PNPE027_01/single/?bidPbancNo=R25BK01049338&bidPbancOrd=000,R25BK01049338,g2b,"서, 용역입찰유의서, 용역계약일반조건, 용역계약특수조건"
https://www.g2b.go.kr/link/PNPE027_01/single/?bidPbancNo=R25BK01049359&bidPbancOrd=000,R25BK01049359,g2b,"서, 용역입찰유의서, 용역계약일반조건, 용역계약특수조건"
https://www.g2b.go.kr/link/PNPE027_01/single/?bidPbancNo=R25BK01047252&bidPbancOrd=000,R25BK01047252,g2b,서 내역서 영문요약서 과업지시서 설계지침서 최종제안요청
https://www.g2b.go.kr/link/PNPE027_01/single/?bidPbancNo=R25BK01047219&bidPbancOrd=000,R25BK01047219,g2b,서 내역서 영문요약서 과업지시서 설계지침서 최종제안요청
https://www.g2b.go.kr/link/PNPE027_01/single/?bidPbancNo=R25BK01047284&bidPbancOrd=000,R25BK01047284,g2b,서 내역서 영문요약서 과업지시서 설계지침서 최종제안요청
https://www.g2b.go.kr/link/PNPE027_01/single/?bidPbancNo=R25BK01047152&bidPbancOrd=000,R25BK01047152,g2b,서 내역서 영문요약서 과업지시서 설계지침서 최종제안요청
https://www.g2b.go.kr/link/PNPE027_01/single/?bidPbancNo=R25BK01069107&bidPbancOrd=000,R25BK01069107,g2b,"서, 용역입찰유의서, 용역계약일반조건, 용역계약특수조건"
https://www.g2b.go.kr/link/PNPE027_01/single/?bidPbancNo=R25BK01045245&bidPbancOrd=000,R25BK01045245,g2b,"서, 용역입찰유의서, 용역계약일반조건, 용역계약특수조건"
https://www.g2b.go.kr/link/PNPE027_01/single/?bidPbancNo=R25BK01045115&bidPbancOrd=000,R25BK01045115,g2b,서 내역서 영문요약서 과업지시서 설계지침서 최종제안요청
https://www.g2b.go.kr/link/PNPE027_01/single/?bidPbancNo=R25BK01035013&bidPbancOrd=000,R25BK01035013,g2b,서 내역서 영문요약서 과업지시서 설계지침서 최종제안요청
https://www.g2b.go.kr/link/PNPE027_01/single/?bidPbancNo=R25BK01035392&bidPbancOrd=000,R25BK01035392,g2b,서 내역서 영문요약서 과업지시서 설계지침서 최종제안요청
https://www.g2b.go.kr/link/PNPE027_01/single/?bidPbancNo=R25BK01035360&bidPbancOrd=000,R25BK01035360,g2b,서 내역서 영문요약서 과업지시서 설계지침서 최종제안요청
https://www.g2b.go.kr/link/PNPE027_01/single/?bidPbancNo=R25BK01043000&bidPbancOrd=000,R25BK01043000,g2b,나라장터
https://www.g2b.go.kr/link/PNPE027_01/single/?bidPbancNo=R25BK01039323&bidPbancOrd=000,R25BK01039323,g2b,서 내역서 영문요약서 과업지시서 설계지침서 최종제안요청
https://www.g2b.go.kr/link/PNPE027_01/single/?bidPbancNo=R25BK01040327&bidPbancOrd=000,R25BK01040327,g2b,"서, 용역입찰유의서, 용역계약일반조건, 용역계약특수조건"
https://www.g2b.go.kr/link/PNPE027_01/single/?bidPbancNo=R25BK01039286&bidPbancOrd=000,R25BK01039286,g2b,"서, 용역입찰유의서, 용역계약일반조건, 용역계약특수조건"
https://www.g2b.go.kr/link/PNPE027_01/single/?bidPbancNo=R25BK01037565&bidPbancOrd=000,R25BK01037565,g2b,"서, 용역입찰유의서, 용역계약일반조건, 용역계약특수조건"
https://www.g2b.go.kr/link/PNPE027_01/single/?bidPbancNo=R25BK01031984&bidPbancOrd=000,R25BK01031984,g2b,서 내역서 영문요약서 과업지시서 설계지침서 최종제안요청
https://www.g2b.go.kr/link/PNPE027_01/single/?bidPbancNo=R25BK01038392&bidPbancOrd=000,R25BK01038392,g2b,서 내역서 영문요약서 과업지시서 설계지침서 최종제안요청
https://www.g2b.go.kr/link/PNPE027_01/single/?bidPbancNo=R25BK01037850&bidPbancOrd=000,R25BK01037850,g2b,"서, 용역입찰유의서, 용역계약일반조건, 용역계약특수조건"
https://www.g2b.go.kr/link/PNPE027_01/single/?bidPbancNo=R25BK01037518&bidPbancOrd=002,R25BK01037518,g2b,"서, 용역입찰유의서, 용역계약일반조건, 용역계약특수조건"
https://www.g2b.go.kr/link/PNPE027_01/single/?bidPbancNo=R25BK01037568&bidPbancOrd=000,R25BK01037568,g2b,"서, 용역입찰유의서, 용역계약일반조건, 용역계약특수조건"
https://www.g2b.go.kr/link/PNPE027_01/single/?bidPbancNo=R25BK01038514&bidPbancOrd=000,R25BK01038514,g2b,"서, 용역입찰유의서, 용역계약일반조건, 용역계약특수조건"
https://www.g2b.go.kr/link/PNPE027_01/single/?bidPbancNo=R25BK01037441&bidPbancOrd=000,R25BK01037441,g2b,서 내역서 영문요약서 과업지시서 설계지침서 최종제안요청
https://www.g2b.go.kr/link/PNPE027_01/single/?bidPbancNo=R25BK01034819&bidPbancOrd=000,R25BK01034819,g2b,서 내역서 영문요약서 과업지시서 설계지침서 최종제안요청
https://www.g2b.go.kr/link/PNPE027_01/single/?bidPbancNo=R25BK01037458&bidPbancOrd=000,R25BK01037458,g2b,서 내역서 영문요약서 과업지시서 설계지침서 최종제안요청
https://www.g2b.go.kr/link/PNPE027_01/single/?bidPbancNo=R25BK01033530&bidPbancOrd=000,R25BK01033530,g2b,서 내역서 영문요약서 과업지시서 설계지침서 최종제안요청
https://www.g2b.go.kr/link/PNPE027_01/single/?bidPbancNo=R25BK01036251&bidPbancOrd=000,R25BK01036251,g2b,서 내역서 영문요약서 과업지시서 설계지침서 최종제안요청
https://www.g2b.go.kr/link/PNPE027_01/single/?bidPbancNo=R25BK01036314&bidPbancOrd=000,R25BK01036314,g2b,"서, 용역입찰유의서, 용역계약일반조건, 용역계약특수조건"
https://www.g2b.go.kr/link/PNPE027_01/single/?bidPbancNo=R25BK01015766&bidPbancOrd=001,R25BK01015766,g2b,나라장터
https://www.g2b.go.kr/link/PNPE027_01/single/?bidPbancNo=R25BK01033115&bidPbancOrd=000,R25BK01033115,g2b,서 내역서 영문요약서 과업지시서 설계지침서 최종제안요청
https://www.g2b.go.kr/link/PNPE027_01/single/?bidPbancNo=R25BK01033223&bidPbancOrd=000,R25BK01033223,g2b,"서, 용역입찰유의서, 용역계약일반조건, 용역계약특수조건"
https://www.g2b.go.kr/link/PNPE027_01/single/?bidPbancNo=R25BK01031353&bidPbancOrd=000,R25BK01031353,g2b,"서, 용역입찰유의서, 용역계약일반조건, 용역계약특수조건"
https://www.g2b.go.kr/link/PNPE027_01/single/?bidPbancNo=R25BK01032034&bidPbancOrd=000,R25BK01032034,g2b,서 내역서 영문요약서 과업지시서 설계지침서 최종제안요청
https://www.g2b.go.kr/link/PNPE027_01/single/?bidPbancNo=R25BK01031556&bidPbancOrd=000,R25BK01031556,g2b,"서, 용역입찰유의서, 용역계약일반조건, 용역계약특수조건"
https://www.g2b.go.kr/link/PNPE027_01/single/?bidPbancNo=R25BK01027492&bidPbancOrd=000,R25BK01027492,g2b,서 내역서 영문요약서 과업지시서 설계지침서 최종제안요청
https://www.g2b.go.kr/link/PNPE027_01/single/?bidPbancNo=R25BK01023312&bidPbancOrd=001,R25BK01023312,g2b,"서, 용역입찰유의서, 용역계약일반조건, 용역계약특수조건"
https://www.g2b.go.kr/link/PNPE027_01/single/?bidPbancNo=R25BK01023826&bidPbancOrd=000,R25BK01023826,g2b,"서, 용역입찰유의서, 용역계약일반조건, 용역계약특수조건"
https://www.g2b.go.kr/link/PNPE027_01/single/?bidPbancNo=R25BK01023762&bidPbancOrd=000,R25BK01023762,g2b,서 내역서 영문요약서 과업지시서 설계지침서 최종제안요청
https://www.g2b.go.kr/link/PNPE027_01/single/?bidPbancNo=R25BK01024907&bidPbancOrd=000,R25BK01024907,g2b,서 내역서 영문요약서 과업지시서 설계지침서 최종제안요청
https://www.g2b.go.kr/link/PNPE027_01/single/?bidPbancNo=R25BK01024463&bidPbancOrd=000,R25BK01024463,g2b,서 내역서 영문요약서 과업지시서 설계지침서 최종제안요청
https://www.g2b.go.kr/link/PNPE027_01/single/?bidPbancNo=R25BK01022995&bidPbancOrd=000,R25BK01022995,g2b,"서, 용역입찰유의서, 용역계약일반조건, 용역계약특수조건"
https://www.g2b.go.kr/link/PNPE027_01/single/?bidPbancNo=R25BK01020225&bidPbancOrd=000,R25BK01020225,g2b,서 내역서 영문요약서 과업지시서 설계지침서 최종제안요청
https://www.g2b.go.kr/link/PNPE027_01/single/?bidPbancNo=R25BK01018239&bidPbancOrd=000,R25BK01018239,g2b,"서, 용역입찰유의서, 용역계약일반조건, 용역계약특수조건"
https://www.g2b.go.kr/link/PNPE027_01/single/?bidPbancNo=R25BK01015810&bidPbancOrd=000,R25BK01015810,g2b,서 내역서 영문요약서 과업지시서 설계지침서 최종제안요청
https://www.g2b.go.kr/link/PNPE027_01/single/?bidPbancNo=R25BK01016258&bidPbancOrd=000,R25BK01016258,g2b,서 내역서 영문요약서 과업지시서 설계지침서 최종제안요청
https://www.g2b.go.kr/link/PNPE027_01/single/?bidPbancNo=R25BK01016339&bidPbancOrd=000,R25BK01016339,g2b,서 내역서 영문요약서 과업지시서 설계지침서 최종제안요청
https://www.g2b.go.kr/link/PNPE027_01/single/?bidPbancNo=R25BK01017036&bidPbancOrd=000,R25BK01017036,g2b,"서, 용역입찰유의서, 용역계약일반조건, 용역계약특수조건"
https://www.g2b.go.kr/link/PNPE027_01/single/?bidPbancNo=R25BK01015591&bidPbancOrd=000,R25BK01015591,g2b,서 내역서 영문요약서 과업지시서 설계지침서 최종제안요청
https://www.g2b.go.kr/link/PNPE027_01/single/?bidPbancNo=R25BK01015905&bidPbancOrd=000,R25BK01015905,g2b,"서, 용역입찰유의서, 용역계약일반조건, 용역계약특수조건"
https://www.g2b.go.kr/link/PNPE027_01/single/?bidPbancNo=R25BK01004995&bidPbancOrd=000,R25BK01004995,g2b,서 내역서 영문요약서 과업지시서 설계지침서 최종제안요청
https://www.g2b.go.kr/link/PNPE027_01/single/?bidPbancNo=R25BK01010532&bidPbancOrd=000,R25BK01010532,g2b,서 내역서 영문요약서 과업지시서 설계지침서 최종제안요청
https://www.g2b.go.kr/link/PNPE027_01/single/?bidPbancNo=R25BK01010351&bidPbancOrd=000,R25BK01010351,g2b,서 내역서 영문요약서 과업지시서 설계지침서 최종제안요청
https://www.g2b.go.kr/link/PNPE027_01/single/?bidPbancNo=R25BK01006790&bidPbancOrd=000,R25BK01006790,g2b,서 내역서 영문요약서 과업지시서 설계지침서 최종제안요청
https://www.g2b.go.kr/link/PNPE027_01/single/?bidPbancNo=R25BK01008265&bidPbancOrd=000,R25BK01008265,g2b,"서, 용역입찰유의서, 용역계약일반조건, 용역계약특수조건"
https://www.g2b.go.kr/link/PNPE027_01/single/?bidPbancNo=R25BK01008467&bidPbancOrd=000,R25BK01008467,g2b,서 내역서 영문요약서 과업지시서 설계지침서 최종제안요청
https://www.g2b.go.kr/link/PNPE027_01/single/?bidPbancNo=R25BK01005931&bidPbancOrd=000,R25BK01005931,g2b,나라장터
https://www.g2b.go.kr/link/PNPE027_01/single/?bidPbancNo=R25BK00944412&bidPbancOrd=001,R25BK00944412,g2b,서 내역서 영문요약서 과업지시서 설계지침서 최종제안요청
https://www.g2b.go.kr/link/PNPE027_01/single/?bidPbancNo=R25BK01006206&bidPbancOrd=001,R25BK01006206,g2b,나라장터
https://www.g2b.go.kr/link/PNPE027_01/single/?bidPbancNo=R25BK01005324&bidPbancOrd=000,R25BK01005324,g2b,"서, 용역입찰유의서, 용역계약일반조건, 용역계약특수조건"
https://www.g2b.go.kr/link/PNPE027_01/single/?bidPbancNo=R25BK00998760&bidPbancOrd=001,R25BK00998760,g2b,서 내역서 영문요약서 과업지시서 설계지침서 최종제안요청
https://www.g2b.go.kr/link/PNPE027_01/single/?bidPbancNo=R25BK01000942&bidPbancOrd=000,R25BK01000942,g2b,"서, 용역입찰유의서, 용역계약일반조건, 용역계약특수조건"
https://www.g2b.go.kr/link/PNPE027_01/single/?bidPbancNo=R25BK01004109&bidPbancOrd=001,R25BK01004109,g2b,서 내역서 영문요약서 과업지시서 설계지침서 최종제안요청
https://www.g2b.go.kr/link/PNPE027_01/single/?bidPbancNo=R25BK01004670&bidPbancOrd=000,R25BK01004670,g2b,"서, 용역입찰유의서, 용역계약일반조건, 용역계약특수조건"
https://www.g2b.go.kr/link/PNPE027_01/single/?bidPbancNo=R25BK01003786&bidPbancOrd=000,R25BK01003786,g2b,서 내역서 영문요약서 과업지시서 설계지침서 최종제안요청
https://www.g2b.go.kr/link/PNPE027_01/single/?bidPbancNo=R25BK01001479&bidPbancOrd=000,R25BK01001479,g2b,서 내역서 영문요약서 과업지시서 설계지침서 최종제안요청
https://www.g2b.go.kr/link/PNPE027_01/single/?bidPbancNo=R25BK00996073&bidPbancOrd=000,R25BK00996073,g2b,정보 전체5건 Grid start No 문서명 파일명 
https://www.g2b.go.kr/link/PNPE027_01/single/?bidPbancNo=R25BK01000877&bidPbancOrd=000,R25BK01000877,g2b,"서, 용역입찰유의서, 용역계약일반조건, 용역계약특수조건"
https://www.g2b.go.kr/link/PNPE027_01/single/?bidPbancNo=R25BK01001441&bidPbancOrd=000,R25BK01001441,g2b,"서, 용역입찰유의서, 용역계약일반조건, 용역계약특수조건"
https://www.g2b.go.kr/link/PNPE027_01/single/?bidPbancNo=R25BK00998815&bidPbancOrd=000,R25BK00998815,g2b,서 내역서 영문요약서 과업지시서 설계지침서 최종제안요청
https://www.g2b.go.kr/link/PNPE027_01/single/?bidPbancNo=R25BK00995979&bidPbancOrd=000,R25BK00995979,g2b,서 내역서 영문요약서 과업지시서 설계지침서 최종제안요청
https://www.g2b.go.kr/link/PNPE027_01/single/?bidPbancNo=R25BK00993965&bidPbancOrd=001,R25BK00993965,g2b,서 내역서 영문요약서 과업지시서 설계지침서 최종제안요청
https://www.g2b.go.kr/link/PNPE027_01/single/?bidPbancNo=R25BK00992224&bidPbancOrd=000,R25BK00992224,g2b,서 내역서 영문요약서 과업지시서 설계지침서 최종제안요청
https://www.g2b.go.kr/link/PNPE027_01/single/?bidPbancNo=R25BK00996105&bidPbancOrd=000,R25BK00996105,g2b,서 내역서 영문요약서 과업지시서 설계지침서 최종제안요청
https://www.g2b.go.kr/link/PNPE027_01/single/?bidPbancNo=R25BK00994182&bidPbancOrd=000,R25BK00994182,g2b,서 내역서 영문요약서 과업지시서 설계지침서 최종제안요청
https://www.g2b.go.kr/link/PNPE027_01/single/?bidPbancNo=R25BK00994398&bidPbancOrd=000,R25BK00994398,g2b,"서, 용역입찰유의서, 용역계약일반조건, 용역계약특수조건"
https://www.g2b.go.kr/link/PNPE027_01/single/?bidPbancNo=R25BK00993334&bidPbancOrd=000,R25BK00993334,g2b,"서, 용역입찰유의서, 용역계약일반조건, 용역계약특수조건"
https://www.g2b.go.kr/link/PNPE027_01/single/?bidPbancNo=R25BK00992516&bidPbancOrd=000,R25BK00992516,g2b,서 내역서 영문요약서 과업지시서 설계지침서 최종제안요청
https://www.g2b.go.kr/link/PNPE027_01/single/?bidPbancNo=R25BK00992217&bidPbancOrd=000,R25BK00992217,g2b,정보 전체0건 Grid start No 문서명 파일명 
https://www.g2b.go.kr/link/PNPE027_01/single/?bidPbancNo=R25BK00992105&bidPbancOrd=000,R25BK00992105,g2b,정보 전체0건 Grid start No 문서명 파일명 
https://www.g2b.go.kr/link/PNPE027_01/single/?bidPbancNo=R25BK00992400&bidPbancOrd=000,R25BK00992400,g2b,"서, 용역입찰유의서, 용역계약일반조건, 용역계약특수조건"
https://www.g2b.go.kr/link/PNPE027_01/single/?bidPbancNo=R25BK00983452&bidPbancOrd=000,R25BK00983452,g2b,서 내역서 영문요약서 과업지시서 설계지침서 최종제안요청
https://www.g2b.go.kr/link/PNPE027_01/single/?bidPbancNo=R25BK00991763&bidPbancOrd=000,R25BK00991763,g2b,"서, 용역입찰유의서, 용역계약일반조건, 용역계약특수조건"
https://www.g2b.go.kr/link/PNPE027_01/single/?bidPbancNo=R25BK00991677&bidPbancOrd=000,R25BK00991677,g2b,"서, 용역입찰유의서, 용역계약일반조건, 용역계약특수조건"
https://www.g2b.go.kr/link/PNPE027_01/single/?bidPbancNo=R25BK00991735&bidPbancOrd=000,R25BK00991735,g2b,"서, 용역입찰유의서, 용역계약일반조건, 용역계약특수조건"
https://www.g2b.go.kr/link/PNPE027_01/single/?bidPbancNo=R25BK00989614&bidPbancOrd=000,R25BK00989614,g2b,"서, 용역입찰유의서, 용역계약일반조건, 용역계약특수조건"
https://www.g2b.go.kr/link/PNPE027_01/single/?bidPbancNo=R25BK00990655&bidPbancOrd=000,R25BK00990655,g2b,"서, 용역입찰유의서, 용역계약일반조건, 용역계약특수조건"
https://www.g2b.go.kr/link/PNPE027_01/single/?bidPbancNo=R25BK00990472&bidPbancOrd=000,R25BK00990472,g2b,"서, 용역입찰유의서, 용역계약일반조건, 용역계약특수조건"
https://www.g2b.go.kr/link/PNPE027_01/single/?bidPbancNo=R25BK00990587&bidPbancOrd=000,R25BK00990587,g2b,"서, 용역입찰유의서, 용역계약일반조건, 용역계약특수조건"
https://www.g2b.go.kr/link/PNPE027_01/single/?bidPbancNo=R25BK00990409&bidPbancOrd=000,R25BK00990409,g2b,"서, 용역입찰유의서, 용역계약일반조건, 용역계약특수조건"
https://www.g2b.go.kr/link/PNPE027_01/single/?bidPbancNo=R25BK00990436&bidPbancOrd=000,R25BK00990436,g2b,"서, 용역입찰유의서, 용역계약일반조건, 용역계약특수조건"
https://www.g2b.go.kr/link/PNPE027_01/single/?bidPbancNo=R25BK00990368&bidPbancOrd=000,R25BK00990368,g2b,"서, 용역입찰유의서, 용역계약일반조건, 용역계약특수조건"
https://www.g2b.go.kr/link/PNPE027_01/single/?bidPbancNo=R25BK00988801&bidPbancOrd=000,R25BK00988801,g2b,"서, 용역입찰유의서, 용역계약일반조건, 용역계약특수조건"
https://www.g2b.go.kr/link/PNPE027_01/single/?bidPbancNo=R25BK00988837&bidPbancOrd=000,R25BK00988837,g2b,번호 제안요청명 입찰공고번호 공고정보 참조번호 2025
https://www.g2b.go.kr/link/PNPE027_01/single/?bidPbancNo=R25BK00988760&bidPbancOrd=000,R25BK00988760,g2b,번호 제안요청명 입찰공고번호 공고정보 참조번호 2025
https://www.g2b.go.kr/link/PNPE027_01/single/?bidPbancNo=R25BK00987484&bidPbancOrd=000,R25BK00987484,g2b,서 내역서 영문요약서 과업지시서 설계지침서 최종제안요청
https://www.g2b.go.kr/link/PNPE027_01/single/?bidPbancNo=R25BK00983784&bidPbancOrd=001,R25BK00983784,g2b,서 내역서 영문요약서 과업지시서 설계지침서 최종제안요청
https://www.g2b.go.kr/link/PNPE027_01/single/?bidPbancNo=R25BK00987804&bidPbancOrd=000,R25BK00987804,g2b,서 내역서 영문요약서 과업지시서 설계지침서 최종제안요청
https://www.g2b.go.kr/link/PNPE027_01/single/?bidPbancNo=R25BK00966279&bidPbancOrd=000,R25BK00966279,g2b,서 내역서 영문요약서 과업지시서 설계지침서 최종제안요청
https://www.g2b.go.kr/link/PNPE027_01/single/?bidPbancNo=R25BK00984744&bidPbancOrd=000,R25BK00984744,g2b,"서, 용역입찰유의서, 용역계약일반조건, 용역계약특수조건"
https://www.g2b.go.kr/link/PNPE027_01/single/?bidPbancNo=R25BK00982263&bidPbancOrd=000,R25BK00982263,g2b,서 내역서 영문요약서 과업지시서 설계지침서 최종제안요청
https://www.g2b.go.kr/link/PNPE027_01/single/?bidPbancNo=R25BK00985294&bidPbancOrd=000,R25BK00985294,g2b,"서, 용역입찰유의서, 용역계약일반조건, 용역계약특수조건"
https://www.g2b.go.kr/link/PNPE027_01/single/?bidPbancNo=R25BK00983210&bidPbancOrd=000,R25BK00983210,g2b,서 내역서 영문요약서 과업지시서 설계지침서 최종제안요청
https://www.g2b.go.kr/link/PNPE027_01/single/?bidPbancNo=R25BK00983096&bidPbancOrd=000,R25BK00983096,g2b,서 내역서 영문요약서 과업지시서 설계지침서 최종제안요청
https://www.g2b.go.kr/link/PNPE027_01/single/?bidPbancNo=R25BK00983132&bidPbancOrd=000,R25BK00983132,g2b,서 내역서 영문요약서 과업지시서 설계지침서 최종제안요청
https://www.g2b.go.kr/link/PNPE027_01/single/?bidPbancNo=R25BK00981594&bidPbancOrd=000,R25BK00981594,g2b,서 내역서 영문요약서 과업지시서 설계지침서 최종제안요청
https://www.g2b.go.kr/link/PNPE027_01/single/?bidPbancNo=R25BK00982907&bidPbancOrd=000,R25BK00982907,g2b,서 내역서 영문요약서 과업지시서 설계지침서 최종제안요청
https://www.g2b.go.kr/link/PNPE027_01/single/?bidPbancNo=R25BK00970414&bidPbancOrd=000,R25BK00970414,g2b,서 내역서 영문요약서 과업지시서 설계지침서 최종제안요청
https://www.g2b.go.kr/link/PNPE027_01/single/?bidPbancNo=R25BK00969085&bidPbancOrd=000,R25BK00969085,g2b,서 내역서 영문요약서 과업지시서 설계지침서 최종제안요청
https://www.g2b.go.kr/link/PNPE027_01/single/?bidPbancNo=R25BK00979830&bidPbancOrd=000,R25BK00979830,g2b,"서, 용역입찰유의서, 용역계약일반조건, 용역계약특수조건"
https://www.g2b.go.kr/link/PNPE027_01/single/?bidPbancNo=R25BK00979361&bidPbancOrd=000,R25BK00979361,g2b,"서, 용역입찰유의서, 용역계약일반조건, 용역계약특수조건"
https://www.g2b.go.kr/link/PNPE027_01/single/?bidPbancNo=R25BK00974791&bidPbancOrd=000,R25BK00974791,g2b,"서, 용역입찰유의서, 용역계약일반조건, 용역계약특수조건"
https://www.g2b.go.kr/link/PNPE027_01/single/?bidPbancNo=R25BK00977815&bidPbancOrd=000,R25BK00977815,g2b,"서, 용역입찰유의서, 용역계약일반조건, 용역계약특수조건"
https://www.g2b.go.kr/link/PNPE027_01/single/?bidPbancNo=R25BK00970975&bidPbancOrd=001,R25BK00970975,g2b,서 내역서 영문요약서 과업지시서 설계지침서 최종제안요청
https://www.g2b.go.kr/link/PNPE027_01/single/?bidPbancNo=R25BK00972761&bidPbancOrd=001,R25BK00972761,g2b,서 내역서 영문요약서 과업지시서 설계지침서 최종제안요청
https://www.g2b.go.kr/link/PNPE027_01/single/?bidPbancNo=R25BK00969874&bidPbancOrd=001,R25BK00969874,g2b,"서, 용역입찰유의서, 용역계약일반조건, 용역계약특수조건"
https://www.g2b.go.kr/link/PNPE027_01/single/?bidPbancNo=R25BK00974992&bidPbancOrd=000,R25BK00974992,g2b,"서, 용역입찰유의서, 용역계약일반조건, 용역계약특수조건"
https://www.g2b.go.kr/link/PNPE027_01/single/?bidPbancNo=R25BK00974913&bidPbancOrd=000,R25BK00974913,g2b,"서, 용역입찰유의서, 용역계약일반조건, 용역계약특수조건"
https://www.g2b.go.kr/link/PNPE027_01/single/?bidPbancNo=R25BK00974785&bidPbancOrd=000,R25BK00974785,g2b,서 내역서 영문요약서 과업지시서 설계지침서 최종제안요청
https://www.g2b.go.kr/link/PNPE027_01/single/?bidPbancNo=R25BK00974990&bidPbancOrd=000,R25BK00974990,g2b,"서, 용역입찰유의서, 용역계약일반조건, 용역계약특수조건"
https://www.g2b.go.kr/link/PNPE027_01/single/?bidPbancNo=R25BK00974907&bidPbancOrd=000,R25BK00974907,g2b,"서, 용역입찰유의서, 용역계약일반조건, 용역계약특수조건"
https://www.g2b.go.kr/link/PNPE027_01/single/?bidPbancNo=R25BK00974656&bidPbancOrd=000,R25BK00974656,g2b,서 내역서 영문요약서 과업지시서 설계지침서 최종제안요청
https://www.g2b.go.kr/link/PNPE027_01/single/?bidPbancNo=R25BK00973967&bidPbancOrd=000,R25BK00973967,g2b,"서, 용역입찰유의서, 용역계약일반조건, 용역계약특수조건"
https://www.g2b.go.kr/link/PNPE027_01/single/?bidPbancNo=R25BK00971344&bidPbancOrd=000,R25BK00971344,g2b,"서, 용역입찰유의서, 용역계약일반조건, 용역계약특수조건"
https://www.g2b.go.kr/link/PNPE027_01/single/?bidPbancNo=R25BK00973861&bidPbancOrd=000,R25BK00973861,g2b,"서, 용역입찰유의서, 용역계약일반조건, 용역계약특수조건"
https://www.g2b.go.kr/link/PNPE027_01/single/?bidPbancNo=R25BK00962164&bidPbancOrd=000,R25BK00962164,g2b,"서, 용역입찰유의서, 용역계약일반조건, 용역계약특수조건"
https://www.g2b.go.kr/link/PNPE027_01/single/?bidPbancNo=R25BK00968166&bidPbancOrd=000,R25BK00968166,g2b,서 내역서 영문요약서 과업지시서 설계지침서 최종제안요청
https://www.g2b.go.kr/link/PNPE027_01/single/?bidPbancNo=R25BK00967041&bidPbancOrd=000,R25BK00967041,g2b,"서, 용역입찰유의서, 용역계약일반조건, 용역계약특수조건"
https://www.g2b.go.kr/link/PNPE027_01/single/?bidPbancNo=R25BK00966935&bidPbancOrd=000,R25BK00966935,g2b,"서, 용역입찰유의서, 용역계약일반조건, 용역계약특수조건"
https://www.g2b.go.kr/link/PNPE027_01/single/?bidPbancNo=R25BK00965870&bidPbancOrd=000,R25BK00965870,g2b,서 내역서 영문요약서 과업지시서 설계지침서 최종제안요청
https://www.g2b.go.kr/link/PNPE027_01/single/?bidPbancNo=R25BK00965920&bidPbancOrd=000,R25BK00965920,g2b,서 내역서 영문요약서 과업지시서 설계지침서 최종제안요청
https://www.g2b.go.kr/link/PNPE027_01/single/?bidPbancNo=R25BK00966058&bidPbancOrd=000,R25BK00966058,g2b,서 내역서 영문요약서 과업지시서 설계지침서 최종제안요청
https://www.g2b.go.kr/link/PNPE027_01/single/?bidPbancNo=R25BK00966736&bidPbancOrd=000,R25BK00966736,g2b,서 내역서 영문요약서 과업지시서 설계지침서 최종제안요청
https://www.g2b.go.kr/link/PNPE027_01/single/?bidPbancNo=R25BK00966774&bidPbancOrd=000,R25BK00966774,g2b,"서, 용역입찰유의서, 용역계약일반조건, 용역계약특수조건"
https://www.g2b.go.kr/link/PNPE027_01/single/?bidPbancNo=R25BK00964692&bidPbancOrd=000,R25BK00964692,g2b,서 내역서 영문요약서 과업지시서 설계지침서 최종제안요청
https://www.g2b.go.kr/link/PNPE027_01/single/?bidPbancNo=R25BK00964725&bidPbancOrd=000,R25BK00964725,g2b,서 내역서 영문요약서 과업지시서 설계지침서 최종제안요청
https://www.g2b.go.kr/link/PNPE027_01/single/?bidPbancNo=R25BK00964812&bidPbancOrd=000,R25BK00964812,g2b,서 내역서 영문요약서 과업지시서 설계지침서 최종제안요청
https://www.g2b.go.kr/link/PNPE027_01/single/?bidPbancNo=R25BK00964827&bidPbancOrd=000,R25BK00964827,g2b,서 내역서 영문요약서 과업지시서 설계지침서 최종제안요청
https://www.g2b.go.kr/link/PNPE027_01/single/?bidPbancNo=R25BK00964570&bidPbancOrd=000,R25BK00964570,g2b,서 내역서 영문요약서 과업지시서 설계지침서 최종제안요청
https://www.g2b.go.kr/link/PNPE027_01/single/?bidPbancNo=R25BK00965487&bidPbancOrd=000,R25BK00965487,g2b,서 내역서 영문요약서 과업지시서 설계지침서 최종제안요청
https://www.g2b.go.kr/link/PNPE027_01/single/?bidPbancNo=R25BK00965252&bidPbancOrd=000,R25BK00965252,g2b,"서, 용역입찰유의서, 용역계약일반조건, 용역계약특수조건"
https://www.g2b.go.kr/link/PNPE027_01/single/?bidPbancNo=R25BK00965175&bidPbancOrd=000,R25BK00965175,g2b,"서, 용역입찰유의서, 용역계약일반조건, 용역계약특수조건"
https://www.g2b.go.kr/link/PNPE027_01/single/?bidPbancNo=R25BK00964084&bidPbancOrd=000,R25BK00964084,g2b,"서, 용역입찰유의서, 용역계약일반조건, 용역계약특수조건"
https://www.g2b.go.kr/link/PNPE027_01/single/?bidPbancNo=R25BK00964110&bidPbancOrd=000,R25BK00964110,g2b,서 내역서 영문요약서 과업지시서 설계지침서 최종제안요청
https://www.g2b.go.kr/link/PNPE027_01/single/?bidPbancNo=R25BK00962104&bidPbancOrd=000,R25BK00962104,g2b,서 내역서 영문요약서 과업지시서 설계지침서 최종제안요청
https://www.g2b.go.kr/link/PNPE027_01/single/?bidPbancNo=R25BK00962144&bidPbancOrd=000,R25BK00962144,g2b,"서, 용역입찰유의서, 용역계약일반조건, 용역계약특수조건"
https://www.g2b.go.kr/link/PNPE027_01/single/?bidPbancNo=R25BK00959135&bidPbancOrd=000,R25BK00959135,g2b,"서, 용역입찰유의서, 용역계약일반조건, 용역계약특수조건"
https://www.g2b.go.kr/link/PNPE027_01/single/?bidPbancNo=R25BK00959260&bidPbancOrd=000,R25BK00959260,g2b,"서, 용역입찰유의서, 용역계약일반조건, 용역계약특수조건"
https://www.g2b.go.kr/link/PNPE027_01/single/?bidPbancNo=R25BK00957318&bidPbancOrd=000,R25BK00957318,g2b,서 내역서 영문요약서 과업지시서 설계지침서 최종제안요청
https://www.g2b.go.kr/link/PNPE027_01/single/?bidPbancNo=R25BK00957010&bidPbancOrd=001,R25BK00957010,g2b,서 내역서 영문요약서 과업지시서 설계지침서 최종제안요청
https://www.g2b.go.kr/link/PNPE027_01/single/?bidPbancNo=R25BK00956444&bidPbancOrd=000,R25BK00956444,g2b,"서, 용역입찰유의서, 용역계약일반조건, 용역계약특수조건"
https://www.g2b.go.kr/link/PNPE027_01/single/?bidPbancNo=R25BK00951486&bidPbancOrd=000,R25BK00951486,g2b,"서, 용역입찰유의서, 용역계약일반조건, 용역계약특수조건"
https://www.g2b.go.kr/link/PNPE027_01/single/?bidPbancNo=R25BK00952573&bidPbancOrd=001,R25BK00952573,g2b,"서, 용역입찰유의서, 용역계약일반조건, 용역계약특수조건"
https://www.g2b.go.kr/link/PNPE027_01/single/?bidPbancNo=R25BK00950385&bidPbancOrd=000,R25BK00950385,g2b,서 내역서 영문요약서 과업지시서 설계지침서 최종제안요청
https://www.g2b.go.kr/link/PNPE027_01/single/?bidPbancNo=R25BK00945468&bidPbancOrd=000,R25BK00945468,g2b,서 내역서 영문요약서 과업지시서 설계지침서 최종제안요청
https://www.g2b.go.kr/link/PNPE027_01/single/?bidPbancNo=R25BK00952005&bidPbancOrd=000,R25BK00952005,g2b,서 내역서 영문요약서 과업지시서 설계지침서 최종제안요청
https://www.g2b.go.kr/link/PNPE027_01/single/?bidPbancNo=R25BK00948108&bidPbancOrd=000,R25BK00948108,g2b,서 내역서 영문요약서 과업지시서 설계지침서 최종제안요청
https://www.g2b.go.kr/link/PNPE027_01/single/?bidPbancNo=R25BK00941076&bidPbancOrd=003,R25BK00941076,g2b,"서, 용역입찰유의서, 용역계약일반조건, 용역계약특수조건"
https://www.g2b.go.kr/link/PNPE027_01/single/?bidPbancNo=R25BK00949124&bidPbancOrd=000,R25BK00949124,g2b,서 내역서 영문요약서 과업지시서 설계지침서 최종제안요청
https://www.g2b.go.kr/link/PNPE027_01/single/?bidPbancNo=R25BK00949078&bidPbancOrd=000,R25BK00949078,g2b,서 내역서 영문요약서 과업지시서 설계지침서 최종제안요청
https://www.g2b.go.kr/link/PNPE027_01/single/?bidPbancNo=R25BK00946251&bidPbancOrd=000,R25BK00946251,g2b,서 내역서 영문요약서 과업지시서 설계지침서 최종제안요청
https://www.g2b.go.kr/link/PNPE027_01/single/?bidPbancNo=R25BK00948581&bidPbancOrd=000,R25BK00948581,g2b,"서, 용역입찰유의서, 용역계약일반조건, 용역계약특수조건"
https://www.g2b.go.kr/link/PNPE027_01/single/?bidPbancNo=R25BK00947336&bidPbancOrd=000,R25BK00947336,g2b,서 내역서 영문요약서 과업지시서 설계지침서 최종제안요청
https://www.g2b.go.kr/link/PNPE027_01/single/?bidPbancNo=R25BK00946118&bidPbancOrd=000,R25BK00946118,g2b,"서, 용역입찰유의서, 용역계약일반조건, 용역계약특수조건"
https://www.g2b.go.kr/link/PNPE027_01/single/?bidPbancNo=R25BK00945377&bidPbancOrd=000,R25BK00945377,g2b,서 내역서 영문요약서 과업지시서 설계지침서 최종제안요청
https://www.g2b.go.kr/link/PNPE027_01/single/?bidPbancNo=R25BK00944703&bidPbancOrd=000,R25BK00944703,g2b,"서, 용역입찰유의서, 용역계약일반조건, 용역계약특수조건"
https://www.g2b.go.kr/link/PNPE027_01/single/?bidPbancNo=R25BK00944283&bidPbancOrd=000,R25BK00944283,g2b,"서, 용역입찰유의서, 용역계약일반조건, 용역계약특수조건"
https://www.g2b.go.kr/link/PNPE027_01/single/?bidPbancNo=R25BK00940392&bidPbancOrd=001,R25BK00940392,g2b,서 내역서 영문요약서 과업지시서 설계지침서 최종제안요청
https://www.g2b.go.kr/link/PNPE027_01/single/?bidPbancNo=R25BK00939634&bidPbancOrd=000,R25BK00939634,g2b,서 내역서 영문요약서 과업지시서 설계지침서 최종제안요청
https://www.g2b.go.kr/link/PNPE027_01/single/?bidPbancNo=R25BK00938407&bidPbancOrd=000,R25BK00938407,g2b,"서, 용역입찰유의서, 용역계약일반조건, 용역계약특수조건"
https://www.g2b.go.kr/link/PNPE027_01/single/?bidPbancNo=R25BK00939003&bidPbancOrd=000,R25BK00939003,g2b,"서, 용역입찰유의서, 용역계약일반조건, 용역계약특수조건"
https://www.g2b.go.kr/link/PNPE027_01/single/?bidPbancNo=R25BK00938136&bidPbancOrd=000,R25BK00938136,g2b,"서, 용역입찰유의서, 용역계약일반조건, 용역계약특수조건"
https://www.g2b.go.kr/link/PNPE027_01/single/?bidPbancNo=R25BK00936254&bidPbancOrd=000,R25BK00936254,g2b,"서, 용역입찰유의서, 용역계약일반조건, 용역계약특수조건"
https://www.g2b.go.kr/link/PNPE027_01/single/?bidPbancNo=R25BK00829691&bidPbancOrd=001,R25BK00829691,g2b,"서, 용역입찰유의서, 용역계약일반조건, 용역계약특수조건"
https://www.g2b.go.kr/link/PNPE027_01/single/?bidPbancNo=R25BK00929463&bidPbancOrd=000,R25BK00929463,g2b,"서, 용역입찰유의서, 용역계약일반조건, 용역계약특수조건"
https://www.g2b.go.kr/link/PNPE027_01/single/?bidPbancNo=R25BK00924532&bidPbancOrd=000,R25BK00924532,g2b,"서, 용역입찰유의서, 용역계약일반조건, 용역계약특수조건"
https://www.g2b.go.kr/link/PNPE027_01/single/?bidPbancNo=R25BK00929580&bidPbancOrd=001,R25BK00929580,g2b,"서, 용역입찰유의서, 용역계약일반조건, 용역계약특수조건"
https://www.g2b.go.kr/link/PNPE027_01/single/?bidPbancNo=R25BK00920928&bidPbancOrd=001,R25BK00920928,g2b,서 내역서 영문요약서 과업지시서 설계지침서 최종제안요청
https://www.g2b.go.kr/link/PNPE027_01/single/?bidPbancNo=R25BK00928777&bidPbancOrd=000,R25BK00928777,g2b,서 내역서 영문요약서 과업지시서 설계지침서 최종제안요청
https://www.g2b.go.kr/link/PNPE027_01/single/?bidPbancNo=R25BK00928205&bidPbancOrd=000,R25BK00928205,g2b,서 내역서 영문요약서 과업지시서 설계지침서 최종제안요청
https://www.g2b.go.kr/link/PNPE027_01/single/?bidPbancNo=R25BK00947290&bidPbancOrd=000,R25BK00947290,g2b,서 내역서 영문요약서 과업지시서 설계지침서 최종제안요청
https://www.g2b.go.kr/link/PNPE027_01/single/?bidPbancNo=R25BK00947235&bidPbancOrd=000,R25BK00947235,g2b,서 내역서 영문요약서 과업지시서 설계지침서 최종제안요청
https://www.g2b.go.kr/link/PNPE027_01/single/?bidPbancNo=R25BK00924223&bidPbancOrd=000,R25BK00924223,g2b,"서, 용역입찰유의서, 용역계약일반조건, 용역계약특수조건"
https://www.g2b.go.kr/link/PNPE027_01/single/?bidPbancNo=R25BK00897353&bidPbancOrd=001,R25BK00897353,g2b,서 내역서 영문요약서 과업지시서 설계지침서 최종제안요청
https://www.g2b.go.kr/link/PNPE027_01/single/?bidPbancNo=R25BK00944224&bidPbancOrd=000,R25BK00944224,g2b,"서, 용역입찰유의서, 용역계약일반조건, 용역계약특수조건"
https://www.g2b.go.kr/link/PNPE027_01/single/?bidPbancNo=R25BK00925267&bidPbancOrd=000,R25BK00925267,g2b,"서, 용역입찰유의서, 용역계약일반조건, 용역계약특수조건"
https://www.g2b.go.kr/link/PNPE027_01/single/?bidPbancNo=R25BK00926887&bidPbancOrd=000,R25BK00926887,g2b,"서, 용역입찰유의서, 용역계약일반조건, 용역계약특수조건"
https://www.g2b.go.kr/link/PNPE027_01/single/?bidPbancNo=R25BK00924513&bidPbancOrd=000,R25BK00924513,g2b,"서, 용역입찰유의서, 용역계약일반조건, 용역계약특수조건"
https://www.g2b.go.kr/link/PNPE027_01/single/?bidPbancNo=R25BK00922631&bidPbancOrd=000,R25BK00922631,g2b,"서, 용역입찰유의서, 용역계약일반조건, 용역계약특수조건"
https://www.g2b.go.kr/link/PNPE027_01/single/?bidPbancNo=R25BK00914545&bidPbancOrd=000,R25BK00914545,g2b,정보 전체0건 Grid start No 문서명 파일명 
https://www.g2b.go.kr/link/PNPE027_01/single/?bidPbancNo=R25BK00924873&bidPbancOrd=000,R25BK00924873,g2b,"서, 용역입찰유의서, 용역계약일반조건, 용역계약특수조건"
https://www.g2b.go.kr/link/PNPE027_01/single/?bidPbancNo=R25BK00924716&bidPbancOrd=000,R25BK00924716,g2b,서 내역서 영문요약서 과업지시서 설계지침서 최종제안요청
https://www.g2b.go.kr/link/PNPE027_01/single/?bidPbancNo=R25BK00924207&bidPbancOrd=000,R25BK00924207,g2b,"서, 용역입찰유의서, 용역계약일반조건, 용역계약특수조건"
https://www.g2b.go.kr/link/PNPE027_01/single/?bidPbancNo=R25BK00923241&bidPbancOrd=000,R25BK00923241,g2b,서 내역서 영문요약서 과업지시서 설계지침서 최종제안요청
https://www.g2b.go.kr/link/PNPE027_01/single/?bidPbancNo=R25BK00923720&bidPbancOrd=000,R25BK00923720,g2b,서 내역서 영문요약서 과업지시서 설계지침서 최종제안요청
https://www.g2b.go.kr/link/PNPE027_01/single/?bidPbancNo=R25BK00920620&bidPbancOrd=000,R25BK00920620,g2b,"서, 용역입찰유의서, 용역계약일반조건, 용역계약특수조건"
https://www.g2b.go.kr/link/PNPE027_01/single/?bidPbancNo=R25BK00921912&bidPbancOrd=000,R25BK00921912,g2b,서 내역서 영문요약서 과업지시서 설계지침서 최종제안요청
https://www.g2b.go.kr/link/PNPE027_01/single/?bidPbancNo=R25BK00918785&bidPbancOrd=000,R25BK00918785,g2b,"서, 용역입찰유의서, 용역계약일반조건, 용역계약특수조건"
https://www.g2b.go.kr/link/PNPE027_01/single/?bidPbancNo=R25BK00920401&bidPbancOrd=000,R25BK00920401,g2b,서 내역서 영문요약서 과업지시서 설계지침서 최종제안요청
https://www.g2b.go.kr/link/PNPE027_01/single/?bidPbancNo=R25BK00920297&bidPbancOrd=000,R25BK00920297,g2b,서 내역서 영문요약서 과업지시서 설계지침서 최종제안요청
https://www.g2b.go.kr/link/PNPE027_01/single/?bidPbancNo=R25BK00917987&bidPbancOrd=000,R25BK00917987,g2b,서 내역서 영문요약서 과업지시서 설계지침서 최종제안요청
https://www.g2b.go.kr/link/PNPE027_01/single/?bidPbancNo=R25BK00916430&bidPbancOrd=000,R25BK00916430,g2b,"서, 용역입찰유의서, 용역계약일반조건, 용역계약특수조건"
https://www.g2b.go.kr/link/PNPE027_01/single/?bidPbancNo=R25BK00917857&bidPbancOrd=000,R25BK00917857,g2b,"서, 용역입찰유의서, 용역계약일반조건, 용역계약특수조건"
https://www.g2b.go.kr/link/PNPE027_01/single/?bidPbancNo=R25BK00906084&bidPbancOrd=000,R25BK00906084,g2b,서 내역서 영문요약서 과업지시서 설계지침서 최종제안요청
https://www.g2b.go.kr/link/PNPE027_01/single/?bidPbancNo=R25BK00915369&bidPbancOrd=000,R25BK00915369,g2b,서 내역서 영문요약서 과업지시서 설계지침서 최종제안요청
https://www.g2b.go.kr/link/PNPE027_01/single/?bidPbancNo=R25BK00911922&bidPbancOrd=000,R25BK00911922,g2b,"서, 용역입찰유의서, 용역계약일반조건, 용역계약특수조건"
https://www.g2b.go.kr/link/PNPE027_01/single/?bidPbancNo=R25BK00911991&bidPbancOrd=000,R25BK00911991,g2b,"서, 용역입찰유의서, 용역계약일반조건, 용역계약특수조건"
https://www.g2b.go.kr/link/PNPE027_01/single/?bidPbancNo=R25BK00912030&bidPbancOrd=000,R25BK00912030,g2b,"서, 용역입찰유의서, 용역계약일반조건, 용역계약특수조건"
https://www.g2b.go.kr/link/PNPE027_01/single/?bidPbancNo=R25BK00909146&bidPbancOrd=000,R25BK00909146,g2b,"서, 용역입찰유의서, 용역계약일반조건, 용역계약특수조건"
https://www.g2b.go.kr/link/PNPE027_01/single/?bidPbancNo=R25BK00909009&bidPbancOrd=000,R25BK00909009,g2b,"서, 용역입찰유의서, 용역계약일반조건, 용역계약특수조건"
https://www.g2b.go.kr/link/PNPE027_01/single/?bidPbancNo=R25BK00909236&bidPbancOrd=000,R25BK00909236,g2b,"서, 용역입찰유의서, 용역계약일반조건, 용역계약특수조건"
https://www.g2b.go.kr/link/PNPE027_01/single/?bidPbancNo=R25BK00909286&bidPbancOrd=000,R25BK00909286,g2b,"서, 용역입찰유의서, 용역계약일반조건, 용역계약특수조건"
https://www.g2b.go.kr/link/PNPE027_01/single/?bidPbancNo=R25BK00903840&bidPbancOrd=000,R25BK00903840,g2b,번호 제안요청명 입찰공고번호 공고정보 참조번호 21 공
https://www.g2b.go.kr/link/PNPE027_01/single/?bidPbancNo=R25BK00908953&bidPbancOrd=000,R25BK00908953,g2b,서 내역서 영문요약서 과업지시서 설계지침서 최종제안요청
https://www.g2b.go.kr/link/PNPE027_01/single/?bidPbancNo=R25BK00902885&bidPbancOrd=000,R25BK00902885,g2b,서 내역서 영문요약서 과업지시서 설계지침서 최종제안요청
https://www.g2b.go.kr/link/PNPE027_01/single/?bidPbancNo=R25BK00903401&bidPbancOrd=000,R25BK00903401,g2b,서 내역서 영문요약서 과업지시서 설계지침서 최종제안요청
https://www.g2b.go.kr/link/PNPE027_01/single/?bidPbancNo=R25BK00902813&bidPbancOrd=000,R25BK00902813,g2b,서 내역서 영문요약서 과업지시서 설계지침서 최종제안요청
https://www.g2b.go.kr/link/PNPE027_01/single/?bidPbancNo=R25BK00901732&bidPbancOrd=000,R25BK00901732,g2b,서 내역서 영문요약서 과업지시서 설계지침서 최종제안요청
https://www.g2b.go.kr/link/PNPE027_01/single/?bidPbancNo=R25BK00902985&bidPbancOrd=000,R25BK00902985,g2b,서 내역서 영문요약서 과업지시서 설계지침서 최종제안요청
https://www.g2b.go.kr/link/PNPE027_01/single/?bidPbancNo=R25BK00899876&bidPbancOrd=000,R25BK00899876,g2b,서 내역서 영문요약서 과업지시서 설계지침서 최종제안요청
https://www.g2b.go.kr/link/PNPE027_01/single/?bidPbancNo=R25BK00890709&bidPbancOrd=001,R25BK00890709,g2b,서 내역서 영문요약서 과업지시서 설계지침서 최종제안요청
https://www.g2b.go.kr/link/PNPE027_01/single/?bidPbancNo=R25BK00893994&bidPbancOrd=000,R25BK00893994,g2b,서 내역서 영문요약서 과업지시서 설계지침서 최종제안요청
https://www.g2b.go.kr/link/PNPE027_01/single/?bidPbancNo=R25BK00899535&bidPbancOrd=000,R25BK00899535,g2b,서 내역서 영문요약서 과업지시서 설계지침서 최종제안요청
https://www.g2b.go.kr/link/PNPE027_01/single/?bidPbancNo=R25BK00898289&bidPbancOrd=000,R25BK00898289,g2b,"서, 용역입찰유의서, 용역계약일반조건, 용역계약특수조건"
https://www.g2b.go.kr/link/PNPE027_01/single/?bidPbancNo=R25BK00899514&bidPbancOrd=000,R25BK00899514,g2b,서 내역서 영문요약서 과업지시서 설계지침서 최종제안요청
https://www.g2b.go.kr/link/PNPE027_01/single/?bidPbancNo=R25BK00897565&bidPbancOrd=000,R25BK00897565,g2b,서 내역서 영문요약서 과업지시서 설계지침서 최종제안요청
https://www.g2b.go.kr/link/PNPE027_01/single/?bidPbancNo=R25BK00897508&bidPbancOrd=000,R25BK00897508,g2b,"서, 용역입찰유의서, 용역계약일반조건, 용역계약특수조건"
https://www.g2b.go.kr/link/PNPE027_01/single/?bidPbancNo=R25BK00891933&bidPbancOrd=000,R25BK00891933,g2b,서 내역서 영문요약서 과업지시서 설계지침서 최종제안요청
https://www.g2b.go.kr/link/PNPE027_01/single/?bidPbancNo=R25BK00884265&bidPbancOrd=001,R25BK00884265,g2b,"서, 용역입찰유의서, 용역계약일반조건, 용역계약특수조건"
https://www.g2b.go.kr/link/PNPE027_01/single/?bidPbancNo=R25BK00893117&bidPbancOrd=000,R25BK00893117,g2b,서 내역서 영문요약서 과업지시서 설계지침서 최종제안요청
https://www.g2b.go.kr/link/PNPE027_01/single/?bidPbancNo=R25BK00884066&bidPbancOrd=001,R25BK00884066,g2b,"서, 용역입찰유의서, 용역계약일반조건, 용역계약특수조건"
https://www.g2b.go.kr/link/PNPE027_01/single/?bidPbancNo=R25BK00921858&bidPbancOrd=002,R25BK00921858,g2b,서 내역서 영문요약서 과업지시서 설계지침서 최종제안요청
https://www.g2b.go.kr/link/PNPE027_01/single/?bidPbancNo=R25BK00890146&bidPbancOrd=000,R25BK00890146,g2b,"서, 용역입찰유의서, 용역계약일반조건, 용역계약특수조건"
https://www.g2b.go.kr/link/PNPE027_01/single/?bidPbancNo=R25BK00892860&bidPbancOrd=000,R25BK00892860,g2b,서 내역서 영문요약서 과업지시서 설계지침서 최종제안요청
https://www.g2b.go.kr/link/PNPE027_01/single/?bidPbancNo=R25BK00892854&bidPbancOrd=000,R25BK00892854,g2b,서 내역서 영문요약서 과업지시서 설계지침서 최종제안요청
https://www.g2b.go.kr/link/PNPE027_01/single/?bidPbancNo=R25BK00892844&bidPbancOrd=000,R25BK00892844,g2b,서 내역서 영문요약서 과업지시서 설계지침서 최종제안요청
https://www.g2b.go.kr/link/PNPE027_01/single/?bidPbancNo=R25BK00892816&bidPbancOrd=000,R25BK00892816,g2b,서 내역서 영문요약서 과업지시서 설계지침서 최종제안요청
https://www.g2b.go.kr/link/PNPE027_01/single/?bidPbancNo=R25BK00890938&bidPbancOrd=000,R25BK00890938,g2b,서 내역서 영문요약서 과업지시서 설계지침서 최종제안요청
https://www.g2b.go.kr/link/PNPE027_01/single/?bidPbancNo=R25BK00891071&bidPbancOrd=000,R25BK00891071,g2b,서 내역서 영문요약서 과업지시서 설계지침서 최종제안요청
https://www.g2b.go.kr/link/PNPE027_01/single/?bidPbancNo=R25BK00890355&bidPbancOrd=001,R25BK00890355,g2b,서 내역서 영문요약서 과업지시서 설계지침서 최종제안요청
https://www.g2b.go.kr/link/PNPE027_01/single/?bidPbancNo=R25BK00890902&bidPbancOrd=000,R25BK00890902,g2b,"서, 용역입찰유의서, 용역계약일반조건, 용역계약특수조건"
https://www.g2b.go.kr/link/PNPE027_01/single/?bidPbancNo=R25BK00877884&bidPbancOrd=000,R25BK00877884,g2b,서 내역서 영문요약서 과업지시서 설계지침서 최종제안요청
https://www.g2b.go.kr/link/PNPE027_01/single/?bidPbancNo=R25BK00866095&bidPbancOrd=001,R25BK00866095,g2b,"서, 용역입찰유의서, 용역계약일반조건, 용역계약특수조건"
https://www.g2b.go.kr/link/PNPE027_01/single/?bidPbancNo=R25BK00882567&bidPbancOrd=001,R25BK00882567,g2b,서 내역서 영문요약서 과업지시서 설계지침서 최종제안요청
https://www.g2b.go.kr/link/PNPE027_01/single/?bidPbancNo=R25BK00884182&bidPbancOrd=001,R25BK00884182,g2b,나라장터
https://www.g2b.go.kr/link/PNPE027_01/single/?bidPbancNo=R25BK00868282&bidPbancOrd=000,R25BK00868282,g2b,서 내역서 영문요약서 과업지시서 설계지침서 최종제안요청
https://www.g2b.go.kr/link/PNPE027_01/single/?bidPbancNo=R25BK00882026&bidPbancOrd=000,R25BK00882026,g2b,서 내역서 영문요약서 과업지시서 설계지침서 최종제안요청
https://www.g2b.go.kr/link/PNPE027_01/single/?bidPbancNo=R25BK00879330&bidPbancOrd=000,R25BK00879330,g2b,"서, 용역입찰유의서, 용역계약일반조건, 용역계약특수조건"
https://www.g2b.go.kr/link/PNPE027_01/single/?bidPbancNo=R25BK00879222&bidPbancOrd=000,R25BK00879222,g2b,서 내역서 영문요약서 과업지시서 설계지침서 최종제안요청
https://www.g2b.go.kr/link/PNPE027_01/single/?bidPbancNo=R25BK00879137&bidPbancOrd=000,R25BK00879137,g2b,"서, 용역입찰유의서, 용역계약일반조건, 용역계약특수조건"
https://www.g2b.go.kr/link/PNPE027_01/single/?bidPbancNo=R25BK00866881&bidPbancOrd=001,R25BK00866881,g2b,"서, 용역입찰유의서, 용역계약일반조건, 용역계약특수조건"
https://www.g2b.go.kr/link/PNPE027_01/single/?bidPbancNo=R25BK00867964&bidPbancOrd=002,R25BK00867964,g2b,"서, 용역입찰유의서, 용역계약일반조건, 용역계약특수조건"
https://www.g2b.go.kr/link/PNPE027_01/single/?bidPbancNo=R25BK00874246&bidPbancOrd=000,R25BK00874246,g2b,서 내역서 영문요약서 과업지시서 설계지침서 최종제안요청
https://www.g2b.go.kr/link/PNPE027_01/single/?bidPbancNo=R25BK00877043&bidPbancOrd=000,R25BK00877043,g2b,서 내역서 영문요약서 과업지시서 설계지침서 최종제안요청
https://www.g2b.go.kr/link/PNPE027_01/single/?bidPbancNo=R25BK00876805&bidPbancOrd=000,R25BK00876805,g2b,서 내역서 영문요약서 과업지시서 설계지침서 최종제안요청
https://www.g2b.go.kr/link/PNPE027_01/single/?bidPbancNo=R25BK00876911&bidPbancOrd=000,R25BK00876911,g2b,서 내역서 영문요약서 과업지시서 설계지침서 최종제안요청
https://www.g2b.go.kr/link/PNPE027_01/single/?bidPbancNo=R25BK00876742&bidPbancOrd=000,R25BK00876742,g2b,서 내역서 영문요약서 과업지시서 설계지침서 최종제안요청
https://www.g2b.go.kr/link/PNPE027_01/single/?bidPbancNo=R25BK00876459&bidPbancOrd=000,R25BK00876459,g2b,서 내역서 영문요약서 과업지시서 설계지침서 최종제안요청
https://www.g2b.go.kr/link/PNPE027_01/single/?bidPbancNo=R25BK00873291&bidPbancOrd=000,R25BK00873291,g2b,서 내역서 영문요약서 과업지시서 설계지침서 최종제안요청
https://www.g2b.go.kr/link/PNPE027_01/single/?bidPbancNo=R25BK00874770&bidPbancOrd=000,R25BK00874770,g2b,나라장터
https://www.g2b.go.kr/link/PNPE027_01/single/?bidPbancNo=R25BK00872999&bidPbancOrd=000,R25BK00872999,g2b,서 내역서 영문요약서 과업지시서 설계지침서 최종제안요청
https://www.g2b.go.kr/link/PNPE027_01/single/?bidPbancNo=R25BK00873172&bidPbancOrd=000,R25BK00873172,g2b,서 내역서 영문요약서 과업지시서 설계지침서 최종제안요청
https://www.g2b.go.kr/link/PNPE027_01/single/?bidPbancNo=R25BK00873511&bidPbancOrd=000,R25BK00873511,g2b,"서, 용역입찰유의서, 용역계약일반조건, 용역계약특수조건"
https://www.g2b.go.kr/link/PNPE027_01/single/?bidPbancNo=R25BK00868397&bidPbancOrd=000,R25BK00868397,g2b,서 내역서 영문요약서 과업지시서 설계지침서 최종제안요청
https://www.g2b.go.kr/link/PNPE027_01/single/?bidPbancNo=R25BK00870524&bidPbancOrd=000,R25BK00870524,g2b,"서, 용역입찰유의서, 용역계약일반조건, 용역계약특수조건"
https://www.g2b.go.kr/link/PNPE027_01/single/?bidPbancNo=R25BK00861226&bidPbancOrd=000,R25BK00861226,g2b,서 내역서 영문요약서 과업지시서 설계지침서 최종제안요청
https://www.g2b.go.kr/link/PNPE027_01/single/?bidPbancNo=R25BK00872516&bidPbancOrd=000,R25BK00872516,g2b,서 내역서 영문요약서 과업지시서 설계지침서 최종제안요청
https://www.g2b.go.kr/link/PNPE027_01/single/?bidPbancNo=R25BK00871601&bidPbancOrd=000,R25BK00871601,g2b,서 내역서 영문요약서 과업지시서 설계지침서 최종제안요청
https://www.g2b.go.kr/link/PNPE027_01/single/?bidPbancNo=R25BK00867934&bidPbancOrd=000,R25BK00867934,g2b,서 내역서 영문요약서 과업지시서 설계지침서 최종제안요청
https://www.g2b.go.kr/link/PNPE027_01/single/?bidPbancNo=R25BK00869611&bidPbancOrd=002,R25BK00869611,g2b,서 내역서 영문요약서 과업지시서 설계지침서 최종제안요청
https://www.g2b.go.kr/link/PNPE027_01/single/?bidPbancNo=R25BK00865684&bidPbancOrd=000,R25BK00865684,g2b,서 내역서 영문요약서 과업지시서 설계지침서 최종제안요청
https://www.g2b.go.kr/link/PNPE027_01/single/?bidPbancNo=R25BK00868140&bidPbancOrd=001,R25BK00868140,g2b,서 내역서 영문요약서 과업지시서 설계지침서 최종제안요청
https://www.g2b.go.kr/link/PNPE027_01/single/?bidPbancNo=R25BK00869562&bidPbancOrd=000,R25BK00869562,g2b,"서, 용역입찰유의서, 용역계약일반조건, 용역계약특수조건"
https://www.g2b.go.kr/link/PNPE027_01/single/?bidPbancNo=R25BK00867551&bidPbancOrd=000,R25BK00867551,g2b,나라장터
https://www.g2b.go.kr/link/PNPE027_01/single/?bidPbancNo=R25BK00866583&bidPbancOrd=000,R25BK00866583,g2b,"서, 용역입찰유의서, 용역계약일반조건, 용역계약특수조건"
https://www.g2b.go.kr/link/PNPE027_01/single/?bidPbancNo=R25BK00866621&bidPbancOrd=000,R25BK00866621,g2b,서 내역서 영문요약서 과업지시서 설계지침서 최종제안요청
https://www.g2b.go.kr/link/PNPE027_01/single/?bidPbancNo=R25BK00861097&bidPbancOrd=000,R25BK00861097,g2b,나라장터
https://www.g2b.go.kr/link/PNPE027_01/single/?bidPbancNo=R25BK00881217&bidPbancOrd=000,R25BK00881217,g2b,서 내역서 영문요약서 과업지시서 설계지침서 최종제안요청
https://www.g2b.go.kr/link/PNPE027_01/single/?bidPbancNo=R25BK00863347&bidPbancOrd=000,R25BK00863347,g2b,서 내역서 영문요약서 과업지시서 설계지침서 최종제안요청
https://www.g2b.go.kr/link/PNPE027_01/single/?bidPbancNo=R25BK00846503&bidPbancOrd=001,R25BK00846503,g2b,서 내 규격서 참조) - 납품장소 입고도 2 1 과학기
https://www.g2b.go.kr/link/PNPE027_01/single/?bidPbancNo=R25BK00862798&bidPbancOrd=000,R25BK00862798,g2b,"서, 용역입찰유의서, 용역계약일반조건, 용역계약특수조건"
https://www.g2b.go.kr/link/PNPE027_01/single/?bidPbancNo=R25BK00861559&bidPbancOrd=000,R25BK00861559,g2b,서 내역서 영문요약서 과업지시서 설계지침서 최종제안요청
https://www.g2b.go.kr/link/PNPE027_01/single/?bidPbancNo=R25BK00876116&bidPbancOrd=000,R25BK00876116,g2b,서 내역서 영문요약서 과업지시서 설계지침서 최종제안요청
https://www.g2b.go.kr/link/PNPE027_01/single/?bidPbancNo=R25BK00877011&bidPbancOrd=000,R25BK00877011,g2b,서 내역서 영문요약서 과업지시서 설계지침서 최종제안요청
https://www.g2b.go.kr/link/PNPE027_01/single/?bidPbancNo=R25BK00861092&bidPbancOrd=000,R25BK00861092,g2b,서 내역서 영문요약서 과업지시서 설계지침서 최종제안요청
https://www.g2b.go.kr/link/PNPE027_01/single/?bidPbancNo=R25BK00862440&bidPbancOrd=000,R25BK00862440,g2b,서 내역서 영문요약서 과업지시서 설계지침서 최종제안요청
https://www.g2b.go.kr/link/PNPE027_01/single/?bidPbancNo=R25BK00862289&bidPbancOrd=000,R25BK00862289,g2b,서 내역서 영문요약서 과업지시서 설계지침서 최종제안요청
https://www.g2b.go.kr/link/PNPE027_01/single/?bidPbancNo=R25BK00862529&bidPbancOrd=000,R25BK00862529,g2b,서 내역서 영문요약서 과업지시서 설계지침서 최종제안요청
https://www.g2b.go.kr/link/PNPE027_01/single/?bidPbancNo=R25BK00861368&bidPbancOrd=000,R25BK00861368,g2b,서 내역서 영문요약서 과업지시서 설계지침서 최종제안요청
https://www.g2b.go.kr/link/PNPE027_01/single/?bidPbancNo=R25BK00860140&bidPbancOrd=000,R25BK00860140,g2b,"서, 용역입찰유의서, 용역계약일반조건, 용역계약특수조건"
https://www.g2b.go.kr/link/PNPE027_01/single/?bidPbancNo=R25BK00861785&bidPbancOrd=000,R25BK00861785,g2b,서 내역서 영문요약서 과업지시서 설계지침서 최종제안요청
https://www.g2b.go.kr/link/PNPE027_01/single/?bidPbancNo=R25BK00854814&bidPbancOrd=001,R25BK00854814,g2b,서 내역서 영문요약서 과업지시서 설계지침서 최종제안요청
https://www.g2b.go.kr/link/PNPE027_01/single/?bidPbancNo=R25BK00853386&bidPbancOrd=000,R25BK00853386,g2b,서 내역서 영문요약서 과업지시서 설계지침서 최종제안요청
https://www.g2b.go.kr/link/PNPE027_01/single/?bidPbancNo=R25BK00854171&bidPbancOrd=000,R25BK00854171,g2b,서 내역서 영문요약서 과업지시서 설계지침서 최종제안요청
https://www.g2b.go.kr/link/PNPE027_01/single/?bidPbancNo=R25BK00858616&bidPbancOrd=000,R25BK00858616,g2b,서 내역서 영문요약서 과업지시서 설계지침서 최종제안요청
https://www.g2b.go.kr/link/PNPE027_01/single/?bidPbancNo=R25BK00858731&bidPbancOrd=000,R25BK00858731,g2b,"서, 용역입찰유의서, 용역계약일반조건, 용역계약특수조건"
https://www.g2b.go.kr/link/PNPE027_01/single/?bidPbancNo=R25BK00853800&bidPbancOrd=001,R25BK00853800,g2b,"서, 용역입찰유의서, 용역계약일반조건, 용역계약특수조건"
https://www.g2b.go.kr/link/PNPE027_01/single/?bidPbancNo=R25BK00858681&bidPbancOrd=000,R25BK00858681,g2b,서 내역서 영문요약서 과업지시서 설계지침서 최종제안요청
https://www.g2b.go.kr/link/PNPE027_01/single/?bidPbancNo=R25BK00856607&bidPbancOrd=000,R25BK00856607,g2b,"서, 용역입찰유의서, 용역계약일반조건, 용역계약특수조건"
https://www.g2b.go.kr/link/PNPE027_01/single/?bidPbancNo=R25BK00855784&bidPbancOrd=000,R25BK00855784,g2b,서 내역서 영문요약서 과업지시서 설계지침서 최종제안요청
https://www.g2b.go.kr/link/PNPE027_01/single/?bidPbancNo=R25BK00855536&bidPbancOrd=000,R25BK00855536,g2b,서 내역서 영문요약서 과업지시서 설계지침서 최종제안요청
https://www.g2b.go.kr/link/PNPE027_01/single/?bidPbancNo=R25BK00854319&bidPbancOrd=000,R25BK00854319,g2b,"서, 용역입찰유의서, 용역계약일반조건, 용역계약특수조건"
https://www.g2b.go.kr/link/PNPE027_01/single/?bidPbancNo=R25BK00855715&bidPbancOrd=000,R25BK00855715,g2b,"서, 용역입찰유의서, 용역계약일반조건, 용역계약특수조건"
https://www.g2b.go.kr/link/PNPE027_01/single/?bidPbancNo=R25BK00853262&bidPbancOrd=000,R25BK00853262,g2b,나라장터
https://www.g2b.go.kr/link/PNPE027_01/single/?bidPbancNo=R25BK00854222&bidPbancOrd=000,R25BK00854222,g2b,서 내역서 영문요약서 과업지시서 설계지침서 최종제안요청
https://www.g2b.go.kr/link/PNPE027_01/single/?bidPbancNo=R25BK00853209&bidPbancOrd=000,R25BK00853209,g2b,서 내역서 영문요약서 과업지시서 설계지침서 최종제안요청
https://www.g2b.go.kr/link/PNPE027_01/single/?bidPbancNo=R25BK00854031&bidPbancOrd=000,R25BK00854031,g2b,"서, 용역입찰유의서, 용역계약일반조건, 용역계약특수조건"
https://www.g2b.go.kr/link/PNPE027_01/single/?bidPbancNo=R25BK00853460&bidPbancOrd=000,R25BK00853460,g2b,서 내역서 영문요약서 과업지시서 설계지침서 최종제안요청
https://www.g2b.go.kr/link/PNPE027_01/single/?bidPbancNo=R25BK00853869&bidPbancOrd=001,R25BK00853869,g2b,서 내역서 영문요약서 과업지시서 설계지침서 최종제안요청
https://www.g2b.go.kr/link/PNPE027_01/single/?bidPbancNo=R25BK00848191&bidPbancOrd=000,R25BK00848191,g2b,나라장터
https://www.g2b.go.kr/link/PNPE027_01/single/?bidPbancNo=R25BK00854053&bidPbancOrd=001,R25BK00854053,g2b,"서, 용역입찰유의서, 용역계약일반조건, 용역계약특수조건"
https://www.g2b.go.kr/link/PNPE027_01/single/?bidPbancNo=R25BK00850087&bidPbancOrd=000,R25BK00850087,g2b,서 내역서 영문요약서 과업지시서 설계지침서 최종제안요청
https://www.g2b.go.kr/link/PNPE027_01/single/?bidPbancNo=R25BK00850852&bidPbancOrd=000,R25BK00850852,g2b,서 내역서 영문요약서 과업지시서 설계지침서 최종제안요청
https://www.g2b.go.kr/link/PNPE027_01/single/?bidPbancNo=R25BK00848792&bidPbancOrd=000,R25BK00848792,g2b,서 내역서 영문요약서 과업지시서 설계지침서 최종제안요청
https://www.g2b.go.kr/link/PNPE027_01/single/?bidPbancNo=R25BK00842188&bidPbancOrd=000,R25BK00842188,g2b,"서, 용역입찰유의서, 용역계약일반조건, 용역계약특수조건"
https://www.g2b.go.kr/link/PNPE027_01/single/?bidPbancNo=R25BK00841923&bidPbancOrd=000,R25BK00841923,g2b,"서, 용역입찰유의서, 용역계약일반조건, 용역계약특수조건"
https://www.g2b.go.kr/link/PNPE027_01/single/?bidPbancNo=R25BK00844946&bidPbancOrd=000,R25BK00844946,g2b,서 내역서 영문요약서 과업지시서 설계지침서 최종제안요청
https://www.g2b.go.kr/link/PNPE027_01/single/?bidPbancNo=R25BK00840643&bidPbancOrd=001,R25BK00840643,g2b,"서, 용역입찰유의서, 용역계약일반조건, 용역계약특수조건"
https://www.g2b.go.kr/link/PNPE027_01/single/?bidPbancNo=R25BK00843618&bidPbancOrd=000,R25BK00843618,g2b,서 내역서 영문요약서 과업지시서 설계지침서 최종제안요청
https://www.g2b.go.kr/link/PNPE027_01/single/?bidPbancNo=R25BK00840008&bidPbancOrd=001,R25BK00840008,g2b,서 내역서 영문요약서 과업지시서 설계지침서 최종제안요청
https://www.g2b.go.kr/link/PNPE027_01/single/?bidPbancNo=R25BK00844430&bidPbancOrd=000,R25BK00844430,g2b,"서, 용역입찰유의서, 용역계약일반조건, 용역계약특수조건"
https://www.g2b.go.kr/link/PNPE027_01/single/?bidPbancNo=R25BK00844295&bidPbancOrd=000,R25BK00844295,g2b,"서, 용역입찰유의서, 용역계약일반조건, 용역계약특수조건"
https://www.g2b.go.kr/link/PNPE027_01/single/?bidPbancNo=R25BK00843638&bidPbancOrd=000,R25BK00843638,g2b,"서, 용역입찰유의서, 용역계약일반조건, 용역계약특수조건"
https://www.g2b.go.kr/link/PNPE027_01/single/?bidPbancNo=R25BK00844002&bidPbancOrd=000,R25BK00844002,g2b,"서, 용역입찰유의서, 용역계약일반조건, 용역계약특수조건"
https://www.g2b.go.kr/link/PNPE027_01/single/?bidPbancNo=R25BK00839545&bidPbancOrd=000,R25BK00839545,g2b,서 내역서 영문요약서 과업지시서 설계지침서 최종제안요청
https://www.g2b.go.kr/link/PNPE027_01/single/?bidPbancNo=R25BK00838658&bidPbancOrd=000,R25BK00838658,g2b,"서, 용역입찰유의서, 용역계약일반조건, 용역계약특수조건"
https://www.g2b.go.kr/link/PNPE027_01/single/?bidPbancNo=R25BK00843888&bidPbancOrd=000,R25BK00843888,g2b,서 내역서 영문요약서 과업지시서 설계지침서 최종제안요청
https://www.g2b.go.kr/link/PNPE027_01/single/?bidPbancNo=R25BK00843653&bidPbancOrd=000,R25BK00843653,g2b,서 내역서 영문요약서 과업지시서 설계지침서 최종제안요청
https://www.g2b.go.kr/link/PNPE027_01/single/?bidPbancNo=R25BK00843606&bidPbancOrd=000,R25BK00843606,g2b,서 내역서 영문요약서 과업지시서 설계지침서 최종제안요청
https://www.g2b.go.kr/link/PNPE027_01/single/?bidPbancNo=R25BK00841179&bidPbancOrd=000,R25BK00841179,g2b,"서, 용역입찰유의서, 용역계약일반조건, 용역계약특수조건"
https://www.g2b.go.kr/link/PNPE027_01/single/?bidPbancNo=R25BK00831873&bidPbancOrd=000,R25BK00831873,g2b,"서, 용역입찰유의서, 용역계약일반조건, 용역계약특수조건"
https://www.g2b.go.kr/link/PNPE027_01/single/?bidPbancNo=R25BK00861178&bidPbancOrd=000,R25BK00861178,g2b,서 내역서 영문요약서 과업지시서 설계지침서 최종제안요청
https://www.g2b.go.kr/link/PNPE027_01/single/?bidPbancNo=R25BK00840260&bidPbancOrd=000,R25BK00840260,g2b,서 내역서 영문요약서 과업지시서 설계지침서 최종제안요청
https://www.g2b.go.kr/link/PNPE027_01/single/?bidPbancNo=R25BK00842971&bidPbancOrd=000,R25BK00842971,g2b,"서, 용역입찰유의서, 용역계약일반조건, 용역계약특수조건"
https://www.g2b.go.kr/link/PNPE027_01/single/?bidPbancNo=R25BK00842397&bidPbancOrd=000,R25BK00842397,g2b,서 내역서 영문요약서 과업지시서 설계지침서 최종제안요청
https://www.g2b.go.kr/link/PNPE027_01/single/?bidPbancNo=R25BK00842986&bidPbancOrd=000,R25BK00842986,g2b,"서, 용역입찰유의서, 용역계약일반조건, 용역계약특수조건"
https://www.g2b.go.kr/link/PNPE027_01/single/?bidPbancNo=R25BK00841964&bidPbancOrd=000,R25BK00841964,g2b,서 내역서 영문요약서 과업지시서 설계지침서 최종제안요청
https://www.g2b.go.kr/link/PNPE027_01/single/?bidPbancNo=R25BK00841673&bidPbancOrd=000,R25BK00841673,g2b,서 참조 현장설치도 Grid end 입찰진행현황 전체1
https://www.g2b.go.kr/link/PNPE027_01/single/?bidPbancNo=R25BK00841063&bidPbancOrd=000,R25BK00841063,g2b,"서, 용역입찰유의서, 용역계약일반조건, 용역계약특수조건"
https://www.g2b.go.kr/link/PNPE027_01/single/?bidPbancNo=R25BK00840848&bidPbancOrd=000,R25BK00840848,g2b,서 내역서 영문요약서 과업지시서 설계지침서 최종제안요청
https://www.g2b.go.kr/link/PNPE027_01/single/?bidPbancNo=R25BK00837702&bidPbancOrd=000,R25BK00837702,g2b,서 참조) 현장설치도 Grid end 입찰진행현황 전체
https://www.g2b.go.kr/link/PNPE027_01/single/?bidPbancNo=R25BK00832425&bidPbancOrd=000,R25BK00832425,g2b,서 내역서 영문요약서 과업지시서 설계지침서 최종제안요청
https://www.g2b.go.kr/link/PNPE027_01/single/?bidPbancNo=R25BK00834565&bidPbancOrd=000,R25BK00834565,g2b,"서, 용역입찰유의서, 용역계약일반조건, 용역계약특수조건"
https://www.g2b.go.kr/link/PNPE027_01/single/?bidPbancNo=R25BK00787850&bidPbancOrd=001,R25BK00787850,g2b,정보 전체3건 Grid start No 문서명 파일명 
https://www.g2b.go.kr/link/PNPE027_01/single/?bidPbancNo=R25BK00831687&bidPbancOrd=000,R25BK00831687,g2b,서 참조 현장설치도 Grid end 입찰진행현황 전체1
https://www.g2b.go.kr/link/PNPE027_01/single/?bidPbancNo=R25BK00832248&bidPbancOrd=000,R25BK00832248,g2b,서 내역서 영문요약서 과업지시서 설계지침서 최종제안요청
https://www.g2b.go.kr/link/PNPE027_01/single/?bidPbancNo=R25BK00802452&bidPbancOrd=001,R25BK00802452,g2b,서 내역서 영문요약서 과업지시서 설계지침서 최종제안요청
https://www.g2b.go.kr/link/PNPE027_01/single/?bidPbancNo=R25BK00825980&bidPbancOrd=001,R25BK00825980,g2b,서 내역서 영문요약서 과업지시서 설계지침서 최종제안요청
https://www.g2b.go.kr/link/PNPE027_01/single/?bidPbancNo=R25BK00830551&bidPbancOrd=000,R25BK00830551,g2b,서 내역서 영문요약서 과업지시서 설계지침서 최종제안요청
https://www.g2b.go.kr/link/PNPE027_01/single/?bidPbancNo=R25BK00830255&bidPbancOrd=000,R25BK00830255,g2b,"서, 용역입찰유의서, 용역계약일반조건, 용역계약특수조건"
https://www.g2b.go.kr/link/PNPE027_01/single/?bidPbancNo=R25BK00830085&bidPbancOrd=000,R25BK00830085,g2b,"서, 용역입찰유의서, 용역계약일반조건, 용역계약특수조건"
https://www.g2b.go.kr/link/PNPE027_01/single/?bidPbancNo=R25BK00829707&bidPbancOrd=000,R25BK00829707,g2b,"서, 용역입찰유의서, 용역계약일반조건, 용역계약특수조건"
https://www.g2b.go.kr/link/PNPE027_01/single/?bidPbancNo=R25BK00829432&bidPbancOrd=000,R25BK00829432,g2b,"서, 용역입찰유의서, 용역계약일반조건, 용역계약특수조건"
https://www.g2b.go.kr/link/PNPE027_01/single/?bidPbancNo=R25BK00826533&bidPbancOrd=000,R25BK00826533,g2b,서 내역서 영문요약서 과업지시서 설계지침서 최종제안요청
https://www.g2b.go.kr/link/PNPE027_01/single/?bidPbancNo=R25BK00825844&bidPbancOrd=000,R25BK00825844,g2b,서 내역서 영문요약서 과업지시서 설계지침서 최종제안요청
https://www.g2b.go.kr/link/PNPE027_01/single/?bidPbancNo=R25BK00822268&bidPbancOrd=000,R25BK00822268,g2b,나라장터
https://www.g2b.go.kr/link/PNPE027_01/single/?bidPbancNo=R25BK00826337&bidPbancOrd=000,R25BK00826337,g2b,서 내역서 영문요약서 과업지시서 설계지침서 최종제안요청
https://www.g2b.go.kr/link/PNPE027_01/single/?bidPbancNo=R25BK00826196&bidPbancOrd=000,R25BK00826196,g2b,서 내역서 영문요약서 과업지시서 설계지침서 최종제안요청
https://www.g2b.go.kr/link/PNPE027_01/single/?bidPbancNo=R25BK00826264&bidPbancOrd=000,R25BK00826264,g2b,서 내역서 영문요약서 과업지시서 설계지침서 최종제안요청
https://www.g2b.go.kr/link/PNPE027_01/single/?bidPbancNo=R25BK00825893&bidPbancOrd=000,R25BK00825893,g2b,"서, 용역입찰유의서, 용역계약일반조건, 용역계약특수조건"
https://www.g2b.go.kr/link/PNPE027_01/single/?bidPbancNo=R25BK00823964&bidPbancOrd=000,R25BK00823964,g2b,"서, 용역입찰유의서, 용역계약일반조건, 용역계약특수조건"
https://www.g2b.go.kr/link/PNPE027_01/single/?bidPbancNo=R25BK00823900&bidPbancOrd=000,R25BK00823900,g2b,"서, 용역입찰유의서, 용역계약일반조건, 용역계약특수조건"
https://www.g2b.go.kr/link/PNPE027_01/single/?bidPbancNo=R25BK00822961&bidPbancOrd=000,R25BK00822961,g2b,"서, 용역입찰유의서, 용역계약일반조건, 용역계약특수조건"
https://www.g2b.go.kr/link/PNPE027_01/single/?bidPbancNo=R25BK00822965&bidPbancOrd=000,R25BK00822965,g2b,"서, 용역입찰유의서, 용역계약일반조건, 용역계약특수조건"
https://www.g2b.go.kr/link/PNPE027_01/single/?bidPbancNo=R25BK00822201&bidPbancOrd=000,R25BK00822201,g2b,서 내역서 영문요약서 과업지시서 설계지침서 최종제안요청
https://www.g2b.go.kr/link/PNPE027_01/single/?bidPbancNo=R25BK00821543&bidPbancOrd=000,R25BK00821543,g2b,서 내역서 영문요약서 과업지시서 설계지침서 최종제안요청
https://www.g2b.go.kr/link/PNPE027_01/single/?bidPbancNo=R25BK00810413&bidPbancOrd=001,R25BK00810413,g2b,정보 전체4건 Grid start No 문서명 파일명 
https://www.g2b.go.kr/link/PNPE027_01/single/?bidPbancNo=R25BK00821485&bidPbancOrd=000,R25BK00821485,g2b,서 내역서 영문요약서 과업지시서 설계지침서 최종제안요청
https://www.g2b.go.kr/link/PNPE027_01/single/?bidPbancNo=R25BK00818505&bidPbancOrd=000,R25BK00818505,g2b,서 내역서 영문요약서 과업지시서 설계지침서 최종제안요청
https://www.g2b.go.kr/link/PNPE027_01/single/?bidPbancNo=R25BK00818261&bidPbancOrd=000,R25BK00818261,g2b,나라장터
https://www.g2b.go.kr/link/PNPE027_01/single/?bidPbancNo=R25BK00821056&bidPbancOrd=000,R25BK00821056,g2b,서 내역서 영문요약서 과업지시서 설계지침서 최종제안요청
https://www.g2b.go.kr/link/PNPE027_01/single/?bidPbancNo=R25BK00818450&bidPbancOrd=000,R25BK00818450,g2b,서 내역서 영문요약서 과업지시서 설계지침서 최종제안요청
https://www.g2b.go.kr/link/PNPE027_01/single/?bidPbancNo=R25BK00820998&bidPbancOrd=000,R25BK00820998,g2b,"서, 용역입찰유의서, 용역계약일반조건, 용역계약특수조건"
https://www.g2b.go.kr/link/PNPE027_01/single/?bidPbancNo=R25BK00813211&bidPbancOrd=000,R25BK00813211,g2b,서 내역서 영문요약서 과업지시서 설계지침서 최종제안요청
https://www.g2b.go.kr/link/PNPE027_01/single/?bidPbancNo=R25BK00818880&bidPbancOrd=000,R25BK00818880,g2b,서 내역서 영문요약서 과업지시서 설계지침서 최종제안요청
https://www.g2b.go.kr/link/PNPE027_01/single/?bidPbancNo=R25BK00818294&bidPbancOrd=000,R25BK00818294,g2b,"서, 용역입찰유의서, 용역계약일반조건, 용역계약특수조건"
https://www.g2b.go.kr/link/PNPE027_01/single/?bidPbancNo=R25BK00815876&bidPbancOrd=000,R25BK00815876,g2b,"서, 용역입찰유의서, 용역계약일반조건, 용역계약특수조건"
https://www.g2b.go.kr/link/PNPE027_01/single/?bidPbancNo=R25BK00814932&bidPbancOrd=000,R25BK00814932,g2b,"서, 용역입찰유의서, 용역계약일반조건, 용역계약특수조건"
https://www.g2b.go.kr/link/PNPE027_01/single/?bidPbancNo=R25BK00814725&bidPbancOrd=000,R25BK00814725,g2b,"서, 용역입찰유의서, 용역계약일반조건, 용역계약특수조건"
https://www.g2b.go.kr/link/PNPE027_01/single/?bidPbancNo=R25BK00814278&bidPbancOrd=002,R25BK00814278,g2b,"서, 용역입찰유의서, 용역계약일반조건, 용역계약특수조건"
https://www.g2b.go.kr/link/PNPE027_01/single/?bidPbancNo=R25BK00810660&bidPbancOrd=000,R25BK00810660,g2b,"서, 용역입찰유의서, 용역계약일반조건, 용역계약특수조건"
https://www.g2b.go.kr/link/PNPE027_01/single/?bidPbancNo=R25BK00807799&bidPbancOrd=000,R25BK00807799,g2b,서 내역서 영문요약서 과업지시서 설계지침서 최종제안요청
https://www.g2b.go.kr/link/PNPE027_01/single/?bidPbancNo=R25BK00810284&bidPbancOrd=000,R25BK00810284,g2b,"서, 용역입찰유의서, 용역계약일반조건, 용역계약특수조건"
https://www.g2b.go.kr/link/PNPE027_01/single/?bidPbancNo=R25BK00807728&bidPbancOrd=000,R25BK00807728,g2b,서 내역서 영문요약서 과업지시서 설계지침서 최종제안요청
https://www.g2b.go.kr/link/PNPE027_01/single/?bidPbancNo=R25BK00807654&bidPbancOrd=000,R25BK00807654,g2b,"서, 용역입찰유의서, 용역계약일반조건, 용역계약특수조건"
https://www.g2b.go.kr/link/PNPE027_01/single/?bidPbancNo=R25BK00807631&bidPbancOrd=000,R25BK00807631,g2b,"서, 용역입찰유의서, 용역계약일반조건, 용역계약특수조건"
https://www.g2b.go.kr/link/PNPE027_01/single/?bidPbancNo=R25BK00806407&bidPbancOrd=000,R25BK00806407,g2b,"서, 용역입찰유의서, 용역계약일반조건, 용역계약특수조건"
https://www.g2b.go.kr/link/PNPE027_01/single/?bidPbancNo=R25BK00807492&bidPbancOrd=000,R25BK00807492,g2b,"서, 용역입찰유의서, 용역계약일반조건, 용역계약특수조건"
https://www.g2b.go.kr/link/PNPE027_01/single/?bidPbancNo=R25BK00807202&bidPbancOrd=000,R25BK00807202,g2b,서 내역서 영문요약서 과업지시서 설계지침서 최종제안요청
https://www.g2b.go.kr/link/PNPE027_01/single/?bidPbancNo=R25BK00804019&bidPbancOrd=000,R25BK00804019,g2b,서 내역서 영문요약서 과업지시서 설계지침서 최종제안요청
https://www.g2b.go.kr/link/PNPE027_01/single/?bidPbancNo=R25BK00804060&bidPbancOrd=000,R25BK00804060,g2b,서 내역서 영문요약서 과업지시서 설계지침서 최종제안요청
https://www.g2b.go.kr/link/PNPE027_01/single/?bidPbancNo=R25BK00802231&bidPbancOrd=000,R25BK00802231,g2b,"서, 용역입찰유의서, 용역계약일반조건, 용역계약특수조건"
https://www.g2b.go.kr/link/PNPE027_01/single/?bidPbancNo=R25BK00801648&bidPbancOrd=000,R25BK00801648,g2b,서 내역서 영문요약서 과업지시서 설계지침서 최종제안요청
https://www.g2b.go.kr/link/PNPE027_01/single/?bidPbancNo=R25BK00801965&bidPbancOrd=000,R25BK00801965,g2b,서 내역서 영문요약서 과업지시서 설계지침서 최종제안요청
https://www.g2b.go.kr/link/PNPE027_01/single/?bidPbancNo=R25BK00802030&bidPbancOrd=000,R25BK00802030,g2b,서 내역서 영문요약서 과업지시서 설계지침서 최종제안요청
https://www.g2b.go.kr/link/PNPE027_01/single/?bidPbancNo=R25BK00804690&bidPbancOrd=000,R25BK00804690,g2b,서 내역서 영문요약서 과업지시서 설계지침서 최종제안요청
https://www.g2b.go.kr/link/PNPE027_01/single/?bidPbancNo=R25BK00804289&bidPbancOrd=000,R25BK00804289,g2b,서 내역서 영문요약서 과업지시서 설계지침서 최종제안요청
https://www.g2b.go.kr/link/PNPE027_01/single/?bidPbancNo=R25BK00801876&bidPbancOrd=000,R25BK00801876,g2b,서 내역서 영문요약서 과업지시서 설계지침서 최종제안요청
https://www.g2b.go.kr/link/PNPE027_01/single/?bidPbancNo=R25BK00804379&bidPbancOrd=000,R25BK00804379,g2b,"서, 용역입찰유의서, 용역계약일반조건, 용역계약특수조건"
https://www.g2b.go.kr/link/PNPE027_01/single/?bidPbancNo=R25BK00801751&bidPbancOrd=000,R25BK00801751,g2b,서 내역서 영문요약서 과업지시서 설계지침서 최종제안요청
https://www.g2b.go.kr/link/PNPE027_01/single/?bidPbancNo=R25BK00801423&bidPbancOrd=000,R25BK00801423,g2b,"서, 용역입찰유의서, 용역계약일반조건, 용역계약특수조건"
https://www.g2b.go.kr/link/PNPE027_01/single/?bidPbancNo=R25BK00801445&bidPbancOrd=000,R25BK00801445,g2b,"서, 용역입찰유의서, 용역계약일반조건, 용역계약특수조건"
https://www.g2b.go.kr/link/PNPE027_01/single/?bidPbancNo=R25BK00801306&bidPbancOrd=000,R25BK00801306,g2b,"서, 용역입찰유의서, 용역계약일반조건, 용역계약특수조건"
https://www.g2b.go.kr/link/PNPE027_01/single/?bidPbancNo=R25BK00803547&bidPbancOrd=000,R25BK00803547,g2b,"서, 용역입찰유의서, 용역계약일반조건, 용역계약특수조건"
https://www.g2b.go.kr/link/PNPE027_01/single/?bidPbancNo=R25BK00821831&bidPbancOrd=000,R25BK00821831,g2b,"서, 용역입찰유의서, 용역계약일반조건, 용역계약특수조건"
https://www.g2b.go.kr/link/PNPE027_01/single/?bidPbancNo=R25BK00801747&bidPbancOrd=000,R25BK00801747,g2b,서 내역서 영문요약서 과업지시서 설계지침서 최종제안요청
https://www.g2b.go.kr/link/PNPE027_01/single/?bidPbancNo=R25BK00802879&bidPbancOrd=000,R25BK00802879,g2b,서 내역서 영문요약서 과업지시서 설계지침서 최종제안요청
https://www.g2b.go.kr/link/PNPE027_01/single/?bidPbancNo=R25BK00793080&bidPbancOrd=000,R25BK00793080,g2b,"서, 용역입찰유의서, 용역계약일반조건, 용역계약특수조건"
https://www.g2b.go.kr/link/PNPE027_01/single/?bidPbancNo=R25BK00800384&bidPbancOrd=000,R25BK00800384,g2b,서 내역서 영문요약서 과업지시서 설계지침서 최종제안요청
https://www.g2b.go.kr/link/PNPE027_01/single/?bidPbancNo=R25BK00802225&bidPbancOrd=000,R25BK00802225,g2b,서 내역서 영문요약서 과업지시서 설계지침서 최종제안요청
https://www.g2b.go.kr/link/PNPE027_01/single/?bidPbancNo=R25BK00802131&bidPbancOrd=000,R25BK00802131,g2b,서 내역서 영문요약서 과업지시서 설계지침서 최종제안요청
https://www.g2b.go.kr/link/PNPE027_01/single/?bidPbancNo=R25BK00801583&bidPbancOrd=000,R25BK00801583,g2b,"서, 용역입찰유의서, 용역계약일반조건, 용역계약특수조건"
https://www.g2b.go.kr/link/PNPE027_01/single/?bidPbancNo=R25BK00797987&bidPbancOrd=000,R25BK00797987,g2b,나라장터
https://www.g2b.go.kr/link/PNPE027_01/single/?bidPbancNo=R25BK00814033&bidPbancOrd=000,R25BK00814033,g2b,"서, 용역입찰유의서, 용역계약일반조건, 용역계약특수조건"
https://www.g2b.go.kr/link/PNPE027_01/single/?bidPbancNo=R25BK00794459&bidPbancOrd=000,R25BK00794459,g2b,나라장터
https://www.g2b.go.kr/link/PNPE027_01/single/?bidPbancNo=R25BK00800142&bidPbancOrd=000,R25BK00800142,g2b,"서, 용역입찰유의서, 용역계약일반조건, 용역계약특수조건"
https://www.g2b.go.kr/link/PNPE027_01/single/?bidPbancNo=R25BK00798395&bidPbancOrd=000,R25BK00798395,g2b,서 내역서 영문요약서 과업지시서 설계지침서 최종제안요청
https://www.g2b.go.kr/link/PNPE027_01/single/?bidPbancNo=R25BK00798348&bidPbancOrd=000,R25BK00798348,g2b,서 내역서 영문요약서 과업지시서 설계지침서 최종제안요청
https://www.g2b.go.kr/link/PNPE027_01/single/?bidPbancNo=R25BK00794596&bidPbancOrd=000,R25BK00794596,g2b,"서, 용역입찰유의서, 용역계약일반조건, 용역계약특수조건"
https://www.g2b.go.kr/link/PNPE027_01/single/?bidPbancNo=R25BK00797674&bidPbancOrd=000,R25BK00797674,g2b,서 내역서 영문요약서 과업지시서 설계지침서 최종제안요청
https://www.g2b.go.kr/link/PNPE027_01/single/?bidPbancNo=R25BK00794922&bidPbancOrd=000,R25BK00794922,g2b,"서, 용역입찰유의서, 용역계약일반조건, 용역계약특수조건"
https://www.g2b.go.kr/link/PNPE027_01/single/?bidPbancNo=R25BK00794668&bidPbancOrd=000,R25BK00794668,g2b,"서, 용역입찰유의서, 용역계약일반조건, 용역계약특수조건"
https://www.g2b.go.kr/link/PNPE027_01/single/?bidPbancNo=R25BK00794868&bidPbancOrd=000,R25BK00794868,g2b,"서, 용역입찰유의서, 용역계약일반조건, 용역계약특수조건"
https://www.g2b.go.kr/link/PNPE027_01/single/?bidPbancNo=R25BK00786464&bidPbancOrd=001,R25BK00786464,g2b,서 내역서 영문요약서 과업지시서 설계지침서 최종제안요청
https://www.g2b.go.kr/link/PNPE027_01/single/?bidPbancNo=R25BK00791531&bidPbancOrd=000,R25BK00791531,g2b,"서, 용역입찰유의서, 용역계약일반조건, 용역계약특수조건"
https://www.g2b.go.kr/link/PNPE027_01/single/?bidPbancNo=R25BK00792395&bidPbancOrd=000,R25BK00792395,g2b,"서, 용역입찰유의서, 용역계약일반조건, 용역계약특수조건"
https://www.g2b.go.kr/link/PNPE027_01/single/?bidPbancNo=R25BK00792772&bidPbancOrd=001,R25BK00792772,g2b,서 내역서 영문요약서 과업지시서 설계지침서 최종제안요청
https://www.g2b.go.kr/link/PNPE027_01/single/?bidPbancNo=R25BK00792224&bidPbancOrd=000,R25BK00792224,g2b,서 내역서 영문요약서 과업지시서 설계지침서 최종제안요청
https://www.g2b.go.kr/link/PNPE027_01/single/?bidPbancNo=R25BK00790009&bidPbancOrd=000,R25BK00790009,g2b,서 내역서 영문요약서 과업지시서 설계지침서 최종제안요청
https://www.g2b.go.kr/link/PNPE027_01/single/?bidPbancNo=R25BK00789628&bidPbancOrd=001,R25BK00789628,g2b,"서, 용역입찰유의서, 용역계약일반조건, 용역계약특수조건"
https://www.g2b.go.kr/link/PNPE027_01/single/?bidPbancNo=R25BK00791274&bidPbancOrd=000,R25BK00791274,g2b,서 내역서 영문요약서 과업지시서 설계지침서 최종제안요청
https://www.g2b.go.kr/link/PNPE027_01/single/?bidPbancNo=R25BK00789689&bidPbancOrd=000,R25BK00789689,g2b,"서, 용역입찰유의서, 용역계약일반조건, 용역계약특수조건"
https://www.g2b.go.kr/link/PNPE027_01/single/?bidPbancNo=R25BK00789810&bidPbancOrd=000,R25BK00789810,g2b,서 내역서 영문요약서 과업지시서 설계지침서 최종제안요청
https://www.g2b.go.kr/link/PNPE027_01/single/?bidPbancNo=R25BK00788471&bidPbancOrd=000,R25BK00788471,g2b,"서, 용역입찰유의서, 용역계약일반조건, 용역계약특수조건"
https://www.g2b.go.kr/link/PNPE027_01/single/?bidPbancNo=R25BK00783770&bidPbancOrd=000,R25BK00783770,g2b,서 내역서 영문요약서 과업지시서 설계지침서 최종제안요청
https://www.g2b.go.kr/link/PNPE027_01/single/?bidPbancNo=R25BK00779832&bidPbancOrd=000,R25BK00779832,g2b,서 내역서 영문요약서 과업지시서 설계지침서 최종제안요청
https://www.g2b.go.kr/link/PNPE027_01/single/?bidPbancNo=R25BK00783578&bidPbancOrd=000,R25BK00783578,g2b,"서, 용역입찰유의서, 용역계약일반조건, 용역계약특수조건"
https://www.g2b.go.kr/link/PNPE027_01/single/?bidPbancNo=R25BK00783421&bidPbancOrd=000,R25BK00783421,g2b,서 내역서 영문요약서 과업지시서 설계지침서 최종제안요청
https://www.g2b.go.kr/link/PNPE027_01/single/?bidPbancNo=R25BK00783411&bidPbancOrd=000,R25BK00783411,g2b,서 내역서 영문요약서 과업지시서 설계지침서 최종제안요청
https://www.g2b.go.kr/link/PNPE027_01/single/?bidPbancNo=R25BK00783397&bidPbancOrd=000,R25BK00783397,g2b,서 내역서 영문요약서 과업지시서 설계지침서 최종제안요청
https://www.g2b.go.kr/link/PNPE027_01/single/?bidPbancNo=R25BK00783390&bidPbancOrd=000,R25BK00783390,g2b,서 내역서 영문요약서 과업지시서 설계지침서 최종제안요청
https://www.g2b.go.kr/link/PNPE027_01/single/?bidPbancNo=R25BK00783367&bidPbancOrd=000,R25BK00783367,g2b,서 내역서 영문요약서 과업지시서 설계지침서 최종제안요청
https://www.g2b.go.kr/link/PNPE027_01/single/?bidPbancNo=R25BK00781714&bidPbancOrd=000,R25BK00781714,g2b,서 내역서 영문요약서 과업지시서 설계지침서 최종제안요청
https://www.g2b.go.kr/link/PNPE027_01/single/?bidPbancNo=R25BK00779748&bidPbancOrd=000,R25BK00779748,g2b,"서, 용역입찰유의서, 용역계약일반조건, 용역계약특수조건"
https://www.g2b.go.kr/link/PNPE027_01/single/?bidPbancNo=R25BK00779666&bidPbancOrd=000,R25BK00779666,g2b,"서, 용역입찰유의서, 용역계약일반조건, 용역계약특수조건"
https://www.g2b.go.kr/link/PNPE027_01/single/?bidPbancNo=R25BK00779632&bidPbancOrd=000,R25BK00779632,g2b,"서, 용역입찰유의서, 용역계약일반조건, 용역계약특수조건"
https://www.g2b.go.kr/link/PNPE027_01/single/?bidPbancNo=R25BK00779132&bidPbancOrd=000,R25BK00779132,g2b,"서, 용역입찰유의서, 용역계약일반조건, 용역계약특수조건"
https://www.g2b.go.kr/link/PNPE027_01/single/?bidPbancNo=R25BK00778502&bidPbancOrd=001,R25BK00778502,g2b,"서, 용역입찰유의서, 용역계약일반조건, 용역계약특수조건"
https://www.g2b.go.kr/link/PNPE027_01/single/?bidPbancNo=R25BK00778312&bidPbancOrd=000,R25BK00778312,g2b,"서, 용역입찰유의서, 용역계약일반조건, 용역계약특수조건"
https://www.g2b.go.kr/link/PNPE027_01/single/?bidPbancNo=R25BK00778489&bidPbancOrd=000,R25BK00778489,g2b,서 내역서 영문요약서 과업지시서 설계지침서 최종제안요청
https://www.g2b.go.kr/link/PNPE027_01/single/?bidPbancNo=R25BK00778475&bidPbancOrd=000,R25BK00778475,g2b,서 내역서 영문요약서 과업지시서 설계지침서 최종제안요청
https://www.g2b.go.kr/link/PNPE027_01/single/?bidPbancNo=R25BK00778335&bidPbancOrd=000,R25BK00778335,g2b,서 내역서 영문요약서 과업지시서 설계지침서 최종제안요청
https://www.g2b.go.kr/link/PNPE027_01/single/?bidPbancNo=R25BK00776157&bidPbancOrd=000,R25BK00776157,g2b,서 내역서 영문요약서 과업지시서 설계지침서 최종제안요청
https://www.g2b.go.kr/link/PNPE027_01/single/?bidPbancNo=R25BK00775304&bidPbancOrd=000,R25BK00775304,g2b,"서, 용역입찰유의서, 용역계약일반조건, 용역계약특수조건"
https://www.g2b.go.kr/link/PNPE027_01/single/?bidPbancNo=R25BK00775164&bidPbancOrd=000,R25BK00775164,g2b,현장설치도 Grid end 입찰진행현황 전체1건 Gri
https://www.g2b.go.kr/link/PNPE027_01/single/?bidPbancNo=R25BK00772339&bidPbancOrd=000,R25BK00772339,g2b,서 내역서 영문요약서 과업지시서 설계지침서 최종제안요청
https://www.g2b.go.kr/link/PNPE027_01/single/?bidPbancNo=R25BK00775198&bidPbancOrd=000,R25BK00775198,g2b,서 내역서 영문요약서 과업지시서 설계지침서 최종제안요청
https://www.g2b.go.kr/link/PNPE027_01/single/?bidPbancNo=R25BK00774787&bidPbancOrd=000,R25BK00774787,g2b,"서, 용역입찰유의서, 용역계약일반조건, 용역계약특수조건"
https://www.g2b.go.kr/link/PNPE027_01/single/?bidPbancNo=R25BK00770642&bidPbancOrd=000,R25BK00770642,g2b,"서, 용역입찰유의서, 용역계약일반조건, 용역계약특수조건"
https://www.g2b.go.kr/link/PNPE027_01/single/?bidPbancNo=R25BK00774417&bidPbancOrd=000,R25BK00774417,g2b,"서, 용역입찰유의서, 용역계약일반조건, 용역계약특수조건"
https://www.g2b.go.kr/link/PNPE027_01/single/?bidPbancNo=R25BK00772825&bidPbancOrd=000,R25BK00772825,g2b,정보 전체0건 Grid start No 문서명 파일명 
https://www.g2b.go.kr/link/PNPE027_01/single/?bidPbancNo=R25BK00772709&bidPbancOrd=000,R25BK00772709,g2b,정보 전체0건 Grid start No 문서명 파일명 
https://www.g2b.go.kr/link/PNPE027_01/single/?bidPbancNo=R25BK00770094&bidPbancOrd=000,R25BK00770094,g2b,"서, 용역입찰유의서, 용역계약일반조건, 용역계약특수조건"
https://www.g2b.go.kr/link/PNPE027_01/single/?bidPbancNo=R25BK00772051&bidPbancOrd=000,R25BK00772051,g2b,"서, 용역입찰유의서, 용역계약일반조건, 용역계약특수조건"
https://www.g2b.go.kr/link/PNPE027_01/single/?bidPbancNo=R25BK00768279&bidPbancOrd=000,R25BK00768279,g2b,"서, 용역입찰유의서, 용역계약일반조건, 용역계약특수조건"
https://www.g2b.go.kr/link/PNPE027_01/single/?bidPbancNo=R25BK00770076&bidPbancOrd=000,R25BK00770076,g2b,"서, 용역입찰유의서, 용역계약일반조건, 용역계약특수조건"
https://www.g2b.go.kr/link/PNPE027_01/single/?bidPbancNo=R25BK00769585&bidPbancOrd=000,R25BK00769585,g2b,서 내역서 영문요약서 과업지시서 설계지침서 최종제안요청
https://www.g2b.go.kr/link/PNPE027_01/single/?bidPbancNo=R25BK00750156&bidPbancOrd=001,R25BK00750156,g2b,"서, 용역입찰유의서, 용역계약일반조건, 용역계약특수조건"
https://www.g2b.go.kr/link/PNPE027_01/single/?bidPbancNo=R25BK00767739&bidPbancOrd=000,R25BK00767739,g2b,"서, 용역입찰유의서, 용역계약일반조건, 용역계약특수조건"
https://www.g2b.go.kr/link/PNPE027_01/single/?bidPbancNo=R25BK00768294&bidPbancOrd=000,R25BK00768294,g2b,"서, 용역입찰유의서, 용역계약일반조건, 용역계약특수조건"
https://www.g2b.go.kr/link/PNPE027_01/single/?bidPbancNo=R25BK00763664&bidPbancOrd=000,R25BK00763664,g2b,서 내역서 영문요약서 과업지시서 설계지침서 최종제안요청
https://www.g2b.go.kr/link/PNPE027_01/single/?bidPbancNo=R25BK00766998&bidPbancOrd=000,R25BK00766998,g2b,서 내역서 영문요약서 과업지시서 설계지침서 최종제안요청
https://www.g2b.go.kr/link/PNPE027_01/single/?bidPbancNo=R25BK00766962&bidPbancOrd=000,R25BK00766962,g2b,서 내역서 영문요약서 과업지시서 설계지침서 최종제안요청
https://www.g2b.go.kr/link/PNPE027_01/single/?bidPbancNo=R25BK00790834&bidPbancOrd=000,R25BK00790834,g2b,"서, 용역입찰유의서, 용역계약일반조건, 용역계약특수조건"
https://www.g2b.go.kr/link/PNPE027_01/single/?bidPbancNo=R25BK00766884&bidPbancOrd=000,R25BK00766884,g2b,서 내역서 영문요약서 과업지시서 설계지침서 최종제안요청
https://www.g2b.go.kr/link/PNPE027_01/single/?bidPbancNo=R25BK00758344&bidPbancOrd=000,R25BK00758344,g2b,"서, 용역입찰유의서, 용역계약일반조건, 용역계약특수조건"
https://www.g2b.go.kr/link/PNPE027_01/single/?bidPbancNo=R25BK00766596&bidPbancOrd=000,R25BK00766596,g2b,서 내역서 영문요약서 과업지시서 설계지침서 최종제안요청
https://www.g2b.go.kr/link/PNPE027_01/single/?bidPbancNo=R25BK00764832&bidPbancOrd=000,R25BK00764832,g2b,"서, 용역입찰유의서, 용역계약일반조건, 용역계약특수조건"
https://www.g2b.go.kr/link/PNPE027_01/single/?bidPbancNo=R25BK00763381&bidPbancOrd=000,R25BK00763381,g2b,"서, 용역입찰유의서, 용역계약일반조건, 용역계약특수조건"
https://www.g2b.go.kr/link/PNPE027_01/single/?bidPbancNo=R25BK00763150&bidPbancOrd=000,R25BK00763150,g2b,서 내역서 영문요약서 과업지시서 설계지침서 최종제안요청
https://www.g2b.go.kr/link/PNPE027_01/single/?bidPbancNo=R25BK00763086&bidPbancOrd=000,R25BK00763086,g2b,서 내역서 영문요약서 과업지시서 설계지침서 최종제안요청
https://www.g2b.go.kr/link/PNPE027_01/single/?bidPbancNo=R25BK00763427&bidPbancOrd=000,R25BK00763427,g2b,서 내역서 영문요약서 과업지시서 설계지침서 최종제안요청
https://www.g2b.go.kr/link/PNPE027_01/single/?bidPbancNo=R25BK00761504&bidPbancOrd=000,R25BK00761504,g2b,서 내역서 영문요약서 과업지시서 설계지침서 최종제안요청
https://www.g2b.go.kr/link/PNPE027_01/single/?bidPbancNo=R25BK00762036&bidPbancOrd=000,R25BK00762036,g2b,"서, 용역입찰유의서, 용역계약일반조건, 용역계약특수조건"
https://www.g2b.go.kr/link/PNPE027_01/single/?bidPbancNo=R25BK00761958&bidPbancOrd=000,R25BK00761958,g2b,"서, 용역입찰유의서, 용역계약일반조건, 용역계약특수조건"
https://www.g2b.go.kr/link/PNPE027_01/single/?bidPbancNo=R25BK00758915&bidPbancOrd=000,R25BK00758915,g2b,서 내역서 영문요약서 과업지시서 설계지침서 최종제안요청
https://www.g2b.go.kr/link/PNPE027_01/single/?bidPbancNo=R25BK00751006&bidPbancOrd=003,R25BK00751006,g2b,서 내역서 영문요약서 과업지시서 설계지침서 최종제안요청
https://www.g2b.go.kr/link/PNPE027_01/single/?bidPbancNo=R25BK00750110&bidPbancOrd=000,R25BK00750110,g2b,"서, 용역입찰유의서, 용역계약일반조건, 용역계약특수조건"
https://www.g2b.go.kr/link/PNPE027_01/single/?bidPbancNo=R25BK00733015&bidPbancOrd=000,R25BK00733015,g2b,서 내역서 영문요약서 과업지시서 설계지침서 최종제안요청
https://www.g2b.go.kr/link/PNPE027_01/single/?bidPbancNo=R25BK00751641&bidPbancOrd=000,R25BK00751641,g2b,서 내역서 영문요약서 과업지시서 설계지침서 최종제안요청
https://www.g2b.go.kr/link/PNPE027_01/single/?bidPbancNo=R25BK00748097&bidPbancOrd=000,R25BK00748097,g2b,정보 전체5건 Grid start No 문서명 파일명 
https://www.g2b.go.kr/link/PNPE027_01/single/?bidPbancNo=R25BK00751380&bidPbancOrd=000,R25BK00751380,g2b,"서, 용역입찰유의서, 용역계약일반조건, 용역계약특수조건"
https://www.g2b.go.kr/link/PNPE027_01/single/?bidPbancNo=R25BK00749149&bidPbancOrd=001,R25BK00749149,g2b,"서, 용역입찰유의서, 용역계약일반조건, 용역계약특수조건"
https://www.g2b.go.kr/link/PNPE027_01/single/?bidPbancNo=R25BK00750391&bidPbancOrd=000,R25BK00750391,g2b,"서, 용역입찰유의서, 용역계약일반조건, 용역계약특수조건"
https://www.g2b.go.kr/link/PNPE027_01/single/?bidPbancNo=R25BK00746484&bidPbancOrd=000,R25BK00746484,g2b,서 내역서 영문요약서 과업지시서 설계지침서 최종제안요청
https://www.g2b.go.kr/link/PNPE027_01/single/?bidPbancNo=R25BK00735679&bidPbancOrd=000,R25BK00735679,g2b,서 내역서 영문요약서 과업지시서 설계지침서 최종제안요청
https://www.g2b.go.kr/link/PNPE027_01/single/?bidPbancNo=R25BK00735662&bidPbancOrd=000,R25BK00735662,g2b,서 내역서 영문요약서 과업지시서 설계지침서 최종제안요청
https://www.g2b.go.kr/link/PNPE027_01/single/?bidPbancNo=R25BK00735583&bidPbancOrd=000,R25BK00735583,g2b,서 내역서 영문요약서 과업지시서 설계지침서 최종제안요청
https://www.g2b.go.kr/link/PNPE027_01/single/?bidPbancNo=R25BK00748001&bidPbancOrd=000,R25BK00748001,g2b,"서, 용역입찰유의서, 용역계약일반조건, 용역계약특수조건"
https://www.g2b.go.kr/link/PNPE027_01/single/?bidPbancNo=R25BK00747161&bidPbancOrd=000,R25BK00747161,g2b,"서, 용역입찰유의서, 용역계약일반조건, 용역계약특수조건"
https://www.g2b.go.kr/link/PNPE027_01/single/?bidPbancNo=R25BK00738939&bidPbancOrd=000,R25BK00738939,g2b,"서, 용역입찰유의서, 용역계약일반조건, 용역계약특수조건"
https://www.g2b.go.kr/link/PNPE027_01/single/?bidPbancNo=R25BK00738465&bidPbancOrd=000,R25BK00738465,g2b,서 내역서 영문요약서 과업지시서 설계지침서 최종제안요청
https://www.g2b.go.kr/link/PNPE027_01/single/?bidPbancNo=R25BK00746241&bidPbancOrd=000,R25BK00746241,g2b,"서, 용역입찰유의서, 용역계약일반조건, 용역계약특수조건"
https://www.g2b.go.kr/link/PNPE027_01/single/?bidPbancNo=R25BK00746217&bidPbancOrd=000,R25BK00746217,g2b,"서, 용역입찰유의서, 용역계약일반조건, 용역계약특수조건"
https://www.g2b.go.kr/link/PNPE027_01/single/?bidPbancNo=R25BK00745413&bidPbancOrd=000,R25BK00745413,g2b,"서, 용역입찰유의서, 용역계약일반조건, 용역계약특수조건"
https://www.g2b.go.kr/link/PNPE027_01/single/?bidPbancNo=R25BK00745056&bidPbancOrd=000,R25BK00745056,g2b,서 내역서 영문요약서 과업지시서 설계지침서 최종제안요청
https://www.g2b.go.kr/link/PNPE027_01/single/?bidPbancNo=R25BK00742147&bidPbancOrd=000,R25BK00742147,g2b,정보 전체5건 Grid start No 문서명 파일명 
https://www.g2b.go.kr/link/PNPE027_01/single/?bidPbancNo=R25BK00744894&bidPbancOrd=000,R25BK00744894,g2b,"서, 용역입찰유의서, 용역계약일반조건, 용역계약특수조건"
https://www.g2b.go.kr/link/PNPE027_01/single/?bidPbancNo=R25BK00744606&bidPbancOrd=000,R25BK00744606,g2b,"서, 용역입찰유의서, 용역계약일반조건, 용역계약특수조건"
https://www.g2b.go.kr/link/PNPE027_01/single/?bidPbancNo=R25BK00744327&bidPbancOrd=000,R25BK00744327,g2b,"서, 용역입찰유의서, 용역계약일반조건, 용역계약특수조건"
https://www.g2b.go.kr/link/PNPE027_01/single/?bidPbancNo=R25BK00743684&bidPbancOrd=001,R25BK00743684,g2b,"서, 용역입찰유의서, 용역계약일반조건, 용역계약특수조건"
https://www.g2b.go.kr/link/PNPE027_01/single/?bidPbancNo=R25BK00742304&bidPbancOrd=000,R25BK00742304,g2b,"서, 용역입찰유의서, 용역계약일반조건, 용역계약특수조건"
https://www.g2b.go.kr/link/PNPE027_01/single/?bidPbancNo=R25BK00739981&bidPbancOrd=000,R25BK00739981,g2b,"서, 용역입찰유의서, 용역계약일반조건, 용역계약특수조건"
https://www.g2b.go.kr/link/PNPE027_01/single/?bidPbancNo=R25BK00741381&bidPbancOrd=000,R25BK00741381,g2b,"서, 용역입찰유의서, 용역계약일반조건, 용역계약특수조건"
https://www.g2b.go.kr/link/PNPE027_01/single/?bidPbancNo=R25BK00741235&bidPbancOrd=000,R25BK00741235,g2b,"서, 용역입찰유의서, 용역계약일반조건, 용역계약특수조건"
https://www.g2b.go.kr/link/PNPE027_01/single/?bidPbancNo=R25BK00739729&bidPbancOrd=000,R25BK00739729,g2b,서 내역서 영문요약서 과업지시서 설계지침서 최종제안요청
https://www.g2b.go.kr/link/PNPE027_01/single/?bidPbancNo=R25BK00717481&bidPbancOrd=002,R25BK00717481,g2b,정보 전체0건 Grid start No 문서명 파일명 
https://www.g2b.go.kr/link/PNPE027_01/single/?bidPbancNo=R25BK00718273&bidPbancOrd=002,R25BK00718273,g2b,정보 전체0건 Grid start No 문서명 파일명 
https://www.g2b.go.kr/link/PNPE027_01/single/?bidPbancNo=R25BK00738844&bidPbancOrd=000,R25BK00738844,g2b,서 내역서 영문요약서 과업지시서 설계지침서 최종제안요청
https://www.g2b.go.kr/link/PNPE027_01/single/?bidPbancNo=R25BK00737315&bidPbancOrd=000,R25BK00737315,g2b,"서, 용역입찰유의서, 용역계약일반조건, 용역계약특수조건"
https://www.g2b.go.kr/link/PNPE027_01/single/?bidPbancNo=R25BK00737953&bidPbancOrd=000,R25BK00737953,g2b,정보 전체0건 Grid start No 문서명 파일명 
https://www.g2b.go.kr/link/PNPE027_01/single/?bidPbancNo=R25BK00737426&bidPbancOrd=000,R25BK00737426,g2b,서 내역서 영문요약서 과업지시서 설계지침서 최종제안요청
https://www.g2b.go.kr/link/PNPE027_01/single/?bidPbancNo=R25BK00737119&bidPbancOrd=000,R25BK00737119,g2b,서 내역서 영문요약서 과업지시서 설계지침서 최종제안요청
https://www.g2b.go.kr/link/PNPE027_01/single/?bidPbancNo=R25BK00737012&bidPbancOrd=000,R25BK00737012,g2b,정보 전체0건 Grid start No 문서명 파일명 
https://www.g2b.go.kr/link/PNPE027_01/single/?bidPbancNo=R25BK00736644&bidPbancOrd=000,R25BK00736644,g2b,서 내역서 영문요약서 과업지시서 설계지침서 최종제안요청
https://www.g2b.go.kr/link/PNPE027_01/single/?bidPbancNo=R25BK00737142&bidPbancOrd=000,R25BK00737142,g2b,"서, 용역입찰유의서, 용역계약일반조건, 용역계약특수조건"
https://www.g2b.go.kr/link/PNPE027_01/single/?bidPbancNo=R25BK00736121&bidPbancOrd=000,R25BK00736121,g2b,"서, 용역입찰유의서, 용역계약일반조건, 용역계약특수조건"
https://www.g2b.go.kr/link/PNPE027_01/single/?bidPbancNo=R25BK00737117&bidPbancOrd=000,R25BK00737117,g2b,"서, 용역입찰유의서, 용역계약일반조건, 용역계약특수조건"
https://www.g2b.go.kr/link/PNPE027_01/single/?bidPbancNo=R25BK00737062&bidPbancOrd=000,R25BK00737062,g2b,"서, 용역입찰유의서, 용역계약일반조건, 용역계약특수조건"
https://www.g2b.go.kr/link/PNPE027_01/single/?bidPbancNo=R25BK00737014&bidPbancOrd=000,R25BK00737014,g2b,"서, 용역입찰유의서, 용역계약일반조건, 용역계약특수조건"
https://www.g2b.go.kr/link/PNPE027_01/single/?bidPbancNo=R25BK00738444&bidPbancOrd=000,R25BK00738444,g2b,"서, 용역입찰유의서, 용역계약일반조건, 용역계약특수조건"
https://www.g2b.go.kr/link/PNPE027_01/single/?bidPbancNo=R25BK00737501&bidPbancOrd=000,R25BK00737501,g2b,"서, 용역입찰유의서, 용역계약일반조건, 용역계약특수조건"
https://www.g2b.go.kr/link/PNPE027_01/single/?bidPbancNo=R25BK00735378&bidPbancOrd=000,R25BK00735378,g2b,"서, 용역입찰유의서, 용역계약일반조건, 용역계약특수조건"
https://www.g2b.go.kr/link/PNPE027_01/single/?bidPbancNo=R25BK00726683&bidPbancOrd=001,R25BK00726683,g2b,정보 전체0건 Grid start No 문서명 파일명 
https://www.g2b.go.kr/link/PNPE027_01/single/?bidPbancNo=R25BK00733689&bidPbancOrd=000,R25BK00733689,g2b,"서, 용역입찰유의서, 용역계약일반조건, 용역계약특수조건"
https://www.g2b.go.kr/link/PNPE027_01/single/?bidPbancNo=R25BK00726607&bidPbancOrd=001,R25BK00726607,g2b,정보 전체0건 Grid start No 문서명 파일명 
https://www.g2b.go.kr/link/PNPE027_01/single/?bidPbancNo=R25BK00726719&bidPbancOrd=001,R25BK00726719,g2b,정보 전체0건 Grid start No 문서명 파일명 
https://www.g2b.go.kr/link/PNPE027_01/single/?bidPbancNo=R25BK00724073&bidPbancOrd=000,R25BK00724073,g2b,서 내역서 영문요약서 과업지시서 설계지침서 최종제안요청
https://www.g2b.go.kr/link/PNPE027_01/single/?bidPbancNo=R25BK00722428&bidPbancOrd=002,R25BK00722428,g2b,서 내역서 영문요약서 과업지시서 설계지침서 최종제안요청
https://www.g2b.go.kr/link/PNPE027_01/single/?bidPbancNo=R25BK00722728&bidPbancOrd=002,R25BK00722728,g2b,"서, 용역입찰유의서, 용역계약일반조건, 용역계약특수조건"
https://www.g2b.go.kr/link/PNPE027_01/single/?bidPbancNo=R25BK00719254&bidPbancOrd=000,R25BK00719254,g2b,서 내역서 영문요약서 과업지시서 설계지침서 최종제안요청
https://www.g2b.go.kr/link/PNPE027_01/single/?bidPbancNo=R25BK00726411&bidPbancOrd=000,R25BK00726411,g2b,"서, 용역입찰유의서, 용역계약일반조건, 용역계약특수조건"
https://www.g2b.go.kr/link/PNPE027_01/single/?bidPbancNo=R25BK00723770&bidPbancOrd=001,R25BK00723770,g2b,"서, 용역입찰유의서, 용역계약일반조건, 용역계약특수조건"
https://www.g2b.go.kr/link/PNPE027_01/single/?bidPbancNo=R25BK00720012&bidPbancOrd=000,R25BK00720012,g2b,서 내역서 영문요약서 과업지시서 설계지침서 최종제안요청
https://www.g2b.go.kr/link/PNPE027_01/single/?bidPbancNo=R25BK00725157&bidPbancOrd=000,R25BK00725157,g2b,"서, 용역입찰유의서, 용역계약일반조건, 용역계약특수조건"
https://www.g2b.go.kr/link/PNPE027_01/single/?bidPbancNo=R25BK00723181&bidPbancOrd=000,R25BK00723181,g2b,"서, 용역입찰유의서, 용역계약일반조건, 용역계약특수조건"
https://www.g2b.go.kr/link/PNPE027_01/single/?bidPbancNo=R25BK00720917&bidPbancOrd=000,R25BK00720917,g2b,"서, 용역입찰유의서, 용역계약일반조건, 용역계약특수조건"
https://www.g2b.go.kr/link/PNPE027_01/single/?bidPbancNo=R25BK00720955&bidPbancOrd=000,R25BK00720955,g2b,"서, 용역입찰유의서, 용역계약일반조건, 용역계약특수조건"
https://www.g2b.go.kr/link/PNPE027_01/single/?bidPbancNo=R25BK00722625&bidPbancOrd=000,R25BK00722625,g2b,"서, 용역입찰유의서, 용역계약일반조건, 용역계약특수조건"
https://www.g2b.go.kr/link/PNPE027_01/single/?bidPbancNo=R25BK00722494&bidPbancOrd=000,R25BK00722494,g2b,서 내역서 영문요약서 과업지시서 설계지침서 최종제안요청
https://www.g2b.go.kr/link/PNPE027_01/single/?bidPbancNo=R25BK00718218&bidPbancOrd=000,R25BK00718218,g2b,정보 전체0건 Grid start No 문서명 파일명 
https://www.g2b.go.kr/link/PNPE027_01/single/?bidPbancNo=R25BK00720907&bidPbancOrd=000,R25BK00720907,g2b,서 내역서 영문요약서 과업지시서 설계지침서 최종제안요청
https://www.g2b.go.kr/link/PNPE027_01/single/?bidPbancNo=R25BK00713691&bidPbancOrd=000,R25BK00713691,g2b,"서, 용역입찰유의서, 용역계약일반조건, 용역계약특수조건"
https://www.g2b.go.kr/link/PNPE027_01/single/?bidPbancNo=R25BK00711615&bidPbancOrd=001,R25BK00711615,g2b,"서, 용역입찰유의서, 용역계약일반조건, 용역계약특수조건"
https://www.g2b.go.kr/link/PNPE027_01/single/?bidPbancNo=R25BK00710421&bidPbancOrd=000,R25BK00710421,g2b,서 내역서 영문요약서 과업지시서 설계지침서 최종제안요청
https://www.g2b.go.kr/link/PNPE027_01/single/?bidPbancNo=R25BK00708484&bidPbancOrd=001,R25BK00708484,g2b,"서, 용역입찰유의서, 용역계약일반조건, 용역계약특수조건"
https://www.g2b.go.kr/link/PNPE027_01/single/?bidPbancNo=R25BK00709440&bidPbancOrd=000,R25BK00709440,g2b,"서, 용역입찰유의서, 용역계약일반조건, 용역계약특수조건"
https://www.g2b.go.kr/link/PNPE027_01/single/?bidPbancNo=R25BK00696531&bidPbancOrd=000,R25BK00696531,g2b,"서, 용역입찰유의서, 용역계약일반조건, 용역계약특수조건"
https://www.g2b.go.kr/link/PNPE027_01/single/?bidPbancNo=R25BK00700510&bidPbancOrd=001,R25BK00700510,g2b,"서, 용역입찰유의서, 용역계약일반조건, 용역계약특수조건"
https://www.g2b.go.kr/link/PNPE027_01/single/?bidPbancNo=R25BK00706934&bidPbancOrd=000,R25BK00706934,g2b,정보 전체0건 Grid start No 문서명 파일명 
https://www.g2b.go.kr/link/PNPE027_01/single/?bidPbancNo=R25BK00705225&bidPbancOrd=000,R25BK00705225,g2b,"서, 용역입찰유의서, 용역계약일반조건, 용역계약특수조건"
https://www.g2b.go.kr/link/PNPE027_01/single/?bidPbancNo=R25BK00705301&bidPbancOrd=000,R25BK00705301,g2b,"서, 용역입찰유의서, 용역계약일반조건, 용역계약특수조건"
https://www.g2b.go.kr/link/PNPE027_01/single/?bidPbancNo=R25BK00705108&bidPbancOrd=000,R25BK00705108,g2b,"서, 용역입찰유의서, 용역계약일반조건, 용역계약특수조건"
https://www.g2b.go.kr/link/PNPE027_01/single/?bidPbancNo=R25BK00704979&bidPbancOrd=000,R25BK00704979,g2b,"서, 용역입찰유의서, 용역계약일반조건, 용역계약특수조건"
https://www.g2b.go.kr/link/PNPE027_01/single/?bidPbancNo=R25BK00704709&bidPbancOrd=000,R25BK00704709,g2b,"서, 용역입찰유의서, 용역계약일반조건, 용역계약특수조건"
https://www.g2b.go.kr/link/PNPE027_01/single/?bidPbancNo=R25BK00703522&bidPbancOrd=000,R25BK00703522,g2b,"서, 용역입찰유의서, 용역계약일반조건, 용역계약특수조건"
https://www.g2b.go.kr/link/PNPE027_01/single/?bidPbancNo=R25BK00702405&bidPbancOrd=000,R25BK00702405,g2b,"서, 용역입찰유의서, 용역계약일반조건, 용역계약특수조건"
https://www.g2b.go.kr/link/PNPE027_01/single/?bidPbancNo=R25BK00700934&bidPbancOrd=000,R25BK00700934,g2b,"서, 용역입찰유의서, 용역계약일반조건, 용역계약특수조건"
https://www.g2b.go.kr/link/PNPE027_01/single/?bidPbancNo=R25BK00688632&bidPbancOrd=000,R25BK00688632,g2b,서 내역서 영문요약서 과업지시서 설계지침서 최종제안요청
https://www.g2b.go.kr/link/PNPE027_01/single/?bidPbancNo=R25BK00699620&bidPbancOrd=000,R25BK00699620,g2b,서 내역서 영문요약서 과업지시서 설계지침서 최종제안요청
https://www.g2b.go.kr/link/PNPE027_01/single/?bidPbancNo=R25BK00697075&bidPbancOrd=000,R25BK00697075,g2b,"서, 용역입찰유의서, 용역계약일반조건, 용역계약특수조건"
https://www.g2b.go.kr/link/PNPE027_01/single/?bidPbancNo=R25BK00699307&bidPbancOrd=000,R25BK00699307,g2b,서 내역서 영문요약서 과업지시서 설계지침서 최종제안요청
https://www.g2b.go.kr/link/PNPE027_01/single/?bidPbancNo=R25BK00697663&bidPbancOrd=000,R25BK00697663,g2b,"서, 용역입찰유의서, 용역계약일반조건, 용역계약특수조건"
https://www.g2b.go.kr/link/PNPE027_01/single/?bidPbancNo=R25BK00697377&bidPbancOrd=000,R25BK00697377,g2b,"서, 용역입찰유의서, 용역계약일반조건, 용역계약특수조건"
https://www.g2b.go.kr/link/PNPE027_01/single/?bidPbancNo=R25BK00696189&bidPbancOrd=000,R25BK00696189,g2b,"서, 용역입찰유의서, 용역계약일반조건, 용역계약특수조건"
https://www.g2b.go.kr/link/PNPE027_01/single/?bidPbancNo=R25BK00696548&bidPbancOrd=000,R25BK00696548,g2b,서.hwpx 47.9 KB 곽범준 10:27:03 미리
https://www.g2b.go.kr/link/PNPE027_01/single/?bidPbancNo=R25BK00696455&bidPbancOrd=000,R25BK00696455,g2b,"서, 용역입찰유의서, 용역계약일반조건, 용역계약특수조건"
https://www.g2b.go.kr/link/PNPE027_01/single/?bidPbancNo=R25BK00693714&bidPbancOrd=000,R25BK00693714,g2b,서 내역서 영문요약서 과업지시서 설계지침서 최종제안요청
https://www.g2b.go.kr/link/PNPE027_01/single/?bidPbancNo=R25BK00692874&bidPbancOrd=000,R25BK00692874,g2b,"서, 용역입찰유의서, 용역계약일반조건, 용역계약특수조건"
https://www.g2b.go.kr/link/PNPE027_01/single/?bidPbancNo=R25BK00692511&bidPbancOrd=001,R25BK00692511,g2b,"서, 용역입찰유의서, 용역계약일반조건, 용역계약특수조건"
https://www.g2b.go.kr/link/PNPE027_01/single/?bidPbancNo=R25BK00690643&bidPbancOrd=000,R25BK00690643,g2b,"서, 용역입찰유의서, 용역계약일반조건, 용역계약특수조건"
https://www.g2b.go.kr/link/PNPE027_01/single/?bidPbancNo=R25BK00690629&bidPbancOrd=000,R25BK00690629,g2b,"서, 용역입찰유의서, 용역계약일반조건, 용역계약특수조건"
https://www.g2b.go.kr/link/PNPE027_01/single/?bidPbancNo=R25BK00690186&bidPbancOrd=000,R25BK00690186,g2b,서 내역서 영문요약서 과업지시서 설계지침서 최종제안요청
https://www.g2b.go.kr/link/PNPE027_01/single/?bidPbancNo=R25BK00689289&bidPbancOrd=000,R25BK00689289,g2b,서 내역서 영문요약서 과업지시서 설계지침서 최종제안요청
https://www.g2b.go.kr/link/PNPE027_01/single/?bidPbancNo=R25BK00689526&bidPbancOrd=000,R25BK00689526,g2b,"서, 용역입찰유의서, 용역계약일반조건, 용역계약특수조건"
https://www.g2b.go.kr/link/PNPE027_01/single/?bidPbancNo=R25BK00729049&bidPbancOrd=000,R25BK00729049,g2b,정보 전체0건 Grid start No 문서명 파일명 
https://www.g2b.go.kr/link/PNPE027_01/single/?bidPbancNo=R25BK00688977&bidPbancOrd=000,R25BK00688977,g2b,"서, 용역입찰유의서, 용역계약일반조건, 용역계약특수조건"
https://www.g2b.go.kr/link/PNPE027_01/single/?bidPbancNo=R25BK00689073&bidPbancOrd=000,R25BK00689073,g2b,"서, 용역입찰유의서, 용역계약일반조건, 용역계약특수조건"
https://www.g2b.go.kr/link/PNPE027_01/single/?bidPbancNo=R25BK00687382&bidPbancOrd=000,R25BK00687382,g2b,"서, 용역입찰유의서, 용역계약일반조건, 용역계약특수조건"
https://www.g2b.go.kr/link/PNPE027_01/single/?bidPbancNo=R25BK00685324&bidPbancOrd=000,R25BK00685324,g2b,"서, 용역입찰유의서, 용역계약일반조건, 용역계약특수조건"
https://www.g2b.go.kr/link/PNPE027_01/single/?bidPbancNo=R25BK00686888&bidPbancOrd=000,R25BK00686888,g2b,"서, 용역입찰유의서, 용역계약일반조건, 용역계약특수조건"
https://www.g2b.go.kr/link/PNPE027_01/single/?bidPbancNo=R25BK00652821&bidPbancOrd=001,R25BK00652821,g2b,서 내역서 영문요약서 과업지시서 설계지침서 최종제안요청
https://www.g2b.go.kr/link/PNPE027_01/single/?bidPbancNo=R25BK00685385&bidPbancOrd=000,R25BK00685385,g2b,"서, 용역입찰유의서, 용역계약일반조건, 용역계약특수조건"
https://www.g2b.go.kr/link/PNPE027_01/single/?bidPbancNo=R25BK00682928&bidPbancOrd=001,R25BK00682928,g2b,"서, 용역입찰유의서, 용역계약일반조건, 용역계약특수조건"
https://www.g2b.go.kr/link/PNPE027_01/single/?bidPbancNo=R25BK00685419&bidPbancOrd=000,R25BK00685419,g2b,정보 전체0건 Grid start No 문서명 파일명 
https://www.g2b.go.kr/link/PNPE027_01/single/?bidPbancNo=R25BK00685362&bidPbancOrd=000,R25BK00685362,g2b,"서, 용역입찰유의서, 용역계약일반조건, 용역계약특수조건"
https://www.g2b.go.kr/link/PNPE027_01/single/?bidPbancNo=R25BK00679709&bidPbancOrd=000,R25BK00679709,g2b,서 내역서 영문요약서 과업지시서 설계지침서 최종제안요청
https://www.g2b.go.kr/link/PNPE027_01/single/?bidPbancNo=R25BK00678310&bidPbancOrd=000,R25BK00678310,g2b,정보 전체0건 Grid start No 문서명 파일명 
https://www.g2b.go.kr/link/PNPE027_01/single/?bidPbancNo=R25BK00678255&bidPbancOrd=000,R25BK00678255,g2b,정보 전체0건 Grid start No 문서명 파일명 
https://www.g2b.go.kr/link/PNPE027_01/single/?bidPbancNo=R25BK00680265&bidPbancOrd=000,R25BK00680265,g2b,"서, 용역입찰유의서, 용역계약일반조건, 용역계약특수조건"
https://www.g2b.go.kr/link/PNPE027_01/single/?bidPbancNo=R25BK00678238&bidPbancOrd=000,R25BK00678238,g2b,정보 전체0건 Grid start No 문서명 파일명 
https://www.g2b.go.kr/link/PNPE027_01/single/?bidPbancNo=R25BK00676823&bidPbancOrd=000,R25BK00676823,g2b,서 내역서 영문요약서 과업지시서 설계지침서 최종제안요청
https://www.g2b.go.kr/link/PNPE027_01/single/?bidPbancNo=R25BK00676932&bidPbancOrd=000,R25BK00676932,g2b,서 내역서 영문요약서 과업지시서 설계지침서 최종제안요청
https://www.g2b.go.kr/link/PNPE027_01/single/?bidPbancNo=R25BK00676707&bidPbancOrd=000,R25BK00676707,g2b,서 내역서 영문요약서 과업지시서 설계지침서 최종제안요청
https://www.g2b.go.kr/link/PNPE027_01/single/?bidPbancNo=R25BK00674275&bidPbancOrd=000,R25BK00674275,g2b,서 내역서 영문요약서 과업지시서 설계지침서 최종제안요청
https://www.g2b.go.kr/link/PNPE027_01/single/?bidPbancNo=R25BK00677802&bidPbancOrd=000,R25BK00677802,g2b,서 내역서 영문요약서 과업지시서 설계지침서 최종제안요청
https://www.g2b.go.kr/link/PNPE027_01/single/?bidPbancNo=R25BK00675852&bidPbancOrd=000,R25BK00675852,g2b,"서, 용역입찰유의서, 용역계약일반조건, 용역계약특수조건"
https://www.g2b.go.kr/link/PNPE027_01/single/?bidPbancNo=R25BK00678998&bidPbancOrd=000,R25BK00678998,g2b,"서, 용역입찰유의서, 용역계약일반조건, 용역계약특수조건"
https://www.g2b.go.kr/link/PNPE027_01/single/?bidPbancNo=R25BK00660258&bidPbancOrd=001,R25BK00660258,g2b,나라장터
https://www.g2b.go.kr/link/PNPE027_01/single/?bidPbancNo=R25BK00677700&bidPbancOrd=000,R25BK00677700,g2b,"서, 용역입찰유의서, 용역계약일반조건, 용역계약특수조건"
https://www.g2b.go.kr/link/PNPE027_01/single/?bidPbancNo=R25BK00677484&bidPbancOrd=000,R25BK00677484,g2b,"서, 용역입찰유의서, 용역계약일반조건, 용역계약특수조건"
https://www.g2b.go.kr/link/PNPE027_01/single/?bidPbancNo=R25BK00677408&bidPbancOrd=000,R25BK00677408,g2b,서 내역서 영문요약서 과업지시서 설계지침서 최종제안요청
https://www.g2b.go.kr/link/PNPE027_01/single/?bidPbancNo=R25BK00677352&bidPbancOrd=000,R25BK00677352,g2b,서 내역서 영문요약서 과업지시서 설계지침서 최종제안요청
https://www.g2b.go.kr/link/PNPE027_01/single/?bidPbancNo=R25BK00676306&bidPbancOrd=000,R25BK00676306,g2b,"서, 용역입찰유의서, 용역계약일반조건, 용역계약특수조건"
https://www.g2b.go.kr/link/PNPE027_01/single/?bidPbancNo=R25BK00677123&bidPbancOrd=000,R25BK00677123,g2b,서 내역서 영문요약서 과업지시서 설계지침서 최종제안요청
https://www.g2b.go.kr/link/PNPE027_01/single/?bidPbancNo=R25BK00676297&bidPbancOrd=000,R25BK00676297,g2b,"서, 용역입찰유의서, 용역계약일반조건, 용역계약특수조건"
https://www.g2b.go.kr/link/PNPE027_01/single/?bidPbancNo=R25BK00676288&bidPbancOrd=000,R25BK00676288,g2b,"서, 용역입찰유의서, 용역계약일반조건, 용역계약특수조건"
https://www.g2b.go.kr/link/PNPE027_01/single/?bidPbancNo=R25BK00675831&bidPbancOrd=000,R25BK00675831,g2b,"서, 용역입찰유의서, 용역계약일반조건, 용역계약특수조건"
https://www.g2b.go.kr/link/PNPE027_01/single/?bidPbancNo=R25BK00676676&bidPbancOrd=000,R25BK00676676,g2b,"서, 용역입찰유의서, 용역계약일반조건, 용역계약특수조건"
https://www.g2b.go.kr/link/PNPE027_01/single/?bidPbancNo=R25BK00675684&bidPbancOrd=000,R25BK00675684,g2b,서).hwpx 50.1 KB 곽범준 10:30:00 미
https://www.g2b.go.kr/link/PNPE027_01/single/?bidPbancNo=R25BK00675893&bidPbancOrd=000,R25BK00675893,g2b,서).hwpx 51.3 KB 곽범준 10:48:35 미
https://www.g2b.go.kr/link/PNPE027_01/single/?bidPbancNo=R25BK00676017&bidPbancOrd=000,R25BK00676017,g2b,서.hwpx 51.5 KB 곽범준 10:57:30 미리
https://www.g2b.go.kr/link/PNPE027_01/single/?bidPbancNo=R25BK00675642&bidPbancOrd=000,R25BK00675642,g2b,"서, 용역입찰유의서, 용역계약일반조건, 용역계약특수조건"
https://www.g2b.go.kr/link/PNPE027_01/single/?bidPbancNo=R25BK00674383&bidPbancOrd=000,R25BK00674383,g2b,서 내역서 영문요약서 과업지시서 설계지침서 최종제안요청
https://www.g2b.go.kr/link/PNPE027_01/single/?bidPbancNo=R25BK00674035&bidPbancOrd=000,R25BK00674035,g2b,서 내역서 영문요약서 과업지시서 설계지침서 최종제안요청
https://www.g2b.go.kr/link/PNPE027_01/single/?bidPbancNo=R25BK00674152&bidPbancOrd=000,R25BK00674152,g2b,"서, 용역입찰유의서, 용역계약일반조건, 용역계약특수조건"
https://www.g2b.go.kr/link/PNPE027_01/single/?bidPbancNo=R25BK00670455&bidPbancOrd=001,R25BK00670455,g2b,"서, 용역입찰유의서, 용역계약일반조건, 용역계약특수조건"
https://www.g2b.go.kr/link/PNPE027_01/single/?bidPbancNo=R25BK00673958&bidPbancOrd=000,R25BK00673958,g2b,"서, 용역입찰유의서, 용역계약일반조건, 용역계약특수조건"
https://www.g2b.go.kr/link/PNPE027_01/single/?bidPbancNo=R25BK00672678&bidPbancOrd=000,R25BK00672678,g2b,"서, 용역입찰유의서, 용역계약일반조건, 용역계약특수조건"
https://www.g2b.go.kr/link/PNPE027_01/single/?bidPbancNo=R25BK00672969&bidPbancOrd=000,R25BK00672969,g2b,"서, 용역입찰유의서, 용역계약일반조건, 용역계약특수조건"
https://www.g2b.go.kr/link/PNPE027_01/single/?bidPbancNo=R25BK00673172&bidPbancOrd=000,R25BK00673172,g2b,"서, 용역입찰유의서, 용역계약일반조건, 용역계약특수조건"
https://www.g2b.go.kr/link/PNPE027_01/single/?bidPbancNo=R25BK00671006&bidPbancOrd=000,R25BK00671006,g2b,"서, 용역입찰유의서, 용역계약일반조건, 용역계약특수조건"
https://www.g2b.go.kr/link/PNPE027_01/single/?bidPbancNo=R25BK00669619&bidPbancOrd=000,R25BK00669619,g2b,"서, 용역입찰유의서, 용역계약일반조건, 용역계약특수조건"
https://www.g2b.go.kr/link/PNPE027_01/single/?bidPbancNo=R25BK00665567&bidPbancOrd=001,R25BK00665567,g2b,"서, 용역입찰유의서, 용역계약일반조건, 용역계약특수조건"
https://www.g2b.go.kr/link/PNPE027_01/single/?bidPbancNo=R25BK00666374&bidPbancOrd=000,R25BK00666374,g2b,서 내역서 영문요약서 과업지시서 설계지침서 최종제안요청
https://www.g2b.go.kr/link/PNPE027_01/single/?bidPbancNo=R25BK00670291&bidPbancOrd=000,R25BK00670291,g2b,"서, 용역입찰유의서, 용역계약일반조건, 용역계약특수조건"
https://www.g2b.go.kr/link/PNPE027_01/single/?bidPbancNo=R25BK00670215&bidPbancOrd=000,R25BK00670215,g2b,"서, 용역입찰유의서, 용역계약일반조건, 용역계약특수조건"
https://www.g2b.go.kr/link/PNPE027_01/single/?bidPbancNo=R25BK00670071&bidPbancOrd=000,R25BK00670071,g2b,"서, 용역입찰유의서, 용역계약일반조건, 용역계약특수조건"
https://www.g2b.go.kr/link/PNPE027_01/single/?bidPbancNo=R25BK00669802&bidPbancOrd=000,R25BK00669802,g2b,"서, 용역입찰유의서, 용역계약일반조건, 용역계약특수조건"
https://www.g2b.go.kr/link/PNPE027_01/single/?bidPbancNo=R25BK00669886&bidPbancOrd=000,R25BK00669886,g2b,"서, 용역입찰유의서, 용역계약일반조건, 용역계약특수조건"
https://www.g2b.go.kr/link/PNPE027_01/single/?bidPbancNo=R25BK00669128&bidPbancOrd=000,R25BK00669128,g2b,서 내역서 영문요약서 과업지시서 설계지침서 최종제안요청
https://www.g2b.go.kr/link/PNPE027_01/single/?bidPbancNo=R25BK00664639&bidPbancOrd=000,R25BK00664639,g2b,"서, 용역입찰유의서, 용역계약일반조건, 용역계약특수조건"
https://www.g2b.go.kr/link/PNPE027_01/single/?bidPbancNo=R25BK00668829&bidPbancOrd=000,R25BK00668829,g2b,서.hwpx 101.8 KB 곽범준 09:23:35 미
https://www.g2b.go.kr/link/PNPE027_01/single/?bidPbancNo=R25BK00667436&bidPbancOrd=001,R25BK00667436,g2b,"서, 용역입찰유의서, 용역계약일반조건, 용역계약특수조건"
https://www.g2b.go.kr/link/PNPE027_01/single/?bidPbancNo=R25BK00664099&bidPbancOrd=000,R25BK00664099,g2b,"서, 용역입찰유의서, 용역계약일반조건, 용역계약특수조건"
https://www.g2b.go.kr/link/PNPE027_01/single/?bidPbancNo=R25BK00665839&bidPbancOrd=000,R25BK00665839,g2b,"서, 용역입찰유의서, 용역계약일반조건, 용역계약특수조건"
https://www.g2b.go.kr/link/PNPE027_01/single/?bidPbancNo=R25BK00665678&bidPbancOrd=000,R25BK00665678,g2b,서 내역서 영문요약서 과업지시서 설계지침서 최종제안요청
https://www.g2b.go.kr/link/PNPE027_01/single/?bidPbancNo=R25BK00665738&bidPbancOrd=000,R25BK00665738,g2b,"서, 용역입찰유의서, 용역계약일반조건, 용역계약특수조건"
https://www.g2b.go.kr/link/PNPE027_01/single/?bidPbancNo=R25BK00665675&bidPbancOrd=000,R25BK00665675,g2b,"서, 용역입찰유의서, 용역계약일반조건, 용역계약특수조건"
https://www.g2b.go.kr/link/PNPE027_01/single/?bidPbancNo=R25BK00665646&bidPbancOrd=000,R25BK00665646,g2b,"서, 용역입찰유의서, 용역계약일반조건, 용역계약특수조건"
https://www.g2b.go.kr/link/PNPE027_01/single/?bidPbancNo=R25BK00665523&bidPbancOrd=000,R25BK00665523,g2b,"서, 용역입찰유의서, 용역계약일반조건, 용역계약특수조건"
https://www.g2b.go.kr/link/PNPE027_01/single/?bidPbancNo=R25BK00665596&bidPbancOrd=000,R25BK00665596,g2b,"서, 용역입찰유의서, 용역계약일반조건, 용역계약특수조건"
https://www.g2b.go.kr/link/PNPE027_01/single/?bidPbancNo=R25BK00665445&bidPbancOrd=000,R25BK00665445,g2b,"서, 용역입찰유의서, 용역계약일반조건, 용역계약특수조건"
https://www.g2b.go.kr/link/PNPE027_01/single/?bidPbancNo=R25BK00665537&bidPbancOrd=000,R25BK00665537,g2b,"서, 용역입찰유의서, 용역계약일반조건, 용역계약특수조건"
https://www.g2b.go.kr/link/PNPE027_01/single/?bidPbancNo=R25BK00647165&bidPbancOrd=000,R25BK00647165,g2b,"서, 용역입찰유의서, 용역계약일반조건, 용역계약특수조건"
https://www.g2b.go.kr/link/PNPE027_01/single/?bidPbancNo=R25BK00647908&bidPbancOrd=001,R25BK00647908,g2b,"서, 용역입찰유의서, 용역계약일반조건, 용역계약특수조건"
https://www.g2b.go.kr/link/PNPE027_01/single/?bidPbancNo=R25BK00648338&bidPbancOrd=001,R25BK00648338,g2b,"서, 용역입찰유의서, 용역계약일반조건, 용역계약특수조건"
https://www.g2b.go.kr/link/PNPE027_01/single/?bidPbancNo=R25BK00647996&bidPbancOrd=001,R25BK00647996,g2b,"서, 용역입찰유의서, 용역계약일반조건, 용역계약특수조건"
https://www.g2b.go.kr/link/PNPE027_01/single/?bidPbancNo=R25BK00648432&bidPbancOrd=001,R25BK00648432,g2b,"서, 용역입찰유의서, 용역계약일반조건, 용역계약특수조건"
https://www.g2b.go.kr/link/PNPE027_01/single/?bidPbancNo=R25BK00648476&bidPbancOrd=001,R25BK00648476,g2b,"서, 용역입찰유의서, 용역계약일반조건, 용역계약특수조건"
https://www.g2b.go.kr/link/PNPE027_01/single/?bidPbancNo=R25BK00658535&bidPbancOrd=000,R25BK00658535,g2b,"서, 용역입찰유의서, 용역계약일반조건, 용역계약특수조건"
https://www.g2b.go.kr/link/PNPE027_01/single/?bidPbancNo=R25BK00657427&bidPbancOrd=000,R25BK00657427,g2b,서 내역서 영문요약서 과업지시서 설계지침서 최종제안요청
https://www.g2b.go.kr/link/PNPE027_01/single/?bidPbancNo=R25BK00656060&bidPbancOrd=000,R25BK00656060,g2b,서 내역서 영문요약서 과업지시서 설계지침서 최종제안요청
https://www.g2b.go.kr/link/PNPE027_01/single/?bidPbancNo=R25BK00656361&bidPbancOrd=000,R25BK00656361,g2b,"서, 용역입찰유의서, 용역계약일반조건, 용역계약특수조건"
https://www.g2b.go.kr/link/PNPE027_01/single/?bidPbancNo=R25BK00656087&bidPbancOrd=000,R25BK00656087,g2b,서 내역서 영문요약서 과업지시서 설계지침서 최종제안요청
https://www.g2b.go.kr/link/PNPE027_01/single/?bidPbancNo=R25BK00654880&bidPbancOrd=000,R25BK00654880,g2b,서_지상파방송국 복사패턴 측정을 위한 드론 장비 구축 
https://www.g2b.go.kr/link/PNPE027_01/single/?bidPbancNo=R25BK00652995&bidPbancOrd=000,R25BK00652995,g2b,서 내역서 영문요약서 과업지시서 설계지침서 최종제안요청
https://www.g2b.go.kr/link/PNPE027_01/single/?bidPbancNo=R25BK00653066&bidPbancOrd=001,R25BK00653066,g2b,"서, 용역입찰유의서, 용역계약일반조건, 용역계약특수조건"
https://www.g2b.go.kr/link/PNPE027_01/single/?bidPbancNo=R25BK00652547&bidPbancOrd=000,R25BK00652547,g2b,"서, 용역입찰유의서, 용역계약일반조건, 용역계약특수조건"
https://www.g2b.go.kr/link/PNPE027_01/single/?bidPbancNo=R25BK00652953&bidPbancOrd=000,R25BK00652953,g2b,"서, 용역입찰유의서, 용역계약일반조건, 용역계약특수조건"
https://www.g2b.go.kr/link/PNPE027_01/single/?bidPbancNo=R25BK00650828&bidPbancOrd=001,R25BK00650828,g2b,"서, 용역입찰유의서, 용역계약일반조건, 용역계약특수조건"
https://www.g2b.go.kr/link/PNPE027_01/single/?bidPbancNo=R25BK00652883&bidPbancOrd=000,R25BK00652883,g2b,"서, 용역입찰유의서, 용역계약일반조건, 용역계약특수조건"
https://www.g2b.go.kr/link/PNPE027_01/single/?bidPbancNo=R25BK00650443&bidPbancOrd=000,R25BK00650443,g2b,"서, 용역입찰유의서, 용역계약일반조건, 용역계약특수조건"
https://www.g2b.go.kr/link/PNPE027_01/single/?bidPbancNo=R25BK00651388&bidPbancOrd=000,R25BK00651388,g2b,"서, 용역입찰유의서, 용역계약일반조건, 용역계약특수조건"
https://www.g2b.go.kr/link/PNPE027_01/single/?bidPbancNo=R25BK00651988&bidPbancOrd=000,R25BK00651988,g2b,서 내역서 영문요약서 과업지시서 설계지침서 최종제안요청
https://www.g2b.go.kr/link/PNPE027_01/single/?bidPbancNo=R25BK00652508&bidPbancOrd=000,R25BK00652508,g2b,"서, 용역입찰유의서, 용역계약일반조건, 용역계약특수조건"
https://www.g2b.go.kr/link/PNPE027_01/single/?bidPbancNo=R25BK00623278&bidPbancOrd=001,R25BK00623278,g2b,나라장터
https://www.g2b.go.kr/link/PNPE027_01/single/?bidPbancNo=R25BK00646424&bidPbancOrd=000,R25BK00646424,g2b,"서, 용역입찰유의서, 용역계약일반조건, 용역계약특수조건"
https://www.g2b.go.kr/link/PNPE027_01/single/?bidPbancNo=R25BK00650059&bidPbancOrd=000,R25BK00650059,g2b,"서, 용역입찰유의서, 용역계약일반조건, 용역계약특수조건"
https://www.g2b.go.kr/link/PNPE027_01/single/?bidPbancNo=R25BK00645509&bidPbancOrd=000,R25BK00645509,g2b,"서, 용역입찰유의서, 용역계약일반조건, 용역계약특수조건"
https://www.g2b.go.kr/link/PNPE027_01/single/?bidPbancNo=R25BK00646831&bidPbancOrd=000,R25BK00646831,g2b,"서, 용역입찰유의서, 용역계약일반조건, 용역계약특수조건"
https://www.g2b.go.kr/link/PNPE027_01/single/?bidPbancNo=R25BK00644584&bidPbancOrd=000,R25BK00644584,g2b,"서, 용역입찰유의서, 용역계약일반조건, 용역계약특수조건"
https://www.g2b.go.kr/link/PNPE027_01/single/?bidPbancNo=R25BK00644281&bidPbancOrd=000,R25BK00644281,g2b,"서, 용역입찰유의서, 용역계약일반조건, 용역계약특수조건"
https://www.g2b.go.kr/link/PNPE027_01/single/?bidPbancNo=R25BK00644556&bidPbancOrd=000,R25BK00644556,g2b,"서, 용역입찰유의서, 용역계약일반조건, 용역계약특수조건"
https://www.g2b.go.kr/link/PNPE027_01/single/?bidPbancNo=R25BK00644485&bidPbancOrd=000,R25BK00644485,g2b,"서, 용역입찰유의서, 용역계약일반조건, 용역계약특수조건"
https://www.g2b.go.kr/link/PNPE027_01/single/?bidPbancNo=R25BK00644231&bidPbancOrd=000,R25BK00644231,g2b,"서, 용역입찰유의서, 용역계약일반조건, 용역계약특수조건"
https://www.g2b.go.kr/link/PNPE027_01/single/?bidPbancNo=R25BK00644172&bidPbancOrd=000,R25BK00644172,g2b,"서, 용역입찰유의서, 용역계약일반조건, 용역계약특수조건"
https://www.g2b.go.kr/link/PNPE027_01/single/?bidPbancNo=R25BK00644102&bidPbancOrd=000,R25BK00644102,g2b,"서, 용역입찰유의서, 용역계약일반조건, 용역계약특수조건"
https://www.g2b.go.kr/link/PNPE027_01/single/?bidPbancNo=R25BK00641309&bidPbancOrd=001,R25BK00641309,g2b,나라장터
https://www.g2b.go.kr/link/PNPE027_01/single/?bidPbancNo=R25BK00644297&bidPbancOrd=000,R25BK00644297,g2b,서 내역서 영문요약서 과업지시서 설계지침서 최종제안요청
https://www.g2b.go.kr/link/PNPE027_01/single/?bidPbancNo=R25BK00642779&bidPbancOrd=000,R25BK00642779,g2b,"서, 용역입찰유의서, 용역계약일반조건, 용역계약특수조건"
https://www.g2b.go.kr/link/PNPE027_01/single/?bidPbancNo=R25BK00643791&bidPbancOrd=000,R25BK00643791,g2b,서 내역서 영문요약서 과업지시서 설계지침서 최종제안요청
https://www.g2b.go.kr/link/PNPE027_01/single/?bidPbancNo=R25BK00638409&bidPbancOrd=000,R25BK00638409,g2b,서 내역서 영문요약서 과업지시서 설계지침서 최종제안요청
https://www.g2b.go.kr/link/PNPE027_01/single/?bidPbancNo=R25BK00641462&bidPbancOrd=000,R25BK00641462,g2b,서 내역서 영문요약서 과업지시서 설계지침서 최종제안요청
https://www.g2b.go.kr/link/PNPE027_01/single/?bidPbancNo=R25BK00638183&bidPbancOrd=000,R25BK00638183,g2b,서.hwpx 57.0 KB 이소연 14:37:16 미리
https://www.g2b.go.kr/link/PNPE027_01/single/?bidPbancNo=R25BK00639538&bidPbancOrd=000,R25BK00639538,g2b,"서, 용역입찰유의서, 용역계약일반조건, 용역계약특수조건"
https://www.g2b.go.kr/link/PNPE027_01/single/?bidPbancNo=R25BK00637982&bidPbancOrd=000,R25BK00637982,g2b,"서, 용역입찰유의서, 용역계약일반조건, 용역계약특수조건"
https://www.g2b.go.kr/link/PNPE027_01/single/?bidPbancNo=R25BK00642161&bidPbancOrd=000,R25BK00642161,g2b,서 내역서 영문요약서 과업지시서 설계지침서 최종제안요청
https://www.g2b.go.kr/link/PNPE027_01/single/?bidPbancNo=R25BK00642122&bidPbancOrd=000,R25BK00642122,g2b,서 내역서 영문요약서 과업지시서 설계지침서 최종제안요청
https://www.g2b.go.kr/link/PNPE027_01/single/?bidPbancNo=R25BK00641971&bidPbancOrd=001,R25BK00641971,g2b,서 내역서 영문요약서 과업지시서 설계지침서 최종제안요청
https://www.g2b.go.kr/link/PNPE027_01/single/?bidPbancNo=R25BK00642063&bidPbancOrd=000,R25BK00642063,g2b,서 내역서 영문요약서 과업지시서 설계지침서 최종제안요청
https://www.g2b.go.kr/link/PNPE027_01/single/?bidPbancNo=R25BK00638156&bidPbancOrd=000,R25BK00638156,g2b,"서, 용역입찰유의서, 용역계약일반조건, 용역계약특수조건"
https://www.g2b.go.kr/link/PNPE027_01/single/?bidPbancNo=R25BK00624719&bidPbancOrd=000,R25BK00624719,g2b,"서, 용역입찰유의서, 용역계약일반조건, 용역계약특수조건"
https://www.g2b.go.kr/link/PNPE027_01/single/?bidPbancNo=R25BK00641357&bidPbancOrd=000,R25BK00641357,g2b,"서, 용역입찰유의서, 용역계약일반조건, 용역계약특수조건"
https://www.g2b.go.kr/link/PNPE027_01/single/?bidPbancNo=R25BK00641305&bidPbancOrd=000,R25BK00641305,g2b,"서, 용역입찰유의서, 용역계약일반조건, 용역계약특수조건"
https://www.g2b.go.kr/link/PNPE027_01/single/?bidPbancNo=R25BK00640918&bidPbancOrd=000,R25BK00640918,g2b,"서, 용역입찰유의서, 용역계약일반조건, 용역계약특수조건"
https://www.g2b.go.kr/link/PNPE027_01/single/?bidPbancNo=R25BK00641135&bidPbancOrd=000,R25BK00641135,g2b,"서, 용역입찰유의서, 용역계약일반조건, 용역계약특수조건"
https://www.g2b.go.kr/link/PNPE027_01/single/?bidPbancNo=R25BK00640265&bidPbancOrd=000,R25BK00640265,g2b,"서, 용역입찰유의서, 용역계약일반조건, 용역계약특수조건"
https://www.g2b.go.kr/link/PNPE027_01/single/?bidPbancNo=R25BK00640600&bidPbancOrd=000,R25BK00640600,g2b,"서, 용역입찰유의서, 용역계약일반조건, 용역계약특수조건"
https://www.g2b.go.kr/link/PNPE027_01/single/?bidPbancNo=R25BK00639240&bidPbancOrd=000,R25BK00639240,g2b,서 내역서 영문요약서 과업지시서 설계지침서 최종제안요청
https://www.g2b.go.kr/link/PNPE027_01/single/?bidPbancNo=R25BK00638225&bidPbancOrd=000,R25BK00638225,g2b,서 내역서 영문요약서 과업지시서 설계지침서 최종제안요청
https://www.g2b.go.kr/link/PNPE027_01/single/?bidPbancNo=R25BK00636626&bidPbancOrd=000,R25BK00636626,g2b,"서, 용역입찰유의서, 용역계약일반조건, 용역계약특수조건"
https://www.g2b.go.kr/link/PNPE027_01/single/?bidPbancNo=R25BK00635406&bidPbancOrd=001,R25BK00635406,g2b,"서, 용역입찰유의서, 용역계약일반조건, 용역계약특수조건"
https://www.g2b.go.kr/link/PNPE027_01/single/?bidPbancNo=R25BK00631032&bidPbancOrd=002,R25BK00631032,g2b,"서, 용역입찰유의서, 용역계약일반조건, 용역계약특수조건"
https://www.g2b.go.kr/link/PNPE027_01/single/?bidPbancNo=R25BK00635716&bidPbancOrd=000,R25BK00635716,g2b,"서, 용역입찰유의서, 용역계약일반조건, 용역계약특수조건"
https://www.g2b.go.kr/link/PNPE027_01/single/?bidPbancNo=R25BK00628133&bidPbancOrd=000,R25BK00628133,g2b,"서, 용역입찰유의서, 용역계약일반조건, 용역계약특수조건"
https://www.g2b.go.kr/link/PNPE027_01/single/?bidPbancNo=R25BK00631924&bidPbancOrd=000,R25BK00631924,g2b,"서, 용역입찰유의서, 용역계약일반조건, 용역계약특수조건"
https://www.g2b.go.kr/link/PNPE027_01/single/?bidPbancNo=R25BK00631058&bidPbancOrd=001,R25BK00631058,g2b,"서, 용역입찰유의서, 용역계약일반조건, 용역계약특수조건"
https://www.g2b.go.kr/link/PNPE027_01/single/?bidPbancNo=R25BK00630943&bidPbancOrd=001,R25BK00630943,g2b,"서, 용역입찰유의서, 용역계약일반조건, 용역계약특수조건"
https://www.g2b.go.kr/link/PNPE027_01/single/?bidPbancNo=R25BK00633068&bidPbancOrd=000,R25BK00633068,g2b,"서, 용역입찰유의서, 용역계약일반조건, 용역계약특수조건"
https://www.g2b.go.kr/link/PNPE027_01/single/?bidPbancNo=R25BK00632959&bidPbancOrd=000,R25BK00632959,g2b,"서, 용역입찰유의서, 용역계약일반조건, 용역계약특수조건"
https://www.g2b.go.kr/link/PNPE027_01/single/?bidPbancNo=R25BK00632840&bidPbancOrd=000,R25BK00632840,g2b,"서, 용역입찰유의서, 용역계약일반조건, 용역계약특수조건"
https://www.g2b.go.kr/link/PNPE027_01/single/?bidPbancNo=R25BK00607499&bidPbancOrd=000,R25BK00607499,g2b,"서, 용역입찰유의서, 용역계약일반조건, 용역계약특수조건"
https://www.g2b.go.kr/link/PNPE027_01/single/?bidPbancNo=R25BK00608555&bidPbancOrd=000,R25BK00608555,g2b,"서, 용역입찰유의서, 용역계약일반조건, 용역계약특수조건"
https://www.g2b.go.kr/link/PNPE027_01/single/?bidPbancNo=R25BK00623463&bidPbancOrd=000,R25BK00623463,g2b,"서, 용역입찰유의서, 용역계약일반조건, 용역계약특수조건"
https://www.g2b.go.kr/link/PNPE027_01/single/?bidPbancNo=R25BK00625663&bidPbancOrd=000,R25BK00625663,g2b,"서, 용역입찰유의서, 용역계약일반조건, 용역계약특수조건"
https://www.g2b.go.kr/link/PNPE027_01/single/?bidPbancNo=R25BK00627255&bidPbancOrd=000,R25BK00627255,g2b,"서, 용역입찰유의서, 용역계약일반조건, 용역계약특수조건"
https://www.g2b.go.kr/link/PNPE027_01/single/?bidPbancNo=R25BK00626632&bidPbancOrd=000,R25BK00626632,g2b,"서, 용역입찰유의서, 용역계약일반조건, 용역계약특수조건"
https://www.g2b.go.kr/link/PNPE027_01/single/?bidPbancNo=R25BK00624284&bidPbancOrd=000,R25BK00624284,g2b,"서, 용역입찰유의서, 용역계약일반조건, 용역계약특수조건"
https://www.g2b.go.kr/link/PNPE027_01/single/?bidPbancNo=R25BK00621420&bidPbancOrd=000,R25BK00621420,g2b,"서, 용역입찰유의서, 용역계약일반조건, 용역계약특수조건"
https://www.g2b.go.kr/link/PNPE027_01/single/?bidPbancNo=R25BK00626629&bidPbancOrd=000,R25BK00626629,g2b,"서, 용역입찰유의서, 용역계약일반조건, 용역계약특수조건"
https://www.g2b.go.kr/link/PNPE027_01/single/?bidPbancNo=R25BK00626646&bidPbancOrd=000,R25BK00626646,g2b,"서, 용역입찰유의서, 용역계약일반조건, 용역계약특수조건"
https://www.g2b.go.kr/link/PNPE027_01/single/?bidPbancNo=R25BK00626572&bidPbancOrd=000,R25BK00626572,g2b,"서, 용역입찰유의서, 용역계약일반조건, 용역계약특수조건"
https://www.g2b.go.kr/link/PNPE027_01/single/?bidPbancNo=R25BK00626419&bidPbancOrd=000,R25BK00626419,g2b,"서, 용역입찰유의서, 용역계약일반조건, 용역계약특수조건"
https://www.g2b.go.kr/link/PNPE027_01/single/?bidPbancNo=R25BK00626512&bidPbancOrd=000,R25BK00626512,g2b,서 내역서 영문요약서 과업지시서 설계지침서 최종제안요청
https://www.g2b.go.kr/link/PNPE027_01/single/?bidPbancNo=R25BK00623826&bidPbancOrd=000,R25BK00623826,g2b,"서, 용역입찰유의서, 용역계약일반조건, 용역계약특수조건"
https://www.g2b.go.kr/link/PNPE027_01/single/?bidPbancNo=R25BK00625309&bidPbancOrd=000,R25BK00625309,g2b,"서, 용역입찰유의서, 용역계약일반조건, 용역계약특수조건"
https://www.g2b.go.kr/link/PNPE027_01/single/?bidPbancNo=R25BK00623787&bidPbancOrd=000,R25BK00623787,g2b,"서, 용역입찰유의서, 용역계약일반조건, 용역계약특수조건"
https://www.g2b.go.kr/link/PNPE027_01/single/?bidPbancNo=R25BK00623761&bidPbancOrd=000,R25BK00623761,g2b,"서, 용역입찰유의서, 용역계약일반조건, 용역계약특수조건"
https://www.g2b.go.kr/link/PNPE027_01/single/?bidPbancNo=R25BK00623610&bidPbancOrd=001,R25BK00623610,g2b,"서, 용역입찰유의서, 용역계약일반조건, 용역계약특수조건"
https://www.g2b.go.kr/link/PNPE027_01/single/?bidPbancNo=R25BK00623324&bidPbancOrd=000,R25BK00623324,g2b,서 내역서 영문요약서 과업지시서 설계지침서 최종제안요청
https://www.g2b.go.kr/link/PNPE027_01/single/?bidPbancNo=R25BK00618511&bidPbancOrd=001,R25BK00618511,g2b,"서, 용역입찰유의서, 용역계약일반조건, 용역계약특수조건"
https://www.g2b.go.kr/link/PNPE027_01/single/?bidPbancNo=R25BK00618736&bidPbancOrd=001,R25BK00618736,g2b,"서, 용역입찰유의서, 용역계약일반조건, 용역계약특수조건"
https://www.g2b.go.kr/link/PNPE027_01/single/?bidPbancNo=R25BK00618907&bidPbancOrd=001,R25BK00618907,g2b,"서, 용역입찰유의서, 용역계약일반조건, 용역계약특수조건"
https://www.g2b.go.kr/link/PNPE027_01/single/?bidPbancNo=R25BK00618990&bidPbancOrd=001,R25BK00618990,g2b,"서, 용역입찰유의서, 용역계약일반조건, 용역계약특수조건"
https://www.g2b.go.kr/link/PNPE027_01/single/?bidPbancNo=R25BK00617041&bidPbancOrd=000,R25BK00617041,g2b,서 내역서 영문요약서 과업지시서 설계지침서 최종제안요청
https://www.g2b.go.kr/link/PNPE027_01/single/?bidPbancNo=R25BK00622679&bidPbancOrd=000,R25BK00622679,g2b,"서, 용역입찰유의서, 용역계약일반조건, 용역계약특수조건"
https://www.g2b.go.kr/link/PNPE027_01/single/?bidPbancNo=R25BK00568440&bidPbancOrd=000,R25BK00568440,g2b,"서, 용역입찰유의서, 용역계약일반조건, 용역계약특수조건"
https://www.g2b.go.kr/link/PNPE027_01/single/?bidPbancNo=R25BK00615889&bidPbancOrd=002,R25BK00615889,g2b,"서, 용역입찰유의서, 용역계약일반조건, 용역계약특수조건"
https://www.g2b.go.kr/link/PNPE027_01/single/?bidPbancNo=R25BK00615473&bidPbancOrd=003,R25BK00615473,g2b,"서, 용역입찰유의서, 용역계약일반조건, 용역계약특수조건"
https://www.g2b.go.kr/link/PNPE027_01/single/?bidPbancNo=R25BK00616006&bidPbancOrd=002,R25BK00616006,g2b,"서, 용역입찰유의서, 용역계약일반조건, 용역계약특수조건"
https://www.g2b.go.kr/link/PNPE027_01/single/?bidPbancNo=R25BK00616096&bidPbancOrd=001,R25BK00616096,g2b,"서, 용역입찰유의서, 용역계약일반조건, 용역계약특수조건"
https://www.g2b.go.kr/link/PNPE027_01/single/?bidPbancNo=R25BK00621039&bidPbancOrd=000,R25BK00621039,g2b,"서, 용역입찰유의서, 용역계약일반조건, 용역계약특수조건"
https://www.g2b.go.kr/link/PNPE027_01/single/?bidPbancNo=R25BK00618528&bidPbancOrd=000,R25BK00618528,g2b,"서, 용역입찰유의서, 용역계약일반조건, 용역계약특수조건"
https://www.g2b.go.kr/link/PNPE027_01/single/?bidPbancNo=R25BK00618782&bidPbancOrd=000,R25BK00618782,g2b,"서, 용역입찰유의서, 용역계약일반조건, 용역계약특수조건"
https://www.g2b.go.kr/link/PNPE027_01/single/?bidPbancNo=R25BK00596425&bidPbancOrd=001,R25BK00596425,g2b,"서, 용역입찰유의서, 용역계약일반조건, 용역계약특수조건"
https://www.g2b.go.kr/link/PNPE027_01/single/?bidPbancNo=R25BK00615382&bidPbancOrd=000,R25BK00615382,g2b,"서, 용역입찰유의서, 용역계약일반조건, 용역계약특수조건"
https://www.g2b.go.kr/link/PNPE027_01/single/?bidPbancNo=R25BK00612871&bidPbancOrd=002,R25BK00612871,g2b,"서, 용역입찰유의서, 용역계약일반조건, 용역계약특수조건"
https://www.g2b.go.kr/link/PNPE027_01/single/?bidPbancNo=R25BK00615664&bidPbancOrd=000,R25BK00615664,g2b,"서, 용역입찰유의서, 용역계약일반조건, 용역계약특수조건"
https://www.g2b.go.kr/link/PNPE027_01/single/?bidPbancNo=R25BK00615446&bidPbancOrd=000,R25BK00615446,g2b,"서, 용역입찰유의서, 용역계약일반조건, 용역계약특수조건"
https://www.g2b.go.kr/link/PNPE027_01/single/?bidPbancNo=R25BK00599115&bidPbancOrd=000,R25BK00599115,g2b,"서, 용역입찰유의서, 용역계약일반조건, 용역계약특수조건"
https://www.g2b.go.kr/link/PNPE027_01/single/?bidPbancNo=R25BK00614303&bidPbancOrd=000,R25BK00614303,g2b,"서, 용역입찰유의서, 용역계약일반조건, 용역계약특수조건"
https://www.g2b.go.kr/link/PNPE027_01/single/?bidPbancNo=R25BK00606277&bidPbancOrd=001,R25BK00606277,g2b,"서, 용역입찰유의서, 용역계약일반조건, 용역계약특수조건"
https://www.g2b.go.kr/link/PNPE027_01/single/?bidPbancNo=R25BK00610729&bidPbancOrd=000,R25BK00610729,g2b,서 내역서 영문요약서 과업지시서 설계지침서 최종제안요청
https://www.g2b.go.kr/link/PNPE027_01/single/?bidPbancNo=R25BK00611655&bidPbancOrd=000,R25BK00611655,g2b,서 내역서 영문요약서 과업지시서 설계지침서 최종제안요청
https://www.g2b.go.kr/link/PNPE027_01/single/?bidPbancNo=R25BK00610952&bidPbancOrd=000,R25BK00610952,g2b,서 내역서 영문요약서 과업지시서 설계지침서 최종제안요청
https://www.g2b.go.kr/link/PNPE027_01/single/?bidPbancNo=R25BK00610835&bidPbancOrd=000,R25BK00610835,g2b,서 내역서 영문요약서 과업지시서 설계지침서 최종제안요청
https://www.g2b.go.kr/link/PNPE027_01/single/?bidPbancNo=R25BK00610657&bidPbancOrd=000,R25BK00610657,g2b,서 내역서 영문요약서 과업지시서 설계지침서 최종제안요청
https://www.g2b.go.kr/link/PNPE027_01/single/?bidPbancNo=R25BK00606975&bidPbancOrd=000,R25BK00606975,g2b,"서, 용역입찰유의서, 용역계약일반조건, 용역계약특수조건"
https://www.g2b.go.kr/link/PNPE027_01/single/?bidPbancNo=R25BK00623669&bidPbancOrd=000,R25BK00623669,g2b,"서, 용역입찰유의서, 용역계약일반조건, 용역계약특수조건"
https://www.g2b.go.kr/link/PNPE027_01/single/?bidPbancNo=R25BK00623550&bidPbancOrd=000,R25BK00623550,g2b,"서, 용역입찰유의서, 용역계약일반조건, 용역계약특수조건"
https://www.g2b.go.kr/link/PNPE027_01/single/?bidPbancNo=R25BK00606901&bidPbancOrd=000,R25BK00606901,g2b,"서, 용역입찰유의서, 용역계약일반조건, 용역계약특수조건"
https://www.g2b.go.kr/link/PNPE027_01/single/?bidPbancNo=R25BK00623443&bidPbancOrd=000,R25BK00623443,g2b,"서, 용역입찰유의서, 용역계약일반조건, 용역계약특수조건"
https://www.g2b.go.kr/link/PNPE027_01/single/?bidPbancNo=R25BK00606552&bidPbancOrd=000,R25BK00606552,g2b,"서, 용역입찰유의서, 용역계약일반조건, 용역계약특수조건"
https://www.g2b.go.kr/link/PNPE027_01/single/?bidPbancNo=R25BK00607579&bidPbancOrd=000,R25BK00607579,g2b,"서, 용역입찰유의서, 용역계약일반조건, 용역계약특수조건"
https://www.g2b.go.kr/link/PNPE027_01/single/?bidPbancNo=R25BK00604332&bidPbancOrd=000,R25BK00604332,g2b,서 내역서 영문요약서 과업지시서 설계지침서 최종제안요청
https://www.g2b.go.kr/link/PNPE027_01/single/?bidPbancNo=R25BK00604233&bidPbancOrd=000,R25BK00604233,g2b,서 내역서 영문요약서 과업지시서 설계지침서 최종제안요청
https://www.g2b.go.kr/link/PNPE027_01/single/?bidPbancNo=R25BK00604039&bidPbancOrd=000,R25BK00604039,g2b,서 내역서 영문요약서 과업지시서 설계지침서 최종제안요청
https://www.g2b.go.kr/link/PNPE027_01/single/?bidPbancNo=R25BK00603841&bidPbancOrd=000,R25BK00603841,g2b,서 내역서 영문요약서 과업지시서 설계지침서 최종제안요청
https://www.g2b.go.kr/link/PNPE027_01/single/?bidPbancNo=R25BK00603749&bidPbancOrd=000,R25BK00603749,g2b,서 내역서 영문요약서 과업지시서 설계지침서 최종제안요청
https://www.g2b.go.kr/link/PNPE027_01/single/?bidPbancNo=R25BK00603502&bidPbancOrd=000,R25BK00603502,g2b,"서, 용역입찰유의서, 용역계약일반조건, 용역계약특수조건"
https://www.g2b.go.kr/link/PNPE027_01/single/?bidPbancNo=R25BK00601937&bidPbancOrd=000,R25BK00601937,g2b,"서, 용역입찰유의서, 용역계약일반조건, 용역계약특수조건"
https://www.g2b.go.kr/link/PNPE027_01/single/?bidPbancNo=R25BK00593188&bidPbancOrd=001,R25BK00593188,g2b,"서, 용역입찰유의서, 용역계약일반조건, 용역계약특수조건"
https://www.g2b.go.kr/link/PNPE027_01/single/?bidPbancNo=R25BK00599153&bidPbancOrd=001,R25BK00599153,g2b,"서, 용역입찰유의서, 용역계약일반조건, 용역계약특수조건"
https://www.g2b.go.kr/link/PNPE027_01/single/?bidPbancNo=R25BK00598084&bidPbancOrd=000,R25BK00598084,g2b,"서, 용역입찰유의서, 용역계약일반조건, 용역계약특수조건"
https://www.g2b.go.kr/link/PNPE027_01/single/?bidPbancNo=R25BK00597993&bidPbancOrd=000,R25BK00597993,g2b,"서, 용역입찰유의서, 용역계약일반조건, 용역계약특수조건"
https://www.g2b.go.kr/link/PNPE027_01/single/?bidPbancNo=R25BK00587922&bidPbancOrd=000,R25BK00587922,g2b,"서, 용역입찰유의서, 용역계약일반조건, 용역계약특수조건"
https://www.g2b.go.kr/link/PNPE027_01/single/?bidPbancNo=R25BK00595775&bidPbancOrd=000,R25BK00595775,g2b,"서, 용역입찰유의서, 용역계약일반조건, 용역계약특수조건"
https://www.g2b.go.kr/link/PNPE027_01/single/?bidPbancNo=R25BK00595848&bidPbancOrd=000,R25BK00595848,g2b,"서, 용역입찰유의서, 용역계약일반조건, 용역계약특수조건"
https://www.g2b.go.kr/link/PNPE027_01/single/?bidPbancNo=R25BK00595757&bidPbancOrd=000,R25BK00595757,g2b,"서, 용역입찰유의서, 용역계약일반조건, 용역계약특수조건"
https://www.g2b.go.kr/link/PNPE027_01/single/?bidPbancNo=R25BK00594979&bidPbancOrd=000,R25BK00594979,g2b,"서, 용역입찰유의서, 용역계약일반조건, 용역계약특수조건"
https://www.g2b.go.kr/link/PNPE027_01/single/?bidPbancNo=R25BK00594687&bidPbancOrd=000,R25BK00594687,g2b,"서, 용역입찰유의서, 용역계약일반조건, 용역계약특수조건"
https://www.g2b.go.kr/link/PNPE027_01/single/?bidPbancNo=R25BK00589719&bidPbancOrd=000,R25BK00589719,g2b,"서, 용역입찰유의서, 용역계약일반조건, 용역계약특수조건"
https://www.g2b.go.kr/link/PNPE027_01/single/?bidPbancNo=R25BK00592638&bidPbancOrd=000,R25BK00592638,g2b,"서, 용역입찰유의서, 용역계약일반조건, 용역계약특수조건"
https://www.g2b.go.kr/link/PNPE027_01/single/?bidPbancNo=R25BK00592028&bidPbancOrd=000,R25BK00592028,g2b,서 오기 정정 등 차세대 나라장터 관련 공고일반 공고종
https://www.g2b.go.kr/link/PNPE027_01/single/?bidPbancNo=R25BK00591339&bidPbancOrd=000,R25BK00591339,g2b,나라장터
https://www.g2b.go.kr/link/PNPE027_01/single/?bidPbancNo=R25BK00581314&bidPbancOrd=001,R25BK00581314,g2b,"서, 용역입찰유의서, 용역계약일반조건, 용역계약특수조건"
https://www.g2b.go.kr/link/PNPE027_01/single/?bidPbancNo=R25BK00576735&bidPbancOrd=001,R25BK00576735,g2b,"서, 용역입찰유의서, 용역계약일반조건, 용역계약특수조건"
https://www.g2b.go.kr/link/PNPE027_01/single/?bidPbancNo=R25BK00580320&bidPbancOrd=000,R25BK00580320,g2b,서 내역서 영문요약서 과업지시서 설계지침서 최종제안요청
https://www.g2b.go.kr/link/PNPE027_01/single/?bidPbancNo=R25BK00574902&bidPbancOrd=003,R25BK00574902,g2b,"서, 용역입찰유의서, 용역계약일반조건, 용역계약특수조건"
https://www.g2b.go.kr/link/PNPE027_01/single/?bidPbancNo=R25BK00568022&bidPbancOrd=001,R25BK00568022,g2b,나라장터
https://www.g2b.go.kr/link/PNPE027_01/single/?bidPbancNo=R25BK00563249&bidPbancOrd=000,R25BK00563249,g2b,"서, 용역입찰유의서, 용역계약일반조건, 용역계약특수조건"
https://www.g2b.go.kr/link/PNPE027_01/single/?bidPbancNo=R25BK00559382&bidPbancOrd=000,R25BK00559382,g2b,"서, 용역입찰유의서, 용역계약일반조건, 용역계약특수조건"
https://www.g2b.go.kr/link/PNPE027_01/single/?bidPbancNo=R25BK00559236&bidPbancOrd=000,R25BK00559236,g2b,"서, 용역입찰유의서, 용역계약일반조건, 용역계약특수조건"
https://www.g2b.go.kr/link/PNPE027_01/single/?bidPbancNo=R25BK01254776&bidPbancOrd=000,R25BK01254776,g2b,"서, 용역입찰유의서, 용역계약일반조건, 용역계약특수조건"
https://www.g2b.go.kr/link/PNPE027_01/single/?bidPbancNo=R25BK01238803&bidPbancOrd=000,R25BK01238803,g2b,"서, 용역입찰유의서, 용역계약일반조건, 용역계약특수조건"
https://www.g2b.go.kr/link/PNPE027_01/single/?bidPbancNo=R25BK01233305&bidPbancOrd=000,R25BK01233305,g2b,"서, 용역입찰유의서, 용역계약일반조건, 용역계약특수조건"
https://www.g2b.go.kr/link/PNPE027_01/single/?bidPbancNo=R25BK00606712&bidPbancOrd=000,R25BK00606712,g2b,"서, 용역입찰유의서, 용역계약일반조건, 용역계약특수조건"
https://www.g2b.go.kr/link/PNPE027_01/single/?bidPbancNo=R25BK01223623&bidPbancOrd=000,R25BK01223623,g2b,"서, 용역입찰유의서, 용역계약일반조건, 용역계약특수조건"
https://www.g2b.go.kr/link/PNPE027_01/single/?bidPbancNo=R25BK01218666&bidPbancOrd=000,R25BK01218666,g2b,"서, 용역입찰유의서, 용역계약일반조건, 용역계약특수조건"
https://www.g2b.go.kr/link/PNPE027_01/single/?bidPbancNo=R25BK01186507&bidPbancOrd=000,R25BK01186507,g2b,"서, 용역입찰유의서, 용역계약일반조건, 용역계약특수조건"
https://www.g2b.go.kr/link/PNPE027_01/single/?bidPbancNo=R25BK01200287&bidPbancOrd=000,R25BK01200287,g2b,"서, 용역입찰유의서, 용역계약일반조건, 용역계약특수조건"
https://www.g2b.go.kr/link/PNPE027_01/single/?bidPbancNo=R25BK01182653&bidPbancOrd=000,R25BK01182653,g2b,정보 전체1건 Grid start No 문서명 파일명 
https://www.g2b.go.kr/link/PNPE027_01/single/?bidPbancNo=R25BK01167581&bidPbancOrd=000,R25BK01167581,g2b,"서, 용역입찰유의서, 용역계약일반조건, 용역계약특수조건"
https://www.g2b.go.kr/link/PNPE027_01/single/?bidPbancNo=R25BK01149292&bidPbancOrd=000,R25BK01149292,g2b,"서, 용역입찰유의서, 용역계약일반조건, 용역계약특수조건"
https://www.g2b.go.kr/link/PNPE027_01/single/?bidPbancNo=R25BK01143303&bidPbancOrd=001,R25BK01143303,g2b,"서, 용역입찰유의서, 용역계약일반조건, 용역계약특수조건"
https://www.g2b.go.kr/link/PNPE027_01/single/?bidPbancNo=R25BK01127498&bidPbancOrd=001,R25BK01127498,g2b,"서, 용역입찰유의서, 용역계약일반조건, 용역계약특수조건"
https://www.g2b.go.kr/link/PNPE027_01/single/?bidPbancNo=R25BK01128867&bidPbancOrd=000,R25BK01128867,g2b,"서, 용역입찰유의서, 용역계약일반조건, 용역계약특수조건"
https://www.g2b.go.kr/link/PNPE027_01/single/?bidPbancNo=R25BK01127295&bidPbancOrd=000,R25BK01127295,g2b,"서, 용역입찰유의서, 용역계약일반조건, 용역계약특수조건"
https://www.g2b.go.kr/link/PNPE027_01/single/?bidPbancNo=R25BK01127499&bidPbancOrd=000,R25BK01127499,g2b,"서, 용역입찰유의서, 용역계약일반조건, 용역계약특수조건"
https://www.g2b.go.kr/link/PNPE027_01/single/?bidPbancNo=R25BK01110494&bidPbancOrd=000,R25BK01110494,g2b,"서, 용역입찰유의서, 용역계약일반조건, 용역계약특수조건"
https://www.g2b.go.kr/link/PNPE027_01/single/?bidPbancNo=R25BK01127491&bidPbancOrd=000,R25BK01127491,g2b,"서, 용역입찰유의서, 용역계약일반조건, 용역계약특수조건"
https://www.g2b.go.kr/link/PNPE027_01/single/?bidPbancNo=R25BK01123409&bidPbancOrd=000,R25BK01123409,g2b,"서, 용역입찰유의서, 용역계약일반조건, 용역계약특수조건"
https://www.g2b.go.kr/link/PNPE027_01/single/?bidPbancNo=R25BK01085123&bidPbancOrd=003,R25BK01085123,g2b,"서, 용역입찰유의서, 용역계약일반조건, 용역계약특수조건"
https://www.g2b.go.kr/link/PNPE027_01/single/?bidPbancNo=R25BK01086009&bidPbancOrd=000,R25BK01086009,g2b,"서, 용역입찰유의서, 용역계약일반조건, 용역계약특수조건"
https://www.g2b.go.kr/link/PNPE027_01/single/?bidPbancNo=R25BK01086912&bidPbancOrd=000,R25BK01086912,g2b,"서, 용역입찰유의서, 용역계약일반조건, 용역계약특수조건"
https://www.g2b.go.kr/link/PNPE027_01/single/?bidPbancNo=R25BK00568612&bidPbancOrd=000,R25BK00568612,g2b,"서, 용역입찰유의서, 용역계약일반조건, 용역계약특수조건"
https://www.g2b.go.kr/link/PNPE027_01/single/?bidPbancNo=R25BK00572901&bidPbancOrd=000,R25BK00572901,g2b,"서, 용역입찰유의서, 용역계약일반조건, 용역계약특수조건"
https://www.g2b.go.kr/link/PNPE027_01/single/?bidPbancNo=R25BK00563521&bidPbancOrd=000,R25BK00563521,g2b,"서, 용역입찰유의서, 용역계약일반조건, 용역계약특수조건"
https://www.g2b.go.kr/link/PNPE027_01/single/?bidPbancNo=R25BK01080491&bidPbancOrd=001,R25BK01080491,g2b,"서, 용역입찰유의서, 용역계약일반조건, 용역계약특수조건"
https://www.g2b.go.kr/link/PNPE027_01/single/?bidPbancNo=R25BK01076096&bidPbancOrd=000,R25BK01076096,g2b,"서, 용역입찰유의서, 용역계약일반조건, 용역계약특수조건"
https://www.g2b.go.kr/link/PNPE027_01/single/?bidPbancNo=R25BK01066241&bidPbancOrd=000,R25BK01066241,g2b,"서, 용역입찰유의서, 용역계약일반조건, 용역계약특수조건"
https://www.g2b.go.kr/link/PNPE027_01/single/?bidPbancNo=R25BK01057722&bidPbancOrd=000,R25BK01057722,g2b,"서, 용역입찰유의서, 용역계약일반조건, 용역계약특수조건"
https://www.g2b.go.kr/link/PNPE027_01/single/?bidPbancNo=R25BK01047307&bidPbancOrd=000,R25BK01047307,g2b,"서, 용역입찰유의서, 용역계약일반조건, 용역계약특수조건"
https://www.g2b.go.kr/link/PNPE027_01/single/?bidPbancNo=R25BK01048827&bidPbancOrd=000,R25BK01048827,g2b,"서, 용역입찰유의서, 용역계약일반조건, 용역계약특수조건"
https://www.g2b.go.kr/link/PNPE027_01/single/?bidPbancNo=R25BK01042449&bidPbancOrd=000,R25BK01042449,g2b,"서, 용역입찰유의서, 용역계약일반조건, 용역계약특수조건"
https://www.g2b.go.kr/link/PNPE027_01/single/?bidPbancNo=R25BK01030001&bidPbancOrd=000,R25BK01030001,g2b,"서, 용역입찰유의서, 용역계약일반조건, 용역계약특수조건"
https://www.g2b.go.kr/link/PNPE027_01/single/?bidPbancNo=R25BK01015680&bidPbancOrd=000,R25BK01015680,g2b,"서, 용역입찰유의서, 용역계약일반조건, 용역계약특수조건"
https://www.g2b.go.kr/link/PNPE027_01/single/?bidPbancNo=R25BK01006681&bidPbancOrd=000,R25BK01006681,g2b,"서, 용역입찰유의서, 용역계약일반조건, 용역계약특수조건"
https://www.g2b.go.kr/link/PNPE027_01/single/?bidPbancNo=R25BK00996384&bidPbancOrd=001,R25BK00996384,g2b,"서, 용역입찰유의서, 용역계약일반조건, 용역계약특수조건"
https://www.g2b.go.kr/link/PNPE027_01/single/?bidPbancNo=R25BK00991066&bidPbancOrd=000,R25BK00991066,g2b,"서, 용역입찰유의서, 용역계약일반조건, 용역계약특수조건"
https://www.g2b.go.kr/link/PNPE027_01/single/?bidPbancNo=R25BK00987048&bidPbancOrd=000,R25BK00987048,g2b,"서, 용역입찰유의서, 용역계약일반조건, 용역계약특수조건"
https://www.g2b.go.kr/link/PNPE027_01/single/?bidPbancNo=R25BK00982348&bidPbancOrd=000,R25BK00982348,g2b,"서, 용역입찰유의서, 용역계약일반조건, 용역계약특수조건"
https://www.g2b.go.kr/link/PNPE027_01/single/?bidPbancNo=R25BK00982364&bidPbancOrd=000,R25BK00982364,g2b,"서, 용역입찰유의서, 용역계약일반조건, 용역계약특수조건"
https://www.g2b.go.kr/link/PNPE027_01/single/?bidPbancNo=R25BK00982140&bidPbancOrd=000,R25BK00982140,g2b,"서, 용역입찰유의서, 용역계약일반조건, 용역계약특수조건"
https://www.g2b.go.kr/link/PNPE027_01/single/?bidPbancNo=R25BK00961990&bidPbancOrd=000,R25BK00961990,g2b,"서, 용역입찰유의서, 용역계약일반조건, 용역계약특수조건"
https://www.g2b.go.kr/link/PNPE027_01/single/?bidPbancNo=R25BK00949979&bidPbancOrd=000,R25BK00949979,g2b,"서, 용역입찰유의서, 용역계약일반조건, 용역계약특수조건"
https://www.g2b.go.kr/link/PNPE027_01/single/?bidPbancNo=R25BK00945005&bidPbancOrd=000,R25BK00945005,g2b,"서, 용역입찰유의서, 용역계약일반조건, 용역계약특수조건"
https://www.g2b.go.kr/link/PNPE027_01/single/?bidPbancNo=R25BK00944981&bidPbancOrd=000,R25BK00944981,g2b,"서, 용역입찰유의서, 용역계약일반조건, 용역계약특수조건"
https://www.g2b.go.kr/link/PNPE027_01/single/?bidPbancNo=R25BK00936974&bidPbancOrd=000,R25BK00936974,g2b,"서, 용역입찰유의서, 용역계약일반조건, 용역계약특수조건"
https://www.g2b.go.kr/link/PNPE027_01/single/?bidPbancNo=R25BK00920970&bidPbancOrd=000,R25BK00920970,g2b,"서, 용역입찰유의서, 용역계약일반조건, 용역계약특수조건"
https://www.g2b.go.kr/link/PNPE027_01/single/?bidPbancNo=R25BK00920571&bidPbancOrd=000,R25BK00920571,g2b,"서, 용역입찰유의서, 용역계약일반조건, 용역계약특수조건"
https://www.g2b.go.kr/link/PNPE027_01/single/?bidPbancNo=R25BK00919889&bidPbancOrd=001,R25BK00919889,g2b,"서, 용역입찰유의서, 용역계약일반조건, 용역계약특수조건"
