공고명,사업요약
 2025년 고정익항공기 C-212 정비 용역(인시단가),고정익항공기 C-212 정비
 2025년 하반기 강화출장소 연간유지보수공사 건설폐기물처리용역,강화출장소 연간유지보수 건설폐기물처리
" 2025년(추경) 임도 실시설계용역 1차(노폭확장_기번5, 상마읍리 산104 외1)(수의시담)",임도 실시설계(노폭확장)
 2026년 천체투영관 장비 유지관리 용역사업(수의시담),천체투영관 장비 유지관리
 MMCA 상설전《한국미술 1900-1960》전시실 조성공사 ,MMCA 한국미술 1900-1960 전시실 조성
 [입찰대행] 2025 소비자 선호형 고구마 국내육성품종 보급시범,소비자 선호형 고구마 육성품종 보급시범
 국도1호선 익산 왕궁 도순1 등 14개소 절토사면 정밀안전점검용역,국도1호선 익산 등 절토사면 정밀안전점검
 국도22호선 고창 부안 용산1 등 16개소 절토사면 정밀안전점검 및 성능평가용역 ,국도22호선 고창 등 절토사면 점검·성능평가
 국도48호선 김포 고촌 신곡보도육교 캐노피 및 승강기 설치공사,국도48호선 신곡보도육교 캐노피·승강기 설치
 국도48호선 김포 양촌 누산리 일원 포장도 보수공사 건설폐기물처리용역,국도48호선 양촌 포장도 보수 폐기물처리
 국외 위탁교육[미국 또는 EU국의 주요국제조세 분야 최신 조사 이슈],국외 위탁교육(국제조세 조사 이슈)
 부여 관북리유적 일대 라이다 정밀 측량 및 지형도 제작 연구 용역,부여 관북리유적 라이다 측량·지형도 제작
 염소 품종 구분을 위한 WGS 및 SNP 칩 데이터를 활용한 마커 개발 용역,염소 품종 구분 마커 개발
 잠사곤충시험장 시험포 진입도로 포장 및 수로관 설치 공사 ,잠사곤충시험장 진입도로 포장·수로관 설치
 총포.도검.화약류 등의 안전관리에 관한 법률 전부개정 연구,총포·도검·화약류 안전관리법 개정 연구
'2024년 국가지정 목조문화유산 생물피해 조사 보고서' 발간,국가지정 목조문화유산 생물피해 보고서 발간
'25~'26년도 대전동부경찰서 지역경찰관서 청사 청소 용역,대전동부경찰서 청사 청소
'25년 일터혁신 상생컨설팅 및 재취업지원서비스 수행기관 선정 ,일터혁신 상생컨설팅·재취업지원 수행기관 선정
'찾아가는 사투리 지역 세미나' 개최 및 연계 부스 운영 용역,찾아가는 사투리 세미나·부스 운영
"(2025년 세계국가유산산업전 부스 디자인, 제작, 설치 및 철거 용역",세계국가유산산업전 부스 디자인·제작·설치
(24F022-A) 정신전력 교육영상교재(국가관 안보관) 제작용역,정신전력 교육영상교재 제작
(24F084-G)메타버스기반모집홍보센터 유지관리/고도화,메타버스 모집홍보센터 유지관리·고도화
(24G323-I) 국외영주권자 등 병사 주거래여행사 용역,국외영주권자 병사 주거래여행사
(256003-G)전자기스펙트럼측정/분석장비2차구매(개조),전자기스펙트럼측정·분석장비 구매(개조)
(256012-G)25년 영상통합공유체계 구축사업(리스자산),영상통합공유체계 구축(리스)
(256014-G)25년 TOD 원격운용체계 구축(리스자산) 및 CCTV 보호체계 설치,TOD 원격운용체계 구축·CCTV 보호체계 설치
(256015-G)25년 지능형 사이버위협분석 대응체계 구축사업(리스자산),지능형 사이버위협분석 대응체계 구축
(256022-G) 1보급단 물류센터 출고장 분류 자동화시스템 장비 구매설치,1보급단 물류센터 출고장 분류 자동화
(256029-G) 25년 VoIP 교환기 교체사업(리스자산),VoIP 교환기 교체
(256030-G) 25년 과학화전투훈련체계 노후 구성품 교체사업,과학화전투훈련체계 노후 구성품 교체
(256035-G) 25년 스마트훈련병관리체계 확대구축(리스자산),스마트훈련병관리체계 확대구축(리스)
"(256109-C) 155mm 추진(모듈, 단위)장약 팔레트 제조",155mm 추진장약 팔레트 제조
(256110-D) 155밀리 추진장약 팔레트 3종 제조,155밀리 추진장약 팔레트 3종 제조
(256138-B) 25년 데스크탑PC도입사업(리스자산),데스크탑PC 도입(리스)
(256208-E) 자동소음측정망 구축(서버설치 2작사),자동소음측정망 구축(2작사)
"(256209-C) 자동소음측정망 구축(서버설치, 2307부대)",자동소음측정망 구축(2307부대)
(256210-E) 자동소음측정망 구축(서버설치 5군단),자동소음측정망 구축(5군단)
"(256211-C) 자동소음측정망 구축(서버설치, 항공사)",자동소음측정망 구축(항공사)
(256213-F) 자동소음측정망 구축(서버미설치 1군단),"자동소음측정망 구축(1군단, 서버미설치)"
(256214-F) 자동소음측정망 구축(서버미설치 2군단),"자동소음측정망 구축(2군단, 서버미설치)"
(256215-D) 자동소음측정망 구축(서버 미설치 7군단),"자동소음측정망 구축(7군단, 서버미설치)"
(256216-D) 자동소음측정망 구축(서버 미설치 교육사),"자동소음측정망 구축(교육사, 서버미설치)"
(256217-D) 자동소음측정망 구축(서버미설치 수도군단),"자동소음측정망 구축(수도군단, 서버미설치)"
(256218-F) 자동소음측정망 구축(서버미설치 수방사),"자동소음측정망 구축(수방사, 서버미설치)"
(256219-D) 자동소음측정망 구축(서버 미설치 특전사),"자동소음측정망 구축(특전사, 서버미설치)"
(257040-H)유사통신망 네트워크 통합사업(리스자산),유사통신망 네트워크 통합(리스)
(257132-F) M-MOOC 스튜디오 방송장비 교체사업(리스자산),M-MOOC 스튜디오 방송장비 교체(리스)
(25F001-G) 25년 교육정보종합시스템 SW 유지보수용역,교육정보종합시스템 SW 유지보수
(25F004-G)AI기반해안경계작전체계SW시범도입감리용역,AI 해안경계작전체계 SW 도입 감리
(25F006-G)국방교육훈련관리체계(DTMS)SW개발감리용역,국방교육훈련관리체계 SW개발 감리
(25F007-G) 25년 행정업무지원체계 유지보수 및 기능개선사업,행정업무지원체계 유지보수·기능개선
(25F011-G)25년 육군 모바일업무수행체계유지보수사업,육군 모바일업무수행체계 유지보수
(25F017-G) 숙련된 정비기술 디지털 자산화 기술실증,숙련 정비기술 디지털 자산화 실증
(25F021-G) 객체식별 AI 모델 신뢰성 검증 기술 실증,객체식별 AI 모델 신뢰성 검증 실증
(25F023-I) GOP 및 해강안 소초 찾아가는 문화공연,GOP·해강안 소초 찾아가는 문화공연
(25F029-I) 2025년 육군 기획공연 제작 및 공연 용역,육군 기획공연 제작·공연
(25F031-G) 육군 국방망 응용체계 통합사업 ISP,육군 국방망 응용체계 통합 ISP
(25F034-G)해안경계통합시스템 선박연동정보 확장기술 실증,해안경계통합시스템 선박연동정보 확장 실증
(25F036-I) 25년 문화예술단체 대대급 부대 순회공연,문화예술단체 대대급 부대 순회공연
(25F042-G) AI 적용 사건·사고 예보 기술 실증사업,AI 사건·사고 예보 기술 실증
(25F045-G)26~27년 KCTC 과학화전투훈련체계 유지보수,KCTC 과학화전투훈련체계 유지보수
(25F047-G) AI기반 경계작전체계 라이다 기술 실증,AI 경계작전체계 라이다 기술 실증
(25F048-G)26~27년 과학화훈련예산 도입장비 유지보수,과학화훈련 도입장비 유지보수
(25F050-G) 26~27년 분석용모델 통합유지보수 용역사업,분석용모델 통합유지보수
(25F052-G) 육군 체력단련장 통합관리시스템 고도화 감리용역,육군 체력단련장 통합관리시스템 고도화 감리
(25F053-G)AI기반 경계작전체계 통합관제 기술 2단계 실증,AI 경계작전체계 통합관제 2단계 실증
(25F054-G) 육군 통합인증관리(SSO) 고도화 사업,육군 통합인증관리(SSO) 고도화
(25F056-G)사단급 실전적과학화훈련장 시스템구축사업,사단급 실전적과학화훈련장 시스템 구축
(25F057-G) 26년 지상군 자원소요분석모델 유지보수용역사업,지상군 자원소요분석모델 유지보수
(25F058-G)인사상담용 지능형 콜봇 및 가이드 챗봇 유지보수,인사상담 지능형 콜봇·챗봇 유지보수
(25F088-A) XR기반지뢰교육 훈련체계 2차 선행연구 용역,XR 지뢰교육 훈련체계 선행연구
(25F128-I) 25년 육군 모범간부 제주도 견학 대행용역,육군 모범간부 제주도 견학 대행
"(25F138-B)지상군페스티벌 육군홍보관 설치,철거 용역",지상군페스티벌 육군홍보관 설치·철거
(25F158-I)25년보급부대근무분야민간위탁용역(수성),보급부대 근무분야 민간위탁(수성)
(25F167-I)25년보급부대근무분야민간위탁용역(원주),보급부대 근무분야 민간위탁(원주)
(25F181-B) 26년 육군MS센터 전문분석관 운용사업,육군MS센터 전문분석관 운용
(25G003-H)25~26합동전파관리체계개선및유지관리용역,합동전파관리체계 개선·유지관리
(25G013-H)생성형AI적용내부망정보검색및요약기술실증,생성형AI 내부망 정보검색·요약 실증
(25G022-H)생성형AI 적용 내부망OO정보 분석기술 실증,생성형AI 내부망 정보 분석 실증
(25G039-H)모바일 기반 전술지리공간정보 기술 실증,모바일 전술지리공간정보 기술 실증
(25G042-H)생성형AI적용KJCCS정보검색및운영기술실증,생성형AI KJCCS 정보검색·운영 실증
(25G043-H)AI 객체식별 기반 지리공간분석 기술 실증,AI 객체식별 지리공간분석 실증
(25G044-H)수술실운영 통합관제 및 정보제공 기술실증,수술실운영 통합관제·정보제공 실증
(25G044-I) 25년 한국 안보·역사·문화탐방 대행용역,한국 안보·역사·문화탐방 대행
(25G045-H)26-27년 학사관리시스템 유지보수 용역,학사관리시스템 유지보수
(25G052-H)26~27년 워게임 연동체계(KSIMS) 유지보수 용역,워게임 연동체계(KSIMS) 유지보수
(25G053-H)26-27년상호운용성지원시스템통합유지보수,상호운용성지원시스템 통합유지보수
(25G056-H)2627년 실시간 스펙트럼탐지체계 유지보수,실시간 스펙트럼탐지체계 유지보수
(25G059-H)26-27년 지휘통신 신속대응 장비 유지보수 용역,지휘통신 신속대응 장비 유지보수
(25G061-H)26-27년 스펙트럼측정분석장비 유지보수 용역,스펙트럼측정분석장비 유지보수
(25G151-A) 사이버네트워크 작전AI활용방안 연구 용역,사이버네트워크 작전 AI 활용방안 연구
(25G185-B) 26년 분석모델 전문분석관 운용 용역,분석모델 전문분석관 운용
(25S1001-B9)XR기반 지뢰훈련 교육훈련체계 구축,XR 지뢰훈련 교육훈련체계 구축
(25S1001-C3) 대대급 합성훈련환경(STE) 체계구축사업,대대급 합성훈련환경(STE) 체계구축
(25S2001-C1) 25-N-통합기상해양정보체계 교체(리스자산),통합기상해양정보체계 교체(리스)
(25S2001-C1)25-N-통합기상해양정보체계 교체(리스자산),통합기상해양정보체계 교체(리스)
(25S2001-C2) 스마트 항공기지 시범부대 구축 사업(리스자산),스마트 항공기지 시범부대 구축(리스)
(25SA001-B5)AI기반 해안경계작전체계(0작전사)(1차),AI 해안경계작전체계(0작전사) 1차
(2F062-A)FM무전기 회로카드 정비기술 개발 연구용역,FM무전기 회로카드 정비기술 개발 연구
(2인이상 수의견적 공고) 농업기술센터 청사이전 부지조성사업,농업기술센터 청사이전 부지조성
"(3-3차)소모품(Tedlar PVF film, 비커 등 153종) 구매",소모품(Tedlar PVF film 등 153종) 구매
(4-11차)건축자재 사전적합제도운영 등 생활환경연구과 물품 구매,건축자재 사전적합제도 등 물품 구매
(4-2차)국가표준을 위한 동위원소 표준물질， 분석용 컬럼 및 실험소모품 등 83종,동위원소 표준물질·컬럼 등 83종 구매
(NFS2021MED09 위탁01) 신원불상 변사자에 대한 유전체 기반 행태·생리·유전학적 특징 분석 및 신원 특정에의 활용,변사자 유전체 기반 신원 특정 분석
(NFS2021MED09 위탁02) 머신러닝 기반 얼굴예측 방법 개발,머신러닝 기반 얼굴예측 방법 개발
(NFS2023MED07) 사후전산화단층촬영 영상을 활용한 인공지능 기반 뇌출혈 검출 보조 시스템 개발,AI 기반 뇌출혈 검출 보조 시스템 개발
(NFS2023MED08) 다중 바이오마커 기반 사망의 종류 판단 보조 인자 기술 개발,다중 바이오마커 사망종류 판단 인자 개발
(NFS2024DNA03) 디지털 PCR 기술을 이용한 DNA 감식 고도화,디지털 PCR DNA 감식 고도화
(NFS2024DNA03)친족관계 확인 연구를 위한 Whole Genome Sequence(WGS) 분석 용역,친족관계 확인 WGS 분석
(NFS2025C001) 국과수 감정 품질 향상 방안-국제 표준 도입을 통한 숙련도시험운영기관 부합화 연구,국과수 감정 품질향상 국제표준 부합화 연구
(NFS2025DNT02) 기계학습 기반 신종 마약류 및 대사체 탐색 프로세스 구축 연구,기계학습 신종마약·대사체 탐색 프로세스 연구
(NFS2025DTB01) 블록체인 기반 디지털증거 원본성 확보 방법 연구,블록체인 디지털증거 원본성 확보 연구
(NFS2025DTB03) 모바일 기반 사건 현장 3차원 재구성 기술 개발,모바일 사건현장 3차원 재구성 기술 개발
(NFS2025FSA02) 화학 잔여물 분석 및 반응성 유기 발광체 기반 고감도 센터 개발,화학 잔여물 분석 고감도 센서 개발
(NFS2025FSA04) 상해 및 거동 해석모델 개발 ,상해·거동 해석모델 개발
(NFS2025FSA05) 화재현장 자동화 재구성 및 VR 실감 수사 기술 연구,화재현장 자동 재구성·VR 수사 기술 연구
(NFS2025MED03) 수중시체에서 시행하는 규조류 검사의 고도화를 위한 유전자 표지 개발,수중시체 규조류 검사 유전자표지 개발
(P.Q 후 가격입찰)이천시 반려동물 테마파크 조성사업 도시관리계획(신설) 및 실시설계 용역,이천 반려동물 테마파크 도시관리계획·실시설계
(P.Q후 가격입찰)이천시 반려동물 테마파크 조성사업 도시관리계획(신설) 및 실시설계 용역,이천 반려동물 테마파크 도시관리계획·실시설계
(PQ 및 TP 후 가격입찰) 인천신항 진입도로 지하차도 건설(지하차도) 기본 및 실시설계 용역,인천신항 진입도로 지하차도 기본·실시설계
(PQ 후 가격입찰) 랜드마크시티 1호 수변공원(2단계) 조성공사 건설사업관리용역(긴급),랜드마크시티 1호 수변공원 조성 건설사업관리
(PQ 후 가격입찰) 랜드마크시티 3호 수변공원 조성공사 건설사업관리용역,랜드마크시티 3호 수변공원 조성 건설사업관리
(PQ 후 가격입찰) 율촌제1산단 정배수장 현대화사업 전기공사 감리  용역 전자입찰 공고,율촌제1산단 정배수장 현대화 전기 감리
(PQ 후 가격입찰) 인천신항 진입도로 지하차도 건설(고가차도) 기본 및 실시설계용역,인천신항 진입도로 지하차도(고가) 실시설계
(PQ 후 가격입찰) 청라의료복합타운 남측도로 개설공사(중1-468호선) 외 1건 통합건설관리용역,청라의료복합타운 남측도로 통합건설관리
(PQ 후 가격입찰) 해돋이 녹도교 설치공사 건설사업관리용역,해돋이 녹도교 설치 건설사업관리
(PQ 후 가격입찰)국도4호선 증약~신상 위험도로 개선공사 등 2개소 건설사업관리 엔지니어링사업,국도4호선 증약~신상 위험도로 개선 사업관리
(PQ 후 가격입찰)인천글로벌캠퍼스 학생기숙사 증축공사 시공단계 감독권한대행 등 건설사업관리용역,인천글로벌캠퍼스 학생기숙사 증축 건설사업관리
(PQ 후 가격입찰)인천신항 진입도로 지하차도 건설(지하차도) 전기공사 설계용역,인천신항 지하차도 전기공사 설계
(PQ후 가격입찰) 청라의료복합타운 남측도로 개설공사(중1-468호선)외 1건 통합건설관리용역,청라의료복합타운 남측도로 통합건설관리
(PQ후 가격입찰)율촌제1산단 공공폐수처리시설 설치사업(1-2단계) 전기공사 감리 용역  입찰 공고(긴급),율촌제1산단 공공폐수처리시설 전기 감리
(가격입찰) 당포항 정비공사 사후환경영향조사용역(공사시)_긴급,당포항 정비 사후환경영향조사
(가야고분) 2025년 국립가야문화유산연구소 수장고 소독처리,국립가야문화유산연구소 수장고 소독처리
(가야고분) 합천 성산리 유적 출토 유물 정밀실측·전산화,합천 성산리유적 출토유물 정밀실측·전산화
(가야고분)2025년 가야 역사문화자원 디지털 아카이브 구축,가야 역사문화자원 디지털 아카이브 구축
"(가야고분)가야 유적 발굴조사 기록물 디지털화, 복제 용역",가야 유적 발굴조사 기록물 디지털화·복제
"(가야고분)창녕 교동과 송현동 6호분 출토 금동관, 은제허리띠 도면 제작(2차)",창녕 교동·송현동 6호분 출토유물 도면 제작
(가야고분)함안 말이산 8호분 말 갑옷 타격 실험 및 영상 제작,함안 말이산 8호분 말갑옷 타격실험·영상 제작
"(가야왕성)『발굴, 기록, 과학의 만남: 김해 봉황동 유적을 바라보는 다양한 시선』학술심포지엄 행사",김해 봉황동 유적 학술심포지엄
(가야왕성)김해 봉황동 유적 발굴 현장 갑바 재활용 성과품 영상 제작,김해 봉황동 발굴현장 갑바 재활용 영상 제작
(가축방역) 바이러스질병과 중합효소연쇄반응(PCR)최적화제품 1대 구입,바이러스질병 PCR 최적화제품 구입
(가칭)청렴윤리 및 국민권익보호 교육 지원법 제정안 마련 연구용역,청렴윤리·국민권익보호 교육지원법 연구
(가칭)청렴윤리 및 국민권익위원회 교육 지원법 제정안 마련 연구용역,청렴윤리·국민권익위 교육지원법 연구
(감리)2025년 산사태정보시스템 고도화(디지털 사면통합 산사태정보시스템 구축(2차)),산사태정보시스템 고도화 감리
"(강동구, 송파구) 국가유공자 등의 재가복지서비스 위탁용역 계약",강동·송파 국가유공자 재가복지서비스 위탁
"(강서구, 양천구) 국가유공자 등의 재가복지서비스 위탁용역 계약",강서·양천 국가유공자 재가복지서비스 위탁
(건축)「교과서 속 건축문화유산 교구재」 활용 교육자료 제작,교과서 속 건축문화유산 교구재 교육자료 제작
(고고-1)한국고고학사전 온라인 서비스 개선을 위한 기반 데이터 편찬,한국고고학사전 온라인 서비스 데이터 편찬
(고고-2) 「2025년 세계의 고고학 국제학술대회」 대행 용역,세계의 고고학 국제학술대회 대행
(고고-2) 「2026년 말의 해(가제)」 특별전시 기본계획 수립 용역,말의 해 특별전시 기본계획 수립
"(고고-3)「중서부지역, 새로운 자료와 새로운 관점」대행 용역",중서부지역 새로운 자료와 관점 대행
(고시금액 이상)2025년 중앙보훈병원 자체구매 검사재료 단가계약,중앙보훈병원 검사재료 단가계약
(공공요금)2025년 농림축산검역본부 공용차량 자동차보험 가입,농림축산검역본부 공용차량 자동차보험
(공사비)2025년 영종도 동물검역계류장 계류사 지붕도장공사(동축산물),영종도 동물검역 계류사 지붕도장
(공사비)사육시설 고도화를 위한 순환여과양식시스템(RAS) 구축공사(전기)(아열대-1345),순환여과양식시스템(RAS) 구축(전기)
(공사비)영종도 동물검역계류장 계류사 출입문교체공사(동축산물),영종도 동물검역 계류사 출입문교체
(공사비)외해동 히트펌프 구매 및 설치(아열대-3217),외해동 히트펌프 구매·설치
(관급)34.안동시 서후면 교리 지내 도로개설공사_레미콘2,안동 서후 교리 도로개설(레미콘2)
(관급)개질아스콘(3.진남2교 등 2개소 교면포장 보수공사),개질아스콘(진남2교 등 2개소 교면포장)
(관급)개질아스콘(34. 문경 산양 반곡리 등 6개소 포장도 정비공사),개질아스콘(문경 산양 등 6개소 포장정비)
(관급)개질아스콘(34. 예천 호명 직산리 등 7개소 포장도 정비공사),개질아스콘(예천 호명 등 7개소 포장정비)
(관급)개질아스콘(35. 봉화 명호 관창리 등 11개소 포장도 정비공사),개질아스콘(봉화 명호 등 11개소 포장정비)
(관급)개질아스콘(문경 호계 우로리 등 3개소 포장도 정비공사),개질아스콘(문경 호계 등 3개소 포장정비)
(관급)개질아스콘(영주 문정동 등 4개소 포장도 정비공사),개질아스콘(영주 문정동 등 4개소 포장정비)
(관급)국도17호선 완주 고산 등 설해대비 시설물 보수공사-눈및얼음융해장치,국도17호선 완주 설해대비 융해장치
(관급)국도17호선 완주 등 2개군 방호울타리 정비공사-3단 충격흡수식 가드레일 지주 지지력 보강재,국도17호선 완주 방호울타리 보강재
(관급)국도17호선 완주 상관 등 제설창고 신축공사-눈및얼음융해장치,국도17호선 완주 제설창고 융해장치
(관급)국도1호선 솔튼터널A2+1.402~솔튼터널A2+2.889 등 2개소 포장도 보수공사-개질아스콘,국도1호선 솔튼터널 등 포장보수 개질아스콘
(관급)국도1호선 오성교A2~용호교A1 등 7개소 포장도 보수공사-개질아스콘,국도1호선 오성교 등 포장보수 개질아스콘
(관급)국도1호선 익산 왕궁 제설창고 등 설해대비 시설물 보수공사-눈및얼음융해장치,국도1호선 익산 제설창고 융해장치
(관급)국도21호선 중흥육교A2~군산시B(앞) 등 12개소 포장도 보수공사-개질아스콘,국도21호선 중흥육교 등 포장보수 개질아스콘
(관급)국도26호선 등용1교A2~신교A1 등 9개소 포장도 보수공사-개질아스콘,국도26호선 등용1교 등 포장보수 개질아스콘
(관급)국도26호선 진안 등 2개소 방호울타리 정비공사-3단 충격흡수식 가드레일 지주 지지력 보강재,국도26호선 진안 방호울타리 보강재
(관급자재) 2025년 익산청 교통정체 잦은곳 ITS 확대구축사업(전주~군산) - 교통관제시스템,익산청 ITS 확대(전주~군산) 교통관제시스템
(관급자재) 2025년 익산청 교통정체 잦은곳 ITS 확대구축사업(전주~군산) - 교통정보전광판 금속기둥,익산청 ITS 확대(전주~군산) 전광판 금속기둥
(관급자재) 2025년 익산청 교통정체 잦은곳 ITS 확대구축사업(화순~광주 등 2개구간) - 교통관제시스템,익산청 ITS 확대(화순~광주) 교통관제시스템
(관급자재) 2025년 익산청 교통정체 잦은곳 ITS 확대구축사업(화순~광주 등 2개구간) - 교통정보전광판 금속기둥,익산청 ITS 확대(화순~광주) 전광판 금속기둥
(관급자재) 2025년 익산청 국도ITS 구축 공사(전남 권역) - 교통정보전광판 금속기둥,익산청 국도ITS(전남) 전광판 금속기둥
(관급자재) 2025년 익산청 국도ITS 구축 공사(전남권역) - 교통정보전광판,익산청 국도ITS(전남권역) 교통정보전광판
(관급자재) 2025년 익산청 국도ITS 구축 공사(전남권역) - 영상감시장치 금속기둥,익산청 국도ITS(전남) 영상감시장치 금속기둥
(관급자재) 2025년 익산청 국도ITS 구축 공사(전남권역) - 제어함체부 원격단말장치(RTU),익산청 국도ITS(전남) 원격단말장치(RTU)
(관급자재) 2025년 익산청 국도ITS 구축공사(전북권역) - 영상감시장치 금속기둥,익산청 국도ITS(전북) 영상감시장치 금속기둥
(관급자재) 무안 현경-해제 도로시설개량공사(2차)-순환골재 ,무안 현경-해제 도로개량 순환골재
(관급자재) 순천 벌교-주암(3-2공구) 도로확장공사-레미콘 ,순천 벌교-주암 도로확장 레미콘
(관급자재)2025년 익산청 국도ITS 구축 공사(전북권역)-제어함체부 원격단말장치(RTU),익산청 국도ITS(전북) 원격단말장치(RTU)
(관급자재)2025년 익산청 국도ITS 구축공사(1권역)-교통정보전광판,익산청 국도ITS(1권역) 교통정보전광판
(관급자재)2025년 익산청 국도ITS 구축공사(1권역)-교통정보전광판 금속기둥,익산청 국도ITS(1권역) 전광판 금속기둥
(관급자재)2025년 익산청 국도ITS 구축공사(1권역)-영상감시장치 금속기둥,익산청 국도ITS(1권역) 영상감시장치 금속기둥
(관급자재)2025년 익산청 국도ITS 구축공사(1권역)-제어함체부 원격단말장치(RTU),익산청 국도ITS(1권역) 원격단말장치(RTU)
(관급자재)2025년 익산청 국도ITS 구축공사(2권역)-교통정보전광판,익산청 국도ITS(2권역) 교통정보전광판
(관급자재)2025년 익산청 국도ITS 구축공사(2권역)-교통정보전광판 금속기둥,익산청 국도ITS(2권역) 전광판 금속기둥
(관급자재)2025년 익산청 국도ITS 구축공사(2권역)-영상감시장치 금속기둥,익산청 국도ITS(2권역) 영상감시장치 금속기둥
(관급자재)2025년 익산청 국도ITS 구축공사(2권역)-제어함체부 원격단말장치(RTU),익산청 국도ITS(2권역) 원격단말장치(RTU)
(관급자재)2025년 익산청 국도ITS 구축공사(3권역)-교통정보전광판,익산청 국도ITS(3권역) 교통정보전광판
(관급자재)2025년 익산청 국도ITS 구축공사(3권역)-교통정보전광판 금속기둥,익산청 국도ITS(3권역) 전광판 금속기둥
(관급자재)2025년 익산청 국도ITS 구축공사(3권역)-영상감시장치 금속기둥,익산청 국도ITS(3권역) 영상감시장치 금속기둥
(관급자재)2025년 익산청 국도ITS 구축공사(3권역)-제어함체부 원격단말장치(RTU),익산청 국도ITS(3권역) 원격단말장치(RTU)
(관급자재)곡성 석곡IC-겸면(2공구) 도로시설개량공사-순환골재  ,곡성 석곡IC-겸면 도로개량 순환골재
(관급자재)곡성 석곡IC-겸면(2공구) 도로시설개량공사-잡석 ,곡성 석곡IC-겸면 도로개량 잡석
(관급자재)곡성 석곡IC-겸면(2공구) 도로시설개량공사-혼합골재 ,곡성 석곡IC-겸면 도로개량 혼합골재
(관급자재)국도27호선 임실 운종교차로 개선공사-순환골재,관급 임실 운종교차로 개선-순환골재
(관급자재)국도77호선 여수 화태-백야 도로건설공사(1공구)-윈드슈,관급 여수 화태-백야1공구-윈드슈
(관급자재)국도77호선 여수 화태-백야(1공구) 도로건설공사-포트받침(장기계속(총액)),관급 여수 화태-백야1공구-포트받침
"(관급자재)국도77호선 여수 화태-백야(2공구) 도로건설공사-포트받침(장기신규(1차), 수의(총액)) ",관급 여수 화태-백야2공구-포트받침
"(관급자재)무주-설천 도로확장공사-교량받침(장기신규(1차), 총액)  ",관급 무주-설천 도로확장-교량받침
(관급자재)벌교-주암(3-1공구) 도로확장공사-레미콘(총액),관급 벌교-주암3-1공구-레미콘
(관급자재)벌교-주암(3-2공구) 도로확장공사-레미콘(총액),관급 벌교-주암3-2공구-레미콘
(관급자재)서수-평장(2공구) 국대도 건설공사-혼합골재(소액),관급 서수-평장2공구-혼합골재
(관급자재)석곡IC-겸면(1공구) 도로시설개량공사-골재(잡석),관급 석곡IC-겸면1공구-잡석골재
(관급자재)석곡IC-겸면(1공구) 도로시설개량공사-순환골재(소액),관급 석곡IC-겸면1공구-순환골재
(관급자재)석곡IC-겸면(1공구) 도로시설개량공사-혼합골재(소액),관급 석곡IC-겸면1공구-혼합골재
(관급자재)성수-진안(3공구) 도로시설개량공사-레미콘(소액),관급 성수-진안3공구-레미콘
(관급자재)순천 벌교-주암(3-1공구) 도로확장공사-레미콘(총액),관급 순천 벌교-주암3-1공구-레미콘
(관급자재)신안 압해 신장-복용 도로시설개량공사-반사형방음판 ,관급 신안 압해 신장-복용-반사형방음판
"(관급자재)압해-화원 도로건설공사-교량받침(장기신규(1차),총액)",관급 압해-화원 도로건설-교량받침
(관급자재)압해-화원(1공구) 도로건설공사-P.P매트(소액),관급 압해-화원1공구-P.P매트
"(관급자재)압해-화원(1공구) 도로건설공사-레미콘(목포권,총액)",관급 압해-화원1공구-레미콘(목포)
(관급자재)압해-화원(1공구) 도로건설공사-레미콘(소액),관급 압해-화원1공구-레미콘
(관급자재)완주 화산-운주 도로시설개량 통신공사-CCTV 및 영상유고설비,관급 완주 화산-운주 통신-CCTV
(관급자재)완주 화산-운주 도로시설개량 통신공사-라디오재방송 설비,관급 완주 화산-운주-라디오재방송설비
(관급자재)용진-우아(1공구) 국대도 건설공사-레미콘(소액),관급 용진-우아1공구-레미콘
(관급자재)용진-우아(2공구) 국대도 건설공사-순환골재(소액),관급 용진-우아2공구-순환골재
(관급자재)익산시관내 국도대체우회도로(서수-평장1) 건설공사-레미콘 ,관급 익산 서수-평장1 우회도로-레미콘
(관급자재)익산시관내 국도대체우회도로(서수-평장2) 건설공사(6차분)-혼합골재(총액) ,관급 익산 서수-평장2 우회도로-혼합골재
(관급자재)임실 이도지구 단구간 확장공사-순환골재(총액),관급 임실 이도지구 확장-순환골재
(관급자재)임실 이도지구 단구간 확장공사-혼합골재(총액),관급 임실 이도지구 확장-혼합골재
(관급자재)임실-장수(1공구) 도로시설개량공사(5차)-보강토블록 연결판,관급 임실-장수1공구-보강토블록연결판
(관급자재)임실-장수(1공구) 도로시설개량공사(5차)-보강토블록 연결판 ,관급 임실-장수1공구-보강토블록연결판
(관급자재)임실-장수(1공구) 도로시설개량공사(5차)-스틸그레이팅(소액),관급 임실-장수1공구-스틸그레이팅
(관급자재)임실-장수(1공구) 도로시설개량공사-레미콘(총액),관급 임실-장수1공구-레미콘
(관급자재)임실-장수(1공구) 도로시설개량공사-보강토블록 연결판 ,관급 임실-장수1공구-보강토블록연결판
(관급자재)임실-장수(1공구) 도로시설개량공사-순환골재(소액),관급 임실-장수1공구-순환골재
(관급자재)임실-장수(1공구) 도로시설개량공사-혼합골재(소액),관급 임실-장수1공구-혼합골재
(관급자재)임실-장수(2공구) 도로시설개량공사(5차)-레미콘(총액),관급 임실-장수2공구-레미콘
(관급자재)임실-장수(2공구) 도로시설개량공사-레미콘(총액),관급 임실-장수2공구-레미콘
(관급자재)임실-장수(2공구) 도로시설개량공사-보강토블록 연결판 ,관급 임실-장수2공구-보강토블록연결판
(관급자재)임실-장수(2공구) 도로시설개량공사-순환골재(총액),관급 임실-장수2공구-순환골재
(관급자재)임실-장수(2공구) 도로시설개량공사-스틸그레이팅(소액),관급 임실-장수2공구-스틸그레이팅
(관급자재)진도 포산-서망 도로시설개량공사-철근콘크리트용 배수로관 ,관급 진도 포산-서망-배수로관
(관급자재)포산-서망 도로시설개량공사 전기공사-라이오재방송설비,관급 포산-서망 전기-라디오재방송설비
"(관급자재, 보조기층) 지석천 오계지구 하천환경정비사업 2차",관급 지석천 오계지구 하천정비-보조기층
"(관급자재, 쇄석골재) 영산강 나주2-2지구 하천환경정비사업",관급 영산강 나주2-2지구-쇄석골재
(교무-교육) 2025학년도 전문학사과정 학생 배부용 전공도서 구매,교무 전문학사 전공도서 구매
(교무-교육) 2025학년도 한국농수산대학교 전문학사과정 학생 배부용 전공도서 구매,교무 한국농수산대 전공도서 구매
(교무처) 2025년도 장기현장실습장 안전관리점검 컨설팅 용역 선정 입찰,교무 장기현장실습 안전점검 컨설팅
(교육운영) 개관20주년기념 어린이날 체험교육프로그램 운영 대행 용역,개관20주년 어린이날 체험교육 운영
(구)농기계임대사업소 철거공사 및 임시주차장 조성공사 건설폐기물처리용역,농기계임대소 철거-건설폐기물처리
(구)농기계임대사업소 철거공사 및 임시주차장 조성공사 폐기물처리용역,농기계임대소 철거-폐기물처리
"(구제역백신연구센터,질병진단,조류질병,해외전염병과)실시간유전자증폭기 4대 구입",실시간유전자증폭기 4대 구입
(기금) 2025년 항공대원 임무장비(야간투시경 3점) 구매,항공대원 야간투시경 3점 구매
(기금) 2025년 항공대원 임무장비(운항헬멧 6점) 구매,항공대원 운항헬멧 6점 구매
(기록관리교육센터) 2025년 기록관리 이러닝 콘텐츠(모바일 겸용) 개발 사업,기록관리 이러닝 콘텐츠 개발
(기록관리교육센터) 2026년 전자기록관리 실습도구(RMS2.0) 유지보수 사업,전자기록 실습도구 RMS2.0 유지보수
(기록관리정책과) 2025년 웹기록물관리시스템 기능개선 사업,웹기록물관리시스템 기능개선
(기록관리정책과) 2025년 중앙행정기관 기록관리기준표 개선 지원 사업,중앙행정기관 기록관리기준표 개선
"(기록협력과)2025년 EASTICA 정기총회 및 제4회 국제기록관리포럼 개최,운영 대행 용역",EASTICA 총회·국제기록포럼 운영
(기획)국가유산 연구개발사업 우수 성과 도출을 위한 기획대상 과제 RFP 정밀설계 연구 용역,국가유산 R&D 기획과제 RFP 설계연구
(기획운영계) 함정승조원 지원시설 신축공사 관급자재 구매(단열재),함정승조원 지원시설 신축-단열재
(기획조정과) 2025년 국립한국농수산대학교 홍보대행 용역,한국농수산대 홍보대행
(긴급) 2025년 경주국립공원 탐방로 정비공사 실시설계용역,경주국립공원 탐방로 정비 실시설계
(긴급) 2025년 대구보훈병원 순환버스 운전원 파견 용역 ,대구보훈병원 순환버스 운전원 파견
(긴급) 2025년 새만금 환경생태단지 위탁 운영‧관리 용역,새만금 환경생태단지 위탁 운영관리
(긴급) 2025년 익산왕궁 축사매입지 사후관리 사업 용역,익산왕궁 축사매입지 사후관리
(긴급) 2025년 인천보훈병원 의약품 자체 연간 단가계약(1군),인천보훈병원 의약품 단가계약1군
(긴급) 2025년 중앙보훈병원 자체구매 의약품 12종 단가계약,중앙보훈병원 의약품 12종 단가계약
(긴급) 2025년 중앙보훈병원 자체구매 의약품 2종 단가계약,중앙보훈병원 의약품 2종 단가계약
(긴급) 2025년 중앙보훈병원 자체구매 의약품 8종 단가계약,중앙보훈병원 의약품 8종 단가계약
(긴급) 2025년 중앙보훈병원 자체구매 의약품 Cefaclor hydrate 3.75g 173종 연간단가계약,중앙보훈병원 의약품 173종 단가계약
(긴급) 2025년 중앙보훈병원 자체구매 의약품 Propofol 120mg 등 66종 연간단가계약,중앙보훈병원 의약품 66종 단가계약
(긴급) 2025년 중앙보훈병원 자체구매 의약품 Rituximab 0.5g 등 7종,중앙보훈병원 의약품 7종 구매
(긴급) 2025년 중앙보훈병원 자체구매 의약품 paclitaxel 30mg 등 227종 연간단가계약,중앙보훈병원 의약품 227종 단가계약
(긴급) 2025년 중앙보훈병원 자체구매 의약품 pregabalin 50mg 등 11종,중앙보훈병원 의약품 11종 구매
(긴급) 2025년 항로표지선(여명2호) 기관 개방검사 수리용역,항로표지선 여명2호 기관 개방검사 수리
(긴급) 2026년 여수지방해양수산청 전산장비 유지보수용역,여수해수청 전산장비 유지보수
(긴급) 2026년 중앙보훈병원 자체구매 진료재료(수술재료) 연간단가계약(고시금액미만),중앙보훈병원 수술재료 단가계약(미만)
(긴급) 2026년 중앙보훈병원 자체구매 진료재료(수술재료) 연간단가계약(고시금액이상),중앙보훈병원 수술재료 단가계약(이상)
(긴급) 2026년 중앙보훈병원 자체구매 진료재료(위생재료) 연간단가계약(고시금액 미만),중앙보훈병원 위생재료 단가계약(미만)
(긴급) 2026년 중앙보훈병원 자체구매 진료재료(위생재료) 연간단가계약(고시금액미만),중앙보훈병원 위생재료 단가계약(미만)
(긴급) 2026년 중앙보훈병원 자체구매 진료재료(위생재료) 연간단가계약(고시금액이상),중앙보훈병원 위생재료 단가계약(이상)
(긴급) 2026년도 평택해양경찰서 전산장비 유지보수 용역,평택해경 전산장비 유지보수
(긴급) 구미전자공고 실습장비구입(스마트팩토리시뮬레이터),구미전자공고 스마트팩토리시뮬레이터
(긴급) 대구보훈병원 2025년 자체의약품 연간 단가계약(수액류)-4차,대구보훈병원 자체의약품 수액류 단가
(긴급) 대전 본원 노후 무정전 전원공급장치(UPS) 구매,대전본원 노후 UPS 구매
(긴급) 여수·광양항 안티드론시스템 구축 설계 컨설팅 용역(종합계약),여수·광양항 안티드론시스템 설계
(긴급) 예술의전당 한가람미술관 리모델링 공사(기계설비),예술의전당 한가람미술관 리모델링 기계
(긴급) 용역집행계획 및 사업수행능력 평가서 제출 공고 [당포항 정비공사 사후환경영향조사용역(공사시)],당포항 정비 사후환경영향조사
(긴급) 중앙보훈병원 의료진 근무복(중기간 경쟁제품) 단가계약,중앙보훈병원 의료진 근무복 단가계약
(긴급)(협상에의한계약)서천군 공유농업가공센터 기계장비 구입,서천군 공유농업가공센터 기계장비
(긴급)(협상에의한계약)서천형 공유농업 플랫폼 조성사업 공유농업 가공센터 가공장비,서천형 공유농업 가공센터 가공장비
(긴급)2025년 대구보훈병원 검사장비(실시간 유전자 증폭장치) 무상임대조건부 검사시약 구입,대구보훈병원 유전자증폭장치 검사시약
(긴급)2025년 벼 병해충방제 지원(상자처리제) 약제 구입,벼 병해충방제 상자처리제 약제 구입
(긴급)2025년 서해청 고정익항공기(CN-235) 정비용역 단가계약,서해청 CN-235 정비 단가계약
(긴급)2025학년도 구미전자공업고등학교 2학년 수학여행 용역,구미전자공고 2학년 수학여행
(긴급)관급(수밀성SMA)국도43호선 길음졸음쉼터 일원 포장보수공사,관급 국도43호선 길음졸음쉼터 포장
(긴급)관급(수밀성SMA)국도43호선 오성2교A2~교포천교A1 등 3개소 포장보수공사 등 5개 공사,관급 국도43호선 오성2교 등 포장보수
(긴급)국가보훈부88골프장 2025년 코스관리 인력 용역 ,보훈부88골프장 코스관리 인력
(긴급)국가보훈부88골프장 2025년 코스관리용 모래(배토자재) 단가계약,보훈부88골프장 코스관리용 모래
(긴급)국가보훈부88골프장 2025년 코스관리용 비료 단가계약,보훈부88골프장 코스관리용 비료
(긴급)국가보훈부88골프장 5인승 골프카 리튬이온배터리 구매,보훈부88골프장 골프카 리튬배터리
(긴급)국가보훈부88골프장 및 실외연습장 체육시설업자배상책임보험 입찰 ,보훈부88골프장 체육시설 배상책임보험
(긴급)국가보훈부88골프장 수변전설비 철거 및 인입선로(전기) 공사,보훈부88골프장 수변전설비 철거 전기
(긴급)국가보훈부88골프장 코스관리용 농약 단가계약 입찰,보훈부88골프장 코스관리용 농약
(긴급)국가보훈부88골프장 펌프장 및 송풍기 간선(전기) 공사,보훈부88골프장 펌프장 송풍기 전기
(긴급)국가정보자원관리원 광주센터 무정전전원장치(UPS) 구축 장기계속사업(3년)_변경,국정자원 광주센터 UPS 구축
(긴급)마산면 송림리 마을만들기사업 지역역량강화 용역(장기계속),마산면 송림리 마을만들기 역량강화
(긴급)문산면 금복3리 마을만들기사업 지역역량강화 용역 (연차사업),문산면 금복3리 마을만들기 역량강화
(긴급)보훈병원 통합정보시스템 어플리케이션 유지관리 용역,보훈병원 통합정보시스템 앱 유지관리
(긴급)서천군 공유농업가공센터 주차장 부지조성공사(토목),서천군 공유농업가공센터 주차장 조성
(긴급)서천군 구청사 건축 리모델링 공사 전기 감리용역 경쟁입찰,서천군 구청사 리모델링 전기 감리
(긴급)서천군 구청사 건축 리모델링 공사 전기 감리용역 경쟁입찰 ,서천군 구청사 리모델링 전기 감리
(긴급)서천군 농촌신활력플러스 Eco-플랫폼 조성사업 신축공사(건축),서천군 신활력 Eco-플랫폼 신축 건축
(긴급)서천군 농촌신활력플러스 Eco-플랫폼조성사업 신축공사(전기),서천군 신활력 Eco-플랫폼 신축 전기
(긴급)서천군 농촌신활력플러스 Eco-플랫폼조성사업 신축공사(통신),서천군 신활력 Eco-플랫폼 신축 통신
(긴급)서천읍 삼산3리 마을만들기사업 지역역량강화 용역(장기계속),서천읍 삼산3리 마을만들기 역량강화
(긴급)영종~청라 연결도로(제3연륙교) 유지관리 물품(소형제설차) 구매,제3연륙교 유지관리 소형제설차 구매
(긴급)용역집행계획 및 사업수행능력평가자료 제출안내 공고[거제시 망치지구 연안정비사업 기본설계용역],거제 망치지구 연안정비 기본설계
(긴급)제3연륙교 환승승강장 및 노후교체용 버스정보안내기 구매,제3연륙교 버스정보안내기 구매
(긴급)종천면 장구3리 마을만들기사업 지역역량강화 용역(장기계속),종천면 장구3리 마을만들기 역량강화
(긴급)초경량비행장치(드론)를 활용한 수질오염 감시업무 대행용역,드론 활용 수질오염 감시 대행
(긴급)포천경찰서 직장어린이집 교재·교구(282종) 구매(지명경쟁입찰),포천경찰서 어린이집 교재·교구 구매
(긴급)화양면 남성리 마을만들기사업 지역역량강화 용역(장기계속),화양면 남성리 마을만들기 역량강화
(긴급-제한경쟁)여수해양경찰서 연안구조정(6대) 야간항해보조장비 구매 설치,여수해경 연안구조정 야간항해장비
(단가)2025년 계획정비 함정 워터제트(HAMILTON) 부속 단가계약,계획정비 함정 워터제트 부속 단가
(단가)2025년 계획정비 함정 주기관(MTU2000기종) 부속 단가계약(특수조건 필독),계획정비 함정 주기관 MTU2000 부속
(단가)2025년 계획정비 함정 주기관(MTU4000기종) 부속 단가계약(특수조건 필독),계획정비 함정 주기관 MTU4000 부속
(단가)2025년 계획정비함정 탱크레벨전송기  단가계약 구매(특수조건 필독),계획정비함정 탱크레벨전송기 단가
(단가)2025년 함정 발전기관(CUMMINS기종) 부속 단가계약(단가계약),함정 발전기관 CUMMINS 부속 단가
(단가)2025년 함정 발전기관(CUMMINS기종) 부속 단가계약(특수조건 필독),함정 발전기관 CUMMINS 부속 단가
(단가계약)2026년 함정 워터제트(HAMILTON기종) 부속 단가계약(특수조건 필독),함정 워터제트 HAMILTON 부속 단가
(대행)황룡사 중금당 복원연구 성과와 과제 학술대회 대행 용역,황룡사 중금당 복원 학술대회 대행
(도심형) 북한산 생태탐방로 조성을 위한 문주시설 설치 공사,북한산 생태탐방로 문주시설 설치
"(동물약품평가과, 질병진단과, 해외전염병과)모니터링장치세트 4대 구입",모니터링장치세트 4대 구입
"(동물약품평가과,질병진단과,해외전염병과)모니터링장치세트 4대 구입",모니터링장치세트 4대 구입
(디지털)업무용 PC 운영체체 업그레이드 위한 전산장비 구매,업무용 PC OS 업그레이드 전산장비
(디지털혁신과) 2025년 전자기록물 기술정보관리시스템 개선 사업,전자기록물 기술정보관리시스템 개선
(디지털혁신과) 2025년 중앙영구기록관리시스템 기능개선 사업 ,중앙영구기록관리시스템 기능개선
(민간대행)이상기상 대비 과수 시설재배 시범 시설하우스 신축공사,이상기상 대비 과수 시설하우스 신축
(민간보조 입찰대행) 나주시 과수원 햇빛차단망 시설 설치(이상기상극복 과수 안정생산 기술 시범사업-박○호) 공사 소액수의견적제출 공고,나주시 과수원 햇빛차단망 설치
(민간보조 입찰대행) 수처리장치를 이용한 시설원예작물 병해예방사업 물품(순수 제조장치) 구입,시설원예 병해예방 순수제조장치 구입
(민간입찰대행) 2025년 청년농업인 영농생력화 기반조성 사업  수의견적 공고,청년농업인 영농생력화 기반조성
(민간입찰대행) 유기농업 선도농가 농산물 판매장 신축공사,유기농 선도농가 농산물 판매장 신축
(변경)2025년 토마토뿔나방 방제약제 구입 건 소액수의 견적 제출 안내공고,토마토뿔나방 방제약제 구입
"(변경)기상레이더관측소 무정전전원장치(UPS) 축전지 교체(백령도, 용인, 고산, 성산, 광덕산)",기상레이더관측소 UPS 축전지 교체
(변경)농림지 과수 돌발병해충(과수화상병) 방제약제 구입 수의견적 제출안내 공고(긴급),과수화상병 방제약제 구입
(변경)예술의전당 한가람미술관 리모델링 공사(건축)-80억 실적제한,예술의전당 한가람미술관 리모델링 건축
(변경공고) 교도작업 생산지류(백상지 70g 국전 등 5종) 입찰 공고,교도작업 생산지류 백상지 등 5종
(보전과 물품) 기후변화에 따른 자생목본류 분포예측 연구 간행물,자생목본류 분포예측 연구 간행물
(보존-1)세계유산 창덕궁과 종묘에 사용된 석재의 과학정보 보고서 발간,창덕궁·종묘 석재 과학정보 보고서
(보존관리과) 2025년 기록물 RFID 태그 및 리본 구매,기록물 RFID 태그·리본 구매
(보존관리과) 2026년 RFID기록물관리시스템 유지관리 사업,RFID기록물관리시스템 유지관리
(보존관리과) 2026년 국가기록원 보존환경관리장비 유지보수 사업,국가기록원 보존환경관리장비 유지보수
(보존관리과) 국가기록원 성남분원 RFID시스템 교체 2차 사업,국가기록원 성남분원 RFID 교체2차
"(복원-1)조선시대 궁궐도배지 복원기술연구, 조사편 도서 발간 계약 ",조선시대 궁궐도배지 복원연구 도서
(복원-2) 문화유산 보수용 식물성 기반 마감재(도료) 고문헌 조사,문화유산 마감재 도료 고문헌 조사
(복원-2) 한반도 고분 사용 패회 원료 식별 도감 발간,한반도 고분 패회 원료 식별 도감
(복원관리과) 2025년 기록물 가독성 향상을 위한 디지털 복원 장비 도입 사업,기록물 디지털 복원 장비 도입
(복원관리과) 2025년 기록물 디지털화 장비 도입 리스,기록물 디지털화 장비 도입 리스
(복원관리과) 2025년 시청각기록물 디지털화 및 보존처리 장비 구매,시청각기록물 디지털화 보존 장비
(복원관리과) 2025년 종이기록물 복원·복제처리 재료 구매,종이기록물 복원·복제 재료 구매
(복원관리과) 2026년 복원관리과 보존·복원 장비 유지보수 사업,복원관리과 보존·복원 장비 유지보수
(부산분원) 2026년 부산분원 보존복원처리장비 유지보수 사업 ,부산분원 보존복원처리장비 유지보수
(사)삼동청소년회(전북특별자치도청소년상담복지센터) 업무차량구매,삼동청소년회 업무차량 구매
(사회기록과) 기록물 생산관리통합시스템 기반 전자기록물 이관 세부업무 재결계 연구 ,전자기록물 이관 재설계 연구
(생산유통)가야역사문화센터 복합문화공간 성과공유 영상 촬영,가야역사문화센터 성과공유 영상 촬영
(생산유통)김해 봉황동 유적 및 함안 우거리 토기 활용 성과품 제작,김해 봉황동·함안 우거리 성과품 제작
"(서대문구, 마포구) 국가유공자 등의 재가복지서비스 위탁용역 계약",서대문·마포 국가유공자 재가복지 위탁
(서비스정책과) 2025년 광복80년 국가기록특별전 전시연출 용역,광복80년 국가기록특별전 전시연출
(서비스정책과) 2025년 기록정보 온라인서비스 구축 사업,기록정보 온라인서비스 구축
(서비스정책과) 2025년 비공개기록물 공개재분류 건별입력 위탁사업,비공개기록물 공개재분류 입력 위탁
(서비스정책과) 2025년 산림녹화 기록물 콘텐츠 서비스 기반 구축 사업,산림녹화 기록물 콘텐츠 서비스 구축
(서비스정책과) 2025년 소장기록물 온라인 원문서비스용 개인정보 점검 사업,소장기록물 원문서비스 개인정보 점검
(서비스정책과) 2025년 정부정책·제도 변화 관련 기록물 조사·분석 사업,정부정책·제도 변화 기록물 조사분석
(서울-2)2025년 수도권 문화유산 발굴조사 GPS 측량장비 임차,수도권 문화유산 발굴 GPS 측량 임차
(서울-2)「풍납토성 서성벽 축조공법에 대한 토목공학적 분석(2차)」학술연구용역,풍납토성 서성벽 축조공법 분석2차
(선박) 25년 고속단정 8대 노후대체 건조 (장기1차),고속단정 8대 노후대체 건조
"(선박) 25년 유류바지 3척(부산, 부안, 보령) 건조",유류바지 3척 건조
(선박) 900톤급 하이브리드 국가어업지도선 3척 건조(잔여 공정),900톤급 하이브리드 어업지도선 3척
"(선박) 국가어업지도선 고속단정(1척) 제작, 구매, 설치",어업지도선 고속단정 1척 제작
(설계공모)백운산 농촌테마공원 조성사업 복합관리센터 신축공사,백운산 농촌테마공원 관리센터 신축
(성남분원) 2025년 성남분원 노후CCTV 교체 및 관제시스템 구축,성남분원 노후CCTV 교체 관제구축
(성분검정과) 2025년 사료 유해물질 모니터링 검정 위탁사업 용역 계약 요청,사료 유해물질 모니터링 검정 위탁
(성분검정과) 전자동 켈달 조단백 분석기(킬달질소 분해장치) 외자장비 구매요청,전자동 켈달 조단백 분석기 구매
(성분검정과) 조단백 분석기(킬달질소 분해장치) 내자장비 구매요청,조단백 분석기 내자장비 구매
(센터-3) 부석사 조사당 벽화 외곽 보호틀 정밀실측 조사,부석사 조사당 벽화 보호틀 실측
"(센터-3)지광국사탑의 귀향, 법천사지 기억의 복원 보고서 발간",법천사지 지광국사탑 복원 보고서
(소기업소상공인제한/적격) 2025년 사이버수사시스템 소프트웨어 라이선스 갱신 구매,사이버수사시스템 SW 라이선스 갱신
"(소기업소상공인제한/충청남도지역제한) 국립종자원 충남지원 정선센터 탑승식 바닥 청소차(건식, 디젤) 구매",종자원 충남 정선센터 바닥청소차
(소액수의 견적제출)팔용농산물도매시장 저온저장고(창원청과) 설치공사,팔용농산물도매시장 저온저장고 설치
(소액수의) 25년 2분기 일반자재(오링 등 37종) 구매,25년 2분기 일반자재 오링 등 37종
(소액수의) 25년 3분기 일반자재(육각장니플 등 82종) 구매,25년 3분기 일반자재 82종 구매
(소액수의) 군산 3013함 등 4척 일반자재 및 예비품(단정의자 등 20종) 구매,군산 3013함 등 4척 일반자재 구매
(소액수의) 동해 205정 등 4척 일반자재(유압밸브 등 12종 145점) 구매,동해 205정 등 4척 유압밸브 등 구매
(소액수의) 목포 1509함 등 2척 일반자재(고압호스 니플 등 17종) 구매,목포 1509함 등 2척 일반자재 구매
(소액수의) 서부정비창 운용장비(목공장비) 구매(특수조건 필독),서부정비창 목공장비 구매
(소액수의) 여수해양경찰서 P-76정 양현 발전기 총분해수리 용역,여수해경 P-76정 발전기 분해수리
(소액수의) 여수해양경찰서 광양광역방제지원센터 창고동 지붕 방수공사,여수해경 광양 창고동 지붕 방수
(소액수의)2025년 50톤 국산 발전기 케이블 부속 구매(특수조건 필독),50톤 국산 발전기 케이블 부속 구매
(소액수의)2025년 CCTV CAMERA 총액 구매(특수조건 필독),2025년 CCTV CAMERA 총액 구매
(소액수의)2025년 MCU용 특수 SSD 총액 구매(특수조건 필독),MCU용 특수 SSD 총액 구매
(소액수의)2025년 MJP 부속류 총액 구매(특수조건 필독),MJP 부속류 총액 구매
(소액수의)2025년 게이지류 총액 구매(특수조건 필독),게이지류 총액 구매
(소액수의)2025년 스피커류 총액 구매(특수조건 필독),스피커류 총액 구매
(소액수의)2025년 시동모터 총액 구매(특수조건 필독),시동모터 총액 구매
(소액수의)2025년 윈도우와이퍼류 총액 구매(특수조건 필독),윈도우와이퍼류 총액 구매
(소액수의)2025년 전기통신 함정 주요장비 예비품(주기관) 구매(특수조건 필독),전기통신 함정 주기관 예비품 구매
(소액수의)2025년 전기통신 함정 주요장비 예비품(추진기) 구매(특수조건 필독),전기통신 함정 추진기 예비품 구매
(소액수의)2025년 전열기류 총액 구매(특수조건 필독),전열기류 총액 구매
(소액수의)2025년 커민스 발전기부속류 총액 구매(특수조건 필독),커민스 발전기부속류 총액 구매
(소액수의)2025년 함내 전화기부속류 총액 구매(특수조건 필독),함내 전화기부속류 총액 구매
(소액수의)2025년 회전스위치 등 5종 총액 구매(특수조건 필독),회전스위치 등 5종 총액 구매
(소액수의)2025년도 예속함정 선박용 경유(고유황) 구매,예속함정 선박용 경유 구매
(소액수의)2025년도 예속함정 선박용 경유(고유황) 구매(특수조건 필독),예속함정 선박용 경유 구매
(소액수의)2026년 계획정비함정 CCTV CAMERA 총액 구매(특수조건 필독),계획정비함정 CCTV 카메라 총액 구매
(소액수의)2026년 계획정비함정 스피커류 구매(특수조건 필독),계획정비함정 스피커류 구매
(소액수의)2026년 계획정비함정 윈도우 와이퍼 블레이드 총액 구매(특수조건 필독),계획정비함정 와이퍼 블레이드 구매
(소액수의)2026년도 전산장비 및 네트워크장비 유지보수 용역(특수조건 필독),전산·네트워크장비 유지보수
(소액수의)25년 1분기 입창함정 실내조명등(LED 등 4종) 구매(특수조건 필독),입창함정 LED 실내조명등 구매
(소액수의)25년 2분기 예인정 함수품(전기테이프 등 91종) 구매,예인정 함수품 91종 구매
(소액수의)25년 3분기 전기통신자재(매카니칼씰 등 34종) 구매(특수조건 필독),전기통신자재 34종 구매
(소액수의)25년 4분기 일반자재(도어후크 등 21종 496점) 구매,일반자재 21종 구매
(소액수의)25년 4분기 전기통신자재(매카니칼씰 등 42종 267점) 구매(특수조건 필독),전기통신자재 42종 구매
(소액수의)300톤급 함정 주기관 감속기(ZF7650) 총분해수리 부속 구매(특수조건 필독),300톤급 주기관 감속기 수리부속 구매
(소액수의)500톤급 함정 워터제트 부스터 수리자재 예비품 구매(특수조건 필독),500톤급 워터제트 부스터 예비품 구매
(소액수의)50톤급 경비함정 수리부속 예비품(PUMP 1종) 구매(특수조건 필독),50톤급 경비함정 펌프 예비품 구매
(소액수의)50톤급 경비함정 주기관 수리자재 예비품(COVER 1종) 구매 (특수조건 필독),50톤급 주기관 커버 예비품 구매
(소액수의)50톤급 경비함정 주기관 수리자재 예비품(DAMPER 1종) 구매(특수조건 필독),50톤급 주기관 댐퍼 예비품 구매
(소액수의)50톤급 주기관(2대분) 실린더헤드 시트링 등 가공수리,50톤급 주기관 시트링 가공수리
(소액수의)50톤급 함정 감속기 수리자재 예비품 구매(특수조건 필독),50톤급 감속기 수리자재 구매
(소액수의)50톤급 함정 주기관 총분해 수리부속(TURBINE HOUSING) 구매,50톤급 주기관 터빈하우징 수리부속
(소액수의)50톤급 함정 주기관 총분해수리 예비품(국산제작) 구매(특수조건 필독),50톤급 주기관 수리예비품 구매
(소액수의)경비함정 발전기관 관급자재 예비품(BLADE TRANSFER 등 13종) 구매(특수조건 필독),경비함정 발전기관 자재 13종 구매
(소액수의)경비함정 상가수리 대비 수리부속 예비품(TRANSOM PLATE 등 8종) 구매(특수조건 필독),경비함정 상가수리 예비품 8종 구매
(소액수의)경비함정 주기관 수리자재 예비품(석면포 등 2종) 구매(특수조건 필독),경비함정 주기관 수리자재 2종 구매
(소액수의)교육원 3011함 NO.1~3 발전기관 점검수리,3011함 발전기관 점검수리
(소액수의)교육원 3011함 감속기 (온도센서 등 14종 23점) 구매(특수조건 필독),3011함 감속기 부품 14종 구매
(소액수의)교육원 3011함 고정식 CO2 소화장치 검사수리,3011함 CO2 소화장치 검사수리
(소액수의)교육원 3011함 등 3척 일반자재 및 예비품(징크 등 27종) 구매,3011함 등 3척 예비품 27종 구매
(소액수의)교육원 3011함 등 4척 일반자재 및 예비품(소음기 등 25종) 구매,3011함 등 4척 예비품 25종 구매
(소액수의)교육원 3011함 등 4척 일반자재(막대온도계 등 15종) 구매,3011함 등 4척 일반자재 15종 구매
(소액수의)교육원 3011함 등 4척 전기통신자재(경광등 AMP 등 12종 42점 ) 구매(특수조건 필독),3011함 등 4척 전기통신자재 12종 구매
(소액수의)교육원 3011함 등 5척 일반자재(탄약고출입문 등 23종) 구매,3011함 등 5척 일반자재 23종 구매
(소액수의)교육원 3011함 등 6척 수리소요 일반자재(후크 등 29종) 구매,3011함 등 6척 일반자재 29종 구매
(소액수의)교육원 3011함 등 6척 일반자재 및 예비품(스텐볼트너트 등 29종) 구매,3011함 등 6척 예비품 29종 구매
(소액수의)교육원 3011함 등 7척 일반자재 및 예비품(테프론너트 등 33종) 구매,3011함 등 7척 예비품 33종 구매
(소액수의)교육원 3011함 등 7척 일반자재(에어실린더 등 21종) 구매,3011함 등 7척 일반자재 21종 구매
(소액수의)교육원 3011함 수리소요 일반자재(응축기) 구매,3011함 응축기 구매
"(소액수의)교육원 3011함 주,보기실 바닥소제 및 도장수리",3011함 주·보기실 바닥소제·도장수리
(소액수의)교육원 3011함 칠러 세척 및 응축기 교체수리,3011함 칠러 세척·응축기 교체수리
(소액수의)교육원 3011함 팽창식 구명벌 개방 검사수리,3011함 팽창식 구명벌 검사수리
(소액수의)군산 322함 NO.1 주기관 오일쿨러 소제검사수리,322함 주기관 오일쿨러 소제검사수리
(소액수의)기기부속 국산제작 예비품(QSM11부속 등 7종) 구매(특수조건 필독),기기부속 국산 예비품 7종 구매
(소액수의)기기부속 예비품(청수쿨러 등 16종) 구매(특수조건 필독),기기부속 예비품 16종 구매
(소액수의)기기부속(LT-2116X부속 등 9종) 구매(특수조건 필독),기기부속 9종 구매
(소액수의)동해 5001함 주기관 수리부속 구매(특수조건 필독),5001함 주기관 수리부속 구매
"(소액수의)리프팅도크 반목수리 자재 구매(직접생산확인증명서, 목재품질검사보고서 제출 필, 특수조건 필독)",리프팅도크 반목수리 자재 구매
(소액수의)리프팅도크 체인잭 4개소 상부 유압씰 교체수리,리프팅도크 체인잭 유압씰 교체수리
(소액수의)리프팅도크 체인잭 모니터링 CCTV 설치 공사(붙임 자료 필독),리프팅도크 체인잭 CCTV 설치공사
(소액수의)목포 1508함 등 2척 일반자재(안전변 등 2종) 구매,1508함 등 2척 일반자재 2종 구매
(소액수의)목포 1508함 등 5척 전기통신자재(매입 콘센트 등 7종 118정)구매(특수조건 필독),1508함 등 5척 전기통신자재 7종 구매
(소액수의)목포 1508함 서보실린더 분해검사 및 OD BOX 누유수리소,1508함 서보실린더 분해검사·누유수리
"(소액수의)목포 1508함 화장실 노후부식 문, 문틀 교체수리",1508함 화장실 문·문틀 교체수리
(소액수의)목포 1509함 등 3척 일반자재(냉매 등 26종) 구매,1509함 등 3척 일반자재 26종 구매
(소액수의)목포 1509함 등 3척 전기통신자재(히팅코일 등 9종) 구매(특수조건 필독),1509함 등 3척 전기통신자재 9종 구매
(소액수의)목포 1509함 등 4척 일반자재(유압실린더 핀 등 21종 230점) 구매,1509함 등 4척 일반자재 21종 구매
(소액수의)목포 1509함 및 예비품 전기통신자재(압력게이지 등 7종 37점) 구매(특수조건 필독),1509함 전기통신자재 7종 구매
(소액수의)목포 1509함 우현주기관 감시제어회로 점검 수리,1509함 우현주기관 감시제어회로 수리
(소액수의)목포 1509함 주기 상부 배기관 가스켓 교체 수리,1509함 주기 배기관 가스켓 교체수리
(소액수의)목포 3009함 등 2척 일반자재(밸브류) 구매,3009함 등 2척 밸브류 구매
(소액수의)목포 305함 등 2척 및 예비품 일반자재(가로수도콕크 등 14종) 구매,305함 등 2척 일반자재 14종 구매
(소액수의)방제17호정 주기관(MAN D2842) 수리부속 구매(특수조건 필독),방제17호정 주기관 수리부속 구매
(소액수의)보령 P-68정 등 5척 전기통신자재(타각지시기 등 11종 51점) 구매(특수조건 필독),P-68정 등 5척 전기통신자재 11종 구매
(소액수의)보령 P-68정 양현주기관 실린더블록 육성용접 재생수리,P-68정 주기관 실린더블록 재생수리
(소액수의)보령 P-68정 양현주기관 실린더헤드 시트링 등 가공수리,P-68정 주기관 시트링 가공수리
(소액수의)보령 P-68정 전기통신자재(WIRING HARNESS 등 2종 4점) 구매(특수조건 필독),P-68정 전기통신자재 2종 구매
(소액수의)본관 4층 강당 환경개선(리모델링) 설계 용역(과업지시서 필독),본관 강당 리모델링 설계
(소액수의)부산 1503함 전기통신자재(N타입 열선창유리 등 3종 3점) 구매(특수조건 필독),1503함 전기통신자재 3종 구매
(소액수의)부산 P-71정 등 3척 및 예비품 전기통신자재(GM-20 등 10종 63점) 구매(특수조건 필독),P-71정 등 3척 전기통신자재 10종 구매
(소액수의)부산 P-71정 양현주기관 실린더헤드 시트링 등 가공수리,P-71정 주기관 시트링 가공수리
(소액수의)부산정비창 T-02호정 MGPS(CU ANODE ASSY 등 2종 6점) 구매,T-02호정 MGPS 2종 구매
"(소액수의)부산정비창 예인1호정 NO.1,2 주기관 검사수리",예인1호정 주기관 검사수리
(소액수의)부산지방우정청 텀블러(스티커 부착) 구매·배부,부산지방우정청 텀블러 구매·배부
(소액수의)부선거 홋줄 보관함 제작 구매(특수조건 및 작업지시서 필독),부선거 홋줄 보관함 제작 구매
(소액수의)상가자재 예비품(ZINC PLATE 3종 95점) 구매,상가자재 예비품 아연판 3종 구매
(소액수의)서귀포 521함 등 4척 MGPS(CU ANODE ASSY 등 20종 34점) 구매,521함 등 4척 MGPS 20종 구매
(소액수의)서부정비창 운용 지원장비(암롤박스) 구매(특수조건 필독),서부정비창 암롤박스 구매
(소액수의)서특단 1002함 ART(횡요감쇄장치) 분해검사수리,1002함 횡요감쇄장치 분해검사수리
(소액수의)서특단 1002함 등 2척 전기통신자재(FRONT PANNEL 등 2종) 구매(특수조건 필독),1002함 등 2척 전기통신자재 2종 구매
(소액수의)서특단 1002함 등 2척 전기통신자재(마그네틱 오프너 등 4종) 구매(특수조건 필독),1002함 등 2척 전기통신자재 4종 구매
(소액수의)서특단 1002함 주기 상부 배기관 가스켓 교체수리,1002함 주기 배기관 가스켓 교체수리
"(소액수의)서특단 1002함 함미크레인, 좌현 단정 데비트 수리",1002함 함미크레인·단정데비트 수리
(소액수의)서특단 501함 등 3척 전기통신자재(PANTILT 등 13종) 구매(특수조건 필독),501함 등 3척 전기통신자재 13종 구매
(소액수의)서특단 501함 등 4척 전기통신자재(플러그 등 11종) 구매(특수조건 필독),501함 등 4척 전기통신자재 11종 구매
(소액수의)서특단 501함 발전기관 수리자재(SEA WATER PUMP 1종) 및 예비품 구매(특수조건 필독),501함 발전기관 수리자재 구매
(소액수의)서특단 501함 양현 발전기관 인터쿨러 소제검사수리,501함 발전기관 인터쿨러 소제검사수리
(소액수의)서특단 501함 워터제트 수리자재(Mechanical seal 등 2종) 구매(특수조건 필독),501함 워터제트 수리자재 2종 구매
(소액수의)서특단 501함 주기 상부 배기관 가스켓 교체수리,501함 주기 배기관 가스켓 교체수리
(소액수의)서특단 502함 NO.1 발전기관 실린더헤드 가공수리,502함 발전기관 실린더헤드 가공수리
(소액수의)서특단 502함 등 3척 및 예비품 일반자재(우레탄절연제 등 20종) 구매,502함 등 3척 일반자재 20종 구매
(소액수의)서특단 502함 및 예비품 일반자재(CO2용접봉 등 6종 52점) 구매(특수조건 필독),502함 일반자재 6종 구매
(소액수의)서특단 502함 및 예비품 전기통신자재(레벨스위치 등 9종 14점)구매(특수조건 필독),502함 전기통신자재 9종 구매
(소액수의)서특단 502함 발전기 분해수리 부속 및 예비품 구매(특수조건 필독),502함 발전기 분해수리 부속 구매
(소액수의)서특단 502함 발전기관 수리부속 및 예비품 구매(특수조건 필독),502함 발전기관 수리부속 구매
(소액수의)서특단 518함 양현 발전기관 실린더헤드 가공수리,518함 발전기관 실린더헤드 가공수리
(소액수의)서특단 518함 양현 발전기관 취외 및 취부수리,518함 발전기관 취외·취부수리
(소액수의)서특단 518함 일반자재(단정유증기에어벤트 등 9종) 구매 ,518함 일반자재 9종 구매
(소액수의)서특단 523함 발전기관 수리자재(ROD 등 34종 195점) 구매(특수조건 필독),523함 발전기관 수리자재 34종 구매
(소액수의)서특단 523함 양현 발전기관 실린더헤드 가공수리,523함 발전기관 실린더헤드 가공수리
(소액수의)서특단 523함 양현 발전기관 취외 및 취부 수리,523함 발전기관 취외·취부수리
(소액수의)서특단 523함 양현 주기관 저압측(A1) 인터쿨러 취외취부 및 소제검사수리,523함 주기관 인터쿨러 소제검사수리
"(소액수의)서특단 526함 기관자재(CORE,AFTERCOOLER 등 3종) 구매(특수조건 필독)",526함 기관자재 3종 구매
(소액수의)서특단 526함 양현 발전기관 실린더헤드 가공수리,526함 발전기관 실린더헤드 가공수리
(소액수의)서특단 526함 양현 발전기관 취외 및 취부 수리,526함 발전기관 취외·취부수리
(소액수의)선체과 자산취득물품(3.5톤 지게차) 구매(특수조건 및 사양서 필독),선체과 3.5톤 지게차 구매
(소액수의)선체과 자산취득물품(추진기 정비용 작업대 1종) 구매,추진기 정비용 작업대 구매
(소액수의)선체과 자산취득물품(추진기 정비용 작업대) 구매,추진기 정비용 작업대 구매
(소액수의)속초 1511함 등 5척 MGPS(CU ANODE ASSY 등 20종 42점) 구매,1511함 등 5척 MGPS 20종 구매
(소액수의)속초 509함 등 2척 및 예비품 전기통신자재(D-BRUSH 등 22종 222점) 구매(특수조건 필독),509함 등 2척 전기통신자재 22종 구매
(소액수의)속초 509함 등 4척 전기통신자재(TRANSFORMER 등 17종 46점) 예비품 구매(특수조건 필독),509함 등 4척 전기통신자재 17종 구매
(소액수의)속초 P-32정 주기관 총분해수리 추가자재(CRANKSHAFT) 구매(특수조건 필독),P-32정 주기관 크랭크샤프트 구매
(소액수의)수리소요 기관부속 및 예비품(QSM11 부속 등 4종) 구매(특수조건 필독),기관부속 예비품 4종 구매
(소액수의)수리소요 기기부속 및 예비품(KTA38부속 등 10종) 구매(특수조건 필독),기기부속 예비품 10종 구매
(소액수의)수리소요 기기부속 및 예비품(브라켓 등 9종) 구매(특수조건 필독),기기부속 예비품 9종 구매
(소액수의)여수 123정 등 3척 전기통신자재(SILVER BAND 등 6종 24점) 구매(특수조건 필독),123정 등 3척 전기통신자재 6종 구매
(소액수의)여수 516함 등 3척 MGPS(CU ANODE ASSY 12종 24점) 구매(특수조건 필독),516함 등 3척 MGPS 구매
(소액수의)여수 517함 NO.2 주기관 오일쿨러 취외취부 및 소제검사수리,517함 주기관 오일쿨러 소제검사수리
(소액수의)여수 517함 등 2척 기관 수리자재 및 예비품 구매(특수조건 필독),517함 등 2척 기관 수리자재 구매
(소액수의)여수해양경찰서 1007함 좌현 주기관 E.C.U 및 소기압력 등 교체수리 용역,1007함 좌현주기관 ECU 교체수리
(소액수의)여수해양경찰서 123정 양현 발전기관 총분해수리 계약 의뢰,123정 발전기관 총분해수리
(소액수의)여수해양경찰서 광양광역방제지원센터 교육실 방염 마감재 교체 공사,광양방제센터 교육실 방염재 교체
(소액수의)예비 실린더블록(평택 P-109정) 육성용접 재생수리,예비 실린더블록 재생수리
(소액수의)예비품 및 교육원 3011함 일반자재(구즈넥파이프 등 27종) 구매,3011함 일반자재 27종 구매
(소액수의)예비품 및 군산 322함 등 2척 일반자재(샤워기 등 12종) 구매,322함 등 2척 일반자재 12종 구매
(소액수의)예비품 및 서귀포 5002함 일반자재(글로브 밸브 등 10종) 구매,5002함 일반자재 10종 구매
(소액수의)예비품 및 서특단 1002함 등 2척 전기통신자재(멤브레인 등 21종) 구매(특수조건 필독),1002함 등 2척 전기통신자재 21종 구매
(소액수의)예비품 및 서특단 1002함 등 2척 전기통신자재(샤프트 등 9종) 구매( 특수조건 필독),1002함 등 2척 전기통신자재 9종 구매
(소액수의)예비품 및 서특단 1002함 전기통신자재(MAIN BOARD 등 9종 18점) 구매(특수조건 필독),1002함 전기통신자재 9종 구매
(소액수의)예비품 및 서특단 1002함 전기통신자재(메카니칼씰 등 9종) 구매(특수조건 필독),1002함 전기통신자재 9종 구매
(소액수의)예비품 및 서특단 502함 일반자재(주철글러브밸브 등 11종) 구매(특수조건 필독),502함 일반자재 11종 구매
(소액수의)예비품 및 창원 122정 등 7척  일반자재(스텐용접엘보 등 13종) 구매,122정 등 7척 일반자재 13종 구매
(소액수의)예비품 및 태안 1507함 등 2척 일반자재(캐스트 등 21종) 구매,1507함 등 2척 일반자재 21종 구매
(소액수의)예비품 및 태안 1507함 등 2척 일반자재(턴버클 등 11종 ) 구매,1507함 등 2척 일반자재 11종 구매
(소액수의)예비품 및 태안 319함 등 3척  일반자재(사이트글라스 등 22종) 구매,319함 등 3척 일반자재 22종 구매
(소액수의)예비품 전기통신자재(PRESSURE SENSOR 1종 3점) 구매(특수조건 필독),전기통신자재 압력센서 구매
(소액수의)예비품 전기통신자재(TRAVEL SENSOR 1종 1점) 구매(특수조건 필독),전기통신자재 트래블센서 구매
(소액수의)완도 323함 등 2척 전기통신자재(OIL TEMP SENSOR 등 3종 3점) 구매(특수조건 필독),323함 등 2척 전기통신자재 3종 구매
(소액수의)완도 323함 등 3척 전기통신자재(히팅코일 등 19종 75점) 구매(특수조건 필독),323함 등 3척 전기통신자재 19종 구매
(소액수의)완도 방제1호정 등 2척 전기통신자재(펌프 등 2종) 구매(특수조건 필독),방제1호정 등 2척 전기통신자재 2종 구매
(소액수의)울산 1009함 기기부속 및 예비품(필스틱부속 등 5종) 구매(특수조건 필독),1009함 기기부속 5종 구매
(소액수의)울산 1009함 등 2척 수리소요 기기부속 및 예비품(오일쿨러 등 6종) 구매(특수조건 필독),1009함 등 2척 기기부속 6종 구매
(소액수의)울산 1009함 등 3척 전기통신자재(가변저항 등 22종 47점)구매(특수조건 필독),1009함 등 3척 전기통신자재 22종 구매
(소액수의)울산 1009함 등 4척 및 예비품 일반자재(진공식 호스 등 45종) 구매,1009함 등 4척 일반자재 45종 구매
(소액수의)울산 1009함 등 4척 일반자재(석면포 등 26종) 구매,1009함 등 4척 일반자재 26종 구매
(소액수의)울산 1009함 등 4척 전기통신자재(샤프트 등 18종 34점) 구매(특수조건 필독),1009함 등 4척 전기통신자재 18종 구매
(소액수의)울산1009함 화재감시 및 소화분무장치 회로 복구수리,1009함 화재감시·소화분무 회로수리
(소액수의)울진 202정 등 4척 및 예비품 전기통신자재(고압트랜스 등 16종 91점) 구매(특수조건 필독),202정 등 4척 전기통신자재 16종 구매
(소액수의)울진 202정 등 5척 전기통신자재(HORN SPEAKER 등 14종 86점) 구매(특수조건 필독),202정 등 5척 전기통신자재 14종 구매
(소액수의)울진 P-95정 전기통신자재(POSITEK POSITION SENSOR 1점) 구매(특수조건 필독),P-95정 포지션센서 구매
"(소액수의)인천 312함 NO.3,4 주기관 실린더헤드 분해검사수리",312함 주기관 실린더헤드 분해검사수리
"(소액수의)인천 312함 NO.3,4 주기관 중요부품 소제 및 분해검사수리",312함 주기관 중요부품 분해검사수리
"(소액수의)인천 312함 NO.3,4 주기관 취외, 취부 및 중심조정",312함 주기관 취외·취부·중심조정
"(소액수의)인천 312함 NO.3,4 주기관 크랭크샤프트 검사 및 가공",312함 주기관 크랭크샤프트 검사·가공
"(소액수의)인천 312함 NO.3,4 주기관 터보챠저 총분해수리",312함 주기관 터보챠저 총분해수리
(소액수의)인천 312함 기관 수리자재 및 예비품 구매(특수조건 필독),312함 기관 수리자재 구매
(소액수의)인천 312함 전기통신자재(열선창 2종 2점) 구매(특수조건 필독),312함 전기통신자재 열선창 2종 구매
(소액수의)일반자재 예비품 (전면형면체 등 10종 646점) 구매(특수조건 필독),일반자재 예비품 10종 구매
(소액수의)일반직공무원 피복(하정비복 등 12종 831점) 구매,일반직공무원 피복 12종 구매
(소액수의)정비창 부두 전력시설 증설(이설) 공사 설계 용역(과업지시서 필독),정비창 부두 전력시설 증설공사 설계
(소액수의)제주 3002함 NO.1~3 발전기관 검사 수리 수리비,3002함 발전기관 검사수리
(소액수의)제주 3002함 공기압축기 수리부속 구매(특수조건 필독),3002함 공기압축기 수리부속 구매
(소액수의)제주 3012 MGPS(CU ANODE ASSY 등 6종 12점) 구매,3012함 MGPS 6종 구매
(소액수의)제주 3012함 양현 V·I STRUT 베어링 상.하 위치 변경 수리,3012함 V·I STRUT 베어링 위치변경수리
"(소액수의)주기관 실린더 헤드(P-32정, P-95정 취외품) 시트링 등 가공수리",주기관 실린더헤드 시트링 가공수리
(소액수의)창예비품 300톤 함정 횡요감쇄기 샤프트 2점 재생 수리,300톤 함정 횡요감쇄기 샤프트 재생수리
(소액수의)창원 127정 등 4척 전기통신자재(펌프 등 6종) 구매(특수조건 필독),127정 등 4척 전기통신자재 6종 구매
(소액수의)창원 515함 등 2척 일반자재 및 예비품(연료비상차단변실린더 등 13종) 구매,515함 등 2척 일반자재 13종 구매
(소액수의)창원 515함 등 4척 전기통신자재(가변저항 등 16종) 구매(특수조건 필독),515함 등 4척 전기통신자재 16종 구매
(소액수의)창원 515함 주기관 수리자재 및 예비품(SOLENOID VALVE 1종) 구매(특수조건 필독),515함 주기관 솔레노이드밸브 구매
(소액수의)창원 방제25호정 수리소요 일반자재(유압실린더) 구매,방제25호정 유압실린더 구매
(소액수의)창원 방제25호정 주기관 해수펌프 수리자재 구매(특수조건 필독),방제25호정 주기관 해수펌프 수리자재
(소액수의)태안 1507함 등 2척 기관 수리자재 및 예비품 구매(특수조건 필독),1507함 등 2척 기관 수리자재 구매
(소액수의)태안 1507함 등 2척 및 예비품 일반자재(드레인밸브 등 14종) 구매,1507함 등 2척 일반자재 14종 구매
(소액수의)태안 1507함 등 2척 및 예비품 전기통신자재(베아링유니트 10종 53점) 구매(특수조건 필독),1507함 등 2척 전기통신자재 10종 구매
(소액수의)태안 1507함 등 2척 상가자재 예비품(아연판 5종) 구매,1507함 등 2척 상가자재 아연판 5종 구매
(소액수의)태안 1507함 등 2척 전기통신자재 및 예비품(언로딩밸브 등 10종) 구매(특수조건 필독),1507함 등 2척 전기통신자재 10종 구매
(소액수의)태안 1507함 등 3척 및 예비품 일반자재(스탠단니플 등 15종) 구매,1507함 등 3척 일반자재 15종 구매
(소액수의)태안 1507함 등 3척 일반자재 및 예비품(코팅제 등 25종) 구매,1507함 등 3척 일반자재 25종 구매
(소액수의)태안 1507함 등 4척 일반자재(후렉시블조인트 등 25종) 구매,1507함 등 4척 일반자재 25종 구매
(소액수의)태안 1507함 및 예비품 전기통신자재(압력스위치 등 16종 327점) 구매(특수조건 필독),1507함 전기통신자재 16종 구매
(소액수의)태안 P-28정 등 2척 및 예비품 전기통신자재(무선리모컨 등 13종 77점) 구매(특수조건 필독),P-28정 등 2척 전기통신자재 13종 구매
(소액수의)태안 P-28정 등 3척 및 예비품 전기통신자재(CCTV MONITOR 등 9종 360점) 구매(특수조건 필독),P-28정 등 3척 전기통신자재 9종 구매
(소액수의)태안 P-28정 양현 주기관 ECU 검사 수리 ,P-28정 주기관 ECU 검사수리
(소액수의)태안 P-28정 양현주기관 실린더헤드 시트링 등 가공수리,P-28정 주기관 시트링 가공수리
(소액수의)태안 P-99정 등 5척 전기통신자재(COVER 등 19종 43점) 구매(특수조건 필독),P-99정 등 5척 전기통신자재 19종 구매
(소액수의)태안 P-99정 양현주기관 실린더헤드 시트링 등 가공수리,P-99정 주기관 시트링 가공수리
(소액수의)태안1507함 고정식 CO2 소화장치 검사수리,1507함 CO2 소화장치 검사수리
(소액수의)태안1507함 등 2척 및 예비품 일반자재(황동앵글체크밸브 등 18종) 구매,1507함 등 2척 일반자재 18종 구매
(소액수의)태안1507함 좌현 단정 데비트 실린더 로드 가공수리,1507함 단정 데비트 실린더로드 가공수리
(소액수의)태안1507함 함미 양현 윈드라스 유압모터 누유부 수리,1507함 윈드라스 유압모터 누유수리
"(소액수의)태안1507함, 목포1509함 윈드라스, 윈치 부식, 고착 복구수리",1507함·1509함 윈드라스·윈치 복구수리
(소액수의)평택 316함 전기통신자재(VOLUTE CASING 1종 1점) 구매(특수조건 필독),316함 전기통신자재 볼류트케이싱 구매
(소액수의)평택 P-109정 등 3척 및 예비품 전기통신자재(타각지시기 등 12종 55점) 구매(특수조건 필독),평택 P-109정 등 전기통신자재 구매
(소액수의)평택 P-110정 등 3척 및 예비품 일반자재(세면기온냉수 PIPE 등 13종) 구매,평택 P-110정 등 일반자재 구매
(소액수의)평택 P-110정 양현주기관 실린더헤드 시트링 등 가공수리,평택 P-110정 주기관 실린더헤드 수리
(소액수의)포항 118정 등 2척 전기통신자재(증류수 등 9종 32점) 구매 (특수조건 필독),포항 118정 등 전기통신자재 구매
(소액수의)포항 118정 등 5척 전기통신자재(선회창 등 10종 26점) 구매(특수조건 필독),포항 118정 등 전기통신자재 구매
(소액수의)포항 1511함 등 7척 및 예비품 일반자재(방진고무 등 25종) 구매,포항 1511함 등 일반자재 구매
(소액수의)포항 507함 등 3척 및 예비품 전기통신자재(OVER SPEED 등 9종 111점) 구매(특수조건 필독),포항 507함 등 전기통신자재 구매
(소액수의)포항 507함 등 3척 전기통신자재(PUMP SLEEVE 등 14종 126점) 구매(특수조건 필독),포항 507함 등 전기통신자재 구매
(소액수의)포항 507함 등 4척 및 예비품 일반자재(와이어로프 등 12종) 구매,포항 507함 등 일반자재 구매
(소액수의)포항 507함 전기통신자재(송풍기 등 12종 20점) 구매(특수조건 필독),포항 507함 전기통신자재 구매
(소액수의)포항 520함 등 4척 및 예비품 전기통신자재(LED 투광등 등 15종 104점)구매(특수조건 필독),포항 520함 등 전기통신자재 구매
(소액수의)포항 520함 등 4척 일반자재 및 예비품(리베트못 등 15종) 구매,포항 520함 등 일반자재·예비품 구매
(소액수의)포항 520함 등 6척 일반자재(클램프 등 8종) 구매,포항 520함 등 일반자재 구매
(소액수의)플로팅도크 전기단선 자체 수리 관련 물품 구매,플로팅도크 전기단선 수리 물품 구매
(소액수의)함정 발전기관(CUMMINS) 수리 예비품 구매(특수조건 필독),함정 발전기관(커민스) 수리 예비품 구매
(소액수의)함정 발전기관(대우 D1146) 총분해수리 부속 구매(특수조건 필독),함정 발전기관(대우) 수리부속 구매
(소액수의)함정 발전기관(두산 AD196) 분해수리 부속 구매(특수조건 필독),함정 발전기관(두산) 수리부속 구매
(소액수의)함정 워터제트(HM651) 수리부속 예비품 구매(특수조건 필독),함정 워터제트 수리부속 예비품 구매
(소액수의)함정 주기관 감속기(BW365) 분해수리 예비부속(BUSH) 구매(특수조건 필독),함정 주기관 감속기 수리부속 구매
(소액수의)함정 주기관 및 발전기 기관부속(국산제작품) 예비품 구매(특수조건 필독),함정 주기관·발전기 부속 예비품 구매
(소액수의)함정 주기관 분해수리 예비품(국산제작) 구매(특수조건 필독),함정 주기관 분해수리 예비품 구매
(소액수의)함정 주기관 수리 예비품(CRANKSHAFT 등 3종 6점) 구매(특수조건 필독),함정 주기관 수리 예비품 구매
"(소액수의)함정 주기관(MTU12V1163) 분해수리 예비부속(AUTOMATIC, SEAWATER) 구매(특수조건 필독)",함정 주기관(MTU) 수리부속 구매
(소액수의)함정 주기관(MTU기종) 수리 예비품(CRANKSHAFT 등 3종 6점) 구매(특수조건 필독),함정 주기관(MTU) 수리 예비품 구매
(소액수의)해군정비창 상가수리함정(부산 1503함) 밸브류 구매,해군정비창 부산 1503함 밸브류 구매
(소액수의)해군정비창 상가수리함정(제주 3012함) 밸브 및 아연판 구매,제주 3012함 밸브·아연판 구매
(소액수의)해양경찰부산정비창 솔섬관 리모델링 공사(붙임파일 필독),해경 부산정비창 솔섬관 리모델링 공사
(소액수의)해양경찰정비창 건축물 방수 공사 설계 용역(특수조건 필독),해경정비창 건축물 방수공사 설계
(소액수의)해양경찰정비창 본관 강당 환경개선(리모델링) 공사 계획(붙임파일 필독),해경정비창 본관 강당 환경개선 공사
(소액수의)해양경찰정비창 청사방호용 CCTV 신규 설치공사 설계 용역,해경정비창 청사 CCTV 설치공사 설계
(소액수의견적)팔용농산물도매시장 감량화시설 탈수기 교체공사,팔용도매시장 탈수기 교체공사
(소액수의견적제출안내공고)2025년 기후변화대응 만감류 특화생산단지 육성시범사업(하우스내난방공사)(민간대행),만감류 특화생산단지 하우스 난방공사
(소액수의견적제출안내공고)2025년 지역특화형 신선농산물 수출단지 조성사업 장비(휴대용 비파괴 당도측정기)구입(민간대행),신선농산물 수출단지 당도측정기 구입
(수의시담) 2025년 기상항공기 위성통신서비스 사업자 선정,기상항공기 위성통신서비스 사업자 선정
(수의시담) 2025년 중앙보훈병원 자체구매 진료재료(검사재료) [19그룹],중앙보훈병원 진료재료(검사) 구매
(수의시담) 2026년 기상관측선 해양 위성인터넷 서비스 사업자 선정,기상관측선 위성인터넷 사업자 선정
(수의시담) 2026년 인공강우 자동 성분분석 장비 유지관리 용역 ,인공강우 성분분석 장비 유지관리
(수의시담) 2026년 인천공항 다목적 기상관측 제1사이트 관측장비 유지관리 용역,인천공항 기상관측장비 유지관리
(수의시담) 2026년 중앙보훈병원 자체구매 진료재료(수술재료) 연간단가계약(고시금액이상),중앙보훈병원 수술재료 단가계약
(수의시담) 2026년도 기상관측선 선박용 연료유 구매(단가계약),기상관측선 연료유 구매(단가계약)
(수의시담) 2026년도 도로기상 및 노면정보 집중관측 용역,도로기상·노면정보 집중관측 용역
(수의시담) 충강1호(AS365N2) 화재진압장비(물탱크) 부품 구매,충강1호 화재진압 물탱크 부품 구매
(수의시담) 통합경영정보시스템 어플리케이션 유지관리 용역,통합경영정보시스템 유지관리
(수의시담) 항로표지용 LED 등명기(일체형 3NM) 구매 ,항로표지용 LED 등명기 구매
(수의시담)2025년 중앙보훈병원 자체구매 진료재료(검사재료) [12그룹],중앙보훈병원 진료재료(검사) 구매
(수의시담)2025년 중앙보훈병원 자체구매 진료재료(검사재료) [13그룹],중앙보훈병원 진료재료(검사) 구매
(수의시담)2025년 중앙보훈병원 자체구매 진료재료(검사재료) [14그룹],중앙보훈병원 진료재료(검사) 구매
(수의시담)2025년 중앙보훈병원 자체구매 진료재료(검사재료) [16그룹],중앙보훈병원 진료재료(검사) 구매
(수의시담)2025년 중앙보훈병원 자체구매 진료재료(검사재료) [17그룹],중앙보훈병원 진료재료(검사) 구매
(수의시담)2025년 중앙보훈병원 자체구매 진료재료(검사재료) [20그룹],중앙보훈병원 진료재료(검사) 구매
(수의시담)2025년 중앙보훈병원 자체구매 진료재료(검사재료) [23그룹],중앙보훈병원 진료재료(검사) 구매
(수의시담)2025년 중앙보훈병원 자체구매 진료재료(검사재료) [24그룹],중앙보훈병원 진료재료(검사) 구매
(수의시담)2025년 중앙보훈병원 자체구매 진료재료(검사재료) [27그룹],중앙보훈병원 진료재료(검사) 구매
(수의시담)2025년 중앙보훈병원 자체구매 진료재료(검사재료) [30그룹],중앙보훈병원 진료재료(검사) 구매
(수의시담)2025년 중앙보훈병원 자체구매 진료재료(검사재료) [33그룹],중앙보훈병원 진료재료(검사) 구매
(수의시담)2025년 중앙보훈병원 자체구매 진료재료(검사재료) [35그룹],중앙보훈병원 진료재료(검사) 구매
(수의시담)2025년 중앙보훈병원 자체구매 진료재료(검사재료) [38그룹],중앙보훈병원 진료재료(검사) 구매
(수의시담)2025년 중앙보훈병원 자체구매 진료재료(검사재료) [3그룹],중앙보훈병원 진료재료(검사) 구매
(수의시담)2025년 중앙보훈병원 자체구매 진료재료(검사재료) [4그룹],중앙보훈병원 진료재료(검사) 구매
(수의시담)2025년 중앙보훈병원 자체구매 진료재료(검사재료) [5그룹],중앙보훈병원 진료재료(검사) 구매
(수의시담)2025년 중앙보훈병원 자체구매 진료재료(검사재료) [7그룹],중앙보훈병원 진료재료(검사) 구매
(수의시담)2025년 중앙보훈병원 자체구매 진료재료(검사재료) [9그룹],중앙보훈병원 진료재료(검사) 구매
(수의시담)「기상-AI 부스트캠프 및 워크숍 개최 대행 용역」사업,기상-AI 부스트캠프·워크숍 대행
(수의시담)소방청 재난안전통신망 단말기 부대품 구매(에스트래픽),소방청 재난안전통신망 단말기 구매
(수의시담)해상가두리 안정적 수정란 확보를 위한 채집시설 모델링 연구,해상가두리 수정란 채집시설 연구
(식물) 자산물품 구매(네마토드 전자동 이미지 분석시스템),네마토드 이미지 분석시스템 구매
(실적제한)팔미도 외 2개소 항법시설물 송수신안테나 정비공사,팔미도 등 항법시설 안테나 정비공사
(안전-3)『문화유산 안정성 평가방법 연구』 보고서 계약요청,문화유산 안정성 평가방법 연구
(안전성분석과) 농업용수 중 병원성 미생물 잔류실태 조사 위탁사업,농업용수 병원성 미생물 조사 위탁
"(안전성분석과)2025년도 재배환경 등의 유해물질(잔류농약, 중금속) 위탁 분석",재배환경 유해물질 위탁 분석
(연구용역) CERES-RICE 모델 개선을 위한 등숙 알고리즘 개발,CERES-RICE 등숙 알고리즘 개발
(연구용역) 국내외 식품성분DB의 디지털 산업 활용 동향 조사 및 발전방안 수립,식품성분DB 디지털 활용 동향 조사
(연구용역) 반려견 암 치료제의 임상시험 지표 설정 및 가이드라인 개발,반려견 암 치료제 임상지표·지침 개발
(연구용역) 작물모형(한국형 Oryza2000)의 지역 모수 고도화 및 AI 통합모델 보완,한국형 Oryza2000 AI 통합모델 보완
(연구용역) 작물시험연구 사업의 성과제고를 위한 성과지표 개선 및 대표성과 파급 효과 분석연구,작물시험연구 성과지표 개선 분석
(연구용역) 제면용 제빵용 가루쌀 품질관리기준 설정 연구,가루쌀 품질관리기준 설정 연구
"(연구용역) 진균류(녹병, 역병,노균병 등)의 형태 유전자 기반 식물검역용 동정 플랫폼 구축",진균류 식물검역 동정 플랫폼 구축
(연구용역) 한국형 Oryza2000 모형의 일조 및 온도에 따른 수량 형성 모듈 고도화,한국형 Oryza2000 수량모듈 고도화
(연구용역)2025년 벼 재배면적 평가용 드론 영상촬영 및 정보 구축,벼 재배면적 평가 드론 영상촬영
(연구용역)AI 기반 미소해충 및 고위험 과실파리류 동정 시스템 개발,AI 기반 미소해충·과실파리 동정시스템
(연구용역)LIYV 등 8종 식물검역 바이러스 Real-time PCR 검사법 개발,식물검역 바이러스 PCR 검사법 개발
(연구용역)LM 토마토 등 4종 LMO 계통 검사법 개발,LMO 계통 검사법 개발
(연구용역)LMO 혼입률 분석을 위한 디지털 PCR 검사법 도입 연구,LMO 혼입률 디지털PCR 검사법 연구
(연구용역)NGS 장비 연계 조류인플루엔자 유전자 분석 파이프라인 구축 연구,조류인플루엔자 유전자 분석 구축
(연구용역)SFTS 백신 후보물질의 in vitro VLP 플랫폼 확립,SFTS 백신 VLP 플랫폼 확립
(연구용역)eDNA 활용한 공중포충망 예찰시스템 기술개발,eDNA 공중포충망 예찰시스템 개발
(연구용역)miRNA 바이오마커를 활용한 검역진균 현장진단 기술개발,miRNA 검역진균 현장진단 기술개발
(연구용역)‘25-’26년 야생조류(철새)에 의한 고병원성 조류인플루엔자(HPAI) 발생 위험성 분석 연구,야생조류 고병원성 AI 위험성 분석
(연구용역)가축질병 매개 곤충의 피레스로이드계 살충제에 대한 유전적 저항성 돌연변이 모니터링 체계 구축 연구,가축질병 매개곤충 살충제 저항성 연구
(연구용역)검역 바이러스 유전자 검사법 관리 가이드라인 개발,검역 바이러스 유전자 검사법 지침 개발
(연구용역)검역병원체 Xylella fastidiosa의 매개충에 대한 생태적 위험평가,Xylella 매개충 생태 위험평가
(연구용역)과실파리 4종에 대한 3D 프린트 이용 무인트랩 개선 및 AI 진단기술 개발,과실파리 무인트랩·AI 진단기술 개발
(연구용역)구제역 혈청예찰 체계 개선 및 단계별 혈청예찰 프로그램 개발,구제역 혈청예찰 체계·프로그램 개발
(연구용역)국내 염소 콕시듐증 발생현황 조사 및 항원진단·분리법 확립,염소 콕시듐증 조사·진단법 확립
(연구용역)국내외 식품성분DB의 디지털 산업 활용 동향 조사 및 발전방안 수립,식품성분DB 디지털 활용 동향 조사
(연구용역)국립농업과학원 소통 증진과 협력 촉진을 위한 조직문화 개선,농업과학원 조직문화 개선 연구
(연구용역)국외 농약노출 위해성평가 모델 분석을 통한 한국형 농약노출량 산정지표 제안,한국형 농약노출량 산정지표 제안
(연구용역)규제비검역병해충의 세부 평가기준 개발 및 재평가,규제비검역병해충 평가기준 개발
(연구용역)꿀벌 봉군소실 및 행동이상에 대한 꿀벌 응애 및 관련 바이러스의 영향 조사,꿀벌 응애·바이러스 영향 조사
(연구용역)노동력 기반 경제성 분석을 통한 지능형 농업로봇의 개발 방연 연구,지능형 농업로봇 경제성 분석 연구
(연구용역)농업과학기반기술사업(5단계) 추진을 위한 성과목표별 지표 개발,농업과학기반기술사업 지표 개발
(연구용역)농업분야 후속 위성 도입을 위한 기획 및 타당성 분석,농업 후속 위성 도입 타당성 분석
"(연구용역)뉴캣슬병, 전염성기관지염 및 전염성F낭병 예방을 위한 효율적인 바이러스유사입자 발현시스템 제작",가금 3종 예방 VLP 발현시스템 제작
(연구용역)단회 증식용 유럽형 PRRSV 재조합벡터 및 패키징 세포주 제작,유럽형 PRRSV 재조합벡터 제작
(연구용역)동물 항생제 내성균 전장유전체 데이터 분석 파이프라인 구축,동물 항생제내성균 유전체 분석 구축
(연구용역)동물용 불활화백신(플랫폼백신 포함)의 신속 균주(strain)변경 지원을 위한 평가 가이드라인 개발,동물백신 균주변경 평가지침 개발
(연구용역)동물용 생물학적제제등의 시험법·공정·세척 밸리데이션 가이드라인 개발,동물용 생물학제제 밸리데이션 지침
(연구용역)동물용의약(외)품·의료기기 광고 가이드라인(안) 마련,동물용의약품·의료기기 광고 지침
(연구용역)동물용의약품 GMP 선진화를 위한 제도(법령.행정규칙) 개선 및 가이드라인(시설.운영 기준) 마련 연구,동물용의약품 GMP 제도개선 연구
(연구용역)돼지생식기호흡기증후군바이러스 감염에 대한 선천면역센서 동정 및 저분자 화합물 개발,PRRSV 선천면역센서·화합물 개발
(연구용역)밤꿀의 면역기능개선 효능 평가를 위한 임상시험,밤꿀 면역기능개선 효능 임상시험
(연구용역)비래해충 유인성 식물의 제주도 내 분포지에 대한 생태·지리적 조사,비래해충 유인식물 제주 분포 조사
(연구용역)소 브루셀라병 바이오센서 후보물질 탐색 및 분석,소 브루셀라병 바이오센서 탐색
(연구용역)소결핵균 유전체 분석체계 구축 및 특이 유전자마커 발굴,소결핵균 유전체 분석·마커 발굴
(연구용역)소바이러스설사(BVD) 농장 시료 채취 및 지속감염우 발생농장 피해도 조사,소바이러스설사 시료채취·피해 조사
(연구용역)수입화물 목재포장재 검역 효율성 향상을 위한 가이드라인 개발,목재포장재 검역 효율 지침 개발
(연구용역)수출입 목재류에 대한 Sulfuryl fluoride 병용처리 기술의 고도화,목재류 불화황 병용처리 기술 고도화
(연구용역)신정부 국정과제 이행과 조기성과 도출을 위한 조직 체계 개선 및 농업 R&D 추진 전략 수립,농업 R&D 조직·추진전략 수립
(연구용역)양돈장 colistin 사용 실태조사 및 시료채취,양돈장 콜리스틴 실태조사·시료채취
"(연구용역)위성영상 AI 기반 2025년 벼 관개현황, 재배지 탐지 기술 개발",위성AI 벼 관개·재배지 탐지 개발
(연구용역)유입 우려 과실파리류에 대한 국제적으로 인정되는 소독처리기준 확보 및 소독기술 적용 가능성,과실파리 소독처리기준·기술 확보
(연구용역)육계농장에서 외미거저리 방제를 위한 친환경 종합방제프로그램 개발 및 적용 연구,육계농장 외미거저리 친환경 방제 연구
(연구용역)인천공항 특송센터 해외직구물품의 검역체계 개선,인천공항 해외직구 검역체계 개선
(연구용역)자진신고된 미평가 미생물에 대한 위험분석 기반 조사,미평가 미생물 위험분석 조사
(연구용역)첨단독성시험법을 적용한 국외 농약 등록기준 및 적용사례 분석,첨단독성시험 국외농약 등록기준 분석
(연구용역)첨단독성시험법을 적용한 국외농약 등록기준 및 적용사례 분석,첨단독성시험 국외농약 등록기준 분석
(연구용역)컨테이너 수입 각재류에 대한 열처리 소독 기술개발,수입 각재류 열처리 소독기술 개발
(연구용역)큐열균 분리·배양법 구축 및 유전적 특성 분석,큐열균 분리·배양법 구축·분석
"(연구용역)파인애플, (단)호박, 마늘, 밤 소독처리기준 설정을 위한 기술 개발",파인애플 등 소독처리기준 기술 개발
(연구용역)해외 해충 표본자원 및 인공지능 기반 이미지 분석 통합 개발,해외 해충 표본·AI 이미지 분석 개발
"(연구용역)화상병균 대응 사과, 배나무 꽃가루 안전 생산기술 및 정밀검사 방법 연구",화상병 사과·배 꽃가루 생산기술 연구
(연구용역)훈증 작업 단계별 개인보호구 적용 방법 차별화를 위한 안전성 평가,훈증 단계별 개인보호구 안전성 평가
(연구용역)흰점박이꽃무지 유충추출물 섭취가 일반인의 면역력 증진에 미치는 영향 임상연구,흰점박이꽃무지 면역증진 임상연구
(영산강물환경센터-1차)시료 분석을 위한 소모품 110종 구매,영산강물환경센터 소모품 110종 구매
(영산강물환경센터-2차)환기조 시료분석을 위한 소모품 67종 구매,영산강물환경센터 소모품 67종 구매
(영산강물환경센터-3차)시료분석을 위한 소모품 137종 구매,영산강물환경센터 소모품 137종 구매
(외자) 지각변동감시를 위한 절대중력장비(FG5) 핵심 부품교체 구매,절대중력장비 핵심부품 교체 구매
(외자)이온크로마토그래피(Ion Chromatography) 조달요청서(총액),이온크로마토그래피 조달
(용역) 2025 대한민국 산림박람회 국립산림과학원 연구성과 현장 설명회,대한민국 산림박람회 연구성과 설명회
(용역) 2025년 국가산림위성정보활용센터 농림위성 지상국 시스템 구현·안정화(1단계),산림위성 농림위성 지상국 구현(1단계)
(용역) 2025년 국립산림과학원 홍릉숲해설 위탁 운영 용역,국립산림과학원 홍릉숲해설 위탁운영
(용역) 2025년 농림위성 지상국 시스템 구현·안정화(1단계) 감리용역,농림위성 지상국 구현 감리(1단계)
(용역) 2025년 목재·제지분야 KS 전문위원회 및 고시 검토회의 기획 및 운영 ,목재제지 KS 전문위원회 운영
(용역) 2025년 산사태정보시스템 고도화(디지털 사면통합 산사태정보시스템 구축(2차)),산사태정보시스템 고도화(2차)
(용역) 2025년 정보보안을 위한 윈도우 11 업그레이드 용역,정보보안 윈도우11 업그레이드
(용역) RAMMS 모델을 활용한 다목적 사방댐의 붕괴영향범위 산정,RAMMS 사방댐 붕괴영향범위 산정
(용역) 가명정보결합 기반 산림 이용 특성에 따른 정신건강 증진 효과 분석,가명정보 산림이용 정신건강 효과 분석
(용역) 국립산림과학원 산림과학기술 분야 연구개발사업 성과분석,산림과학기술 R&D 성과분석
(용역) 국립산림과학원 산림과학원 전시방향 설정 사전기획안 작성,산림과학원 전시방향 사전기획
(용역) 국립산림과학원 서비스 개선을 위한 고객만족도 및 협업수준 진단,산림과학원 고객만족도·협업 진단
(용역) 국립산림과학원 연구강화를 위한 조직·인사관리 중장기 로드맵 수립,산림과학원 조직·인사 로드맵 수립
(용역) 국립산림과학원 탄소중립 분야 연구개발사업 성과분석,산림과학원 탄소중립 R&D 성과분석
(용역) 국산 중소경재 소나무를 이용한 구조용 합판 제조,국산 소나무 구조용 합판 제조
"(용역) 국산목재 이용 확대를 위한 목재제품의 생산시설 규격 조사 (304_210_14, 농특)",국산목재 생산시설 규격 조사
(용역) 국산목재 활용 목재-강건재 하이브리드 목조건축 기술 개발 기획,목재-강건재 하이브리드 목조건축 기획
(용역) 낙엽송 클론묘 유묘(양묘) 조림지 생육특성 조사 Ⅱ,낙엽송 클론묘 조림지 생육특성 조사
(용역) 농림위성 지상국시스템연계 산출물 알고리즘 최적화/현업화,농림위성 지상국 산출물 알고리즘 최적화
(용역) 도시숲 기반 탄소중립 실현을 위한 홍릉숲 정체성 진단 및 지역상생 전략 기본 구상 수립,홍릉숲 정체성 진단·지역상생 전략
(용역) 목구조 교육시설물의 배수 설비 설치를 위한 3차원 설계 모델링,목구조 교육시설 배수설비 3차원 설계
(용역) 목재산업과 함께 한 광복 80주년 연구성과 현장설명회 ,광복 80주년 연구성과 현장설명회
(용역) 목조 바닥의 충격음 차단성능 예측 프로그램 개발,목조 바닥 충격음 예측 프로그램 개발
(용역) 목조건축 활성화를 위한 연구성과 현장설명회 부스제작,목조건축 현장설명회 부스 제작
"(용역) 방부목재 야외 시험지 관리(경상남도 진주시, 2025년도)",방부목재 야외 시험지 관리
(용역) 비자나무 및 반송 정유의 염색체이상 유전독성 시험,비자나무·반송 정유 유전독성 시험
"(용역) 산림과학기술(지역성장, AI디지털, 작업안전) 신규 R&D 기획",산림과학기술 신규 R&D 기획
(용역) 산림부문 탄소중립 기반구축 신규 R&D 사업 기획,산림 탄소중립 신규 R&D 기획
(용역) 산사태 발생 우려지역 발굴·조사를 위한 기초자료 개선 연구,산사태 우려지역 기초자료 개선 연구
(용역) 산사태 예경보(KLES) 실무교육용 컨텐츠 개발,산사태 예경보 교육 컨텐츠 개발
(용역) 일제강점기 임업시험장 보고서 번역사업(1차) 용역,일제강점기 임업시험장 보고서 번역
(용역) 지자체단위 산림흡수원 감축목표 및 이행수단 분석,지자체 산림흡수원 감축목표 분석
(용역) 차세대 산림과학연구정보시스템 구축 3단계(2차) 감리용역,산림과학연구정보시스템 감리(3-2)
(용역) 차세대 산림과학연구정보시스템 구축 3단계(2차) 사업 계약,산림과학연구정보시스템 구축(3-2)
(용역) 토사유출량 모델 적용 프로그램 개발(사방댐 규모 예측 및 기능보완·점검 시기 예측),토사유출량 모델 프로그램 개발
(용역)2025 해양 기후변화(해양환경·생태계) 감시·예측 슈퍼컴퓨터 전용노드 임차,해양 기후변화 감시 슈퍼컴 노드 임차
(용역)2025년 목재제지 산업분야 한국산업표준(KS)정비,목재제지 KS 정비
"(용역)2025년 밤, 떫은감 생산의 기후변화 영향 모니터링",밤·떫은감 기후변화 영향 모니터링
(용역)2025년 산림유량관측 지점 단면 및 유량식 조사,산림유량관측 단면·유량식 조사
(용역)2025년 지상스캐너 활용 차대검정림 표현형 정밀조사,지상스캐너 차대검정림 표현형 조사
(용역)2025년도 대규모 목재수확 후 조림지 생태계 변화 모니터링,목재수확 후 조림지 생태계 모니터링
(용역)AVOCs 저감 기능성 식물내생미생물 접종묘 전사체 분석,AVOCs 저감 식물내생미생물 전사체 분석
(용역)SNP chip을 활용한 소나무재선충 민감성 및 내병성 개체 SNP 분석,SNP칩 소나무재선충 내병성 분석
(용역)국립DMZ자생식물원 주차장 및 진입도로 포장공사 폐기물 처리용역,DMZ자생식물원 포장공사 폐기물 처리
(용역)국립산림과학원 직장 갑질 실태 및 직원인식 조사(운영지원계_이혜수),산림과학원 직장 갑질 실태 조사
(용역)길항미생물 처리 씨천마재배 현장실증 시험(2차년도),길항미생물 씨천마재배 현장실증
(용역)다래 전용 포장 용기 시제품 제작 및 모의유통 시험·분석,다래 전용 포장용기 시제품·유통시험
(용역)동백나무 해충의 교미교란제를 이용한 친환경 방제 효과 조사 Ⅱ,동백나무 해충 교미교란제 방제 조사
(용역)라오스 등 국가 맞춤형 REDD+ 사업 운영표준 개발,라오스 등 REDD+ 운영표준 개발
(용역)목재문화체험장 운영활성화 전략 수립을 위한 현장실태 조사,목재문화체험장 운영활성화 실태조사
(용역)바이오매스 후보 표준물질의 균질성 및 안정성 검증(II),바이오매스 표준물질 균질성 검증(II)
(용역)바이오매스 후보 표준물질의 균질성 및 안정성 검증(Ⅱ),바이오매스 표준물질 균질성 검증(II)
(용역)산림과수 재배한계선 북상에 따른 선단지 생육 모니터링/김철우/특용,산림과수 재배한계선 선단지 모니터링
(용역)산림병해충 방제용 약제의 살포 방법별 환경 노출량 평가,산림병해충 약제 환경노출량 평가
(용역)산림유량관측망 IoT 데이터 수집 관리시스템 구축,산림유량관측 IoT 데이터 시스템 구축
(용역)산림흡수원 온실가스 전망 모델 알고리즘 고도화(Ⅱ),산림흡수원 온실가스 전망 모델 고도화
(용역)상류 산림 수자원 장기 모니터링 시계열 강우-유출 데이터 수집(2025),상류 산림 강우-유출 데이터 수집
(용역)생태정보 구축을 위한 산림생태계 변화 시민참여 모니터링,산림생태계 변화 시민참여 모니터링
(용역)소나무 43K SNP칩을 활용한 소나무 유전형 분석,소나무 43K SNP칩 유전형 분석
(용역)소나무재선충병 약제처리에 따른 송이 산지 내 송이 생산량 및 품질 변화 분석,소나무재선충 약제 송이 생산량 분석
(용역)수자원공급기능 평가를 위한 가리왕산 수자원 모니터링(2025년)(생태계서비스),가리왕산 수자원 모니터링
(용역)수종별 개체목 단위 소나무재선충 매개충 서식특성 조사,개체목 단위 소나무재선충 매개충 조사
(용역)수종에 따른 부후 진단 기기별 부후 진단 정확도 검증,수종별 부후 진단기기 정확도 검증
(용역)원료자원 모델림 구축을 위한 입지환경 및 토양특성 분석,원료자원 모델림 입지·토양특성 분석
(용역)유용 모발건강 소재의 임상 피부 자극 안정성 및 효력 평가,모발건강 소재 피부자극 안정성·효력 평가
(용역)인왕산 산불피해지 소나무림 복원 시험지 조성 및 모니터링,인왕산 산불피해지 소나무림 복원 시험지
(용역)자작나무 및 백합나무의 입목중량표 개발 현지조사 및 중량 측정,자작·백합나무 입목중량표 개발 조사
(용역)제주 장기생태조사지 임분구조 분석을 위한 라이다 촬영,제주 장기생태조사지 임분구조 라이다 촬영
(용역)탄화 바이오매스 후보 표준물질의 균질성 및 안정성 검증(II),탄화 바이오매스 표준물질 균질성·안정성 검증
(용역)탄화 바이오매스 후보 표준물질의 균질성 및 안정성 검증(Ⅱ),탄화 바이오매스 표준물질 균질성·안정성 검증
(용역)한국형 i-Tree기반 산림 대기질 개선 기능의 계량화 및 경제성 평가(공익기능),i-Tree 산림 대기질개선 계량화·경제성 평가
(용역)한국형 i-Tree를 활용한 도시국가산림자원조사 결과의 가치 분석,i-Tree 도시국가산림자원조사 가치 분석
(용역_농특)대왕참나무 천공성 해충의 생태 및 방제법 효과 조사,대왕참나무 천공성 해충 생태·방제 조사
(용역_농특)산불발생후 피해지 내 소나무재선충병 매개충 밀도 변화조사,산불피해지 소나무재선충 매개충 밀도 조사
(용역_농특)포자포집기를 활용한 생활권 주요 병해 예찰법 개발,포자포집기 활용 생활권 병해 예찰법 개발
(위탁) 농림위성 정사영상 자동화기술 안정화/최적화 및 ATBD 작성,농림위성 정사영상 자동화 안정화·ATBD
(위탁) 도시숲 유출수의 도시하천 수질 및 생태계 영향 분석(물순환),도시숲 유출수 도시하천 수질·생태 영향
(위탁) 북한 및 해외 산림변화 탐지 알고리즘 최적화/안정화,북한·해외 산림변화 탐지 알고리즘 최적화
(위탁) 산지토사재해 위험지도 구축 매개변수 최적화 기법 개발,산지토사재해 위험지도 매개변수 기법 개발
(위탁)2025년 백두대간 일대 산림동물 분포 현황 및 기후 영향 분석,백두대간 산림동물 분포·기후 영향 분석
(위탁)2025년 산사태 및 토석류 피해지 지형 및 강우특성 조사,산사태·토석류 피해지 지형·강우특성 조사
(위탁)2025년도 산림유역 시험지 지형.임상 변화 조사.분석,산림유역 시험지 지형·임상 변화 조사
(위탁)AI 기술 적용 소유역의 기후 이벤트에 따른 물순환 모델 개발(물순환),AI 소유역 기후이벤트 물순환 모델 개발
"(위탁)CO2 전환 효소(FDH, ODC)의 재조합 효소 생산 및 고정화 연구",CO2 전환효소 재조합 생산·고정화 연구
(위탁)가로수 유형별 기능 평가 및 가로수 지도화 기술 모델링(가로수관리),가로수 유형별 기능평가·지도화 모델링
(위탁)강원도 및 경상도 송이산 분포조사 및 노령 임분 관리 연구,강원·경상 송이산 분포·노령임분 관리
(위탁)건조 소요에너지 절감 및 효율 향상을 위한 마이크로파 건조의 국산 활엽수 적용성 평가,마이크로파 건조 국산 활엽수 적용성 평가
(위탁)계방산 일대 아고산 상록침엽수림의 장기 변화 특성 구명,계방산 아고산 상록침엽수림 장기변화 구명
"(위탁)고산 침엽수종(가문비나무, 주목) 유묘 병원균 검증 및 미생물 활용 연구",고산 침엽수 유묘 병원균 검증·미생물 연구
(위탁)고조파 레이더(harmonic radar)를 활용한 소나무 재선충 매개충의 행동특성 조사,고조파레이더 활용 소나무재선충 매개충 조사
"(위탁)구상나무 현지외보존원 주요 해충 생활사 구명 및 피해 현황 조사(솔알락명나방, 풍뎅이류)",구상나무 보존원 해충 생활사·피해 조사
(위탁)국가산림자원조사 고정표본점 기반 산림 탄소 변화 특성 규명,국가산림자원조사 산림탄소 변화 규명
(위탁)국내 분포 미국흰불나방의 진단 마커별 유전적 다양성 조사,미국흰불나방 진단마커별 유전다양성 조사
(위탁)국외 전공정 탄소 산정 방법론 및 통합분석모델 평가 사례 분석,국외 전공정 탄소산정 방법론 사례 분석
(위탁)그린헬스지수(도시숲대기질지수) 개발을 위한 자료 조사(대기질),그린헬스지수 개발 자료 조사
(위탁)극한기상에 따른 기후변화 취약 수종의 생장반응 특성 구명,극한기상 기후취약 수종 생장반응 구명
(위탁)기상청 실황 및 예측정보 활용을 위한 KLES 매개변수 및 알고리즘 최적화,기상청 정보 활용 KLES 매개변수 최적화
(위탁)기후변화 시나리오(SSP)에 따른 주요 수종의 분포 및 종구성 변화 예측,SSP 시나리오 수종 분포·종구성 변화 예측
"(위탁)기후변화 시나리오에 따른 밀원자원 (왕벚나무, 익모초) 특성 변화 연구",기후변화 밀원자원 특성 변화 연구
(위탁)남부권역 우수 밀원수의 탄소흡수능 평가 및 신규 자원 발굴,남부권 밀원수 탄소흡수능 평가·자원 발굴
(위탁)농림위성 Forest ARD 안정화/최적화 및 ATBD 작성,농림위성 Forest ARD 안정화·ATBD
(위탁)농림위성 기반 산림경영활동 및 산지훼손지 탐지 알고리즘 최적화/ 안정화,농림위성 산림경영·산지훼손 탐지 최적화
(위탁)농림위성 지형보정 안정화/최적화 및 ATBD 작성,농림위성 지형보정 안정화·ATBD
(위탁)누리과정 및 초등학교 저학년 대상 목재교육 콘텐츠 개발,누리과정·초등 저학년 목재교육 콘텐츠 개발
(위탁)느릅나무의 주요 해충 조사 및 천적후보 곤충 발굴,느릅나무 해충 조사·천적 곤충 발굴
(위탁)느타리버섯류 및 꽃송이 버섯의 천연물 분리 및 대사체 분석,느타리·꽃송이버섯 천연물 분리·대사체 분석
(위탁)느타리버섯류 및 꽃송이 버섯의 천연물질 약리효능 및 안전성 평가,느타리·꽃송이버섯 천연물 약리효능·안전성
(위탁)답압 개선을 위한 토양 개량제 영향 분석 및 가로수 뿌리 확장 범위 조사(가로수관리),토양개량제 영향·가로수 뿌리 확장 조사
(위탁)도시숲 효과성 분석을 위한 시공간 상세 도시숲 바람지도 자료 조사(대기질),도시숲 바람지도 자료 조사
(위탁)동물모델을 이용한 곰취 정유의 항염증 활성물질 구명 및 기작 연구,곰취 정유 항염증 활성물질·기작 연구
(위탁)등산로 상세 기상 정보 모의를 위한 알고리즘 개발 연구,등산로 상세기상 모의 알고리즘 개발
(위탁)디지털 기술의 산림문화 적용성 분석 및 콘텐츠 개발,디지털기술 산림문화 적용성·콘텐츠 개발
(위탁)목재문화체험시설 및 목재교육전문가의 전문성 제고를 위한 목재교육 프로그램 개발,목재문화체험시설 목재교육 프로그램 개발
(위탁)무궁화 실내재배 매뉴얼 개발 Ⅱ- 상토조건 및 비배관리,무궁화 실내재배 매뉴얼 개발 상토·비배
"(위탁)미생물제제를 활용한 밀원자원(왕벚나무, 도라지) 생산성 증진 연구",미생물제제 밀원자원 생산성 증진 연구
(위탁)바닥충격음 차단구조 사전인정제 편입을 위한 목조 표준 차음시험동 설계도서 개발,목조 표준 차음시험동 설계도서 개발
(위탁)백두대간 보호지역의 지향성 설정 고도화를 위한 생물다양성 지표 적용,백두대간 보호지역 생물다양성 지표 적용
(위탁)산림 식물계절지도 농림위성 산출물 모듈 안정화 및ATBD 작성,산림 식물계절지도 농림위성 모듈·ATBD
(위탁)산림 엽면적지수 농림위성산출물 모듈 안정화 및 ATBD작성,산림 엽면적지수 농림위성 모듈·ATBD
(위탁)산림병해충 방제용 약제의 산림 지표종 톡토기류의 분포 조사 및 사육기술 개발,산림병해충 약제 톡토기류 분포·사육기술
(위탁)산림생육스트레스지수 농림위성 산출물 모듈 안정화 및 ATBD 작성,산림생육스트레스지수 농림위성 모듈·ATBD
(위탁)산림생육스트레스지수 농림위성 산출물 모듈 안정화 및ATBD 작성,산림생육스트레스지수 농림위성 모듈·ATBD
(위탁)산림생태계 총일차생산성농림위성 산출물 모듈 안정화및 ATBD 작성,산림생태계 총일차생산성 농림위성 모듈·ATBD
(위탁)산림순환경영모델림 목재수확 전/후 산림생태 모니터링(II),산림순환경영모델림 목재수확 산림생태 조사
(위탁)산림순환경영모델림 목재수확 전/후 생태계서비스 모니터링(Ⅱ),산림순환경영모델림 생태계서비스 모니터링
(위탁)산림유전자원보호구역 후보집단의 종다양성 조사 Ⅱ(초피나무),산림유전자원보호구역 후보 종다양성 조사
(위탁)산림재해 농림위성 산출물 모듈 안정화 및 ATBD 작성,산림재해 농림위성 산출물 모듈·ATBD
(위탁)산림흡수량 전망을 위한 산림면적 전망 모델 알고리즘 개발,산림흡수량 전망 산림면적 모델 개발
(위탁)산불피해목 생리학적 모니터링 및 고사예측 모델 개발,산불피해목 생리 모니터링·고사예측 모델
(위탁)산악기상관측자료 품질관리 체계 구축 및 안정화 연구,산악기상관측자료 품질관리 체계 구축
(위탁)산악지역 강우강풍 예측 정확도 향상을 위한 수치예보 모형 최적화,산악 강우강풍 예측 수치예보 모형 최적화
(위탁)산업군별 시장진입인자를 고려한 시나리오 기반 국산 목재제품 시장 수요 예측 연구,시나리오 기반 국산 목재제품 수요 예측
(위탁)산지전용 방지를 위한 타부처와 산림정책의 협력 방안 분석,산지전용 방지 타부처 산림정책 협력 분석
(위탁)산지형 탄소제로숲의 관리유형별 토양호흡 모니터링(관측탄소),산지형 탄소제로숲 토양호흡 모니터링
(위탁)생태계서비스 기반 산촌공간 기능강화를 위한 사업모델 개발,생태계서비스 산촌공간 기능강화 모델 개발
(위탁)선도산림경영단지 산림자원 이용 거버넌스 운영 방안 및 경제성 분석 연구,선도산림경영단지 거버넌스·경제성 분석
(위탁)설악산 눈잣나무 쇠퇴원인 구명을 위한 생물계절 및 유구와 생존율 조사,설악산 눈잣나무 쇠퇴원인 생물계절 조사
(위탁)소나무 차대검정 생장 우수 및 불량 가계간 탄소저장 특성 연구,소나무 차대검정 가계간 탄소저장 연구
(위탁)소나무재선충병 유전자 진단기술 고도화를 위한 진단키트 개선 연구,소나무재선충 유전자 진단키트 개선 연구
(위탁)솔껍질깍지벌레의 유전변이에 따른 생태특성 및 피해확산간 상관관계 분석,솔껍질깍지벌레 유전변이 생태·피해 분석
(위탁)송이 감염 특이적 소나무 단백질 선발 및 항원-항체 반응 연구,송이 감염 특이 소나무 단백질·항원반응
(위탁)수로실험을 통한 토석류 연행특성 및 유동기작 해석기법 적용성 검증,수로실험 토석류 연행특성·유동기작 검증
(위탁)숲길 평가항목의 현장 적용을 통한 개선안 도출 연구,숲길 평가항목 현장적용 개선안 도출
(위탁)실제 피해규모-확산예측정보 비교 분석을 통한 확산예측 알고리즘 검증,피해규모·확산예측 비교 알고리즘 검증
(위탁)실증 급속수열 공정의 에너지 분석 및 퓨란계 화합물 생산을 위한 유동 조건 탐색,급속수열 에너지 분석·퓨란 화합물 유동조건
(위탁)알락하늘소 유인제를 이용한 고로쇠 보호를 위한 기반 구축 연구,알락하늘소 유인제 고로쇠 보호 기반 구축
(위탁)양・음이온 부여 셀룰로오스의 전기화학적 특성 평가,양·음이온 셀룰로오스 전기화학 특성 평가
(위탁)연료유형별 산림연료습도 모니터링 및 DB구축(3개권역),연료유형별 산림연료습도 모니터링·DB구축
(위탁)연료형 목재제품 수급 모니터링 및 조기경보체계 구축,연료형 목재제품 수급 모니터링·조기경보
(위탁)우수 밀원수 쉬나무 등 3수종의 유·무성 증식법 개발,밀원수 쉬나무 등 3수종 증식법 개발
"(위탁)유전다양성 평가 대상 수종 전국집단 임분현황 조사(비목나무, 박달나무)",유전다양성 수종 전국집단 임분현황 조사
(위탁)육종재료 개체 식별을 위한 분자표지자 탐색 및 선발(상수리나무),육종재료 개체 식별 분자표지자 탐색·선발
(위탁)이미지 기반 솔잎혹파리 침엽변색율 분석기법 고도화 및 측정 어플리케이션 개발,솔잎혹파리 침엽변색율 분석·앱 개발
(위탁)이종센서를 활용한 임분고 추정 알고리즘 최적화 및 안정화,이종센서 임분고 추정 알고리즘 최적화
(위탁)전기화학적 촉매를 이용한 퓨란계 화합물 전환율 개선 연구,전기화학 촉매 퓨란 화합물 전환율 개선
(위탁)제3차 전국 산림곤충 조사 표본 분류 동정 및 변화 분석,제3차 전국 산림곤충 분류 동정·변화 분석
(위탁)지리산 일대 아고산 상록침엽수림의 장기 변화 특성 구명,지리산 아고산 상록침엽수림 장기변화 구명
(위탁)지역별 삶의 질 조사를 통한 산림복지서비스 연계영역 분석 연구,삶의 질 조사 산림복지서비스 연계 분석
(위탁)천궁 뿌리썩음병 병원균과 길항균의 처리에 따른 방제효과 평가,천궁 뿌리썩음병 길항균 방제효과 평가
(위탁)최적산림관리(BMP) 적용 및 중장기 공익기능 증진 효과 분석,최적산림관리 적용·공익기능 증진 효과 분석
(위탁)플럭스 관측 및 현장조사 자료와 위성영상을 활용한 산림생산성 평가 기법 개발,플럭스·위성영상 산림생산성 평가 기법 개발
(위탁)항피부염 펫푸드 활용을 위한 가시나무류 추출물 소동물 섭취 효력 평가,가시나무류 추출물 항피부염 섭취 효력 평가
(위탁)해충 발생시기 예측 모형 정확도 개선을 위한 월동처 미기후 자료 수집 및 분석,해충 발생시기 예측 월동처 미기후 분석
(위탁과제) 목조건축 온습도 모니터링 자동화 시스템 개발,목조건축 온습도 모니터링 자동화 개발
(위탁과제)기계학습을 이용한 주요 수종별 연료정보 자동 표출 체계 개발,기계학습 수종별 연료정보 자동표출 개발
"(위탁과제)바위수국, 말오줌나무에 대한 기능성 단일화합물 분리 및 동정",바위수국·말오줌나무 기능성 화합물 분리
(위탁과제)산림약용식물 3종의 우수개체 자원수집 및 특성 평가,산림약용식물 3종 우수개체 수집·특성 평가
(위탁과제)산양삼 유용미생물 선발 및 처리효과 검정(Ⅱ),산양삼 유용미생물 선발·처리효과 검정
(위탁과제)산양삼 재배환경별 대사체 분석 및 성분함량 평가,산양삼 재배환경별 대사체·성분함량 평가
(위탁과제)서남부 측정넷 기반 온실가스 현장 모니터링 및 대기모델링 연계성 조사분석,서남부 측정넷 온실가스 모니터링·대기모델링
(위탁도시숲 유출수의 도시하천 수질 및 생태계 영향 분석(물순환),도시숲 유출수 도시하천 수질·생태 영향
(위탁북한 및 해외 산림변화 탐지 알고리즘 최적화/안정화,북한·해외 산림변화 탐지 알고리즘 최적화
(위탁연구용역)개체굴 상품성 저해생물 번식특성과 환경내성 연구,개체굴 상품성 저해생물 번식·환경내성 연구
(위탁연구용역)유해적조 검출기법 기반 광역 생태계 모니터링,유해적조 검출 광역 생태계 모니터링
(위탁연구용역)인공지능을 활용한 개체굴 선별관리 요소 개발,AI 개체굴 선별관리 요소 개발
(위탁연구용역)항공 다분광카메라 영상처리 및 데이터 전환 기술개발,항공 다분광카메라 영상처리·데이터 전환
(유물-관리4) 2025년 국립고궁박물관 소장품 사진촬영 사업 계약 요청,국립고궁박물관 소장품 사진촬영
(유물-보존1)2025년 보존과학 특별전 에코백 등 문화상품 구입,보존과학 특별전 에코백 등 문화상품 구입
"(유물-보존2)2025년 국립고궁박물관 특별전 ‘리본(RE:BORN), 박물관 보존과학’ 사진 촬영",특별전 리본 보존과학 사진 촬영
"(유물-보존4) 2025년 특별전 REBORN, 시간을 잇는 보존과학 개막행사 대행 용역",특별전 REBORN 개막행사 대행
"(유물-보존4) 2025년 특별전 REBORN, 시간을 잇는 보존과학 조명기구",특별전 REBORN 조명기구
(유물-정보2) 왕실문화유산 디지털 아카이브 기반 체계 구축 사업,왕실문화유산 디지털 아카이브 체계 구축
(유물-조사3) 2025년 고문헌 국역총서 제13-2책 국역 궁궐지-헌종연간(창경궁 ·경희궁 ·경성부각지방 편) 발간,국역 궁궐지 헌종연간 발간
(유물-조사3) 2025년 국립고궁박물관 디지털고궁(안) 콘텐츠 제작 사업,국립고궁박물관 디지털고궁 콘텐츠 제작
"(유물-조사3)연구아카이브전시 모으다, 이어가다 인쇄홍보물 및 그래픽 제작",연구아카이브전시 인쇄홍보물·그래픽 제작
"(유물-조사3)연구아카이브전시 모으다, 이어가다 전시연출 및 전시보조물 제작·설치",연구아카이브전시 전시연출·보조물 제작설치
(유지보수)2025년 산림 미세먼지 측정넷 유지보수 용역,산림 미세먼지 측정넷 유지보수
(유지보수)2025년 산림재난 예측분석센터 시스템 유지보수,산림재난 예측분석센터 시스템 유지보수
(유지보수)2025년도 주요 산림생태계 플럭스타워 관측망 유지보수 및 자료품질 관리용역,산림생태계 플럭스타워 관측망 유지보수
(이송컨베어 제작 및 설치)2025년 특산자원 융복합 기술지원사업(민간대행),이송컨베어 제작·설치 특산자원 융복합 지원
(일반용역)국제회의 행사기획 및 준비대행(인도양 열대다랑어 공동 자원량 지수 개발 작업반회의 및 ISC 제25차 연례회의),국제회의 행사기획·준비대행
(일반용역비) 2025년 동물병원체 전장유전체 분석 및 관리 용역(개발),동물병원체 전장유전체 분석·관리
(일반용역비) 「고위험 비래해충 민간예찰조사사업」 용역(식물),고위험 비래해충 민간예찰조사
(일반용역비)2026년 검역폐기물 통합위탁처리 용역(식물검역검사),검역폐기물 통합위탁처리
"(일반용역비)동식물검역 X-ray판독, 홍보 및 현장검역 관련 부수업무 등(동축산물)",동식물검역 X-ray판독·현장검역 부수업무
(입찰대행)  2025년 청년4-H회원 기초영농 정착지원사업 농업용 드론 구입,청년4-H 기초영농 정착 농업용 드론 구입
(입찰대행) 2023년 농촌융복합산업화 기능보강사업-미세분말배면포장기 구입,농촌융복합 미세분말배면포장기 구입
(입찰대행) 2025년 4-H 청년농업인 스마트방제단 운영사업,4-H 청년농업인 스마트방제단 운영
(입찰대행) 2025년 데이터 기반 시설원예 모니터링 시스템 보급 시범 사업,데이터기반 시설원예 모니터링 시스템 보급
(입찰대행) 2025년 딸기 안전생산 기반조성 지원사업 - 코코피트 구입,딸기 안전생산 기반조성 코코피트 구입
(입찰대행) 2025년 딸기 안전생산 기반조성 지원사업 – 유동팬 구입 및 설치,딸기 안전생산 기반조성 유동팬 구입·설치
(입찰대행) 2025년 딸기 안정생산 기반조성 지원사업 - 코코피트 구입,딸기 안정생산 기반조성 코코피트 구입
(입찰대행) 2025년 딸기 안정생산 기반조성 지원사업 - 코코피트 구입_3차,딸기 안정생산 기반조성 코코피트 구입 3차
(입찰대행) 2025년 딸기 안정생산 기반조성 지원사업 – 차열망 및 천창개폐시설 공사,딸기 안정생산 차열망·천창개폐시설 공사
(입찰대행) 2025년 부존자원 활용 조사료 자급률 확대(TMR 제조장비 지원) 사업 ,부존자원 조사료 자급률 TMR 제조장비 지원
(입찰대행) 2025년 부존자원 활용 조사료 자급률 확대(TMR제조장비) 사업_용미농장,부존자원 조사료 TMR제조장비 용미농장
(입찰대행) 2025년 열대과일 및 소핵과 가공기술 상품화 시범사업_ 드로핑 머신 구입,열대과일·소핵과 가공 드로핑머신 구입
(입찰대행) 2025년 지역특화시범사업 창고(냉장)시설 신축 전기공사,지역특화 냉장창고 신축 전기공사
(입찰대행) 2025년 지역특화시범사업 창고(냉장)시설 신축공사,지역특화 냉장창고 신축공사
(입찰대행) 2025년도 민간보조금 양봉산물 포장개선 지원사업 양봉장비 구매,양봉산물 포장개선 양봉장비 구매
"(입찰대행) 기후변화 대응 복합기술 적용 콩 안정 생산단지 조성 농기계 구입(균평기, 자율주행키트) ",콩 안정생산단지 농기계 구입
(입찰대행) 기후적응형 벼 안정생산 재배단지 조성 시범사업(비료 등 구입),기후적응형 벼 안정생산 재배단지 비료 구입
(입찰대행) 농촌지도기반조성 농업인학습관 신축공사(건축),농업인학습관 신축공사 건축
(입찰대행) 농촌지도기반조성 농업인학습관 신축공사(기계설비),농업인학습관 신축공사 기계설비
(입찰대행) 농촌지도기반조성 농업인학습관 신축공사(소방),농업인학습관 신축공사 소방
(입찰대행) 농촌지도기반조성 농업인학습관 신축공사(전기),농업인학습관 신축공사 전기
(입찰대행) 농촌지도기반조성 농업인학습관 신축공사(통신),농업인학습관 신축공사 통신
(입찰대행) 밥쌀용 고품질 신품종 확대 및 보급시범 가공 및 유통창고 신축공사 소액(수의) 견적 제출,밥쌀용 신품종 가공·유통창고 신축공사
(입찰대행) 영천시한방신활력플러스센터 주차장 조성공사(영천시농촌신활력플러스사업),영천 한방신활력플러스센터 주차장 조성공사
(입찰대행) 특수미 생산가공 단지조성시범 가공 및 유통창고 신축공사 소액(수의) 견적 제출,특수미 생산가공 가공·유통창고 신축공사
(입찰대행)2025년 민감채소 수급안정 생산기술 시범사업 생력화 농기계 구매,민감채소 수급안정 생력화 농기계 구매
(입찰대행)2025년 민감채소 수급안정 생산기술 시범사업 생력화 농기구 구매,민감채소 수급안정 생력화 농기구 구매
(입찰대행)2025년 부존자원 활용 조사료 자급률 확대(TMR제조장비) 사업_제이제이농장,부존자원 조사료 TMR제조장비 제이제이농장
(입찰대행)2025년 부존자원 활용 조사료 자급률 확대(장비) 지원 사업 물품(사료배합기) 구매,부존자원 조사료 사료배합기 구매
(입찰대행)2025년 부존자원 활용 조사료 자급률 확대(장비) 지원 사업 물품(원형결속기) 구매,부존자원 조사료 원형결속기 구매
(입찰대행)2025년 식품소재 및 반가공 육성지원사업 가공원료보관 시설 구매설치(대형냉장고),식품소재 반가공 대형냉장고 구매설치
(입찰대행)2025년 오미자원료 안정공급 모델화 구축 사업 오미자 과원 신규조성 물품구입(긴급),오미자원료 안정공급 과원조성 물품구입
(입찰대행)대형냉장고 구매설치-2025년 식품소재 및 반가공 육성지원사업 가공원료보관 시설 설치,식품소재 반가공 대형냉장고 구매설치
(입찰대행)바이오차 및 천적 활용 시설재배지 온실가스 감축 기술 시범사업 토양개랑제(바이오차) 구입,바이오차·천적 시설재배 토양개량제 구입
(입찰대행)소비자 선호형 고구마 국내육성 품종보급시범 육묘시설(비닐하우스) 신축공사 소액수의(견적) 제출,고구마 품종보급 육묘시설 신축공사
(입찰대행)소액물품 견적제출_2025년 농촌자원복합산업화 지원사업 농산물가공설비 구입,농촌자원복합산업화 농산물가공설비 구입
(입찰대행)신소득작목 송향버섯 연중재배 시범사업(버섯재배사 신축공사),송향버섯 연중재배 버섯재배사 신축공사
(입찰대행)청년농업인 자립기반 구축지원사업(농업용 지게차 구입),청년농업인 자립기반 농업용 지게차 구입
(입찰대행)청년농업인 자립기반 구축지원사업(스피드 스프레이어 구입),청년농업인 자립기반 스피드스프레이어 구입
(자산취득비) 인천국제공항 제2여객터미널 검역전용 X-ray 검색장비 구매 중앙조달,인천공항 제2터미널 검역 X-ray 구매
(자산취득비)인천공항 제1여객터미널 검역용 전자태그 위치추적 시스템 재구축,인천공항 제1터미널 검역 위치추적 재구축
(자산취득비)인천국제공항 제2여객터미널 검역전용 X-Ray 검색장비 구매,인천공항 제2터미널 검역 X-Ray 구매
(자원)전남 동부권 삼국시대 주거지 발굴 도면자료 고도화 연구용역(1차),전남 동부권 삼국시대 주거지 도면 고도화
(장기)평택당진항 항만배후단지 제2연결교량 관급자재(거더),평택당진항 제2연결교량 관급자재 거더
(재료비)1분기 실험실 정밀검역 시약(45품목) 구입 조달요청,1분기 정밀검역 시약 45품목 구입
(재료비)1분기 실험실 정밀검역 전용소모품(59품목)구매,1분기 정밀검역 전용소모품 59품목 구매
(재료비)2025년 인천국제공항 발판소독용 카페트 제작 및 설치 중앙조달,인천공항 발판소독용 카페트 제작·설치
(재료비)2025년도 3분기 실험실 정밀검역 시약(64품목) 구입 중앙조달(식물검역검사),3분기 정밀검역 시약 64품목 구입
(재료비)2분기 실험실 정밀검역 시약(87품목) 구입 조달요청(식물검역검사),2분기 정밀검역 시약 87품목 구입
(재료비)2분기 실험실 정밀검역 전용소모품(43품목)구매,2분기 정밀검역 전용소모품 43품목 구매
(재료비)3분기 실험실 정밀검역 전용소모품(62품목)구매,3분기 정밀검역 전용소모품 62품목 구매
(재료비)4분기 실험실 정밀검역 시약(30품목) 구입 조달요청,4분기 정밀검역 시약 30품목 구입
(재료비)4분기 실험실 정밀검역 전용소모품(50품목)구매,4분기 정밀검역 전용소모품 50품목 구매
(재료비_R&D) 3분기 정기청구_Capillary Storage Solution 등 310품목(동물용의료기기 포함),3분기 정기청구 의료기기 등 310품목
(재료비_R&D) 4분기 정기청구_0.1% FA in Acetonitrile LC MS 등 98품목,4분기 정기청구 98품목
(재료비_R&D)(재료비_R&D) 2분기 정기청구-1_0.5m EDTA(pH 8.0) 등 333품목_동물용의료기기 포함,2분기 정기청구 의료기기 등 333품목
(재료비_R&D-1) 2025년 1분기 정기청구(346품목)_동물용의료기기 포함,1분기 정기청구 346품목 의료기기 포함
(재료비_R&D-2) 2025년 1분기 정기청구(195품목)_동물용의료기기 포함,1분기 정기청구 195품목 의료기기 포함
(재료비_R&D-3) 2025년 1분기 정기청구(236품목)_의료기기 포함,1분기 정기청구 236품목 의료기기 포함
(재료비_R&D-4) 2025넌 1분기 정기청구(180품목)_의료기기 포함,1분기 정기청구 180품목 의료기기 포함
(재료비_R&D-5) 2025년 1분기 정기청구(141품목)_의료기기 포함,1분기 정기청구 141품목 의료기기 포함
(재료비_가축방역) 2026년 조류인플루엔자 항원뱅크(H5형 clade 2.3.4.4b)유지관리 계약(2차)_2024년 생산,조류인플루엔자 항원뱅크 유지관리 2차
(재료비_가축방역) 2026년도 조류인플루엔자 항원뱅크(H5형 clade 2.3.4.4b) 유지관리 계약(1차)_2025년 생산,조류인플루엔자 항원뱅크 유지관리 1차
(재료비_가축방역) 2분기 정기청구-1_1.2ml 8-Strip Caps 등 141품목(시약및초자),2분기 정기청구 시약·초자 141품목
(재료비_가축방역) 2분기 정기청구-2_(FADV) Fowl Adenovirus Group 1 Antibody test kit 등 63품목_동물용의료기기  포함,2분기 정기청구 의료기기 등 63품목
(재료비_가축방역) 3분기 정기청구-1_0.2ml PCR tubes with snap flat caps 등 165품목(의료기기 포함),3분기 정기청구 의료기기 등 165품목
(재료비_가축방역) 3분기 정기청구-2_0.25% Trypsin EDTA 등 36품목(동물용의료기기 포함),3분기 정기청구 동물용의료기기 등 36품목
(재료비_가축방역) 3분기 정기청구-3_Mycoplasma gallisepticum 등 90품목(동물용의약품 포함),가축방역 3분기 정기청구 90품목 구매
(재료비_가축방역) 3분기 정기청구-4_FMD NSP Ab ELISA kit 및 type O Ab ELISA 등 (동물용의약품 포함),가축방역 FMD ELISA kit 등 정기청구
(재료비_가축방역) 3분기 정기청구-5_FMDV Type O Ab b- ELISA 등 (동물용의약품 포함),가축방역 FMDV Type O ELISA 구매
(재료비_가축방역) 4분기 정기청구-1_B adhesive seals 등 120품목,가축방역 4분기 정기청구 120품목
(재료비_가축방역) 4분기 정기청구-2_ Chicken Anemia Virus Antibody test kit 등 78품목,가축방역 닭빈혈바이러스 키트 등 78품목
(재료비_가축방역) 4분기 정기청구-3_FMD NSP Ab ELISA kit 등 2품목,가축방역 FMD NSP ELISA kit 2품목
(재료비_가축방역) 4분기 정기청구-4_FMDV Type O Ab b- ELISA 등 2품목,가축방역 FMDV Type O ELISA 2품목
(재료비_가축방역) 돼지 브루셀라 C-ELISA 진단키트(동물용의료기기 포함),돼지 브루셀라 진단키트 구매
(재료비_가축방역-1) 2025년 1분기 정기청구(FMD NSP Ab ELISA kit 등 2품목)_동물용의료기기,가축방역 FMD ELISA kit 등 2품목
(재료비_가축방역-10) 2025년 1분기 정기청구(31품목)_동물용의료기기 포함,가축방역 1분기 정기청구 31품목
(재료비_가축방역-11) 2025년 1분기 정기청구(160품목)_의료기기 포함,가축방역 1분기 정기청구 160품목
(재료비_가축방역-2) 2025년 1분기 정기청구(FMDV Type O Ab b- ELISA 등 2품목)_동물용의료기기,가축방역 FMDV Type O ELISA 2품목
(재료비_가축방역-3) 2025년 1분기 정기청구(57품목)_의료기기 포함,가축방역 1분기 정기청구 57품목
(재료비_가축방역-4) 2025년 1분기 정기청구(180품목)_의료기기 포함,가축방역 1분기 정기청구 180품목
(재료비_가축방역-5) 2025년 1분기 정기청구(12품목)_동물용의료기기 포함,가축방역 1분기 정기청구 12품목
(재료비_가축방역-6) 2025년 1분기 정기청구(CPBB) ELISA kit 등 3품목)_동물용의료기기 포함,가축방역 CPBB ELISA kit 3품목
(재료비_가축방역-7) 2025년 1분기 정기청구(AnyQ CSFV qRT-PCR등 3품목)_동물용의료기기 포함,가축방역 CSFV qRT-PCR 등 3품목
(재료비_가축방역-8) 2025년 1분기 정기청구(139품목)_동물용의료기기 포함,가축방역 1분기 정기청구 139품목
(재료비_가축방역-9) 2025년 1분기 정기청구(40품목)_동물용의료기기 포함,가축방역 1분기 정기청구 40품목
(재료비_동축산물) 1분기 정기청구(FMDV PAN-3Type Dx/DDx direct qRT-PCR kit 등 4품목)_동물용의료기기 포함,동축산물 FMDV qRT-PCR kit 4품목
(재료비_방역시험) 2025년 1분기 정기청구(86품목)_동물용의료기기 포함,방역시험 1분기 정기청구 86품목
(재료비_방역시험) 3분기 정기청구_100bp plus DNA ladder 등 23품목,방역시험 DNA ladder 등 23품목
(재료비_식물검역) 2025년 1분기 정기청구(47품목)_동물용의료기기 포함,식물검역 1분기 정기청구 47품목
(재료비_축산식품) 2025년 1분기 정기청구(83품목)_시약및초자,축산식품 1분기 시약·초자 83품목
(재료비_축산식품) 2분기 정기청구_10ml Syringe 등 63품목_동물용의료기기 포함,축산식품 주사기 등 63품목 구매
(저장탱크 제작 및 설치)(소액수의견적제출)2025년 특산자원 융복합 기술지원사업(민간대행),특산자원 융복합 저장탱크 제작·설치
(저장탱크 제작 및 설치)2025년 특산자원 융복합 기술지원사업(민간대행),특산자원 융복합 저장탱크 제작·설치
"(전시) 국립고궁박물관 국외왕실문화 특별전 전시품 포장, 운송 및 설치",국외왕실문화 특별전 포장·운송·설치
(전시) 국외왕실문화 특별전 전시연출 및 보조물 제작/설치,국외왕실문화 특별전 전시연출 제작
(전시) 의친왕가 복식 국가민속문화유산 지정 기념 전시 전시연출 및 전시물 제작 설치,의친왕가 복식 전시연출·전시물 제작
(전자시담) 2025년 ARS 운용실태 분석 및 평가업무 위탁 용역사업,ARS 운용실태 분석·평가 위탁
(전자시담) 2025년 중소기업수출지원센터 홈페이지 운영 및 유지보수 용역,수출지원센터 홈페이지 운영·유지보수
(전자시담) 과기정통부 인터넷 VDI  윈도우11 전환 용역 ,과기정통부 인터넷 VDI 윈도우11 전환
(정보화용역)가축전염병 위험도 예측시스템 고도화 및 최신 검역기술 도입사업,가축전염병 위험도 예측시스템 고도화
(정읍) 정선센터 전동지게차(3.2톤 이상) 구매 소액수의 견적 입찰 공고,정선센터 전동지게차 구매
(지명경쟁입찰) 낙동강 대구·경북권 유지보수사업 통합건설사업관리용역(긴급),낙동강 유지보수 통합건설사업관리
(지역특화작목기술개발)(2025년 다화성 다육식물 신품종 육성 및 우량종묘 보급체계 확립 연구용 물품 구입,다육식물 신품종 육성 연구용 물품
(진단분석과)비브리오 감시를 위한 진단 시약 및 소모품 구매,비브리오 감시 진단시약·소모품 구매
(총무과)2026년도 국립재활원 정보시스템 운영 및 유지관리 사업,국립재활원 정보시스템 운영·유지관리
(충북 괴산군) 국가유공자 등의 재가복지서비스 위탁 용역 계약,괴산군 국가유공자 재가복지 위탁
(충북 제천시) 국가유공자 등의 재가복지서비스 위탁 용역 계약,제천시 국가유공자 재가복지 위탁
(충북 증평군) 국가유공자 등의 재가복지서비스 위탁 용역 계약,증평군 국가유공자 재가복지 위탁
(특수기록과) 2025년 국가지정기록물 정리지원사업(디지털화),국가지정기록물 정리지원 디지털화
(하우스내 방제시설공사)2025년 기후변화 대응 만감류 특화생산단지 육성시범사업(민간대행),만감류 특화단지 하우스 방제시설공사
(함안대행)1917년 고적조사 보고서 함안군편 교열·번역,함안군 고적조사 보고서 교열·번역
(함안대행)함안 가야리 유적 고환경 복원을 위한 퇴적환경 분석(용역),함안 가야리 유적 퇴적환경 분석
(함안대행)함안 가야리 유적 발굴조사 출토 유물 보관관리 시설 외부 간판 제작,함안 가야리 유물시설 외부 간판 제작
(함안대행)함안 가야리 유적 출토 유물 보관관리 시설 단열용 물품 구매,함안 가야리 유물시설 단열용 물품
(함안대행)함안 가야리 유적과 가야 문화 체험 행사 관련 교구 제작 계약 요청,함안 가야 문화 체험행사 교구 제작
(항공교통과) 항행안전감독 업무용 공용차량 장기임차 계약,항행안전감독 공용차량 장기임차
(협상)경상북도 늘봄학교 연계 농업농촌체험 프로그램 개발 용역,경북 늘봄 농업농촌체험 프로그램 개발
(협상에 의한 계약)2025년 입주기업 중대재해 예방 스마트 안전관리 프로그램 지원 용역,입주기업 스마트 안전관리 지원
(협상에 의한 계약)BJFEZ 2040 발전계획 수립 연구용역,BJFEZ 2040 발전계획 수립 연구
(협상에 의한 계약)제안서 제출안내 공고_「거제시 농촌 신활력 플러스사업」거제형 아열대 R&D 거버넌스 구축용역 ,거제형 아열대 R&D 거버넌스 구축
(확대_중소/적격) 2025년 사이버수사시스템 소프트웨어 라이선스 갱신 구매,사이버수사시스템 SW 라이선스 갱신
100톤급 함정 주기관(CRM) 분해수리 예비부속 구매(특수조건 필독),100톤급 함정 주기관 예비부속 구매
10·29이태원참사 추모시설 등 기본계획 수립을 위한 연구,이태원참사 추모시설 기본계획 연구
"10권역 양산, 울주 관내 국도변 2차 풀베기 작업 용역",양산·울주 국도변 2차 풀베기
10차 시약.초자류(Osmium Tetroxide Aqueous solution 등 77품목)구매 입찰,10차 시약·초자류 77품목 구매
119안심콜서비스 대국민 홍보 캠페인 운영 용역(수의시담),119안심콜서비스 홍보 캠페인 운영
119안전신고센터 노후장비 교체 및 기능 고도화 사업 감리용역(수의시담),119안전신고센터 장비교체·고도화 감리
119항공정비실 건립사업 건설사업관리(감독권한대행) 용역,119항공정비실 건립 건설사업관리
"119항공정비실 건립사업 재해예방 기술지도용역(전기,통신,소방)",119항공정비실 건립 재해예방 기술지도
"11권역 기장, 양산, 울주군 관내 국도변 2차 풀베기 작업 용역",기장·양산·울주 국도변 2차 풀베기
11차 시약.초자류(Alexa Fluor 488 Hydrazide 등 24품목)구매 입찰,11차 시약·초자류 24품목 구매
12.29 여객기사고 피해수습 및 지원에 관한 기록물 관리,여객기사고 피해수습 기록물 관리
12게이지 3종 [12GA Supersock Bean BAG etc. ],12게이지 3종 구매
"12권역 기장, 양산, 울주군 관내 국도변 2차 풀베기 작업 용역",기장·양산·울주 국도변 2차 풀베기
"12권역 기장, 양산, 울주군 관내 국도변 풀베기 작업 용역",기장·양산·울주 국도변 풀베기
"13권역 창원, 김해 관내 국도변 2차 풀베기 작업 용역",창원·김해 국도변 2차 풀베기
1500톤급 함정 스턴튜브 씰 예비품 구매(특수조건 필독),대대지구 등 40개소 사면 안전점검
1권역 대대지구 등 40개소 절토사면 및 옹벽 정기안전점검 및 정밀안전점검 용역,1500톤급 함정 스턴튜브 씰 예비품
"2,6-Dimethyl-4-heptanone외 228건 구매",디메틸헵타논 외 228건 구매
2016-2024 어린이박물관 전시이야기 디자인 보고서 발간,어린이박물관 전시이야기 보고서 발간
2022 개정 교육과정에 따른 고등학교 외국어 국제 계열 선택과목 성취수준 개발,고교 외국어 국제계열 성취수준 개발
2022 개정 직업계고 교육과정에 따른 2025년 후속지원 정책연구,직업계고 교육과정 후속지원 정책연구
2023년 내장산국립공원 내장산탐방안내소 전면개선공사(소방-2차),내장산탐방안내소 개선공사 소방
2023년 내장산탐방안내소 전면개선공사(소방2차) 관급자재 구매,내장산탐방안내소 소방 관급자재 구매
2024~2025년 동절기 도로제설용 소금 구매(홍천국토 관내) ,동절기 도로제설용 소금 구매
2024년 IFEZ 다목적CCTV 확대설치 영상감시장치 구매설치,IFEZ 다목적CCTV 영상감시장치 설치
2024년 고정밀 전자지도 구축 챌린지 사업(제주특별자치도 2차),고정밀 전자지도 구축 제주 2차
2024년 국가유산 재난발생 통계 및 사례 편람 제작 용역,국가유산 재난통계 사례 편람 제작
2024년 국도36호선 세종 제설 및 비축창고 정보통신공사,국도36호선 세종 제설창고 정보통신
2024년 국외교류전 JJOKBIT(한국과 오스트리아의 쪽빛) 전시 철거 용역,JJOKBIT 국외교류전 철거
2024년 기준 일가정 양립 실태조사 및 지역별 일생활 균형 지수 산출,일가정 양립 실태조사·균형지수 산출
2024년 논산국토 관내(금산 추부 요광 등 20개소) 시설물 보수공사 폐기물처리용역,논산 시설물 보수공사 폐기물처리
2024년 논산국토 관내(금산 추부 추정 등 2개소) 보도설치공사 폐기물처리용역,논산 보도설치공사 폐기물처리
2024년 논산국토 관내(서천 종천 지석 등 24개소) 시설물 보수공사 폐기물처리용역,논산 시설물 보수공사 폐기물처리
2024년 백도라지 수확 후 안정적 관리시스템 구축 시범사업 견적 제출 공고(민간입찰대행),백도라지 관리시스템 구축 시범
2024년 백도라지 수확 후 안정적 관리시스템 구축 시범사업(기계장비) 견적 제출 공고(민간입찰대행),백도라지 관리시스템 기계장비
2024년 서울청 국도 감응신호 구축사업 관급자재 구매(보행자 라이센스),서울 국도 감응신호 관급자재 구매
2024년 소백산 초암주차장 공중화장실 신축공사(건축) 관급자재(창호) 구매·설치,소백산 초암 공중화장실 창호 구매·설치
2024년 소백산 초암주차장 공중화장실 오수처리시설 설치공사,소백산 초암 공중화장실 오수처리 설치
"2024년 안동시 번식우 농가  인공지능 한우 발정 탐지 시스템 구축(협상에 의한 계약, 입찰대행)",안동 한우 발정탐지 시스템 구축
2024년 외교부 산하기관 경영실적 평가 및 평가지표 개선,외교부 산하기관 경영실적 평가
2024년 울산북부경찰서어린이집 식자재 납품 업체 선정 입찰 공고,울산북부서 어린이집 식자재 납품
2024년 익산청 국도ITS 구축공사(1권역) 폐아스팔트콘크리트 처리용역,익산 국도ITS 폐아스팔트 처리
2024년 지리산전남 노고단대피소 공중화장실 신축공사 폐기물처리용역,지리산 노고단 공중화장실 폐기물처리
2024년 지리산전남 전망대 신축공사 관급자재(목재) 구매,지리산 전망대 신축 관급자재 목재
2024년 축사매입사업 축사 철거공사 가연성 폐기물 처리용역,축사매입 철거 가연성 폐기물처리
2024년 축산분야 ICT 융복합 확산사업(사료급이기) 견적 제출 공고(민간입찰대행),축산 ICT 사료급이기 구매
2024년 축산분야 ICT 융복합 확산사업(사료급이기)[민간입찰대행],축산 ICT 사료급이기 구매
2024년 축산분야 ICT 융복합 확산사업(사료배합기) 견적 제출 공고(민간입찰대행),축산 ICT 사료배합기 구매
2024년 축산분야 ICT 융복합 확산사업(쿨링패드) 견적 제출 공고(민간입찰대행),축산 ICT 쿨링패드 구매
2024년 축산분야 ICT 융복합 확산사업(쿨링패드)[민간입찰대행],축산 ICT 쿨링패드 구매
2024년 특수목적 대상 치유농업 서비스 확산 시범사업(아치연동형 비닐하우스 설치공사)(민간대행),치유농업 비닐하우스 설치공사
2024년 혁신제품 시범구매(온실용 정밀 배지관리시스템),혁신제품 온실용 정밀 배지관리시스템
2024년 혁신제품 시범구매(자동 배터리 교체형 드론 스테이션),혁신제품 드론 스테이션 시범구매
2024년도 국가 탄소중립 녹색성장 기본계획 이행점검 및 환류 연구,탄소중립 기본계획 이행점검 연구
2024년도 국가유산수리기능인 양성과정 수료전 전시연출 및 전시물 제작설치 용역,국가유산수리기능인 수료전 전시연출
2024년도 기타공공기관 경영실적 평가 및 2025~2026년 경영평가 편람(안) 마련,기타공공기관 경영평가·편람 마련
"2024년도 기타공공기관 경영실적 평가 및 2025년, 2026년도 경영평가편람 마련 연구용역",기타공공기관 경영평가·편람 마련
2024년도 기타공공기관 경영실적 평가 및 2026년도 경영평가편람 마련 등 위탁용역,기타공공기관 경영평가·편람 마련
2024년도 농림축산식품부 산하 기타공공기관 경영실적평가,농식품부 산하 공공기관 경영평가
2024년도 보건복지부 기타공공기관 경영실적 평가 및 2025년도 평가편람 개선 연구,복지부 공공기관 경영평가·편람 개선
2024년도 산하기관 경영실적 평가 및 2025년도 경영평가편람(안) 마련,산하기관 경영평가·편람 마련
2024년도 수도권 연락운임 정산 및 일 단위 정산체계 도입방안 연구용역,수도권 연락운임 정산체계 연구
2024회계연도 재무결산보고서 작성 및 회계오류 점검 용역,재무결산보고서 작성·회계오류 점검
2024회계연도 전기통신사업자 등 회계검증 용역(A그룹),전기통신사업자 회계검증 A그룹
2024회계연도 전기통신사업자 등 회계검증 용역(B그룹),전기통신사업자 회계검증 B그룹
2024회계연도 전기통신사업자 등 회계검증 용역(C그룹),전기통신사업자 회계검증 C그룹
2025 A Farm Show 창농·귀농 고향사랑 농업박람회 전시 용역,A Farm Show 농업박람회 전시
2025 ACC 10주년 특별기획 미래운동회 행사 운영 용역,ACC 10주년 미래운동회 행사 운영
2025 ACC 10주년 특별전시 [아시아의 장치들] 영화 필름 및 디지털 복원,ACC 10주년 특별전 필름·디지털 복원
2025 ACC 거장전 료지 이케다 전시 조성 및 연출 용역,ACC 거장전 료지 이케다 전시 조성
2025 ACC 거장전 료지 이케다 전시 홍보 대행 용역,ACC 거장전 료지 이케다 전시 홍보
2025 ACC 아시아문화연구 국제학술행사 운영대행 용역,ACC 아시아문화연구 학술행사 운영
2025 APEC 식량안보장관 산하 회의 및 제반행사 대행 용역,APEC 식량안보장관회의 행사 대행
2025 APEC 식량안보장관회의 대비 성과문서 도출 연구,APEC 식량안보장관회의 성과문서 연구
2025 K-museums 공동기획전 전시도록 및 홍보물 제작,K-museums 공동기획전 도록·홍보물
2025 Korea Kid Fair 숲교육 체험부스 운영 용역,Korea Kid Fair 숲교육 부스 운영
2025 Youth Camp for ASEAN & Friends’ Engagement (YCAFE),ASEAN Youth Camp(YCAFE) 운영
2025 개사육농장 전·폐업지원사업 시설물 철거공사 폐기물처리용역,개사육농장 전폐업 철거 폐기물처리
"2025 공정채용전산시스템 운영, 유지 관리 및 개선 사업",공정채용전산시스템 운영·유지관리
2025 국립중앙극장 달오름극장 무대조명 콘솔시스템 구매,국립중앙극장 무대조명 콘솔 구매
2025 국립중앙박물관 UNESCO 문화다양성 콘텐츠 제작,국립중앙박물관 문화다양성 콘텐츠
2025 국제 한반도 포럼(GKF) 대행기관 선정 관련 협조요청,국제 한반도 포럼 대행기관 선정
2025 국제정세 이슈 분석 및 대응 전략 모색 연구용역(긴급),국제정세 이슈 분석·대응 전략 연구
2025 글로벌 보건복지 이슈분석을 통한 효과적 대응방안 마련,글로벌 보건복지 이슈 분석·대응
2025 기후 적응형 벼 안정생산 재배단지 조성 시범사업 농업용 드론구입(민간대행),기후적응형 벼 재배단지 드론 구입
2025 기후 적응형 벼 안정생산 재배단지 조성 시범사업 무논정지기 구입,기후적응형 벼 재배단지 무논정지기
2025 기후 적응형 벼 안정생산 재배단지 조성 시범사업 무논정지기 구입(민간대행),기후적응형 벼 재배단지 무논정지기
2025 날씨 빅데이터 콘테스트 및 기상기후 융합서비스 활성화 포럼 운영,날씨 빅데이터 콘테스트·포럼 운영
2025 남북 평화 개발 인권 연계 국제회의 위탁 용역(긴급),남북 평화·개발·인권 국제회의 위탁
2025 남북 평화 개발 인권 연계 국제회의 위탁 용역(긴급) 단일응찰 적합에 따른 수의시담 공고,남북 평화·개발·인권 국제회의 수의시담
"2025 노동력 분산 및 생산비 절감 무써레질 재배단지 조성 시범사업 농업용그레이더, 쟁기 구입(민간대행)",무써레질 재배단지 그레이더·쟁기
2025 농업인대학 운영 우수기관 선정 발표평가 경진 용역,농업인대학 우수기관 선정 평가
2025 다도해서부 시목야영장 공원시설 전면개선사업(건축) 감리용역,다도해서부 시목야영장 개선 감리
2025 대한민국 지방시대 엑스포 산림청 전시관 설치·운영,지방시대 엑스포 산림청 전시관 운영
2025 대한민국 채용박람회 정책홍보부스 운영 대행 용역,대한민국 채용박람회 정책홍보부스
2025 덕유대야영장 이동식화장실 샤워장 데크 및 안내판 정비공사,덕유대야영장 화장실·데크 정비공사
2025 덕유산 삿갓재대피소 추가 정비공사 헬기 운반용역,덕유산 삿갓재대피소 헬기 운반
2025 덕유산 안성탐방지원센터 및 공중화장실 정비공사(건축),덕유산 안성 탐방·화장실 정비 건축
2025 덕유산 안성탐방지원센터 및 공중화장실 정비공사(전기),덕유산 안성 탐방·화장실 정비 전기
2025 덕유산 영각탐방지원센터 및 공중화장실 정비공사(전기),덕유산 영각 탐방·화장실 정비 전기
2025 덕유산 육상탄소흡수원 구축 사업지 수목 유지관리 용역,덕유산 탄소흡수원 수목 유지관리
2025 무대예술지원센터 체험극장 음향장비 구입 및 설치,무대예술지원센터 음향장비 구입·설치
2025 물환경 정책·기술 연계 및 고도화 방안 마련 연구,물환경 정책·기술 연계 고도화 연구
2025 믹타 청년 대화(MIKTA Youth Dialogue) 사업 위탁 용역,믹타 청년 대화 사업 위탁
2025 백제문화유산주간(백제세계유산등재 10주년 행사 포함)인쇄물 제작,백제문화유산주간 인쇄물 제작
2025 벼 병해충 정기방제 사업 무인헬기 500시간 정비 건의,벼 정기방제 무인헬기 정비
"2025 복원 개체 모니터링 소모품(귀발신기,안테나) 구매",복원 개체 모니터링 소모품 구매
2025 산청 농특산물 대제전 무대행사 운영 용역(입찰대행),산청 농특산물 대제전 무대행사 운영
2025 상반기 해남출장소 국도상 발생품 소각폐기물처리용역,해남 국도 발생품 소각폐기물처리
2025 세계국가유산산업전 R&D 기술전시관 전시부스 제작설치 용역,세계국가유산산업전 전시부스 제작
2025 세계한인회장대회 및 제19회 세계한인의날 기념식 운영 대행 용역,세계한인회장대회·한인의날 운영
2025 영주국토(1권역) 재해예방 기술지도용역(건설분야),영주 국토 재해예방 기술지도
2025 예술의전당 오페라 The Rising World_물의 정령 무대세트 제작(설치철수 포함),예술의전당 오페라 무대세트 제작
2025 원자력안전규제정보회의 관계기관 홍보관 제작 및 설치 운영,원자력안전규제정보회의 홍보관 제작
2025 유네스코 인류무형유산 국외 초청공연 및 부대행사 운영 대행 용역,유네스코 무형유산 국외 초청공연
2025 자생 동·식물 세밀화 공모전 수상작 기념도록 제작,자생 동식물 세밀화 수상작 도록
2025 재외동포 통일문화행사 대행기관 선정 관련 협조요청,재외동포 통일문화행사 대행기관
2025 제14차 한독통일자문회의 대행기관 선정관련 요청,제14차 한독통일자문회의 대행기관
2025 제2~3차 세계한인비즈니스포럼 및 수출상담회 운영 용역,세계한인비즈니스포럼·수출상담회
2025 주한외교사절 대상 재난안전 정책설명회 행사대행 용역,주한외교사절 재난안전 정책설명회
2025 주한외국인 대상 유네스코 문화유산 및 명소 탐방,주한외국인 유네스코 문화유산 탐방
2025 지리산(전북) 뱀사골탐방지원센터 정비공사(전기),지리산 뱀사골 탐방센터 정비 전기
2025 지리산(전북) 재난예경보시설 유지관리 및 정비 용역,지리산 재난예경보시설 유지관리
2025 지리산전북 공원마을(부운) 청년기업 식품 포장기계 구매 설치,지리산 청년기업 식품 포장기계
2025 지리산전북 부운마을 청년기업 자사 쇼핑몰 구축 용역,지리산 부운마을 청년기업 쇼핑몰
2025 지리산전북 정령치주차장 매표소 비가림막 설치공사,지리산 정령치 매표소 비가림막 설치
2025 지리산전북 훼손탐방로 정비공사(추가) 실시설계 용역,지리산 훼손탐방로 정비 실시설계
2025 최저임금 적용효과에 관한 실태조사의 현장조사 및 전산처리,최저임금 적용효과 실태 현장조사
2025 특별전 “창덕궁의 근사謹寫한 벽화” 외부홍보물 제작·설치,창덕궁 벽화 특별전 외부홍보물 제작
2025 특별전 창덕궁의 근사謹寫한 벽화 전기공사 및 조명설치,창덕궁 벽화 특별전 전기·조명 설치
2025 특별전 창덕궁의 근사한 벽화 전시장 관리 및 도슨트 운영,창덕궁 벽화 특별전 도슨트 운영
2025 특별전‘창덕궁 벽화’(가제) 전시연출 및 보조물 제작 설치,창덕궁 벽화 특별전 전시연출 제작
2025 푸른 하늘의 날 기념 제5회 월경성 대기오염 대응 국제 포럼,푸른 하늘의 날 대기오염 국제포럼
2025 하반기 해남출장소 국도상 발생품 소각폐기물처리용역,해남 국도 발생품 소각폐기물처리
2025 한-아프리카 고위관리회의(SOM) 행사대행업체(PCO),한-아프리카 고위관리회의 행사대행
2025 해양 기후변화(해양환경·생태계) 감시·예측 정보 통합 생산,해양 기후변화 감시·예측 정보 생산
2025 해양기후변화(해양물리) 감시예측 정보 통합 생산,해양기후변화 해양물리 정보 생산
"2025 혁신제품 국내 시범구매(2024-043호, 내진 서포트 행거)",혁신제품 내진 서포트 행거 시범구매
"2025 혁신제품 국내 시범구매(2024-404호, 도로포장용보수재)",혁신제품 도로포장용 보수재 시범구매
2025- 130호 8차 농약.비료류(팡파레 등 77품목) 구매 입찰,8차 농약·비료류 77품목 구매
2025- 131호 9차 농약.비료류(래버스 액상수화제 등 82품목) 구매 입찰,9차 농약·비료류 82품목 구매
2025-112호 17차 시약.초자류(Syringe filter 등 67품목)구매 입찰,17차 시약·초자류 67품목 구매
2025-113호 18차 시약.초자류(Accuoligo 200nmole 등 11품목)구매 입찰,18차 시약·초자류 11품목 구매
2025-114호 19차 시약.초자류(tip1000ul 등 8품목)구매입찰,19차 시약·초자류 8품목 구매
2025-118호 20차 시약.초자류(Microscope Slides Glass 등 44품목)구매 입,20차 시약·초자류 44품목 구매
2025-133호 21차 시약.초자류(데이터로거 쉴드 등 86품목)구매 입찰,21차 시약·초자류(86품목) 구매
2025-143호 22차 시약.초자류(Petri Dish 등 66품목) 구매 입찰,22차 시약·초자류(66품목) 구매
2025-2026절기 코로나19 백신(모더나) 조달구매 ,코로나19 백신(모더나) 조달구매
2025-26년 해외 긴급의료 이후송 및 보험(실손)지원 서비스,해외 긴급의료 이후송·보험 지원
2025-47호 9차 시약.초자류(Terpinolene 등 17품목)구매입찰,9차 시약·초자류(17품목) 구매
2025-48호 8차 시약.초자류(PVDF 테프론 시린지 필터 등 18품목) 구매 입찰,8차 시약·초자류(18품목) 구매
2025-49호 7차 시약.초자류(o-cymene 등 41품목)구매 입찰,7차 시약·초자류(41품목) 구매
2025-50호 6차 시약.초자.센서류(pH 미터기 등 64품목) 구매 입찰,6차 시약·초자·센서류(64품목) 구매
2025-59호 12차 시약.초자류(QuantiTect Reverse Transcription Kit  등 9품목)구매 입찰,12차 시약·초자류(9품목) 구매
2025-60호 13차 시약.초자류(RNase A solution 등 31품목)구매 입찰,13차 시약·초자류(31품목) 구매
2025-61호 14차 시약.초자류(Syringe 등 43품목 )구매 입찰,14차 시약·초자류(43품목) 구매
2025-62호 15차 시약.초자류(Auramin O 등37품목) 구매 입찰,15차 시약·초자류(37품목) 구매
2025-66호 16차 시약. 초자류(알콜스왑 등 89품목) 구매 입찰,16차 시약·초자류(89품목) 구매
2025. 소양강 농산물 직거래장터 활성화 기획 및 운영 용역,소양강 농산물 직거래장터 운영
2025.2분기 구내식당 농산물(지역농산물) 구매 계약 ,구내식당 지역농산물 구매
"2025~2026년 강릉국토관리사무소 제설장비 임대차 용역(굴착기, 강릉4)",강릉 제설장비(굴착기) 임대차
"2025~2026년 강릉국토관리사무소 제설장비 임대차 용역(굴착기, 고성3)",강릉 제설장비(굴착기) 임대차
"2025~2026년 강릉국토관리사무소 제설장비 임대차 용역(굴착기, 삼척2)",강릉 제설장비(굴착기) 임대차
"2025~2026년 강릉국토관리사무소 제설장비 임대차 용역(굴착기, 양양1)",강릉 제설장비(굴착기) 임대차
"2025~2026년 강릉국토관리사무소 제설장비 임대차 용역(굴착기, 인제2)",강릉 제설장비(굴착기) 임대차
"2025~2026년 강릉국토관리사무소 제설장비 임대차 용역(굴착기, 평창3)",강릉 제설장비(굴착기) 임대차
"2025~2026년 강릉국토관리사무소 제설장비 임대차 용역(굴착기, 홍천1)",강릉 제설장비(굴착기) 임대차
"2025~2026년 강릉국토관리사무소 제설장비 임대차 용역(일반덤프, 강릉2)",강릉 제설장비(일반덤프) 임대차
"2025~2026년 강릉국토관리사무소 제설장비 임대차 용역(일반덤프, 양양2)",강릉 제설장비(일반덤프) 임대차
"2025~2026년 강릉국토관리사무소 제설장비 임대차 용역(일반덤프, 평창2)",강릉 제설장비(일반덤프) 임대차
"2025~2026년 강릉국토관리사무소 제설장비 임대차 용역(제설덤프, #35강릉6)",강릉 제설장비(제설덤프) 임대차
"2025~2026년 강릉국토관리사무소 제설장비 임대차 용역(제설덤프, #7강릉6)",강릉 제설장비(제설덤프) 임대차
"2025~2026년 강릉국토관리사무소 제설장비 임대차 용역(제설덤프, 강릉양양7)",강릉 제설장비(제설덤프) 임대차
"2025~2026년 강릉국토관리사무소 제설장비 임대차 용역(제설덤프, 강릉평창7)",강릉 제설장비(제설덤프) 임대차
"2025~2026년 강릉국토관리사무소 제설장비 임대차 용역(제설덤프, 동해2)",강릉 제설장비(제설덤프) 임대차
"2025~2026년 강릉국토관리사무소 제설장비 임대차 용역(제설덤프, 삼척9)",강릉 제설장비(제설덤프) 임대차
"2025~2026년 강릉국토관리사무소 제설장비 임대차 용역(제설덤프, 속초고성10)",강릉 제설장비(제설덤프) 임대차
"2025~2026년 강릉국토관리사무소 제설장비 임대차 용역(제설덤프, 양양8)",강릉 제설장비(제설덤프) 임대차
"2025~2026년 강릉국토관리사무소 제설장비 임대차 용역(제설덤프, 양양인제7)",강릉 제설장비(제설덤프) 임대차
"2025~2026년 강릉국토관리사무소 제설장비 임대차 용역(제설덤프, 인제고성7)",강릉 제설장비(제설덤프) 임대차
"2025~2026년 강릉국토관리사무소 제설장비 임대차 용역(제설덤프, 평창12)",강릉 제설장비(제설덤프) 임대차
"2025~2026년 강릉국토관리사무소 제설장비 임대차 용역(제설덤프, 홍천평창7)",강릉 제설장비(제설덤프) 임대차
2025~2026년 겨울철 제설장비 임차용역(거창출장소),겨울철 제설장비 임차(거창)
2025~2026년 보은국토 관내 시설물 보수공사 실시설계 건설에니진어링사업,보은국토 시설물 보수 실시설계
2025~2026년 자동차관리정보시스템 상시운영 및 유지보수,자동차관리정보시스템 운영·유지보수
2025~2026년 제대군인 사이버교육 운영 위탁사업 조달계약,제대군인 사이버교육 운영 위탁
2025~2026년 제설장비(15톤 덤프트럭) 임차 용역,제설장비(15톤 덤프) 임차
2025~2026년 포항해양경찰서 경비함정 주부식 납품업체 선정,포항해경 경비함정 주부식 납품업체 선정
2025~2026년도 고층기상관측용 자동발사장치 유지관리 용역사업,고층기상관측 자동발사장치 유지관리
2025~2027 초고속 해상무선통신망 유지보수 및 운영지원,초고속 해상무선통신망 유지보수·운영
2025~2028년 기상청 광대역 네트워크 구축 및 운영 사업 조달계약(3년 장기),기상청 광대역 네트워크 구축·운영
2025·2026년도 소포구분(발착)업무 위탁수수료  산정 ,소포구분 업무 위탁수수료 산정
2025년  경기도 사이버식물병원 유지보수 및 클라우드 운영 용역(변경),경기 사이버식물병원 유지보수·클라우드
2025년  경찰병원 1차 예정량 초과 의약품 및 수시구매 의약품 구매 (기업규모 확대),경찰병원 초과·수시구매 의약품 구매
2025년  광주보훈병원 우유 등 6종 연간 단가계약[긴급],광주보훈병원 우유 등 6종 단가계약
"2025년  방문자센터 교육공간 조성 실시설계 용역(건축, 설비)",방문자센터 교육공간 실시설계
2025년  소백산 희방진입도로 정비공사 건설폐기물 처리용역,소백산 희방진입도로 건설폐기물 처리
2025년  원예연구과 시험연구용 기자재 구입(광합성측정기),원예연구과 광합성측정기 구입
2025년  익산청 국도ITS 구축공사 등 재해예방기술지도용역,익산청 국도ITS 재해예방기술지도
2025년  전국 소방헬기 항공유 단가계약(1분류 수의시담),전국 소방헬기 항공유 단가계약
2025년  조사료 생산용 기계장비 지원사업 결속기 구입(민간입찰대행),조사료 생산용 결속기 구입
2025년 (도심형) 북한산 탐방로 정비공사 실시설계 용역,북한산 탐방로 정비 실시설계
"2025년 1/1,000 및 국가기본도 통합구축(수도권남부2)","1/1,000 국가기본도 통합구축"
"2025년 100톤급 주기관 쿨러류 취외,취부 및 소제검사 단가계약",100톤급 주기관 쿨러류 검사 단가계약
2025년 10월 ~ 2026년 3월 김치(깍두기등 6종) 단가계약,김치(6종) 단가계약
2025년 10월 ~ 2026년 3월 쌀(백미) 단가계약,쌀(백미) 단가계약
2025년 11~12월 환자급식용 식재료 구매  소액수의 견적 제출 공고,환자급식 식재료 구매
2025년 11~12월분 환자부식(가자미 등 150품목)구매,환자부식(가자미 등 150품목) 구매
"2025년 11월 ~ 12월 장호원읍, 대월면 거점소독시설 운영 용역",장호원·대월 거점소독시설 운영
2025년 1318 책벌레들의 도서관 점령기 사업 위탁운영,1318 책벌레 도서관 위탁운영
2025년 1대1000 및 국가기본도 통합 구축(강원남부1),1/1000 국가기본도 통합구축
2025년 1대1000 및 국가기본도 통합 구축(강원남부2),1/1000 국가기본도 통합구축
2025년 1대1000 및 국가기본도 통합 구축(강원북부1),1/1000 국가기본도 통합구축
2025년 1대1000 및 국가기본도 통합 구축(강원북부2),1/1000 국가기본도 통합구축
2025년 1대1000 및 국가기본도 통합 구축(경남동부),1/1000 국가기본도 통합구축
2025년 1대1000 및 국가기본도 통합 구축(경남서부1),1/1000 국가기본도 통합구축
2025년 1대1000 및 국가기본도 통합 구축(경남서부2),1/1000 국가기본도 통합구축
2025년 1대1000 및 국가기본도 통합 구축(경북동부1),1/1000 국가기본도 통합구축
2025년 1대1000 및 국가기본도 통합 구축(경북동부2),1/1000 국가기본도 통합구축
2025년 1대1000 및 국가기본도 통합 구축(경북서부1),1/1000 국가기본도 통합구축
2025년 1대1000 및 국가기본도 통합 구축(경북서부2),1/1000 국가기본도 통합구축
2025년 1대1000 및 국가기본도 통합 구축(수도권남부1),1/1000 국가기본도 통합구축
2025년 1대1000 및 국가기본도 통합 구축(수도권북부1),1/1000 국가기본도 통합구축
2025년 1대1000 및 국가기본도 통합 구축(수도권북부2),1/1000 국가기본도 통합구축
2025년 1대1000 및 국가기본도 통합 구축(전남동부),1/1000 국가기본도 통합구축
2025년 1대1000 및 국가기본도 통합 구축(전남서부),1/1000 국가기본도 통합구축
2025년 1대1000 및 국가기본도 통합 구축(전북동부),1/1000 국가기본도 통합구축
2025년 1대1000 및 국가기본도 통합 구축(전북서부1),1/1000 국가기본도 통합구축
2025년 1대1000 및 국가기본도 통합 구축(전북서부2),1/1000 국가기본도 통합구축
2025년 1대1000 및 국가기본도 통합 구축(충청동부),1/1000 국가기본도 통합구축
2025년 1대1000 및 국가기본도 통합 구축(충청서부1),1/1000 국가기본도 통합구축
2025년 1대1000 및 국가기본도 통합 구축(충청서부2),1/1000 국가기본도 통합구축
2025년 1차 농산물 안전성 분석 소모품 구매(PSK-KIT 외 68종),농산물 안전성 분석 소모품 구매
2025년 1차 무실동 송삼저수지 외 22개소 환경정비사업,무실동 송삼저수지 등 환경정비
2025년 1차 문막읍 문막저수지 외 39개소 환경정비사업,문막읍 문막저수지 등 환경정비
2025년 2기 경찰 융합정보화 석사과정 위탁교육_1년차,경찰 융합정보화 석사과정 위탁교육
2025년 2분기 2차 시약 및 소모품 구매(2025-06)_Filter paper 외 22종,2분기 시약·소모품 구매(23종)
"2025년 2분기 경비함정 잡유(방식제) 구매(규격,수량 등 조건 필독)",경비함정 잡유(방식제) 구매
2025년 2분기 국가인재원 구내식당 급식재료(축산물) 구매,국가인재원 구내식당 축산물 구매
2025년 2분기 국가인재원 구내식당급식재료(공산품)구매,국가인재원 구내식당 공산품 구매
2025년 2분기 국가인재원 구내식당급식재료(수산물)구매,국가인재원 구내식당 수산물 구매
2025년 2분기 국립국제교육원 급식 식재료 구매 소액수의 견적제출 안내공고,국립국제교육원 급식 식재료 구매
2025년 2분기(4~6월) 국립마산병원 환자부식 구매 소액수의견적 제출 공고,국립마산병원 환자부식 구매
2025년 2월~2026년 1월 제주소년원 학생급식 부식류 구매,제주소년원 학생급식 부식류 구매
2025년 2차 남해수산연구소 연구용소모품(시약초자 등 92종) 일괄구매,남해수산연구소 연구용소모품 구매
2025년 2차 농산물 안전성 분석 소모품 구매(PSK-KIT 외 59종),농산물 안전성 분석 소모품 구매
2025년 2차 대기측정망 실험소모품 구매(centrifuge tube 등 162종),대기측정망 실험소모품 구매
2025년 2차 충청권질병대응센터 수인성·식품매개감염병 원인병원체 진단혈청 구매,충청권 수인성·식품매개 진단혈청 구매
"2025년 300,500톤급 경비함정 신축이음관 단가계약",경비함정 신축이음관 단가계약
2025년 3~4월  환자급식용 식재료 구매 소액수의 견적 제출 공고,환자급식 식재료 구매
2025년 3~4월분 환자부식(가자미 등 150품목)견적제출 공고,환자부식(가자미 등 150품목) 견적
2025년 3분기 1차 시약 및 소모품 구매(PowerChek™ Influenza B (Victoria & Yamagata) Real-time PCR Kit 외 8종(2025-10)),3분기 시약·소모품 구매(9종)
"2025년 3분기 1차 시약 및 소모품구매(KingFisher 24 Deep-well plate, Barcoded 외 2종(2025-09))",3분기 시약·소모품 구매(3종)
2025년 3분기 1차시약 및 소모품 구매(HyQ one step RT-PCR kit 외 25종(2025-08)),3분기 시약·소모품 구매(26종)
2025년 3분기 2차 시약 구매(Salmonella O Antiserum Poly A-I & Vi 외 4종(2025-12)),3분기 시약 구매(5종)
2025년 3분기 구내식당 농산물(지역농산물) 구매계약 ,구내식당 지역농산물 구매
2025년 3분기 구내식당 주곡류(지역농산물) 구매계약 ,구내식당 주곡류 구매
2025년 3분기 국립국제교육원 급식 식재료 구매 소액수의 견적제출 안내공고,국립국제교육원 급식 식재료 구매
2025년 3분기 실험실 정밀검역용 시약(16품목) 구입,실험실 정밀검역용 시약 구입
2025년 3분기(7~9월) 국립마산병원 환자부식 구매 소액수의견적 제출 공고,국립마산병원 환자부식 구매
"2025년 3종시설물 정기안전점검 용역(대전, 세종권역)",3종시설물 정기안전점검(대전·세종)
2025년 3종시설물 정기안전점검 용역(충남권역) - 수정 후 새 공고,3종시설물 정기안전점검(충남)
2025년 3차 남해수산연구소 연구용소모품(시약초자 등 69종) 일괄구매,남해수산연구소 연구용소모품 구매
"2025년 3차원 공간정보(수치표고모형, 실내공간정보) 품질검증",3차원 공간정보 품질검증
2025년 4-H청년농업인 기초영농지원 사업 물품(스피드스프레이어) 구매(입찰대행),4-H 청년농 스피드스프레이어 구매
2025년 4분기 ~ 2026년 1분기 장례식장 제단 꽃 구매,장례식장 제단 꽃 구매
2025년 4분기 구내식당 김치류(지역농산물) 구매 계약,구내식당 김치류 구매
2025년 4분기 구내식당 농산물(지역농산물) 구매 계약 ,구내식당 지역농산물 구매
2025년 4분기 구내식당 축산물(지역농산물) 구매 계약,구내식당 축산물 구매
2025년 4분기 국립국제교육원 급식 식재료 구매 소액수의 견적제출 안내공고,국립국제교육원 급식 식재료 구매
2025년 4분기 실험실 정밀검역용 시약(10품목) 구입,실험실 정밀검역용 시약 구입
2025년 4분기 실험실 정밀검역용 시약(24품목) 구입,실험실 정밀검역용 시약 구입
2025년 4분기 아산시 거점(세척)소독시설(2개소) 운영 용역,아산시 거점소독시설 운영
2025년 4분기(10~12월) 국립마산병원 환자부식 구매 소액수의견적 제출 공고,국립마산병원 환자부식 구매
2025년 50톤급 주기관 실린더블록 3차원 검사 단가계약,50톤급 주기관 실린더블록 검사
"2025년 50톤급 주기관 크랭크샤프트 검사, 가공, 밸런싱 교정 단가계약",50톤급 크랭크샤프트 검사·교정
2025년 5~6월 환자급식용 식재료 구매 소액수의 견적 제출 공고,환자급식 식재료 구매
2025년 5~6월분 환자부식(가자미 등 151품목)구매,환자부식(가자미 등 151품목) 구매
2025년 5급 승진후보자 역량평가 과제개발 및 교육·평가 위탁 용역,5급 승진 역량평가 과제개발·교육
2025년 7.16.-7.20. 집중호우 산사태 복구사업 실시설계 용역（2차）,집중호우 산사태 복구 실시설계
2025년 7.16.-7.20. 집중호우 산사태 복구사업 실시설계 용역（3차）,집중호우 산사태 복구 실시설계
2025년 7.16.-7.20. 집중호우 산사태 복구사업 실시설계 용역（9차）,집중호우 산사태 복구 실시설계
2025년 7.16.-7.20. 집중호우 산사태 재해복구사업   실시설계 용역(8차),집중호우 산사태 복구 실시설계
2025년 7~8월 환자급식용 식재료 구매 소액수의 견적 제출 공고,환자급식 식재료 구매
2025년 7~8월분 환자부식(가자미 등 150품목)구매,환자부식(가자미 등 150품목) 구매
2025년 7월 집중호우 산림피해 복구사업 실시설계용역(기번1),집중호우 산림피해 복구 실시설계
2025년 7월 집중호우 산림피해 복구사업 실시설계용역(기번2),집중호우 산림피해 복구 실시설계
2025년 7월 집중호우 산림피해 복구사업 실시설계용역(기번3),집중호우 산림피해 복구 실시설계
2025년 7월 집중호우 산림피해 복구사업 실시설계용역(기번4),집중호우 산림피해 복구 실시설계
2025년 7월 집중호우 산림피해 복구사업 실시설계용역(기번5),집중호우 산림피해 복구 실시설계
2025년 7월 집중호우 산림피해 복구사업 실시설계용역(기번6),집중호우 산림피해 복구 실시설계
2025년 8월 집중호우 산림피해 복구사업 실시설계용역(기번1),집중호우 산림피해 복구 실시설계
2025년 9~10월분 환자부식(가자미 등 144품목)구매,환자부식(가자미 등 144품목) 구매
2025년 A FARM SHOW 창농ㆍ귀농 고향사랑 박람회 홍보부스 설치,A FARM SHOW 박람회 홍보부스 설치
2025년 AI기반 3차원 공간정보 자동제작 기술개발 사업 감리,AI 3차원 공간정보 자동제작 감리
2025년 APEC 성공개최기원 경주 흥륜사지 출토 불교공예품 특별전 전시연출 및 보조물 제작 설치 ,APEC 경주 흥륜사 불교공예 특별전
2025년 APEC 식품안전협력포럼 행사기획 및 운영대행,APEC 식품안전포럼 행사기획·운영
2025년 APEC 정상회의 의제 개발 연구 정책연구용역,APEC 정상회의 의제 개발 연구
2025년 ARS 운용실태 분석 및 평가업무 위탁 용역사업,ARS 운용실태 분석·평가 위탁
2025년 ATCIS 개발SW 유지보수(기능개선) 외주용역,ATCIS 개발SW 유지보수 외주
2025년 Angio 및 영상의학과재료 구매 입찰공고[긴급] ,Angio·영상의학과재료 구매
2025년 Breaking Chains 글로벌 공조협의체 회의,Breaking Chains 글로벌 공조회의
"2025년 EASTICA 정기총회 및 제4회 국제기록관리포럼 개최,운영 대행 용역",EASTICA 총회·국제기록관리포럼 대행
2025년 G-PASS 기업 지정 위탁 용역사업 조달요청,G-PASS 기업 지정 위탁
2025년 G-Tower 승강기 종합정밀점검 유지관리 용역,G-Tower 승강기 정밀점검 유지관리
2025년 IFEZ 관광.먹거리 블로그 및 SNS 매체 운영 용역,IFEZ 관광·먹거리 블로그·SNS 운영
2025년 IFEZ 다목적CCTV 확대설치 영상감시장치 구매설치,IFEZ 다목적CCTV 영상감시장치 설치
2025년 IFEZ 다목적CCTV 확대설치 책임감리 용역,IFEZ 다목적CCTV 책임감리
2025년 IFEZ 항공-VR(Virtual Reality) 구매,IFEZ 항공-VR 구매
2025년 IPCC AR6 보고서의 국내외 기관 정책반영·확산,IPCC AR6 보고서 국내외 정책반영
2025년 IPCC 활동 강화를 위한 국내 전문가 역량 배양,IPCC 국내 전문가 역량 배양
2025년 IPCC 활동 강화를 위한 국내 전문가 역량 배양(수의시담),IPCC 국내 전문가 역량 배양
2025년 K-museums 공동기획전 전시콘텐츠 설계제작설치,K-museums 공동기획전 전시콘텐츠
2025년 K-정책 및 기술 기반 해외 환경난제 개선 연구,K-정책 기반 해외 환경난제 연구
2025년 KFN TV 외주제작(서바이벌 전략 전술 시뮬레이션-이것이 전투다) 사업자 선정,KFN TV 외주제작(이것이 전투다)
2025년 KFN TV 외주제작(천하무적 체력왕) 사업자 선정,KFN TV 외주제작(천하무적 체력왕)
2025년 OECD BAT Expert meeting 및 기준서사무국 국제워크숍 개최지원,OECD BAT 전문가회의·국제워크숍
2025년 One Health 항생제 내성균 포털시스템 고도화,One Health 항생제내성균 포털 고도화
2025년 TMR 사료 원재료 및 배합사료 해상운송 용역,TMR 사료·배합사료 해상운송
2025년 TMR사료 원재료 및 배합사료 육상운송 용역(2인이상 견적제출 안내공고)(변경),TMR 사료·배합사료 육상운송
2025년 TMR사료 원재료 및 배합사료 육상운송 용역(2차)(2인이상 견적제출),TMR 사료·배합사료 육상운송(2차)
2025년 TMR사료 원재료 및 배합사료 육상운송 용역(2차)(2인이상 견적제출)(수정),TMR 사료·배합사료 육상운송(2차)
2025년 TMR사료 원재료 및 배합사료 해상운송 용역(2차)(2인이상 견적제출),TMR 사료·배합사료 해상운송(2차)
2025년 WMO 의제 분석 및 정책활용 연구(수의시담),WMO 의제 분석·정책활용 연구
2025년 ⌈2030세대 통일교육 활성화사업 ⌋  운영 위탁,2030세대 통일교육 활성화 운영 위탁
2025년 《쉼표와 따옴표: 다섯 개의 대화》 교육 공간 및 장애인의 날 문화행사 운영 용역,다섯 개의 대화 교육공간·문화행사
2025년 「원주시 반려동물 문화행사」대행 용역(협상에의한계약),원주시 반려동물 문화행사 대행
2025년 『고궁문화』 제18호 및 제19호 전자책 발간 계약 요청,고궁문화 18·19호 전자책 발간
2025년 가마우지 피해방지 어족자원 조성사업 수산종자(뱀장어) 구입 – 단가계약 ,가마우지 피해방지 뱀장어 종자 구입
2025년 가상자산 교차분석 도구 구매(TRM Forensics),가상자산 교차분석 도구 구매
2025년 가야산 문화유산지구 추가 정비공사 실시설계용역,가야산 문화유산지구 정비 실시설계
2025년 가야산 법전 주차장 조성공사 기본설계 및 공원계획변경 용역,가야산 법전 주차장 기본설계
2025년 가야산 상왕봉 특별보호구역 CCTV 정비 공사,가야산 상왕봉 보호구역 CCTV 정비
2025년 가야산 홍제암 공중화장실 신축공사(건축·기계),가야산 홍제암 공중화장실 신축
2025년 가야산국립공원 공원 마을지구 노후 폐가 철거 지원사업,가야산 마을지구 노후 폐가 철거
2025년 가야산국립공원 공원마을지구 노후 창호 교체 지원사업,가야산 마을지구 노후 창호 교체
2025년 가야산국립공원 공원마을지구 태양광 판넬 설치 지원사업,가야산 마을지구 태양광 판넬 설치
2025년 가야산국립공원 마을지구 노후 주방 계량 지원사업,가야산 마을지구 노후 주방 계량
2025년 가야산국립공원 소나무재선충병 예방 나무주사 사업,가야산 소나무재선충 나무주사
2025년 가야산국립공원 야영장 야간안전관리(경비) 용역,가야산 야영장 야간안전관리 경비
2025년 가야산국립공원 홍류동마을 경로당 리모델링 사업,가야산 홍류동 경로당 리모델링
2025년 가족다양성 이해교육 전문강사 보수교육 및 국제결혼중개업 교육 운영 용역,가족다양성 강사·중개업 교육 운영
2025년 가족친화인증제도 고도화 방안 연구 용역(전자시담),가족친화인증제도 고도화 방안 연구
2025년 간선임도 설치사업(금산) 건설재해예방 기술지도용역,간선임도 설치(금산) 재해예방 지도
2025년 간선임도 설치사업(봉정) 건설재해예방 기술지도용역,간선임도 설치(봉정) 재해예방 지도
2025년 간선임도 설치사업(삼당) 제한경쟁 입찰공고(긴급),간선임도 설치(삼당)
2025년 간선임도 설치사업(정읍산내매죽)제한경쟁 입찰공고,간선임도 설치(정읍산내매죽)
2025년 간선임도 시설사업(기번1_창수) 제한경쟁 입찰(긴급) 공고,간선임도 시설(창수)
2025년 간선임도 시설사업(기번2_도계) 제한경쟁 입찰(긴급) 공고,간선임도 시설(도계)
2025년 감시정 선박보험 및 선주배상책임보험 용역 계약,감시정 선박·선주배상책임보험
"2025년 강릉 삼척 동해권역 제2종시설물(절토사면, 옹벽) 정밀안전점검 및 성능평가용역",강릉삼척 동해권역 제2종시설물 정밀안전점검·성능평가
"2025년 강릉 삼척 평창권역 제2종시설물(절토사면, 옹벽) 정밀안전점검용역",강릉삼척 평창권역 제2종시설물 정밀안전점검
2025년 강릉교도소 액화석유가스(LPG) 구매 입찰 공고,강릉교도소 LPG 구매
2025년 강릉국토 관내 국도35호선 도로안전시설물 정비공사,강릉 국도35호선 도로안전시설물 정비
2025년 강릉국토 관내 국도7·35호선 도로표지판 정비공사,강릉 국도7·35호선 도로표지판 정비
2025년 강릉국토 관내 국도7호선 도로안전시설물 정비공사,강릉 국도7호선 도로안전시설물 정비
2025년 강릉국토 관내 낙석산사태 등 도로유지보수사업 실시설계용역,강릉 낙석산사태 도로유지보수 실시설계
2025년 강릉국토 관내 도로안전 및 환경개선사업 실시설계용역,강릉 도로안전·환경개선 실시설계
2025년 강릉국토 관내 영동권역 결빙취약구간 도로정비공사,강릉 영동권역 결빙취약구간 도로정비
2025년 강릉국토 관내 영서권역 결빙취약구간 도로정비공사,강릉 영서권역 결빙취약구간 도로정비
2025년 강릉국토 관내 터널 방재시설 보수공사 실시설계용역,강릉 터널 방재시설 보수 실시설계
2025년 강릉사무소 유류(경유)구매 단가계약 입찰공고(긴급),강릉사무소 경유 단가계약
2025년 강원경찰청어린이집 식자재  공급 업체 입찰 공고,강원경찰청어린이집 식자재 공급
2025년 강원권역 국립자연휴양림 내진성능평가 용역(2차),강원권역 국립자연휴양림 내진성능평가
2025년 강원지방우정청 소방 정밀점검 위탁용역 소액수의 입찰 공고,강원우정청 소방 정밀점검 위탁
2025년 강원지방우정청 우정사업용 공용차량 보험가입 용역,강원우정청 공용차량 보험가입
2025년 강원지방우정청 우체국소포 포장상자 위탁판매 공급업체 선정 입찰 공고,강원우정청 우체국소포 포장상자 위탁판매
2025년 강원지방우정청 자과초금 위탁운송 용역 (2년),강원우정청 자과초금 위탁운송
2025년 강원지방우정청 지방조달제복(안전화) 제조 구매 ,강원우정청 지방조달제복(안전화) 제조
2025년 강원지방우정청 지방조달제복(작업화) 제조 구매,강원우정청 지방조달제복(작업화) 제조
2025년 강원지역 비점오염저감시설 설치 및 운영 실태조사,강원 비점오염저감시설 설치·운영 실태조사
2025년 강화 로컬 팜 빌리지(임대형 스마트팜) 조성공사 실시설계용역,강화 임대형 스마트팜 조성 실시설계
2025년 강화 로컬 팜 빌리지(임대형 스마트팜) 조성공사(건축·기계),강화 임대형 스마트팜 조성(건축·기계)
2025년 강화 로컬 팜 빌리지(임대형 스마트팜) 조성공사(전기),강화 임대형 스마트팜 조성(전기)
2025년 강화출장소 관내 시설물 등 보수공사 실시설계용역,강화출장소 시설물 보수 실시설계
2025년 강화출장소 관내 연간유지보수공사 건설폐기물처리용역,강화출장소 유지보수 건설폐기물처리
2025년 강화출장소 사업장생활계폐기물(폐합성수지 등) 위탁처리용역,강화출장소 폐합성수지 위탁처리
"2025년 개 사육농장(1구간) 건축물 철거공사[감곡, 입암] 시행 공고",개 사육농장 철거(감곡·입암)
2025년 개 사육농장(1구간) 건축물 철거공사[덕천] 시행 공고,개 사육농장 철거(덕천)
2025년 개 사육농장[1구간] 건축물 철거공사[산외·산내면]  불연성 폐기물 처리 용역,개 사육농장 철거(산외·산내) 폐기물처리
2025년 개발도상국 농어촌 현장 체험활동 위탁 용역업체 선정 공고,개발도상국 농어촌 현장체험 위탁
"2025년 개식용영업자(유통상인, 식품접객업자) 전업컨설팅 지원사업",개식용영업자 전업컨설팅 지원
2025년 개인정보 보호·활용 실태조사 수행 및 통계개선 연구,개인정보 보호·활용 실태조사·통계개선 연구
2025년 개인정보 보호수준 평가 및 컨설팅 사업(확대공고),개인정보 보호수준 평가·컨설팅
"2025년 거창경찰서 관내 지구대, 파출소 청소용역 공고",거창경찰서 지구대·파출소 청소
2025년 거창출장소 관내 도로구조물 일상관리공사 폐기물처리용역,거창출장소 도로구조물 일상관리 폐기물처리
2025년 거창출장소 관내 도로포장도보수 일상관리공사 폐기물처리용역,거창출장소 도로포장 보수 폐기물처리
2025년 건축물 생애이력 정보체계 관리·운영 위탁 용역,건축물 생애이력 정보체계 관리·운영 위탁
2025년 건축물관리지원센터 업무 위탁(건축물관리제도 모니터링 및 정책지원 등),건축물관리지원센터 위탁(모니터링·정책지원)
2025년 건축물관리지원센터 업무위탁(건축물관리 점검제도 개선방안 마련 등),건축물관리지원센터 위탁(점검제도 개선)
2025년 건축물관리지원센터 업무위탁(건축물관리계획 제도운영 이행 및 제도 활성화 방안마련),건축물관리지원센터 위탁(관리계획 제도운영)
2025년 건축물관리지원센터 화재안전성능보강 운영?사무처리 위탁 용역,건축물관리지원센터 화재안전성능보강 위탁
2025년 검사·병리재료 (MICRO SLIDES(BM)등 16종 외 11건) 건 구매 입찰공고_고시금액미만[긴급],검사·병리재료 16종 외 11건 구매
2025년 검사재료 (Biopsy  bottle (White) 10% formalin 10ml 등 14종 구매) 수의시담,검사재료 14종 구매
2025년 검사재료 (HBS AG RGT 등 79종)구매 입찰공고_고시금액이상[긴급],검사재료 79종 구매
2025년 검사재료(Specific Anti IgE 등 63종(무상임차장비 조건부)) 구매 입찰공고[긴급],검사재료 63종 구매
2025년 검찰 네트워크 및 교환기 교체 사업 감리·기술용역,검찰 네트워크·교환기 교체 감리
2025년 검찰 정보시스템 및 통신장비 등 통합유지관리 사업,검찰 정보시스템·통신장비 통합유지관리
"2025년 경기, 충청권역 국립자연휴양림 내진성능평가 용역",경기충청권역 국립자연휴양림 내진성능평가
2025년 경기남부경찰청 교통계 국제운전면허증 전용용지 제작구매,경기남부청 국제운전면허증 전용용지 제작
2025년 경기남부경찰청 교환기 유지보수 용역 사업 계약 요청,경기남부청 교환기 유지보수
2025년 경기남부경찰청 무인교통단속장비 루프검지선 재설치(24개소),경기남부청 무인단속장비 루프검지선 재설치
2025년 경기남부경찰청 무인교통단속장비 루프검지선 재설치(24개소) ,경기남부청 무인단속장비 루프검지선 재설치
2025년 경기남부경찰청 무인교통단속장비 무선통신망 이동통신사 선정 사업,경기남부청 무인단속장비 이동통신사 선정
2025년 경기남부경찰청 산업기술안보수사대 디지털포렌식 장비 구매,경기남부청 디지털포렌식 장비 구매
2025년 경기남부경찰청 지문 등 사전등록 현장방문 등록사업,경기남부청 지문 사전등록 현장방문
2025년 경기북부경찰청 어린이집 식자재 업체 선정 입찰 공고,경기북부청 어린이집 식자재 업체 선정
2025년 경남경찰청 고위험 범죄피해자 민간경호 용역업체 선정,경남청 고위험 범죄피해자 민간경호
2025년 경남육성 우수품종 친환경재배 시범사업 견적 제출 공고(민간입찰대행),경남육성 우수품종 친환경재배 시범
2025년 경복궁 자연재해 대비 수목 가지치기 실시설계 용역,경복궁 수목 가지치기 실시설계
2025년 경북경찰청어린이집 식자재  납품업체 선정 입찰 공고,경북경찰청어린이집 식자재 납품업체 선정
2025년 경북권역 내 검역감염병관련 유증상 해외입국자 검체 운송 용역,경북권역 해외입국자 검체 운송
2025년 경비함정 SSPA레이다 구매 교체 설치 계약 의뢰,경비함정 SSPA레이다 교체 설치
2025년 경상권역 국립자연휴양림 내진성능평가 용역(2차),경상권역 국립자연휴양림 내진성능평가
2025년 경영대행(공익림가꾸기(산물수집)) 사업 지명경쟁 공고(긴급),경영대행 공익림가꾸기(산물수집)
2025년 경주 대릉원 일원 황오·인왕 B지구 발굴조사 현장 울타리 구입,경주 대릉원 황오·인왕B 발굴 울타리 구입
2025년 경주국립공원 마을지구 공동재배시설(비닐하우스) 설치공사,경주국립공원 공동재배시설 설치
2025년 경주국립공원 소나무재선충병 예방 나무주사 사업 실시설계 용역,경주국립공원 재선충 나무주사 실시설계
2025년 경주국립공원 소나무재선충병 예방 나무주사사업 감리 용역,경주국립공원 재선충 나무주사 감리
2025년 경찰 교통순찰대 행사 예복(춘추복) 구매 긴급 공고(규격가격동시),경찰 교통순찰대 예복(춘추복) 구매
2025년 경찰 교통순찰대 행사 예복(춘추복) 구매 긴급공고(규격가격동시),경찰 교통순찰대 예복(춘추복) 구매
"2025년 경찰대학 신임경찰 경위, 경감 임용식 행사대행 용역",경찰대학 신임경찰 임용식 행사대행
2025년 경찰박물관 개관 20주년 특별전 전시연출용역 ,경찰박물관 개관20주년 특별전 전시연출
2025년 경찰병원 2차 예정량 초과 및 수시구매 의약품 구매,경찰병원 2차 초과·수시구매 의약품
2025년 경찰병원 3차 예정량 초과 및 수시구매 의약품 구매,경찰병원 3차 초과·수시구매 의약품
2025년 경찰병원 내자리스 1차 의료기기(초음파영상진단기 등 6종) 구매 자체 계약 (중기업 확대),경찰병원 내자리스 의료기기 6종 구매
2025년 경찰병원 내자리스 1차 의료기기(틈새등현미경 등 9종) 구매 자체 계약 (소기업 우선),경찰병원 내자리스 의료기기 9종 구매
2025년 경찰병원 내자리스 1차 추가(수술현미경) 조달구매 계약,경찰병원 내자리스 수술현미경 구매
2025년 경찰병원 내자리스 1차 추가(전동식수술대 등 2종) 조달 구매 계약,경찰병원 내자리스 전동식수술대 2종
2025년 경찰병원 내자리스 1차(골밀도측정기) 긴급 조달구매,경찰병원 내자리스 골밀도측정기 구매
2025년 경찰병원 내자리스 1차(전기수술기 등 2종) 자체 구매 계약 (중소기업 우선),경찰병원 내자리스 전기수술기 2종
2025년 경찰병원 내자리스 2차(의료용레이저조사기) 자체 구매 계약(중소기업우선),경찰병원 내자리스 의료용레이저조사기
2025년 경찰병원 내자리스 2차(의료용레이저조사기) 자체 구매 계약(중소기업우선) ,경찰병원 내자리스 의료용레이저조사기
2025년 경찰병원 내자리스 2차(의료용조합자극기) 자체 구매 계약(소기업우선),경찰병원 내자리스 의료용조합자극기
2025년 경찰병원 내자리스 2차(전동평행봉운동기) 자체 구매 계약,경찰병원 내자리스 전동평행봉운동기
2025년 경찰병원 위생재료 등 의료소모품 구매( 일반경쟁 2차),경찰병원 의료소모품 구매(일반2차)
2025년 경찰병원 위생재료 등 의료소모품 구매(소액수의견적입찰 2차),경찰병원 의료소모품 구매(소액수의2차)
2025년 경찰병원 위생재료 등 의료소모품 구매(소액수의견적입찰 3차(중기업)),경찰병원 의료소모품 구매(소액수의3차)
2025년 경찰병원 위생재료 등 의료소모품 구매(소액수의견적입찰 4차(중기업)),경찰병원 의료소모품 구매(소액수의4차)
2025년 경찰병원 위생재료 등 의료소모품 구매(소액수의견적입찰),경찰병원 의료소모품 구매(소액수의)
2025년 경찰병원 위생재료 등 의료소모품 구매(일반경쟁),경찰병원 의료소모품 구매(일반)
2025년 경찰병원 위생재료 등 의료소모품 구매(제한경쟁 2차),경찰병원 의료소모품 구매(제한2차)
2025년 경찰병원 위생재료 등 의료소모품 구매(제한경쟁 3차),경찰병원 의료소모품 구매(제한3차)
2025년 경찰병원 위생재료 등 의료소모품 구매(제한경쟁),경찰병원 의료소모품 구매(제한)
2025년 경찰청 경찰부대 간이기동화 긴급구매(규격가격동시),경찰청 경찰부대 간이기동화 구매
2025년 경찰청 베임방지 재킷 구매(협상에 의한 계약),경찰청 베임방지 재킷 구매
"2025년 경찰헬기(BELL,  AW기종) 정비용역 단가계약",경찰헬기(BELL·AW) 정비 단가계약
"2025년 경찰헬기(BELL,AW기종) 정비용역 단가계약 ",경찰헬기(BELL·AW) 정비 단가계약
2025년 경찰헬기(Mi-172) 정비용역 단가계약 체결,경찰헬기(Mi-172) 정비 단가계약
2025년 계룡산국립공원 갑사야영장 야간안전관리용역(긴급),계룡산 갑사야영장 야간안전관리
2025년 계룡산국립공원 소나무재선충병 예방 나무주사 사업,계룡산 재선충 나무주사
2025년 계룡산국립공원 용동저수지 배스 제거 및 모니터링 용역,계룡산 용동저수지 배스 제거·모니터링
2025년 계룡산국립공원 훼손탐방로 정비공사 실시설계용역,계룡산 훼손탐방로 정비 실시설계
2025년 계류보전 및 산지사방사업(심포리 산115-2) 지명경쟁입찰 공고 ,계류보전·산지사방(심포리 산115-2)
2025년 계류보전사업(도계읍 구사리 산53) 지명경쟁입찰 공고 ,계류보전(도계읍 구사리 산53)
2025년 고문헌(근대자료) 원문 텍스트 데이터베이스 구축 사업,고문헌(근대자료) 원문 텍스트DB 구축
2025년 고성능 임업기계(궤도형 자주식 탸워야더) 구매,고성능 임업기계(궤도형 타워야더) 구매
2025년 고성능 임업기계(하베스터 및 굴착기 세트) 구매,고성능 임업기계(하베스터·굴착기) 구매
2025년 고성능 임업기계장비 장비고 신축공사(건축·토목) 제한경쟁 입찰공고,고성능 임업기계 장비고 신축(건축·토목)
2025년 고속도로순찰대 교통정보 영상시스템 유지관리 사업,고속도로순찰대 교통정보 영상시스템 유지관리
2025년 고신문 자료 디지털화 및 지식정보자원 공유기반 구축사업,고신문 디지털화·지식정보자원 공유기반 구축
2025년 고위.참사관급 외교역량개발 평가과제 및 가이드 개발 연구 용역,고위·참사관급 외교역량개발 평가과제 개발
2025년 고정밀 전자지도 구축 사업(군포·구리·화성·횡성·원주),고정밀 전자지도 구축(군포·구리·화성·횡성·원주)
2025년 고정밀 전자지도 구축 챌린지 사업(대구광역시),고정밀 전자지도 구축 챌린지(대구)
2025년 고정밀 전자지도 구축 챌린지 사업(서울특별시),고정밀 전자지도 구축 챌린지(서울)
2025년 고정밀 전자지도 구축 챌린지 사업(울산광역시),고정밀 전자지도 구축 챌린지(울산)
2025년 고정밀 전자지도 구축 챌린지 사업(인천광역시),고정밀 전자지도 구축 챌린지(인천)
2025년 고정밀 전자지도 구축 챌린지 사업(제주특별자치도 ),고정밀 전자지도 구축 챌린지(제주)
2025년 고품질 증류식 소주공정 간소화 기술 시범사업 가공장비 구입(입찰대행),증류식 소주공정 간소화 가공장비 구입
"2025년 골재채취해역(선갑, 이곡) 해저지형변화 모니터링",골재채취해역(선갑·이곡) 해저지형변화 모니터링
2025년 공공서비스디자인 사업운영 및 과제 지원체계 구축 연구용역,공공서비스디자인 운영·과제 지원체계 연구
2025년 공동자원화시설 톱밥 지원사업(톱밥구입)(민간입찰대행),공동자원화시설 톱밥 지원(톱밥구입)
2025년 공사중단 방치건축물 정비지원기구 운영 및 위탁,공사중단 방치건축물 정비지원기구 운영
2025년 공원마을 생활환경 개선을 위한 환경저해시설 제거 용역,공원마을 환경저해시설 제거
2025년 공익림기능증진 사업(숲5) 지명경쟁 입찰(긴급) 공고,공익림기능증진(숲5)
2025년 공익림기능증진 사업(숲6) 지명경쟁 입찰(긴급) 공고,공익림기능증진(숲6)
2025년 공익림기능증진 사업(숲7) 지명경쟁 입찰(긴급)공고,공익림기능증진(숲7)
2025년 공익림기능증진사업(숲8) 지명경쟁 입찰(긴급)공고,공익림기능증진(숲8)
2025년 공익림기능증진사업(숲9) 지명경쟁 입찰(긴급)공고,공익림기능증진(숲9)
2025년 공익직불제 현장조사용 임차차량(2차) 재제안요청 실시,공익직불제 현장조사 임차차량(2차) 재제안
2025년 공익직불제 현장조사용 임차차량(2차) 제안요청,공익직불제 현장조사 임차차량(2차) 제안
2025년 공중방사선탐사장비 성능평가를 위한 유인 항공기 임차,공중방사선탐사장비 성능평가 항공기 임차
2025년 공항·항만 방사선감시기 운영자 현장교육 운영(수의시담),공항·항만 방사선감시기 운영자 현장교육
2025년 과기정통부 데이터 품질관리 및 이용활성화 컨설팅,과기정통부 데이터 품질관리·이용활성화 컨설팅
2025년 과수 무병묘 모수포 조성 지원사업(민간입찰대행),과수 무병묘 모수포 조성 지원
2025년 과수 화상병 예방 방제 약제 구입 소액(수의) 견적 제출,과수 화상병 예방 방제약제 구입
2025년 과수화상병 감염위험 정보기반 적기 방제약제 구입[민간입찰대행],과수화상병 적기 방제약제 구입
2025년 과수화상병 사전방제 약제 구입(소액수의계약 견적제출 안내공고),과수화상병 사전방제 약제 구입
2025년 과수화상병 사전방제 약제 구입(입찰대행)(긴급),과수화상병 사전방제 약제 구입
2025년 과수화상병 예방 약제 구입 소액(수의) 견적 제출,과수화상병 예방 약제 구입
"2025년 과수화상병, 돌발해충 방제 약제 구입 수의견적 제출 안내 공고",과수화상병·돌발해충 방제약제 구입
2025년 관공선 운항용 유류(저유황 경유) 구매 단가계약,관공선 운항용 저유황 경유 단가계약
2025년 관공선(6척) 선박공제보험 가입 용역 입찰 긴급 공고,관공선(6척) 선박공제보험 가입
2025년 관공선(6척) 선주배상책임보험 가입 용역 입찰 긴급 공고,관공선(6척) 선주배상책임보험 가입
"2025년 관공선(포항해양1호, 포항해양2호) 선박공제보험 가입",관공선(포항해양1·2호) 선박공제보험
2025년 관내 도로안전 및 환경 개선 분야 실시설계 용역,관내 도로안전·환경개선 실시설계
2025년 관내 동부권역 배수시설 준설공사 폐기물 처리용역,관내 동부권역 배수시설 준설 폐기물처리
2025년 관내 서부권역 배수시설 준설공사 폐기물 처리용역,관내 서부권역 배수시설 준설 폐기물처리
2025년 관내 터널 방재시설 보수공사 재해예방 기술지도 용역,관내 터널 방재시설 보수 기술지도
2025년 관세청 고객지원센터 노후 상담장비 교체(분리발주SW),관세청 고객지원센터 상담장비 교체
2025년 광명경찰서어린이집 식자재 납품업체 선정 입찰공고,광명경찰서어린이집 식자재 납품업체 선정
2025년 광복80주년 계기 온라인 참여형 게임 개발 운영,광복80주년 온라인 참여형 게임 개발·운영
2025년 광양경찰서 지역경찰관서(지구대파출소) 청소용역,광양경찰서 지구대·파출소 청소
2025년 광역반려식물병원 집중치료 소형온실 설치 및 시설보수,광역반려식물병원 소형온실 설치·보수
2025년 광주경찰청 무인 교통단속용 장비 종합보험 가입(긴급공고),광주청 무인단속장비 종합보험 가입
2025년 광주과학수사연구소 법의학과 감정 시약 및 재료 구매,광주과수연 법의학과 감정 시약·재료
2025년 광주과학수사연구소 약독물실 감정 시약 및 재료 구매,광주과수연 약독물실 감정 시약·재료
2025년 광주과학수사연구소 약독물실 감정시약 및 재료 구매,광주과수연 약독물실 감정시약·재료
2025년 광주광역시 영농부산물 안전처리 지원 사업 용역,광주 영농부산물 안전처리 지원
2025년 광주국토 관내 배수시설 정비공사 폐기물처리용역,광주 배수시설 정비 폐기물처리
2025년 광주국토 관내 비탈면 모니터링 시스템 구축용역,광주 비탈면 모니터링 시스템 구축
2025년 광주보훈병원 사업장 생활계폐기물 처리 용역[긴급],광주보훈병원 생활계폐기물 처리
2025년 광주보훈병원 특수구급차 위탁 운영 용역 계약(긴급),광주보훈병원 특수구급차 위탁운영
2025년 광주센터 정보시스템 및 기반시설물 화재보험 가입,광주센터 정보시스템·기반시설 화재보험
2025년 광천1 폐석면광산 주변지역의 사후 환경오염영향조사 용역,광천1 폐석면광산 사후 환경오염영향조사
2025년 교량 IoT 계측시스템(길천교 등 43개소) 설치용역,교량 IoT 계측시스템(길천교 등 43개소) 설치
2025년 교원해외파견사업 장기파견자 사전연수 운영 위탁 용역,교원해외파견 장기파견자 사전연수 위탁
2025년 교정기관 수용자 생활용품(치약 등 7종) 구입,교정기관 수용자 생활용품 7종 구입
2025년 교정기관 의료장비(의료영상처리장치(DR)) 구매,교정기관 의료영상처리장치(DR) 구매
2025년 교정장비 개량형 수갑(소사이즈) 구입(혁신제품) ,교정장비 개량형 수갑(소) 구입
2025년 교정장비 개량형수갑(대사이즈) 구매(혁신제품) ,교정장비 개량형 수갑(대) 구매
2025년 교통과 감정장비(실차 기반 주행 시뮬레이터) 구매,교통과 주행 시뮬레이터 구매
2025년 교통사고 잦은 곳(어라연입구) 개선공사 폐기물처리용역,교통사고 잦은곳(어라연입구) 개선 폐기물처리
2025년 구룡지구 탄소중립형 국민여가 플랫폼 조성[구룡제1주차장 정비(2차분)] 사업 폐기물처리 용역,구룡지구 제1주차장 정비(2차) 폐기물처리
2025년 구룡지구 탄소중립형 국민여가 플랫폼 조성[구룡제1주차장정비(2차분)] 사업,구룡지구 제1주차장 정비(2차)
2025년 구룡지구 탄소중립형 국민여가 플랫폼 조성[구룡제1주차장정비(2차분)] 사업(긴급),구룡지구 제1주차장 정비(2차)
2025년 구룡지구 탄소중립형 국민여가 플랫폼 조성[진입도로(보차도) 정비] 사업,구룡지구 진입도로 정비
2025년 국가 기후변화 표준 시나리오 생산 및 제공 용역,국가 기후변화 표준 시나리오 생산·제공
2025년 국가 온실가스 인벤토리 시스템(GIRS) 기능개선,국가 온실가스 인벤토리 시스템 기능개선
2025년 국가건축정책위원회 온라인 홍보채널(SNS)운영 용역,국가건축정책위 SNS 운영
2025년 국가공역종합관리시스템(NAIMS) 유지관리 용역,국가공역종합관리시스템 유지관리
2025년 국가관리 검역병 확산방지를 위한 과수화상병 방제약제 구입,국가관리 검역병 확산방지 화상병 방제약제
"2025년 국가관리 병해충(화상병) 방제용 2,3,4차 약제 구입",국가관리 병해충 화상병 방제약제 2~4차
2025년 국가단위 긴급구조종합훈련 참가자 도시락 구매(수의시담),국가단위 긴급구조훈련 도시락 구매
2025년 국가등록문화유산(시설물 분야) 및 근대사적 정기조사,국가등록문화유산·근대사적 정기조사
2025년 국가문헌의 보존 및 지식정보자원 공유기반 구축 사업 감리,국가문헌 보존·지식정보자원 공유기반 감리
2025년 국가미세먼지정보센터 정보시스템 통합 유지관리 용역,국가미세먼지정보센터 정보시스템 유지관리
2025년 국가보조항로 예비선(섬사랑17호) 기관 수리용역,국가보조항로 예비선(섬사랑17호) 기관 수리
2025년 국가보조항로 예비선(섬사랑17호) 선체 수리용역,국가보조항로 예비선(섬사랑17호) 선체 수리
2025년 국가보훈부 민원행정서비스 고객만족도 조사 용역,국가보훈부 민원행정서비스 만족도 조사
"2025년 국가산림위성정보활용센터 농림위성 지상국 HW, SW 운영 유지관리 용역",농림위성 지상국 HW·SW 운영 유지관리
2025년 국가산림위성정보활용센터 산림위성정보시스템 인프라구축(2단계),산림위성정보시스템 인프라구축(2단계)
2025년 국가서지의 Linked Open Data 서비스 확대 운영,국가서지 Linked Open Data 서비스 확대
2025년 국가수목원 인접지 외래식물 모니터링 제거 사업,국가수목원 인접지 외래식물 모니터링 제거
2025년 국가어업지도선 구명ㆍ소화설비 점검 및 정비계약,국가어업지도선 구명·소화설비 점검·정비
2025년 국가어업지도선 선주배상책임보험 가입 입찰 공고,국가어업지도선 선주배상책임보험 가입
2025년 국가어업지도선 운항용 LNG 구매 단가계약(긴급),국가어업지도선 운항용 LNG 단가계약
2025년 국가어업지도선 운항용 LNG(액화천연가스) 단가계약,국가어업지도선 운항용 LNG 단가계약
2025년 국가예방접종백신 조달구매_B형간염(0.5ml),국가예방접종백신 B형간염(0.5ml)
2025년 국가예방접종백신 조달구매_B형간염(1.0ml),국가예방접종백신 B형간염(1.0ml)
2025년 국가예방접종백신 조달구매_DTaP-IPV/Hib,국가예방접종백신 DTaP-IPV/Hib
2025년 국가예방접종백신 조달구매_일본뇌염 사백신(0.4ml),국가예방접종백신 일본뇌염 사백신(0.4ml)
2025년 국가예방접종백신 조달구매_일본뇌염 사백신(0.7ml),국가예방접종백신 일본뇌염 사백신(0.7ml)
2025년 국가유산 연구개발사업(R&D) 성과 조사ㆍ분석 및 운영 지원,국가유산 R&D 성과 조사·분석·운영지원
2025년 국가유산청 5급 승진후보자 등 직원 역량강화 사업 용역,국가유산청 직원 역량강화
2025년 국가인재원 온라인 특별 공개강좌 개발 용역 사업,국가인재원 온라인 특별 공개강좌 개발
2025년 국가임도 관리 위탁(임도 안전예방 및 구조보강)사업,국가임도 관리 위탁(안전예방·구조보강)
2025년 국가정보자원관리원 광주센터 정보시스템2군 운영·유지 관리 사업,광주센터 정보시스템2군 운영·유지관리
2025년 국가정보자원관리원 민관협력 클라우드 전환 및 운영관리(사업1),민관협력 클라우드 전환·운영관리(1)
2025년 국가정보자원관리원 민관협력 클라우드 전환 및 운영관리(사업2),민관협력 클라우드 전환·운영관리(2)
2025년 국가정보자원관리원 민관협력 클라우드 전환 및 운영관리(사업3),민관협력 클라우드 전환·운영관리(3)
2025년 국가정보자원관리원 민관협력 클라우드 전환 및 운영관리(사업4),민관협력 클라우드 전환·운영관리(4)
2025년 국가정보자원관리원 민관협력 클라우드 전환 및 운영관리(사업5),민관협력 클라우드 전환·운영관리(5)
2025년 국가정책정보협의회 공동 전시 대행 용역사업 입찰공고(긴급),국가정책정보협의회 공동 전시 대행
2025년 국가중요과학기술자료 등록후보 발굴 연구 용역(수의시담),국가중요과학기술자료 등록후보 발굴 연구
2025년 국가중요과학기술자료 현황조사 및 보존관리 방안 연구,국가중요과학기술자료 현황조사·보존관리
2025년 국도 침하 취약구간 GPR 탐사 및 통합관리시스템 구축 용역,국도 침하 취약구간 GPR 탐사·시스템 구축
2025년 국도17호선 3종 시설물 방초교 등 29개소 정기안전점검용역,국도17호선 방초교 등 29개소 정기점검
2025년 국도17호선 기타시설물 두교2교 등 30개소 정기안전점검용역,국도17호선 두교2교 등 30개소 정기점검
2025년 국도1호선 세종시 홍대입구삼거리 상습침수구간 개선공사,국도1호선 홍대입구삼거리 침수개선공사
2025년 국도37호선 영릉육교 등 2개소 정밀안전점검용역,국도37호선 영릉육교 등 2개소 정밀점검
2025년 국도38호선 3종 시설물 내기보도육교 등 30개소 정기안전점검용역,국도38호선 내기보도육교 등 30개소 점검
2025년 국도38호선 궁안교(상) 등 2개소 정밀안전점검 및 내진성능평가용역,국도38호선 궁안교 등 2개소 정밀점검·내진
2025년 국도38호선 신대교 등 3개소 정밀안전점검용역,국도38호선 신대교 등 3개소 정밀점검
2025년 국도38호선 안성천1교 등 2개소 정밀안전점검 및 2종 성능(내진)평가용역,국도38호선 안성천1교 등 2개소 점검·내진
2025년 국도38호선 안성천2교 등 2개소 정밀안전점검용역,국도38호선 안성천2교 등 2개소 정밀점검
2025년 국도38호선 청미교(상) 등 3개소 정밀안전점검 및 내진성능평가용역,국도38호선 청미교 등 3개소 정밀점검·내진
2025년 국도38호선 평택호대교 등 2개소 정밀안전점검 및 내진성능평가용역,국도38호선 평택호대교 등 2개소 점검·내진
2025년 국도39호선 기타시설물 팽성교 등 30개소 정기안전점검용역,국도39호선 팽성교 등 30개소 정기점검
2025년 국도39호선 기타시설물 풍무교 등 23개소 정기안전점검용역,국도39호선 풍무교 등 23개소 정기점검
2025년 국도3호선 가산교 등 3개소 정밀안전점검 및 2종성능평가용역,국도3호선 가산교 등 3개소 점검·성능평가
2025년 국도3호선 곤지암천교(상) 등 4개소 정밀안전점검용역,국도3호선 곤지암천교 등 4개소 정밀점검
2025년 국도3호선 광주2터널(상) 등 3개소 정밀안전점검 및 내진성능평가용역,국도3호선 광주2터널 등 3개소 점검·내진
2025년 국도3호선 기타시설물 진암2교 등 29개소 정기안전점검용역,국도3호선 진암2교 등 29개소 정기점검
2025년 국도3호선 늑현교(상) 등 2개소 정밀안전점검 및 내진성능평가용역,국도3호선 늑현교 등 2개소 점검·내진
2025년 국도42호선 3종 시설물 부평교 등 29개소 정기안전점검용역,국도42호선 부평교 등 29개소 정기점검
2025년 국도42호선 궁촌ic-ramp-a교 등 4개소 정밀안전점검용역,국도42호선 궁촌IC교 등 4개소 정밀점검
2025년 국도42호선 복하IC교 등 3개소 정밀안전점검 및 내진성능평가용역,국도42호선 복하IC교 등 3개소 점검·내진
2025년 국도42호선 상하1교 등 3개소 정밀안전점검용역,국도42호선 상하1교 등 3개소 정밀점검
2025년 국도42호선 오천터널(상) 등 6개소 정밀안전점검 및 2종성능평가용역,국도42호선 오천터널 등 6개소 점검·성능
2025년 국도42호선 이호대교 정밀안전진단 및 1종성능평가(내진포함)용역,국도42호선 이호대교 정밀진단·성능평가
2025년 국도42호선 추계1교 등 5개소 정밀안전점검용역,국도42호선 추계1교 등 5개소 정밀점검
2025년 국도43호선 교포천교 정밀안전진단 및 지반조사 용역,국도43호선 교포천교 정밀진단·지반조사
2025년 국도43호선 기타시설물 태안방음터널 등 15개소 정기안전점검 및 내진성능평가용역,국도43호선 태안방음터널 등 15개소 점검
2025년 국도43호선 길음교 정밀안전진단 및 지반조사 용역,국도43호선 길음교 정밀진단·지반조사
2025년 국도43호선 망포지하차도 등 4개소 정밀안전점검용역,국도43호선 망포지하차도 등 4개소 점검
2025년 국도43호선 미촌교 정밀안전진단 및 지반조사 용역,국도43호선 미촌교 정밀진단·지반조사
2025년 국도43호선 숙성2교 정밀안전진단 및 지반조사용역,국도43호선 숙성2교 정밀진단·지반조사
2025년 국도43호선 오성IC교 정밀안전진단 및 지반조사 용역,국도43호선 오성IC교 정밀진단·지반조사
2025년 국도43호선 중흥경관쉼터 등 2개소 운영관리 및 환경정비용역,국도43호선 중흥경관쉼터 등 운영·정비
2025년 국도44호선 절토사면(2권역) 정밀안전점검용역,국도44호선 절토사면(2권역) 정밀점검
2025년 국도45호선 3종 시설물 삼계교 등 28개소 정기안전점검용역,국도45호선 삼계교 등 28개소 정기점검
2025년 국도45호선 고덕교 등 3개소 정밀안전점검 및 내진성능평가용역,국도45호선 고덕교 등 3개소 점검·내진
2025년 국도45호선 기타시설물 초부교 등 26개소 정기안전점검용역,국도45호선 초부교 등 26개소 정기점검
2025년 국도45호선 비룡2교 등 4개소 정밀안전점검 및 내진성능평가용역,국도45호선 비룡2교 등 4개소 점검·내진
2025년 국도45호선 양성교(상) 등 3개소 정밀안전점검용역,국도45호선 양성교 등 3개소 정밀점검
2025년 국도45호선 청용교 등 3개소 정밀안전점검용역,국도45호선 청용교 등 3개소 정밀점검
2025년 국도46호선 제2종시설물(절토사면) 정밀안전점검 및 성능평가용역,국도46호선 절토사면 정밀점검·성능평가
2025년 국도4호선 부여나들목 지원시설 신축공사 실시설계,국도4호선 부여나들목 지원시설 실시설계
2025년 국도77호선 멱우교 등 3개소 정밀안전점검용역,국도77호선 멱우교 등 3개소 정밀점검
2025년 국도77호선 서호1교 등 3개소 정밀안전점검 및 2종 성능(내진)평가용역,국도77호선 서호1교 등 3개소 점검·성능
2025년 국도77호선 수화2교 등 3개소 정밀안전점검 및 내진성능평가용역,국도77호선 수화2교 등 3개소 점검·내진
2025년 국도77호선 조암교 등 3개소 정밀안전점검 및 내진성능평가용역,국도77호선 조암교 등 3개소 점검·내진
2025년 국도82호선 도이ic-ramp-a교 1종성능평가 및 내진성능평가용역,국도82호선 도이IC교 성능·내진평가
2025년 국도82호선 요당IC RAMP-A교 정밀안전진단 및 1종성능평가(내진포함)용역,국도82호선 요당IC교 정밀진단·성능평가
2025년 국도82호선 향남교 등 2개소 정밀안전점검 및 2종성능평가용역,국도82호선 향남교 등 2개소 점검·성능
2025년 국도관리용 신규 장비 구매(다목적 도로관리차),국도관리용 신규 장비(다목적 도로관리차)
2025년 국도유지보수용 장비 구매(충격완충장치-TMA1),국도유지보수용 충격완충장치-TMA1
2025년 국도유지보수용 장비 구매(충격완충장치-TMA2),국도유지보수용 충격완충장치-TMA2
2025년 국립가리왕산자연휴양림 제1야영장 차폐울타리 설치공사,가리왕산휴양림 제1야영장 차폐울타리공사
2025년 국립감악산자연휴양림 신규 조성사업(진입도로 연결),감악산휴양림 신규조성(진입도로 연결)
2025년 국립감악산자연휴양림 신규 조성사업(진입도로 연결) 감리용역,감악산휴양림 진입도로 연결 감리
2025년 국립감악산자연휴양림 신규 조성사업(진입도로 연결) 기술지도용역,감악산휴양림 진입도로 연결 기술지도
2025년 국립감악산자연휴양림 신규 조성사업(토목 3차),감악산휴양림 신규조성(토목 3차)
2025년 국립감악산자연휴양림 신규 조성사업(토목 3차) 감리용역,감악산휴양림 토목 3차 감리
2025년 국립경주박물관 신라역사관 조경시설물 및 휴게시설 개선공사,경주박물관 신라역사관 조경·휴게시설 개선
2025년 국립경주박물관 어린이박물관 전시 환경 개선 사업,경주박물관 어린이박물관 전시 환경 개선
2025년 국립경주박물관 월지관 2수장고 수장대 추가 제작 및 설치,경주박물관 월지관 2수장고 수장대 제작설치
"2025년 국립경주박물관 특별전 푸른 세상을 빚다, 고려 상형청자 전시설계 및 제작설치",경주박물관 특별전 고려 상형청자 전시제작
2025년 국립경주박물관 특별전시관 장애인 시설 개선 공사,경주박물관 특별전시관 장애인 시설 개선
2025년 국립고궁박물관 시각장애인 교보재 등 추가 제작,고궁박물관 시각장애인 교보재 추가 제작
2025년 국립고궁박물관 재외동포 교육꾸러미 개발 및 제작,고궁박물관 재외동포 교육꾸러미 개발·제작
"2025년 국립고궁박물관 특별전 REBORN, 시간을 잇는 보존과학 전시장 운영 및 관리 용역",고궁박물관 특별전 보존과학 전시장 운영
"2025년 국립고궁박물관 특별전 리본(RE:BORN), 박물관 보존과학 전시 연출 및 보조물 제작·설치",고궁박물관 특별전 보존과학 전시 연출·제작
"2025년 국립고궁박물관 특별전 리본(RE:BORN), 박물관 보존과학 전시영상 제작 및 운영",고궁박물관 특별전 보존과학 전시영상 제작
2025년 국립공원 지암곡 제4사지 마애여래입상 강화 처리,국립공원 지암곡 마애여래입상 강화 처리
2025년 국립공원 청소년수련시설 증축공사 폐기물처리 용역,국립공원 청소년수련시설 증축 폐기물처리
2025년 국립공원 청소년수련시설 증축공사 폐기물처리 추가용역,국립공원 청소년수련시설 폐기물 추가처리
2025년 국립공원302호 제1종 중간검사 및 수리용역(기관),국립공원302호 제1종 중간검사·수리(기관)
2025년 국립공원302호 제1종 중간검사 및 수리용역(선체),국립공원302호 제1종 중간검사·수리(선체)
"2025년 국립공원해양생태보전원 실내(휴게실, 원장실, 탕비실) 정비공사",해양생태보전원 실내 정비공사
2025년 국립공주박물관 백제문화 콘텐츠 미디어월 영상 제작 설치,공주박물관 백제문화 미디어월 영상 제작
2025년 국립공주박물관 특별전 영상 제작 및 설치 용역,공주박물관 특별전 영상 제작·설치
2025년 국립공주박물관 특별전 전시연출 설계 및 제작 설치,공주박물관 특별전 전시연출 설계·제작설치
2025년 국립공주병원 11~12월 환자급식용 물품(부식)구매 입찰 공고,공주병원 환자급식용 물품(부식) 구매
2025년 국립과천과학관 천체투영관 돔 영상 콘텐츠 구매,과천과학관 천체투영관 돔 영상 콘텐츠 구매
2025년 국립과학수사연구원 가스열펌프(GHP) 배출가스 저감장치 구매 ,국과수 가스열펌프(GHP) 배출가스 저감장치
2025년 국립과학수사연구원 독성학과 감정지원 재료(57종) 구매,국과수 독성학과 감정지원 재료(57종)
2025년 국립과학수사연구원 마약과 시험연구과제 시약 및 재료(22종) 구매,국과수 마약과 시험연구과제 시약·재료(22종)
2025년 국립국악원 국악박물관 기획전시 연출 및 설치(긴급),국악원 국악박물관 기획전시 연출·설치
2025년 국립국악원 국악박물관 기획전시 연출 및 설치(수의시담),국악원 국악박물관 기획전시 연출·설치
"2025년 국립국어원 공공언어 온라인 홍보 체계 수립, 운영",국어원 공공언어 온라인 홍보 체계 수립·운영
2025년 국립금산자연휴양림 보완사업(목공예체험장 신축) 실시설계 용역,금산휴양림 목공예체험장 신축 실시설계
2025년 국립금산자연휴양림 보완사업(산책로 조성) 실시설계 용역,금산휴양림 산책로 조성 실시설계
2025년 국립금산자연휴양림 시설보완 사업(오수관로설치 등),금산휴양림 시설보완(오수관로설치 등)
2025년 국립김해박물관 본관 전기실 노후 수*변전설비 교체공사,김해박물관 본관 전기실 수변전설비 교체
2025년 국립김해박물관 특별전 (대성동고분군(가제)) 영상 제작 및 설치 용역,김해박물관 특별전 대성동고분군 영상 제작
2025년 국립김해박물관 특별전 (대성동고분군(가제)) 전시기반시설 제작 및 설치,김해박물관 특별전 대성동고분군 전시제작
2025년 국립낙안민속자연휴양림 숲속의집 신축공사(전기),낙안민속휴양림 숲속의집 신축(전기)
2025년 국립낙안민속자연휴양림 숲속의집(목조 모듈러) 신축공사 설계용역,낙안민속휴양림 숲속의집 신축 설계
2025년 국립남해편백자연휴양림 당번근무환경 개선 및 숲속의집 시설보수 사업 설계용역,남해편백휴양림 당번근무환경·시설보수 설계
2025년 국립남해편백자연휴양림 당번근무환경 개선 및 숲속의집 시설보수공사,남해편백휴양림 당번근무환경·시설보수공사
2025년 국립농산물품질관리원 농산물 검사관 현장근무복 구매(규격가격동시),농관원 농산물 검사관 현장근무복 구매
2025년 국립대학 양성평등 추진 실적 평가 및 지원 사업 용역,국립대학 양성평등 추진 실적 평가·지원
2025년 국립대한민국임시정부기념관 디지털아카이브 시스템 기능개선,임시정부기념관 디지털아카이브 기능개선
2025년 국립대한민국임시정부기념관 토크콘서트 운영 대행 용역,임시정부기념관 토크콘서트 운영 대행
2025년 국립덕유산자연휴양림 상·하수도 관로 인입공사 설계용역,덕유산휴양림 상하수도 관로 인입 설계
2025년 국립덕유산자연휴양림 숲속의집·연립동 실내공간 개선사업 설계용역,덕유산휴양림 숲속의집·연립동 실내개선 설계
2025년 국립목포병원 총액계약 진단검사 시약 및 소모품 구매,목포병원 진단검사 시약·소모품 구매
2025년 국립무의도자연휴양림 무선수위조절시스템 설치공사,무의도휴양림 무선수위조절시스템 설치
2025년 국립무의도자연휴양림 방문자안내센터 옥상방수공사,무의도휴양림 방문자안내센터 옥상방수
2025년 국립무의도자연휴양림 야영장 편의시설 기반공사 설계용역,무의도휴양림 야영장 편의시설 기반 설계
2025년 국립무형유산원 다시락 미디어 페스티벌 운영 대행 용역,무형유산원 다시락 미디어 페스티벌 운영
2025년 국립무형유산원 무형유산 교육 운영 및 진행 지원 용역,무형유산원 무형유산 교육 운영·진행 지원
2025년 국립무형유산원 전시실 및 수장고 항온항습기 유지보수 용역,무형유산원 전시실·수장고 항온항습기 보수
2025년 국립문화유산연구원 학술지 발간(편집교정배포) 용역,문화유산연구원 학술지 발간 용역
2025년 국립미천골자연휴양림 산림문화휴양관 및 세탁실 보수공사,미천골휴양림 산림문화휴양관·세탁실 보수
2025년 국립민속박물관 고품질화 소장품 사진 촬영 용역,민속박물관 고품질화 소장품 사진 촬영
2025년 국립민속박물관 민속아카이브 자료 디지털화 사업,민속박물관 민속아카이브 자료 디지털화
2025년 국립민속박물관 민속아카이브 자료관리시스템 기능개선,민속박물관 민속아카이브 시스템 기능개선
2025년 국립민속박물관 찾아가는 어린이박물관 전시 개편,민속박물관 찾아가는 어린이박물관 전시개편
2025년 국립민속박물관 파주관 [브라질 리우 카니발] 전시연출 및 홍보물 제작,민속박물관 파주관 브라질 리우 카니발 전시
2025년 국립민속박물관 파주관 수장형 전시연출 설계 및 그리팩 디자인 제작 설치,민속박물관 파주관 수장형 전시연출·디자인
2025년 국립민속박물관 파주관 수장형 전시연출 설계 및 제작,민속박물관 파주관 수장형 전시연출 설계·제작
2025년 국립민속박물관 한국문화상자 전시 및 체험자료 제작 구입,민속박물관 한국문화상자 체험자료 제작
2025년 국립방태산자연휴양림 도로포장 및 가드레일 설치공사,방태산휴양림 도로포장·가드레일 설치
2025년 국립백운산자연휴양림 데크로드 개선사업 설계용역,백운산휴양림 데크로드 개선 설계
2025년 국립법무병원 총기류(K2C1 소총) 구매 입찰 공고 ,법무병원 총기류(K2C1 소총) 구매
2025년 국립법무병원 총기류(K2C1 소총) 구매 입찰 공고 (긴급),법무병원 총기류(K2C1 소총) 구매(긴급)
2025년 국립변산자연휴양림 관리사무소 및 산림문화휴양관 내진보강 공사,변산휴양림 관리사무소·휴양관 내진보강
2025년 국립변산자연휴양림 관리사무소 및 산림문화휴양관 내진보강 공사 기술감리용역,변산휴양림 내진보강 기술감리
2025년 국립변산자연휴양림 습지관찰원 보수 및 산림문화휴양관 등 시설개선사업,변산휴양림 습지관찰원·휴양관 시설개선
2025년 국립변산자연휴양림 습지관찰원 보수 및 산림문화휴양관 등 시설개선사업 감리용역,변산휴양림 시설개선 감리
2025년 국립산림품종관리센터 2월 공무용차량 임차 소액수의 견적제출 안내 공고,산림품종관리센터 공무용차량 임차
2025년 국립산림품종관리센터 3월 공무용차량(단기) 공고,산림품종관리센터 공무용차량(단기)
2025년 국립산림품종관리센터 공무용차량 장기임차 2차 공고,산림품종관리센터 공무용차량 장기임차
2025년 국립산음자연휴양림 관리사무실 포장공사 감리용역,산음휴양림 관리사무실 포장공사 감리
2025년 국립삼봉자연휴양림 숲속의집 보수공사 실시설계용역,삼봉휴양림 숲속의집 보수 실시설계
2025년 국립상당산성자연휴양림 숲속의집 및 제1휴양관 보수공사(건축),상당산성휴양림 숲속의집·휴양관 보수(건축)
2025년 국립상당산성자연휴양림 숲속의집 및 제1휴양관 보수공사(전기),상당산성휴양림 숲속의집·휴양관 보수(전기)
2025년 국립상당산성자연휴양림 숲속의집 신축공사(건축·기계),상당산성휴양림 숲속의집 신축(건축·기계)
2025년 국립상당산성자연휴양림 숲속의집 신축공사(전기),상당산성휴양림 숲속의집 신축(전기)
2025년 국립상당산성자연휴양림 숲속의집 신축공사(통신),상당산성휴양림 숲속의집 신축(통신)
2025년 국립상당산성자연휴양림 숲속의집 진입로 정비 등 개선사업,상당산성휴양림 숲속의집 진입로 정비
2025년 국립상당산성자연휴양림 진입로 개선사업 설계용역,상당산성휴양림 진입로 개선 설계
2025년 국립생약자원관 제주센터 지하수 수질검사 및 환경모니터링 용역,생약자원관 제주센터 지하수 수질검사
"2025년 국립서울현충원 방호요원 피복(춘추복, 하복, 동복) 구매",서울현충원 방호요원 피복 구매
2025년 국립서울현충원 상수도관 교체공사 감리(상주)용역,서울현충원 상수도관 교체 감리(상주)
2025년 국립서울현충원 상수도관 교체공사 폐기물 처리용역,서울현충원 상수도관 교체 폐기물 처리
2025년 국립서울현충원 위험 수목 벌목 및 가지치기 공사,서울현충원 위험 수목 벌목·가지치기
2025년 국립서울현충원 조경시설물 교체 공사 건설폐기물 처리 용역,서울현충원 조경시설물 교체 폐기물 처리
2025년 국립서울현충원 충혼당용 및 묘역용 유골함 구매,서울현충원 충혼당용·묘역용 유골함 구매
"2025년 국립서울현충원 홍보 콘텐츠(영상, 사진) 제작",서울현충원 홍보 콘텐츠(영상·사진) 제작
2025년 국립속리산말티재자연휴양림 숲속의집(601~3) 및 공용화장실 보수공사,속리산말티재휴양림 숲속의집·화장실 보수
2025년 국립속리산자연휴양림 물탱크설치 등 누수관로 정비사업,속리산휴양림 물탱크설치 등 누수관로 정비
2025년 국립속리산자연휴양림 물탱크설치 등 누수관로 정비사업 감리용역,속리산휴양림 누수관로 정비 감리
2025년 국립수목원 난대온실 신규조성 공사 관급자재 빌딩자동제어장치 구매,수목원 난대온실 관급 빌딩자동제어장치
2025년 국립수목원 난대온실 신규조성 공사 관급자재-GHP 실외기,수목원 난대온실 관급자재-GHP 실외기
2025년 국립수목원 전국 수목원·식물원 청년인턴 지원 사업,수목원 전국 수목원·식물원 청년인턴 지원
2025년 국립신불산(상단)자연휴양림 청소세탁용역(2차),신불산(상단)휴양림 청소세탁(2차)
2025년 국립신불산자연휴양림 노후전력시설물 개선공사 감리용역,신불산휴양림 노후전력시설물 개선 감리
2025년 국립신불산자연휴양림 노후전력시설물 개선공사(전기),신불산휴양림 노후전력시설물 개선(전기)
2025년 국립신불산자연휴양림 진입도로 포장공사 폐기물처리용역,신불산휴양림 진입도로 포장 폐기물처리
2025년 국립신불산자연휴양림 하단 관리사 개선공사(건축),신불산휴양림 하단 관리사 개선(건축)
2025년 국립신불산자연휴양림 하단 관리사 개선공사(전기),신불산휴양림 하단 관리사 개선(전기)
2025년 국립신불산자연휴양림 하단 관리사 개선공사(통신),신불산휴양림 하단 관리사 개선(통신)
2025년 국립신불산자연휴양림 하단 관리사 및 상단 숲속의집 개선사업 설계용역,신불산휴양림 관리사·숲속의집 개선 설계
2025년 국립신시도자연휴양림 무장애 데크로드(2차년) 조성공사,신시도휴양림 무장애 데크로드(2차년) 조성
2025년 국립신시도자연휴양림 숲속의집 등 창호 교체 공사,신시도휴양림 숲속의집 등 창호 교체
2025년 국립야생동물질병관리원 생물안전연구동 관리 운영 용역,야생동물질병관리원 생물안전연구동 운영
2025년 국립야생동물질병관리원 통근버스 임차 용역 입찰 공고,야생동물질병관리원 통근버스 임차
2025년 국립어린이과학관 과학문화행사 기획 및 운영 위탁용역,어린이과학관 과학문화행사 기획·운영
2025년 국립오서산자연휴양림 숲속의 집 및 제2휴양관 보수공사(전기),오서산휴양림 숲속의집·제2휴양관 보수(전기)
2025년 국립오서산자연휴양림 숲속의 집 및 제2휴양관 시설보수공사,오서산휴양림 숲속의집·제2휴양관 시설보수
2025년 국립오서산자연휴양림 숲속의집 및 제2휴양관 시설보수공사 감리용역,오서산휴양림 숲속의집·휴양관 보수 감리
2025년 국립용대자연휴양림 오수처리시설 개선공사(분리막 교체 등),용대휴양림 오수처리시설 개선(분리막 교체)
2025년 국립운문산자연휴양림 야영장 개선사업 실시설계용역,운문산휴양림 야영장 개선 실시설계
2025년 국립운장산자연휴양림 노후개선(숲속의집 시설보수) 사업,운장산휴양림 노후개선(숲속의집 보수)
2025년 국립운장산자연휴양림 노후개선(진입로 보수) 사업,운장산휴양림 노후개선(진입로 보수)
2025년 국립유명산자연휴양림 산림복합체험센터 및 산림문화휴양관 개선공사 감리용역,유명산휴양림 산림복합체험센터 개선 감리
2025년 국립유명산자연휴양림 산림복합체험센터 및 산림문화휴양관 개선공사 폐기물처리용역,유명산휴양림 체험센터 개선 폐기물처리
2025년 국립유명산자연휴양림 산림복합체험센터 및 산림문화휴양관 개선공사(건축),유명산휴양림 산림복합체험센터 개선(건축)
2025년 국립유명산자연휴양림 산림복합체험센터 및 산림문화휴양관 개선공사(전기),유명산휴양림 산림복합체험센터 개선(전기)
2025년 국립유명산자연휴양림 제1야영장 오수처리시설 교체공사,유명산휴양림 제1야영장 오수처리시설 교체
2025년 국립자연휴양림 산림교육 운영사업(상당산성권역),국립자연휴양림 산림교육 운영(상당산성)
2025년 국립자연휴양림 제3종 시설물 정밀.정기안전점검 용역,국립자연휴양림 시설물 정밀·정기안전점검
"2025년 국립자연휴양림(산음,청태산) 야외소화전 설치공사 설계용역",국립자연휴양림 야외소화전 설치 설계
"2025년 국립자연휴양림(상당산성,용현) 유아숲체험원 보수공사",국립자연휴양림 유아숲체험원 보수
"2025년 국립자연휴양림(용현, 희리산해송) 야외소화전 설치사업",국립자연휴양림 야외소화전 설치
"2025년 국립자연휴양림(용현·희리산, 산음, 청태산) 야외소화전 설치사업 감리용역",국립자연휴양림 야외소화전 설치 감리
2025년 국립장애인도서관 홈페이지 및 운영시스템 고도화,국립장애인도서관 홈페이지·운영시스템 고도화
2025년 국립조선왕조실록박물관 교육프로그램 위탁 운영 용역,국립조선왕조실록박물관 교육프로그램 위탁운영
2025년 국립조선왕조실록박물관 청소년 국제 교류 프로그램 운영,조선왕조실록박물관 청소년 국제교류 운영
2025년 국립조선왕조실록박물관 특별전 도록 및 홍보물 제작,조선왕조실록박물관 특별전 도록·홍보물 제작
2025년 국립조선왕조실록박물관 특별전 전시연출 및 보조물 제작설치,조선왕조실록박물관 특별전 전시연출 제작
2025년 국립중미산자연휴양림 태양광가로등(LED) 설치공사,국립중미산자연휴양림 태양광가로등 설치
2025년 국립중앙과학관 자체연구개발전시품 제작 조합추천 소액수의 견적 제출 안내,국립중앙과학관 자체연구개발전시품 제작
2025년 국립중앙과학관 전국과학경진대회 선행기술조사 용역,국립중앙과학관 과학경진대회 선행기술조사
2025년 국립중앙도서관 보존용 서고자료 이동사업 계약의뢰,국립중앙도서관 보존용 서고자료 이동
2025년 국립중앙도서관 스토리지 증설 및 백업장비 교체,국립중앙도서관 스토리지 증설·백업장비 교체
2025년 국립중앙도서관 음반 및 관련자료 납본·수집 대행 사업 계약 의뢰,국립중앙도서관 음반자료 납본·수집 대행
2025년 국립중앙도서관 지식의길(작가의 노트) 실감콘텐츠 고도화 사업,국립중앙도서관 지식의길 실감콘텐츠 고도화
2025년 국립중앙박물관 교육통합플랫폼 ‘모두’ 유지보수 사업,국립중앙박물관 교육통합플랫폼 유지보수
2025년 국립중앙박물관 뮤지엄 아카데미 누리집 유지관리 및 기능 고도화,중앙박물관 뮤지엄아카데미 누리집 유지·고도화
2025년 국립중앙박물관 상설전시관 서화실 안전시설(면진진열장 제작설치)강화,중앙박물관 서화실 면진진열장 제작설치
2025년 국립중앙박물관 상설전시관 서화실 전시실 설계 및 제작 설치,중앙박물관 서화실 전시실 설계·제작설치
2025년 국립중앙박물관 상설전시관 이슬람실 전시실 설계 및 제작·설치,중앙박물관 이슬람실 전시실 설계·제작설치
2025년 국립지리산자연휴양림 관리사무소 오수처리시설 교체공사,국립지리산자연휴양림 오수처리시설 교체
2025년 국립지리산자연휴양림 관리사무소 오수처리시설 교체공사 감리용역,국립지리산자연휴양림 오수처리 교체 감리
2025년 국립지리산자연휴양림 기반시설(출렁다리) 보수·보강 공사,국립지리산자연휴양림 출렁다리 보수·보강
2025년 국립지리산자연휴양림 기반시설(출렁다리) 보수·보강 공사 감리용역,국립지리산자연휴양림 출렁다리 보강 감리
2025년 국립지리산자연휴양림 산림문화휴양관 오수처리시설 교체공사,국립지리산자연휴양림 휴양관 오수처리 교체
2025년 국립진도자연휴양림 세탁실 정비 등 방문자안내센터 개선사업,국립진도자연휴양림 방문자안내센터 개선
2025년 국립진부령자연휴양림 경관조성(수목식재) 실시설계 용역,국립진부령자연휴양림 경관조성 실시설계
2025년 국립진주박물관 유튜브 콘텐츠 ‘화력조선’ 제작 용역,국립진주박물관 유튜브 화력조선 제작
2025년 국립진주박물관 특별전 암행어사-백성의 곁에 서다 전시설계 및 제작설치,국립진주박물관 암행어사 특별전 전시제작
2025년 국립천관산자연휴양림 캐빈 신축 등 야영장 개선사업(감리),국립천관산자연휴양림 야영장 개선 감리
2025년 국립청소년인터넷드림마을  업무용 차량 임차(렌탈),국립청소년인터넷드림마을 업무용차량 임차
2025년 국립청옥산자연휴양림 산림문화휴양관 철거 폐기물처리용역,국립청옥산자연휴양림 휴양관 철거 폐기물처리
"2025년 국립청주박물관 특별전 ‘후지산에 오르다, 야마나시山梨’ 전시연출설계 및 제작·설치",국립청주박물관 야마나시 특별전 전시제작
2025년 국립청태산자연휴양림 연립동 신축공사(건축·기계),국립청태산자연휴양림 연립동 신축(건축·기계)
2025년 국립청태산자연휴양림 연차별 연립동 신축공사 설계용역,국립청태산자연휴양림 연립동 신축 설계
2025년 국립청태산자연휴양림 연차별 연립동 신축공사(2차) 설계용역,청태산자연휴양림 연립동 신축 설계(2차)
2025년 국립춘천박물관 신설 브랜드실2 전시 연출 용역,국립춘천박물관 브랜드실2 전시연출
2025년 국립태안해양유물전시관 전시·휴식·체험 공간 개편,국립태안해양유물전시관 전시·체험공간 개편
2025년 국립해양유산연구소 중장기 발전 계획 수립 용역,국립해양유산연구소 중장기 발전계획 수립
2025년 국립화천숲속야영장 관리사무소 공간 확장 증축사업(건축·기계),국립화천숲속야영장 관리사무소 증축(건축·기계)
2025년 국립화천숲속야영장 관리사무실 증축사업(건축·기계) 감리용역,국립화천숲속야영장 관리사무실 증축 감리
2025년 국립화천숲속야영장 관리사무실 증축사업(전기·통신),국립화천숲속야영장 관리사무실 증축(전기·통신)
2025년 국립황정산자연휴양림 연립동B동 및 관리사무소 보수공사,국립황정산자연휴양림 연립동B·관리소 보수
2025년 국립회문산자연휴양림 숲속의집 시설보수사업(건축·기계),국립회문산자연휴양림 숲속의집 보수(건축·기계)
2025년 국립회문산자연휴양림 숲속의집 시설보수사업(전기),국립회문산자연휴양림 숲속의집 보수(전기)
2025년 국립희리산해송자연휴양림 물품창고 신축공사(건축) 감리용역,희리산해송자연휴양림 물품창고 신축 감리
2025년 국립희리산해송자연휴양림 물품창고 신축공사(전기),희리산해송자연휴양림 물품창고 신축(전기)
2025년 국립희리산해송자연휴양림 시설보수사업(건축·기계),희리산해송자연휴양림 시설보수(건축·기계)
2025년 국립희리산해송자연휴양림 시설보수사업(건축·기계) 감리용역,희리산해송자연휴양림 시설보수 감리
2025년 국립희리산해송자연휴양림 시설보수사업(전기) 감리용역,희리산해송자연휴양림 시설보수(전기) 감리
2025년 국립희리산해송자연휴양림 야영장 정비 등 개선사업(전기),희리산해송자연휴양림 야영장 개선(전기)
2025년 국립희리산해송자연휴양림 야영장 정비 등 개선사업(토목),희리산해송자연휴양림 야영장 개선(토목)
2025년 국립희리산해송자연휴양림 야영장 정비 등 개선사업(토목) 감리용역,희리산해송자연휴양림 야영장 개선 감리
2025년 국민의 글쓰기 자료 수집 및 글쓰기 능력 증진,국민의 글쓰기 자료 수집·능력 증진
"2025년 국산 밀 생산단지 지역특화 가공 활성화 시범(휴립복토기 등, 민간입찰대행)",국산밀 생산단지 가공 활성화 시범
2025년 국산 양질조사료 생산 열풍건조시스템 보급 시범사업(사료배합기) 견적 제출 공고(민간입찰대행),국산 양질조사료 열풍건조시스템 보급 시범
2025년 국세청 5급 승진후보자 역량평가 관리역량 과정 운영기관 입찰 의뢰_교육운영과-367(2025. 4. 2.),국세청 5급 승진후보자 역량평가 운영기관
2025년 국어사전 통합 시스템 개선 및 운영 사업 감리,국어사전 통합시스템 개선·운영 감리
2025년 국외 대한민국 임시정부 사적지 탐방 프로그램 용역,국외 임시정부 사적지 탐방 프로그램
2025년 국외 한국어교원 역량 강화를 위한 K-티처 프로그램 개발 및 운영,국외 한국어교원 K-티처 프로그램 운영
"2025년 국외교류전 국외 대여 전시품 포장, 운송 및 설치 용역",국외교류전 대여 전시품 포장·운송·설치
2025년 국외교류전 전시 연출 및 보조물 제작 설치 용역,국외교류전 전시연출·보조물 제작설치
2025년 국유림 내 주요 조림수종 간벌효과 장기 모니터링 및 간벌모델 개발연구,국유림 조림수종 간벌효과 모니터링 연구
2025년 국유재산 정보시스템 유지관리 사업 계약 체결 요청,국유재산 정보시스템 유지관리
2025년 국유재산 화재보험 및 영업배상책임보험 일괄 가입,국유재산 화재·영업배상책임보험 가입
"2025년 국유재산 화재보험, 영업배상 및 가스사고배상 책임보험 일괄 가입(충청지방우정청)",국유재산 화재·배상책임보험 일괄 가입
2025년 국제 사이버범죄대응 심포지엄 (ISCR 2025),국제 사이버범죄대응 심포지엄
2025년 국제결혼중개업 불법광고 모니터링 용역(전자시담),국제결혼중개업 불법광고 모니터링
2025년 국제적 멸종위기종 가공품 불법 유통 온라인 감시단 운영,멸종위기종 가공품 불법유통 온라인 감시
2025년 국제표준이름식별자(ISNI) 기반 지능형 공유 데이터세트 구축,ISNI 기반 지능형 공유 데이터세트 구축
2025년 국토교통 데이터 활용 사업화 지원을 위한 전문컨설팅,국토교통 데이터 사업화 지원 전문컨설팅
2025년 국토이용정보체계 구축 및 운영 위탁 계약체결 요청,국토이용정보체계 구축·운영 위탁
2025년 군 온라인 문화예술 체험형 강의콘텐츠 임차 및 위탁운영,군 온라인 문화예술 체험형 강의콘텐츠 운영
2025년 군산교도소 관급 여름이불 및 수용자 동복 재료,군산교도소 여름이불·수용자 동복 재료
2025년 궁능유적본부 소나무재선충병 방제 등 모니터링 용역,궁능유적본부 소나무재선충병 방제 모니터링
2025년 귀농인의 집(리모델링) 조성사업(덕천) 공사 공고(민간입찰대행),귀농인의 집 리모델링 조성(덕천)
2025년 귀농인의 집(리모델링)조성사업(소성) 공사 공고(민간입찰대행),귀농인의 집 리모델링 조성(소성)
2025년 귀농인의 집(이동식주택) 구입 공고(민간입찰대행),귀농인의 집 이동식주택 구입
2025년 규제비용관리제에 따른 신설·강화 규제 및 상쇄과제 비용분석 연구,규제비용관리제 신설·강화규제 비용분석 연구
2025년 근로조건 자율개선(취약분야 컨설팅) 지원사업 수행기관 모집 ,근로조건 자율개선 컨설팅 수행기관 모집
2025년 글로벌 규제조화센터 규제당국자 GBT 실습교육 위탁운영,글로벌 규제조화센터 GBT 실습교육 운영
2025년 글로벌 규제조화센터 임상시험 분야 웨비나 위탁운영,글로벌 규제조화센터 임상시험 웨비나 운영
2025년 글로벌 한반도 통일청년리더 활동 지원 사업 대행기관 선정 용역,글로벌 통일청년리더 활동지원 대행기관
2025년 금강 하천시설(부여지구) 유지보수공사 폐기물처리용역,금강 하천시설 유지보수 폐기물처리
2025년 기념품의 문화사 특별전 전시영상 및 설치 용역 ,기념품의 문화사 특별전 전시영상·설치
2025년 기상관측·통계자료 품질관리체계 개발 및 개선사업 ,기상관측·통계자료 품질관리체계 개발
2025년 기상관측장소(도서지역 포함) 잔디 유지관리 사업,기상관측장소 잔디 유지관리
2025년 기상기후데이터 서비스 만족도 및 활용 실태조사,기상기후데이터 서비스 만족도·활용 실태조사
2025년 기상기후데이터허브 구축 및 개선(SW 개빌)감리,기상기후데이터허브 구축·개선 감리
2025년 기상청 주요정보통신기반시설 취약점 분석평가 용역,기상청 정보통신기반시설 취약점 분석평가
2025년 기술개발 시설스마트 영농지원 기반구축 시범사업(민간입찰대행),기술개발 시설스마트 영농지원 기반구축 시범
2025년 기후변화 대응 돌발해충 공동방제 약제 구입 공고,기후변화 돌발해충 공동방제 약제 구입
2025년 기후변화 대응 돌발해충 사전방제 약제 구입 견적 소액(수의) 견적 제출,기후변화 돌발해충 사전방제 약제 구입
2025년 기후변화 대응 신규품목(포도)안정생산 기술 시범사업(민간자본보조),기후변화 신규품목 포도 안정생산 시범
2025년 기후변화 시나리오 및 영향 분석정보 생산·제공,기후변화 시나리오·영향 분석정보 생산
2025년 기후예측시스템 현업운영 및 예측실험 수행지원 용역(기후예측),기후예측시스템 현업운영·예측실험 지원
2025년 기후적응형 벼 안정생산 재배단지 조성 시범사업 농기계 구입(민간입찰대행),기후적응형 벼 재배단지 조성 농기계 구입
2025년 기후적응형 벼 안정생산 재배단지조성 시범사업 물품(동력제초기) 구입[민간입찰대행],기후적응형 벼 재배단지 동력제초기 구입
2025년 김제 용지  현업축사 매입지 생태복원 사업(긴급),김제 용지 현업축사 매입지 생태복원
2025년 김포공항기상대 공무용차량(더 뉴 아이오닉5 롱레인지AWD) 장기 임차,김포공항기상대 공무용차량 장기임차
2025년 김해국토 관내 비탈면 모니터링 시스템 구축 용역,김해국토 비탈면 모니터링 시스템 구축
2025년 김해국토 관내 시설물 유지보수공사 등 실시설계용역,김해국토 시설물 유지보수 실시설계
2025년 나미비아 관세행정 현대화 업무재설계(BPR) 컨설팅 사업,나미비아 관세행정 현대화 BPR 컨설팅
2025년 남녀고용평등 강조기간 운영 및 기념식 행사 용역업체 선정,남녀고용평등 강조기간 운영·기념식 행사
2025년 남북관계관리단 출입사무소 냉난방 유류 조달 구매,남북관계관리단 출입사무소 냉난방 유류 구매
2025년 남양주남부 경찰서어린이집 식자재 납품업체 선정 입찰공고,남양주남부 경찰서어린이집 식자재 납품업체
2025년 남원국토 관내 교량 및 터널 보수공사 실시설계용역,남원국토 교량·터널 보수 실시설계
2025년 남원국토 관내 도로시설물 보수공사 실시설계용역,남원국토 도로시설물 보수 실시설계
2025년 남원국토 관내(1권역) 비탈면 모니터링 시스템 구축용역,남원국토 1권역 비탈면 모니터링 구축
2025년 남원국토 관내(2권역) 비탈면 모니터링 시스템 구축 용역,남원국토 2권역 비탈면 모니터링 구축
2025년 남원국토 무주출장소 건설공사 재해예방 기술지도 용역,남원국토 무주출장소 재해예방 기술지도
2025년 남원국토 상반기 1권역 교량 정기안전(하자)점검용역,남원국토 상반기1권역 교량 정기안전점검
2025년 남원국토 상반기 3권역 교량 및 터널 정기안전(하자)점검용역,남원국토 상반기3권역 교량·터널 안전점검
2025년 남원국토 시설안전관리과 건설공사 재해예방 기술지도용역,남원국토 건설공사 재해예방 기술지도
2025년 남원국토 하반기 1권역 교량 정기안전(하자) 점검용역,남원국토 하반기1권역 교량 정기안전점검
2025년 남원국토 하반기 2권역 교량 정기안전(하자)점검 용역,남원국토 하반기2권역 교량 정기안전점검
2025년 남원국토 하반기 3권역 교량 정기안전(하자)점검용역,남원국토 하반기3권역 교량 정기안전점검
2025년 남해수산연구소 생물사육동 순환여과설비 구축공사,남해수산연구소 순환여과설비 구축
2025년 남해수산연구소 생물사육동 순환여과설비 제어실 리모델링 공사(건축),남해수산연구소 순환여과 제어실 리모델링
2025년 남해청 VTS 주요정보통신기반시설 취약점 분석 평가 용역,남해청 VTS 정보통신기반시설 취약점 평가
2025년 내수면 수산자원 조성사업 참게 구입(단가계약),내수면 수산자원 참게 구입
2025년 내수면 수산자원조성사업 종묘(다슬기) 구입(단가계약),내수면 수산자원 다슬기 종묘 구입
2025년 내수면 수산자원조성사업 종묘(대농갱이) 구입(단가계약),내수면 수산자원 대농갱이 종묘 구입
2025년 내수면 수산자원조성사업 종묘(뱀장어) 구입(단가계약),내수면 수산자원 뱀장어 종묘 구입
2025년 내수면 수산자원조성사업 종묘(쏘가리) 구입(단가계약),내수면 수산자원 쏘가리 종묘 구입
2025년 내수면 수산자원조성사업 종묘(참게) 구입(단가계약),내수면 수산자원 참게 종묘 구입
2025년 내수면 수산종자 매입방류 대농갱이 종자 구입(2차) (단가계약),내수면 대농갱이 종자 구입(2차)
2025년 내수면 수산종자 매입방류 쏘가리 종자 구입(단가계약),내수면 쏘가리 종자 구입
2025년 내수면 수산종자 방류사업 추진을 위한 미유기 구입,내수면 방류용 미유기 구입
2025년 내수면 수산종자 방류사업 추진을 위한 뱀장어 구입,내수면 방류용 뱀장어 구입
2025년 내수면 수산종자 방류사업 추진을 위한 쏘가리 구입,내수면 방류용 쏘가리 구입
2025년 내수면 수산종자 방류사업용 종자구입(동자개) 공고,내수면 방류용 동자개 종자 구입
2025년 내수면 수산종자 방류사업용 종자구입(메기) 공고,내수면 방류용 메기 종자 구입
2025년 내일을 여는 청년의 날 청년고용정책 우수사례 공모전 시상식 대행 용역,청년의 날 청년고용 우수사례 시상식 대행
2025년 내자리스 1차(디지털진단용엑스선촬영장치)  조달구매,내자리스 디지털진단용엑스선촬영장치 구매
2025년 내자리스 1차(이동형엑스선투시촬영장치)  조달구매,내자리스 이동형엑스선투시촬영장치 구매
2025년 내장산국립공원 내장야영장 전면개선공사 실시설계 용역,내장산 내장야영장 전면개선 실시설계
2025년 내장산백암 가인주차장 정비공사 폐기물 처리용역,내장산백암 가인주차장 정비 폐기물처리
2025년 내장산백암 공원시설 안전관리 CCTV 구매 설치공사,내장산백암 안전관리 CCTV 구매설치
2025년 내장산백암 일광정 공중화장실 신축공사 오수처리시설 구매,내장산백암 일광정 화장실 오수처리시설
2025년 네덜란드 화훼무역박람회 K-seed관 부스설치·운영 용역,네덜란드 화훼박람회 K-seed관 부스설치
2025년 노후 농기계 대체 임대농기계 구입(열풍방상팬),노후 농기계 대체 열풍방상팬 구입
2025년 노후 농기계 대체 추경 지원 농기계 구입 견적 제출 안내공고,노후 농기계 대체 추경 농기계 구입
2025년 노후 보안장비 교체 및 정보보호체계 강화 사업,노후 보안장비 교체·정보보호체계 강화
2025년 노후 산업단지 재생사업 타당성 검증 및 활성화 연구 용역,노후 산업단지 재생사업 타당성 검증 연구
2025년 노후농기계 대체 농기계(자주형 열풍 방상팬) 구입(긴급),노후농기계 대체 자주형 열풍방상팬 구입
2025년 노후농기계 대체지원 농업기계(색채선별기 외) 구입 소액(수의) 견적 제출,노후농기계 대체 색채선별기 등 구입
2025년 노후농기계 대체지원 농업기계(열풍방상팬) 구입,노후농기계 대체 열풍방상팬 구입
2025년 노후자연휴양림(중미산) 개선사업(토목) 기술지도용역(2차),노후자연휴양림 중미산 개선 기술지도(2차)
2025년 논산국토 계룡권역 도로포장 보수공사 폐기물처리용역,논산국토 계룡권역 도로포장 폐기물처리
2025년 논산국토 공주1권역 도로포장 보수공사 폐기물처리용역,논산국토 공주1권역 도로포장 폐기물처리
2025년 논산국토 공주2권역 도로포장 보수공사 폐기물처리용역,논산국토 공주2권역 도로포장 폐기물처리
2025년 논산국토 공주3권역 도로포장 보수공사 폐기물처리용역,논산국토 공주3권역 도로포장 폐기물처리
2025년 논산국토 공주4권역 도로포장 보수공사 폐기물처리용역,논산국토 공주4권역 도로포장 폐기물처리
2025년 논산국토 관내 비탈면 모니터링 시스템 구축 용역,논산국토 비탈면 모니터링 시스템 구축
2025년 논산국토 관내 자전거도로 등 14개소 시설물 보수공사,논산국토 자전거도로 등 시설물 보수
2025년 논산국토 관내 자전거도로 등 14개소 시설물 보수공사 폐기물처리용역,논산국토 자전거도로 시설물 보수 폐기물
2025년 논산국토 관내 횡단보도 조명시설 정비공사(전기),논산국토 횡단보도 조명시설 정비(전기)
2025년 논산국토 관내(1권역) 포장도 보수공사 폐기물처리용역,논산국토 1권역 포장도 보수 폐기물처리
2025년 논산국토 관내(2권역) 포장도 보수공사 폐기물처리용역,논산국토 2권역 포장도 보수 폐기물처리
2025년 논산국토 관내(공주 우성 목천 등 16개소) 시설물 보수공사,논산국토 공주 등 시설물 보수
"2025년 논산국토 관내(공주, 논산) 가드레일 교체공사",논산국토 공주·논산 가드레일 교체
2025년 논산국토 관내(금산 금성 하신1 등 64개소) 낙석산사태 위험지구 정비공사,논산국토 낙석산사태 위험지구 정비
2025년 논산국토 관내(금산 금성 하신1 등 64개소) 낙석산사태 위험지구 정비공사 임목폐기물처리용역,논산국토 낙석위험지구 정비 임목폐기물
2025년 논산국토 관내(금산 엑스포 교차로 등 14개소) 도로시설 정비공사,논산국토 금산 등 도로시설 정비
2025년 논산국토 관내(금산 엑스포 교차로 등 14개소) 도로시설 정비공사 건설폐기물처리용역,논산국토 도로시설 정비 건설폐기물처리
2025년 논산국토 관내(논산 연무 고내 등 8개소) 가드레일 정비공사,논산국토 논산 등 가드레일 정비
"2025년 논산국토 관내(서천 장항 원수) 배수펌프시설 설치공사(기계, 설비)",논산국토 서천 배수펌프시설 설치
2025년 논산국토 관내(서천 판교 저산 등 7개소) 시설물 보수공사,논산국토 서천 등 시설물 보수
2025년 논산국토 관내(서천 판교 저산 등 7개소) 시설물 보수공사 폐기물처리용역,논산국토 서천 시설물 보수 폐기물처리
2025년 논산국토 관내(세종 서창사거리 외 13개소) 안전시설물 설치공사,논산국토 세종 등 안전시설물 설치
2025년 논산국토 관내(세종 소정 운당 등 33개소) 시설물 보수공사,논산국토 세종 등 시설물 보수
2025년 논산국토 관내(세종 소정 운당 등 33개소) 시설물 보수공사 폐기물처리용역,논산국토 세종 시설물 보수 폐기물처리
2025년 논산국토 관내(세종 조치원 신안 등 5개소) 도로시설 정비공사(전기),논산국토 세종 등 도로시설 정비(전기)
"2025년 논산국토 관내(세종, 천안) 가드레일 교체공사",논산국토 세종·천안 가드레일 교체
2025년 논산국토 금산권역 도로포장 보수공사 폐기물처리용역,논산국토 금산권역 도로포장 폐기물처리
2025년 논산국토 논산권역 도로포장 보수공사 폐기물처리용역,논산국토 논산권역 도로포장 폐기물처리
"2025년 논산국토 부여, 청양권역 도로포장 보수공사 폐기물처리용역",논산국토 부여·청양권역 도로포장 폐기물
2025년 논산국토 부여4권역 도로포장 보수공사 폐기물처리용역,논산국토 부여4권역 도로포장 폐기물처리
"2025년 논산국토 서천, 부여, 청양권역 도로포장 보수공사",논산국토 서천·부여·청양권역 도로포장
"2025년 논산국토 서천, 부여, 청양권역 도로포장 보수공사 폐기물처리용역",논산국토 서천·부여 도로포장 폐기물처리
2025년 논산국토 세종1권역 도로포장 보수공사 폐기물처리용역,논산국토 세종1권역 도로포장 폐기물처리
2025년 논산국토 세종2권역 도로포장 보수공사 폐기물처리용역,논산국토 세종2권역 도로포장 폐기물처리
2025년 논산국토 세종3권역 도로포장 보수공사 폐기물처리용역,논산국토 세종3권역 도로포장 폐기물처리
"2025년 논산국토 청양, 논산권역 도로포장 보수공사 폐기물처리용역",논산국토 청양·논산권역 도로포장 폐기물
"2025년 논산국토 청양, 부여권역 도로포장 보수공사 폐기물처리용역",논산국토 청양·부여권역 도로포장 폐기물
2025년 놀이기반 세금교육 교구 제작 발송 용역 조달계약 체결 의뢰,놀이기반 세금교육 교구 제작·발송
2025년 농기계 순회수리 교육용 부품 구입 소액수의 견적제출 안내 공고,농기계 순회수리 교육용 부품 구입
2025년 농기계 임대사업 운영장비 구입 소액수의 견적제출 안내공고,농기계 임대사업 운영장비 구입
2025년 농기계 임대사업 임대농기계(모어컨디셔너) 구입,농기계 임대사업 모어컨디셔너 구입
"2025년 농기계 장기임대사업 임대농기계 구입(3차, 드론)",농기계 장기임대 드론 구입(3차)
2025년 농기계대여은행 임대사업용 농기계 구입  (양파 일관 선별기(중형) 외 2건),농기계대여은행 양파 선별기 등 구입
2025년 농기계대여은행 임대사업용 농기계 구입 (농업용 휠 로우더 외 2건),농기계대여은행 휠로우더 등 구입
2025년 농기계대여은행 임대사업용 농기계 구입 (마늘 쪽 분리기),농기계대여은행 마늘 쪽 분리기 구입
2025년 농기계대여은행 임대사업용 농기계 구입 (붐스프레이어(승용)),농기계대여은행 붐스프레이어 구입
2025년 농기계임대사업 운영 임대용 농기계 보험가입 용역,농기계임대사업 임대용 농기계 보험가입
2025년 농기계임대사업 운영 임대용 농기계 보험가입 용역(긴급),농기계임대사업 임대용 농기계 보험가입(긴급)
"2025년 농기계임대사업 장기임대 승용이앙기 구입(6조 승용이앙기, 죽산농협)",농기계임대 승용이앙기 구입(6조)
"2025년 농기계임대사업 장기임대 승용이앙기 구입(8조 승용이앙기, 대덕농협)",농기계임대 승용이앙기 구입
2025년 농기계임대사업소 농기계(트랙터 부착용 구굴기) 구입,농기계임대 구굴기 구입
2025년 농기계임대사업소 운영에 따른 임대농기계 보험가입 전자입찰 공고,임대농기계 보험가입
2025년 농기계임대사업소 임대농업기계 농기계종합보험 가입,임대농기계 종합보험 가입
2025년 농기계임대사업소 임대사업 농업기계 구입(스피드스프레이어),임대 스피드스프레이어 구입
2025년 농림지 과수 돌발해충 방제용 작물보호제(농약) 구입(긴급),과수 돌발해충 방제 농약 구입
2025년 농림축산검역본부 WOAH 질병진단·항생제 내성 워크숍 용역,WOAH 질병진단·항생제내성 워크숍
2025년 농산물 가공 상품개발 리빙랩(Living Lab) 프로젝트 용역(변경공고),농산물 가공 상품개발 리빙랩
2025년 농산물 가공제품 개발 용역 전자수의견적 제출 안내 공고,농산물 가공제품 개발
2025년 농생명 슈퍼컴퓨팅센터 시스템 유지관리 용역 계약,농생명 슈퍼컴퓨팅센터 유지관리
2025년 농식품 소비자 패널조사 자료입력 및 분석 용역,농식품 소비자 패널조사 분석
2025년 농식품 융복합 가공기술 개발용 시약 및 물품 구입,농식품 가공기술 시약·물품 구입
2025년 농식품공무원교육원 생활관 등 침구류 세탁 용역,교육원 생활관 침구류 세탁
2025년 농업기계 등화장치 부착지원사업 관련 등화장치 구입,농업기계 등화장치 구입
2025년 농업기계 임대사업 운영 임대농기계(파종기) 구입(수의시담),임대 파종기 구입
2025년 농업기계 임대사업소 농업기계 구입 소액수의견적 공고,임대 농업기계 구입
2025년 농업기계임대사업 농기계 관리장비 구입(지게차)(수의시담),농기계 관리 지게차 구입
2025년 농업기술원 농업기계 기계화 영농사반 실습용 공구 구입,영농사반 실습 공구 구입
2025년 농업미생물 배양을 위한 동물성아미노산 구입 변경공고,농업미생물 동물성아미노산 구입
2025년 농업용중장비 면허취득 위탁교육 용역 소액수의 견적 제출안내공고,농업용중장비 면허취득 위탁교육
2025년 농업유용미생물 배양센터건립 장비 열수세척장치 제작설치,미생물배양센터 열수세척장치 설치
2025년 농업유용미생물 배양센터건립 장비 포장기 구매(긴급),미생물배양센터 포장기 구매
2025년 농업인 안전실천 역량강화 지원사업 소모품 구매,농업인 안전실천 소모품 구매
2025년 농업인교육훈련 만족도 및 학습유용성 조사 용역,농업인교육 만족도 조사
2025년 농업환경보전프로그램사업(4년차) 운영관리 용역,농업환경보전프로그램 운영관리
2025년 농외 소득창출형 농작업 대행 사업용 장비 구입,농작업 대행 장비 구입
2025년 농작물 병해충 공공방제 약제 구입 소액 수의견적 ,농작물 병해충 방제약제 구입
2025년 농작물 병해충 방제약제(탄저병) 구매 소액수의 견적제출 공고,병해충 탄저병 방제약제 구매
2025년 농작물 병해충(돌발해충) 긴급방제 약제 구입 공고,돌발해충 긴급방제 약제 구입
2025년 농작물 병해충(씨스트선충) 방제약제(비훈증제) 2차구입(수의시담),씨스트선충 방제약제 구입
2025년 농작물 병해충(토마토뿔나방) 방제약제(물품) 구입,토마토뿔나방 방제약제 구입
2025년 농작물병해충 공공 방제비 지원사업 방제약제 구입,병해충 공공방제 약제 구입
2025년 농작물병해충 방제비지원(과수세균병) 약제 구입,과수세균병 방제약제 구입
2025년 농장에서 교실로 찾아가는 다회차 농촌체험프로그램 개발,찾아가는 농촌체험프로그램 개발
2025년 농촌관광 경쟁력 제고사업 숙박시설 조성 공사 공고(민간입찰대행),농촌관광 숙박시설 조성 공사
2025년 농촌인력중개센터·농촌인력지원센터 차량 임차 용역,농촌인력중개센터 차량 임차
2025년 농촌자원복합산업화(농축산물제조가공지원 차량차체용적재함)-입찰대행,농축산물 가공 적재함 차량
2025년 농촌지도기반 조성 과채주스 제조장비(공압착즙기) 구입,과채주스 제조 공압착즙기 구입
2025년 농촌진흥청 성과관리 전략계획 개선을 위한 연구용역,농촌진흥청 성과관리 전략계획 연구
"2025년 농특산물 유통포장재 지원사업(블루베리-용기, 종이박스)",블루베리 유통포장재 지원
2025년 뉴미디어 통일교육 영상 및 종합홍보 콘텐츠 개발 사업,뉴미디어 통일교육 영상 콘텐츠
2025년 다도해서부 소규모 낙도지역 자가회복시설 기초 및 설치공사,낙도 자가회복시설 설치공사
2025년 다도해서부 시목야영장  공원시설 전면개선사업(통신),시목야영장 전면개선(통신)
2025년 다도해서부 시목야영장 공원시설 전면개선사업(건축),시목야영장 전면개선(건축)
2025년 다도해서부 시목야영장 공원시설 전면개선사업(소방),시목야영장 전면개선(소방)
2025년 다도해서부 시목야영장 공원시설 전면개선사업(전기),시목야영장 전면개선(전기)
2025년 다도해해상 거문도(고도) 탐방로 공원계획 변경 용역,거문도 탐방로 공원계획 변경
2025년 다도해해상 거문도(고도) 탐방로 입지적정성 평가 용역,거문도 탐방로 입지적정성 평가
2025년 다도해해상 고흥권역 해초류 복원지 사후관리 용역,고흥권역 해초류 복원지 사후관리
"2025년 다도해해상 국립공원 301, 304호 선박 유류 구매",국립공원 301·304호 유류 구매
2025년 다도해해상 국립공원 301호 정기검사 대비 기관수리 용역,301호 정기검사 기관수리
2025년 다도해해상 국립공원 301호 정기검사 대비 선체정비 용역,301호 정기검사 선체정비
"2025년 다도해해상 국립공원 301호, 304호 선박 유류 구매",301·304호 선박 유류 구매
2025년 다도해해상 동고지명품마을 공유숙박시설 보수공사,동고지명품마을 숙박시설 보수
2025년 다도해해상 동고지명품마을 오수처리시설 및 토목공사,동고지마을 오수처리·토목공사
2025년 다도해해상 동고지명품마을 오수처리시설 실시설계용역,동고지마을 오수처리 실시설계
2025년 다도해해상 상서명품마을 태양광발전장치 지원사업,상서명품마을 태양광발전장치
2025년 다도해해상 염포야영장 전면개선사업 건축토목감리 용역,염포야영장 개선 건축토목감리
2025년 다도해해상 자매공원 체결 기념 기획전시 조형물 구매,자매공원 기념 기획전시 조형물
2025년 다도해해상 탐방안내소 국립공원숍 관련 미디어 제작 및 설치,탐방안내소 국립공원숍 미디어 제작
2025년 다도해해상서부 홍도1구 탐방로 호우피해 복구 정비공사,홍도1구 탐방로 호우피해 복구
2025년 다목적 사방댐 시설사업 시공감리용역 지명경쟁입찰 공고 ,다목적 사방댐 시공감리
2025년 다수공급자계약(MAS) 물품 등 규격표준화 위탁사업 용역,MAS 물품 규격표준화 위탁
2025년 다중이용업소 화재위험평가 및 법 적용의 문제점 개선을 위한 연구용역,다중이용업소 화재위험평가 연구
2025년 단감 미국선녀벌레(돌발외래해충) 방제약제 구입,단감 미국선녀벌레 방제약제 구입
2025년 단기임대농업기계(자주식베일러/목초결속기) 구입,단기임대 자주식베일러 구입
2025년 단순처리 농·수산물 생산업체 자율점검 시범운영 용역,단순처리 농수산물 자율점검 운영
2025년 단행자료 디지털화 및 지식정보자원 공유기반 구축 사업,단행자료 디지털화 공유기반 구축
"2025년 대검찰청 가상자산 추적 및 분석 도구 구매(Chainalysis Reactor Platinum, Silver)",대검찰청 가상자산 추적도구 구매
2025년 대검찰청 디지털수사망 서버군 보호용 백신 라이선스 갱신 구매,디지털수사망 서버 백신 갱신
2025년 대구강북경찰서어린이집 식자재 납품업체 선정입찰공고,강북경찰서어린이집 식자재 납품
2025년 대구경찰어린이집 식자재 납품업체 선청 입찰 공고,대구경찰어린이집 식자재 납품
2025년 대구과학수사연구소 독성화학과 감정장비(열분해분석기) 구매,과수연 열분해분석기 구매
2025년 대구국토 관내 비탈면 모니터링 시스템 구축 용역,대구 비탈면 모니터링 구축
2025년 대구국토 남부권역 재해예방 기술지도용역(건설분야),대구 남부권역 재해예방 기술지도
2025년 대구국토 북부권역 재해예방 기술지도용역(건설분야),대구 북부권역 재해예방 기술지도
2025년 대구동부경찰서어린이집 식사재납품 업체선정 입찰공고,동부경찰서어린이집 식자재 납품
2025년 대전과학수사연구소 분석화학실 감정시약 및 재료 구매,대전 분석화학실 감정시약 구매
2025년 대전과학수사연구소 약독물실 감정 시약 및 재료 구매,대전 약독물실 감정시약 구매
2025년 대전교도소 논산지소 김치류(8종) 구매 입찰 공고,논산지소 김치류 구매
2025년 대전교도소 논산지소 수용자 자비부담 도서구매 입찰 공고,논산지소 자비부담 도서구매
2025년 대전우편집중국 천안권역 통근버스 임차 용역 (4월~12월),천안권역 통근버스 임차
2025년 대통령기록관 전자기록물 디지털 보존처리 재료 및 장치 구매 ,전자기록물 디지털 보존처리 재료
2025년 대표 홈페이지 대구센터 이전 및 클라우드 전환,대표홈페이지 대구센터 이전·클라우드
2025년 대학생을 위한 통일 특강 및 강좌 지원사업 위탁 용역,대학생 통일 특강 지원 위탁
2025년 대한민국 역사박물관 소식지 역사공감 발간 및 배포 용역,역사박물관 소식지 발간·배포
2025년 대형함정 오수배관 자동 세척펌프 설치수리 단가계약,대형함정 오수배관 세척펌프 단가
2025년 대화경찰 등 공공갈등 교육.평가 및  그 효과성  분석  연구,대화경찰 공공갈등 교육·효과 연구
2025년 덕명마을만들기 지역역량강화사업 용역 견적제출 공고,덕명마을만들기 역량강화
2025년 데크로드(유명산) 및 야영장 안전시설물(화천) 개선공사,데크로드·야영장 안전시설 개선
2025년 도로안전 및 환경개선 사업 재해예방 기술지도용역,도로안전 환경개선 재해예방 지도
2025년 도시농업 기술지원 그린힐링오피스 조성기관 유지관리 용역,그린힐링오피스 유지관리
2025년 도시의 지속가능성 및 생활인프라 수준평가 연구,도시 지속가능성 생활인프라 평가
2025년 도시재생사업 마을관리 사회적협동조합 육성·지원 위탁용역,도시재생 마을관리 협동조합 지원
2025년 도원 명품마을 생활환경 개선을 위한 벽화 조성사업,도원마을 환경개선 벽화 조성
2025년 도지배수펌프장 전기안전 및 운영관리 위탁용역 공고,도지배수펌프장 전기안전 위탁
2025년 독성학과 시험연구과제 시약 및 재료(52종) 구매,독성학과 시약·재료 구매
2025년 독성화학과 분석화학실 감정장비 구매(가스크로마토그래피자동주입기),독성화학과 GC 자동주입기 구매
2025년 독성화학과 분석화학실 장비구매(적외선분광광도계(FTIR)),독성화학과 적외선분광광도계 구매
2025년 독성화학과 약독물실 감정장비 구매(가스크로마토그래피 질량분석기),독성화학과 GC-MS 구매
2025년 동두천경찰서어린이집 식자재납품업체 선정 입찰공고,동두천경찰서어린이집 식자재 납품
2025년 동물실험시설 등 맞춤형 현장 교육 및 현황조사,동물실험시설 맞춤형 교육·현황조사
2025년 동서트레일 안내소 신축공사(건축·설비) 제한경쟁 입찰공고,동서트레일 안내소 신축(건축·설비)
2025년 동서트레일(47구간)안내소 신축공사 실시설계 용역,동서트레일 안내소 신축 실시설계
2025년 동아 폐석면광산 주변지역의 사후 환경오염영향조사 용역사업,동아 폐석면광산 환경오염 조사
2025년 동해수산연구소 수산과학조사선 운항용 유류구매 단가계약,조사선 운항용 유류 단가계약
2025년 동해지방해양경찰청 경비함정 신형레이더(SSPA) 구매·교체 설치,경비함정 신형레이더 교체 설치
2025년 동해지방해양경찰청 카모프헬기 정비용역(인시단가) 계약,카모프헬기 정비
2025년 동해지방해양경찰청 항공유(JET A-1) 공급 단가계약,항공유 공급 단가계약
2025년 동해청 VTS 주요정보통신기반시설 취약점 분석·평가 용역,VTS 정보통신기반시설 취약점 평가
2025년 동해항 항만시설물 정밀안전진단(점검) 및 성능평가용역,동해항 항만시설 안전진단·성능평가
2025년 동행매력 학교정원 프로그램 운영 상반기 모종(종자) 구매,학교정원 상반기 모종 구매
2025년 동행매력 학교정원 프로그램 운영 텃밭 매뉴얼 책자 제작,학교정원 텃밭 매뉴얼 제작
2025년 동행매력 학교정원 프로그램 운영 하반기 모종(종자) 구매,학교정원 하반기 모종 구매
2025년 드론 정보통합시스템 운영 및 유지관리 업무 위탁,드론 정보통합시스템 유지관리 위탁
2025년 드론･AI를 활용한 수질오염감시 및 공간분석 용역,드론·AI 수질오염감시 공간분석
2025년 디지털 트윈국토 서비스 기반 구축(4차) 감리,디지털트윈국토 기반구축 감리
2025년 디지털 트윈국토 서비스 기반 구축(4차) 사업 감리,디지털트윈국토 기반구축 감리
2025년 디지털과 감정장비(딥페이크 탐지 솔루션) 구매,디지털과 딥페이크 탐지솔루션 구매
2025년 디지털과 감정장비(비파괴 광학 분석장비) 구매,디지털과 비파괴 광학분석장비 구매
2025년 디지털과 감정장비(화질개선 및 분석솔루션) 구매,디지털과 화질개선 분석솔루션 구매
2025년 디지털과 신규 감정장비(영상 위변조 검증 및 분석 솔루션) 구매,디지털과 영상위변조 검증솔루션 구매
2025년 디지털의료제품 인증업무등 대행기관 운영에 관한 업무 위·수탁,디지털의료제품 인증 대행기관 위탁
2025년 디지털화 원문(현대자료)AI 텍스트 데이터 구축 사업,디지털화 원문 AI 텍스트 구축
2025년 디지털화 원문(현대자료)AI 텍스트 데이터 구축 사업 감리,디지털화 원문 AI 텍스트 구축 감리
2025년 땅밀림 계측장비 유지관리 및 모니터링_땅밀림 계측장비 보수(전북 완주군),땅밀림 계측장비 유지관리·보수
2025년 마늘 전 과정 기계화 재배 시범사업 농기계 구입 입찰공고(입찰대행),마늘 기계화 농기계 구입
"2025년 마늘,양파기계화 우수모델 육성사업 임대농기계 구입",마늘·양파 기계화 임대농기계 구입
2025년 마산만 특별관리해역 연안오염총량관리 시행 연구,마산만 연안오염총량관리 연구
2025년 마산지방해양수산청 소속 관공선(4척) 선박보험,마산청 관공선 4척 선박보험
2025년 마산청 건설공사 재해예방 기술지도용역(단가계약),마산청 건설공사 재해예방 지도
2025년 마산항 항만시설물 정밀안전점검 용역(가격입찰),마산항 항만시설 정밀안전점검
2025년 만인의총역사문화관 교육프로그램 개발ㆍ운영 용역,만인의총역사문화관 교육프로그램
2025년 메타버스 기반 독서토론 프로그램 개발 및 보급,메타버스 독서토론 프로그램 개발
2025년 면역검사 자동분석기 무상임대 조건부 검사시약 구매,면역검사 자동분석기 검사시약 구매
2025년 명품사과재배단지조성 시범 친환경 해충방제 물품 구입[입찰대행] (변경공고),명품사과단지 친환경 해충방제 물품
2025년 명품사과재배단지조성 칼리질비료(황산가리) 구매 입찰공고[입찰대행],명품사과단지 칼리질비료 구매
2025년 모바일 암호해독 장비 라이선스 갱신 및 도구 구매,모바일 암호해독 장비 갱신·구매
2025년 목포경찰서 정보화장비 유지보수 용역 입찰 공고,목포경찰서 정보화장비 유지보수
2025년 목포경찰서 지구대 및 파출소 청소용역 입찰 공고 ,목포경찰서 지구대·파출소 청소
2025년 목포항 및 흑산도항 부잔교시설 등 유지보수 공사,목포항·흑산도항 부잔교 유지보수
2025년 목포항 및 흑산도항 항만시설물 및 건설현장 안전컨설팅용역,목포항·흑산도항 안전컨설팅
2025년 목포해양경찰서 경비함정 통풍구 공기정화장치 설치 용역,경비함정 통풍구 공기정화장치 설치
2025년 무등산 문화유산지구 정비공사 관급자재(아스콘) 구매,무등산 문화유산지구 아스콘 구매
2025년 무등산 평두메습지 집중호우 재해복구(조경) 공사,무등산 평두메습지 재해복구(조경)
2025년 무등산 평두메습지 집중호우 재해복구(토목) 공사,무등산 평두메습지 재해복구(토목)
2025년 무등산국립공원 훼손탐방로 정비공사 실시설계용역,무등산 훼손탐방로 정비 실시설계
2025년 무등산동부 너와나목장 훼손지 복원공사 폐기물 처리 용역,너와나목장 복원 폐기물 처리
2025년 무등산동부 너와나목장 훼손지 복원사업 기본 및 실시설계 용역,너와나목장 복원 기본·실시설계
2025년 무등산동부 소생태계(수달서식처)제작 및 구매설치,무등산 수달서식처 제작·설치
2025년 무등산동부 훼손탐방로 정비공사 관급자재(목재교량 방부목) 구매,훼손탐방로 목재교량 방부목 구매
2025년 무등산동부 훼손탐방로 정비공사 관급자재(방부각재)구매,훼손탐방로 방부각재 구매
2025년 무등산생태문화공원 조성사업 공원조성계획 결정(변경) 용역,무등산생태문화공원 조성계획 변경
2025년 무등산생태탐방원 지열순환 심정 모터펌프 구매 및 교체,생태탐방원 지열 모터펌프 교체
2025년 무인도서 정보관리시스템 유지관리 및 DB 현행화,무인도서 정보관리시스템 유지관리
2025년 무인민원발급창구 발급용지(복사방해용지) 단가계약,무인민원발급 복사방해용지 단가
2025년 무정전전원장치(UPS) 유지보수 용역(견적입찰),무정전전원장치 유지보수
2025년 무형유산 창의공방 작품 및 제작과정 사진 촬영 용역,무형유산 창의공방 작품 촬영
2025년 무형유산 책마루 작은전시 디자인 및 보조물 제작,무형유산 책마루 작은전시 제작
2025년 문경우체국 소포우편물 지역배송업체 위탁배달 용역계약,문경우체국 소포 위탁배달
2025년 문화공간활용 사업 궁궐풍류 공연 운영 계약 요청,궁궐풍류 공연 운영
2025년 문화예술자료 디지털화 및 지식정보자원 공유기반 구축 사업,문화예술자료 디지털화 공유기반 구축
2025년 문화유산 분석DB 및 시료관리 시스템 유지보수,문화유산 분석DB·시료관리 유지보수
2025년 문화유산 조사지원 공간 정보 구축 및 시스템개선 용역,문화유산 조사지원 공간정보 구축
2025년 문화체육관광 사이버안전센터 보안관제시스템 확충,문체부 사이버안전센터 보안관제 확충
2025년 미래내일일경험사업 모니터링 지원센터 모집 공고,미래내일일경험 모니터링센터 모집
2025년 미래도시지원센터 운영 및 통합정보포털 구축 위탁,미래도시지원센터 운영 포털 구축
2025년 민간상가 수리함정 MGPS(해양생물부착방지장치) 교체수리 단가계약,수리함정 MGPS 교체수리 단가
2025년 민간위탁 전문교육(첨단안보 수사기법 대응과정),민간위탁 첨단안보 수사기법 교육
2025년 민간주도 첨단산업 기반조성을 위한 포럼총회 운영 용역,첨단산업 기반조성 포럼총회 운영
2025년 민간주도형 거버넌스 실천사업 계단식밭 조성사업,거버넌스 실천 계단식밭 조성
2025년 민간주도형 거버넌스 실천사업 고랑댐매트 보급·설치사업,거버넌스 실천 고랑댐매트 보급
2025년 민간주도형 거버넌스 실천사업 밭두렁식생대 조성사업,거버넌스 실천 밭두렁식생대 조성
2025년 민감채소 수급안정 생산기술 시범사업 농기계 구입(민간입찰대행),민감채소 수급안정 농기계 구입
"2025년 민감채소 수급안정 생산기술 시범사업 농기계 구입(양파정식기 외 2종, 민간입찰대행)",민감채소 양파정식기 등 구입
2025년 민감채소 수급안정 생산기술 시범사업 생력화 농기구 구매,민감채소 생력화 농기구 구매
2025년 민관합동 건설투자사업(PF) 조정위원회 운영지원 용역,민관합동 건설투자 PF 조정위 운영
2025년 민주화운동기념관 시민참여프로그램 민주인권 영화제,민주화운동기념관 민주인권 영화제
"2025년 민주화운동기념관 어린이, 가족 교육프로그램 개발",민주화운동기념관 어린이 교육개발
2025년 민주화운동기념관 영상콘텐츠 제작 및 유튜브 활성화 사업,민주화운동기념관 영상콘텐츠 제작
"2025년 민주화운동기념관 전시, 교류프로그램 개발 및 운영",민주화운동기념관 전시·교류프로그램
"2025년 민주화운동기념사업회 소장 사료 복원, 복제본 제작",민주화운동 소장사료 복원·복제
"2025년 민주화운동사전 기초항목 조사, 원고 감수 윤문 및 연계자료 구축 연구용역(2차)",민주화운동사전 기초항목 조사 연구
2025년 밀가루 대체 가공용 쌀 원료곡 생산단지 육성 시범사업 농기계 구입(입찰대행),가공용 쌀 생산단지 농기계 구입
2025년 밀양구치소 급식용 식자재(축산물) 구매 입찰 공고,밀양구치소 급식 축산물 구매
2025년 발전기관(CUMMINS 6BT) 실린더블록 재생수리 단가계약,발전기관 실린더블록 재생수리 단가
2025년 방문자센터 교육공간 조성 리모델링 공사(전기),방문자센터 교육공간 리모델링(전기)
"2025년 방문자센터 교육공간 조성 리모델링공사(건축, 기계설비)",방문자센터 교육공간 리모델링(건축)
2025년 밭농업기계화우수모델육성사업 마늘전용 장기임대 농기계 구입,밭농업 마늘전용 임대농기계 구입
2025년 밭작물 생산재배단지 기반조성사업 농기계 구입[민간입찰대행],밭작물 생산단지 농기계 구입
2025년 백두대간 등산로(영취산-육십령) 정비사업 제한경쟁 입찰 공고,백두대간 등산로 정비
2025년 백업센터 출입통제시스템 및 CCTV 유지보수 용역,백업센터 출입통제·CCTV 유지보수
2025년 버스정보안내기 구매(송도국제도시)-버스정보안내기,버스정보안내기 구매
2025년 범정부 디지털 정책소통 효과 측정 및 분석 용역 계약 요청,범정부 디지털 정책소통 효과 분석
2025년 벼 디지털 영농기술 재배단지 조성 시범사업 농기계 구입 (입찰대행),벼 디지털영농 재배단지 농기계 구입
2025년 벼 소식재배  기술보급 시범사업 농기계 구입 입찰 공고,벼 소식재배 농기계 구입
2025년 벼 수요자 참여 개발품종 조기확산 시범사업 농기계 구입(입찰대행),벼 개발품종 조기확산 농기계 구입
2025년 벼 저탄소 농업기술 실천 시범사업 농업용 그레이더 구입(민간입찰대행),벼 저탄소 농업용 그레이더 구입
2025년 벼 직파재배 확대 기술지원사업 물품구입(농업용그레이더)(민간보조 입찰대행),벼 직파재배 농업용그레이더 구입
2025년 변산반도국립공원 고사포야영장 야간안전관리 용역,고사포야영장 야간안전관리
2025년 별관 그린리모델링 기계관급자재 GHP실외기 2종,별관 그린리모델링 GHP실외기 2종
2025년 병력동원훈련소집 부산지역 병력수송 차량 임차용역 계약,병력동원훈련 부산 병력수송차량 임차
2025년 병력동원훈련소집 울산지역 병력수송 차량 임차용역 계약,병력동원훈련 울산 병력수송차량 임차
2025년 병목지점개선 재해예방 건설엔지니어링(기술지도),병목지점개선 재해예방 건설엔지니어링
2025년 병무청 병역(입영)판정검사 대상자 수검복 구매 긴급공고(규격가격동시),병역판정검사 대상자 수검복 구매
2025년 병역(입영)판정검사 대상자 수검복 세탁용역 계약,병역판정검사 수검복 세탁
2025년 병역(입영)판정검사대상자 수검복 세탁 용역 계약,병역판정검사 수검복 세탁
2025년 보건복지부 유튜브 채널 운영 및 영상 콘텐츠 제작,보건복지부 유튜브 채널 운영·영상 제작
2025년 보고서·논문 표절검사서비스 연간 이용 라이선스 구매,보고서·논문 표절검사 라이선스 구매
2025년 보은국토 관내 남부권역 비점오염저감시설 유지관리용역,보은국토 남부권역 비점오염저감시설 유지관리
2025년 보은국토 관내 북부권역 비점오염저감시설 유지관리용역,보은국토 북부권역 비점오염저감시설 유지관리
2025년 보은국토 관내 비탈면 모니터링 시스템 구축 용역,보은국토 비탈면 모니터링 시스템 구축
2025년 보은국토 관내 시설물 보수 및 개량공사 실시설계 건설에니진어링사업,보은국토 시설물 보수·개량 실시설계
2025년 보장구센터 산업혁신 기반구축 사업  (3D 인체동작 계측시스템) 연구장비 구매,보장구센터 3D 인체동작 계측시스템 구매
2025년 보장구센터 욕창예방방석(리버텍) 등 3종 구매,보장구센터 욕창예방방석 등 3종 구매
2025년 보조기기 등록제(상반기) 접수 제품 원가계산 용역,보조기기 등록제 상반기 원가계산
2025년 보조기기 등록제(하반기) 접수 제품 원가계산 용역,보조기기 등록제 하반기 원가계산
2025년 보호구역 내 산불피해지 산림생태복원사업(기번2),보호구역 산불피해지 산림생태복원
2025년 본청 함정 주요장비 예비품(INTERCOOLER) 구매(특수조건 필독),본청 함정 예비품 INTERCOOLER 구매
2025년 본청 함정 주요장비 예비품(OIL COOLER CORE) 구매(특수조건 필독),본청 함정 예비품 OIL COOLER CORE 구매
2025년 본청 함정 주요장비 예비품(OIL COOLER) 구매(특수조건 필독),본청 함정 예비품 OIL COOLER 구매
2025년 봄철 나무심기용 묘목 구입(편백) 긴급 입찰 공고,봄철 나무심기용 편백 묘목 구입
2025년 봄철 묘목 구입 제한경쟁 긴급 입찰 공고(2차),봄철 묘목 구입 제한경쟁 입찰
2025년 부동산 중개대상물 표시·광고 모니터링(거래완료),부동산 중개대상물 표시·광고 모니터링
2025년 부론면 다목적 공동 복합저장유통센터 설치사업 실시설계용역,부론면 복합저장유통센터 실시설계
2025년 부산 동매산 도시숲 조성사업 제한경쟁 입찰공고,부산 동매산 도시숲 조성
"2025년 부산경찰철 산하 경찰서(해운대, 수영) IP교환기 교체 사업",부산경찰 해운대·수영서 IP교환기 교체
2025년 부산과학수사연구소 독성화학과 장비구매(가스크로마토그라피-질량분석기),부산과수연 가스크로마토그라피-질량분석기 구매
2025년 부산보훈병원 급식재료(공산품) 연간 단가계약(긴급),부산보훈병원 급식재료 공산품 단가계약
2025년 부산보훈병원 급식재료(백미)연간 단가계약 수의시담,부산보훈병원 급식재료 백미 단가계약
2025년 부산보훈병원 급식재료(세제류) 8종 연간 단가계약,부산보훈병원 급식 세제류 8종 단가계약
2025년 부산보훈병원 급식재료(세제류) 8종 연간 단가계약 2차 (긴급),부산보훈병원 급식 세제류 8종 단가계약 2차
2025년 부산보훈병원 급식재료(세제류) 8종 연간 단가계약 3차(긴급),부산보훈병원 급식 세제류 8종 단가계약 3차
2025년 부산보훈병원 급식재료(세제류) 8종 연간 단가계약 전자 수의시담,부산보훈병원 급식 세제류 8종 단가계약
2025년 부산보훈병원 사업장(생활계)폐기물 위탁처리용역 연간 계약(긴급),부산보훈병원 사업장폐기물 위탁처리
2025년 부산보훈병원 심혈관(Angio)재료 연간 계약 -ONYX FRONTIER 등 1종-1개군 ,부산보훈병원 심혈관재료 ONYX 등 1종
2025년 부산보훈병원 심혈관(Angio)재료 연간 계약 -ONYX FRONTIER 등 1종-1군 ,부산보훈병원 심혈관재료 ONYX 등 1종
2025년 부산보훈병원 심혈관(Angio)재료 연간 계약-ACROSS HP & GRIP & GRIP TT 등 5종-4개군 ,부산보훈병원 심혈관재료 5종 4군
2025년 부산보훈병원 심혈관(Angio)재료 연간 계약-High pressure injection line 30(DeRoyal) 등 2종 /2군 ,부산보훈병원 심혈관재료 2종 2군
2025년 부산보훈병원 약국재료(내복약봉투등18종) 단가계약,부산보훈병원 약국재료 18종 단가계약
2025년 부산보훈병원 유제품(우유등 3종) 연간 단가계약(긴급),부산보훈병원 유제품 우유 등 3종 단가계약
2025년 부산보훈병원 의료폐기물 위탁처리용역 연간계약(긴급),부산보훈병원 의료폐기물 위탁처리
2025년 부산보훈병원 자체구매 검사재료(5개군)연간 단가계약 입찰,부산보훈병원 검사재료 5군 단가계약
2025년 부산보훈병원 자체구매 수술재료  연간 단가계약 (10개군-고시금액 미만),부산보훈병원 수술재료 10군 단가계약
2025년 부산보훈병원 자체구매 수술재료 연간 단가계약(1개군-고시금액 이상),부산보훈병원 수술재료 1군 단가계약
2025년 부산보훈병원 자체구매 수술재료(1개군) 연간 단가계약 (긴급),부산보훈병원 수술재료 1군 단가계약
2025년 부산보훈병원 치과재료 연간 계약- 심스탁 등 ( 152 )종 ,부산보훈병원 치과재료 152종 연간계약
2025년 부산보훈병원 환자 (전동)침대  (Motor Driven Hospital Bed) 109 set 구입,부산보훈병원 전동침대 109set 구입
2025년 부산보훈병원 환자 (전동)침대  (Motor Driven Hospital Bed) 109 set 구입-2차,부산보훈병원 전동침대 109set 구입 2차
2025년 부산연안 특별관리해역 연안오염총량관리 시행 연구,부산연안 연안오염총량관리 시행 연구
2025년 부산지방국세청 세무관서 청사 안전요원 배치용역,부산지방국세청 청사 안전요원 배치
"2025년 부산지방우정청 국유재산 화재보험, 영업배상책임보험, 가스사고배상책임보험 일괄 가입",부산지방우정청 국유재산 보험 일괄가입
2025년 부산지방철도특별사법경찰대 청소용역사업 견적입찰 소액수의,부산철도특사경 청사 청소
2025년 부산청 관공선 유류구매(단가계약) 입찰 공고(단가계약),부산청 관공선 유류 단가계약
2025년 부산청 국도ITS(신경주역-상구IC) 구축공사,부산청 국도ITS 신경주역-상구IC 구축
2025년 부산청 국도ITS사업 재해예방 기술지도용역(정보통신분야),부산청 국도ITS 재해예방 기술지도
2025년 부산청 시관리 구간 국도ITS 자가망 구축공사,부산청 시관리 국도ITS 자가망 구축
2025년 부안군농업기술센터 임대농기계 구입 수의견적 제출 안내,부안군 임대농기계 구입
2025년 부여 부소산성 학술발굴조사 현황 디지털기록화 용역,부여 부소산성 발굴조사 디지털기록화
2025년 부존자원 활용 조사료 자급률 확대에 따른 기계 구입[민간입찰대행],부존자원 조사료 자급률 확대 기계 구입
2025년 부천오정경찰서어린이집 식자재 납품업체 선정 입찰공고,부천오정경찰서어린이집 식자재 납품업체 선정
2025년 북부지방산림청 작업환경측정용역 제한경쟁 입찰 공고,북부지방산림청 작업환경측정
2025년 북한산 탐방로 안전쉼터 신규 조성 및 정비 공사,북한산 탐방로 안전쉼터 조성·정비
2025년 북한산국립공원 훼손탐방로 정비공사 실시설계 용역,북한산국립공원 훼손탐방로 정비 실시설계
2025년 북한산국립공원사무소 보건관리자 업무 위탁 용역,북한산국립공원 보건관리자 업무 위탁
2025년 북한산국립공원사무소 안전관리자 업무 위탁 용역,북한산국립공원 안전관리자 업무 위탁
2025년 북한산도봉 원도봉3주차장 전면개선사업 폐기물처리 용역,북한산도봉 원도봉3주차장 폐기물처리
2025년 북한산도봉 탐방로 및 둘레길 정비 실시설계 용역,북한산도봉 탐방로·둘레길 정비 실시설계
2025년 북한산성 공원마을지구 옹벽(등) 토목공사 실시설계용역,북한산성 공원마을지구 옹벽 실시설계
2025년 북한산성지구 환경저해시설 철거 폐기물처리 용역,북한산성지구 환경저해시설 철거 폐기물처리
2025년 분당경찰서어린이집 식자재 납품 업체 선정 입찰공고,분당경찰서어린이집 식자재 납품업체 선정
2025년 비전자기록물 디지털화 및 기록물 이관/정리 사업,비전자기록물 디지털화·이관 정리
"2025년 비축용 보건 마스크 구매(KF94, 백색, 대형)",비축용 보건마스크 KF94 구매
"2025년 비행검사용 항공기(HL7778, HL7779) 항공보험",비행검사용 항공기 2대 항공보험
2025년 사계절 엽채류 양액재배단지 조성사업(입찰대행),사계절 엽채류 양액재배단지 조성
2025년 사과원 스마트 병해충 예찰을 위한 IT 해충트랩 구입,사과원 스마트 IT 해충트랩 구입
2025년 사방댐 보수사업(신리 산138) 시공감리용역(수의시담),사방댐 보수 신리 시공감리
2025년 사방댐 설치사업(오음) 건설재해예방 기술지도용역,사방댐 설치 오음 건설재해예방 기술지도
2025년 사방댐 설치사업(함양휴천금반) 제한경쟁 입찰공고,사방댐 설치 함양휴천금반 제한경쟁
2025년 사방댐 설치사업(함양휴천태관_1지구) 제한경쟁 입찰공고,사방댐 설치 함양휴천태관1지구 제한경쟁
2025년 사방댐 시설사업(기곡리 산170) 지명경쟁입찰 공고 ,사방댐 시설 기곡리 지명경쟁
2025년 사방댐 시설사업(하월산리 산42) 지명경쟁입찰 공고 ,사방댐 시설 하월산리 지명경쟁
2025년 사방사업(계류보전-백양) 제한경쟁 입찰 공고(긴급),사방 계류보전 백양 제한경쟁
2025년 사방사업(산지사방) 제한경쟁 입찰 공고(긴급),사방 산지사방 제한경쟁
2025년 사방사업(토석류방호책-읍내) 제한경쟁 입찰 공고(긴급),사방 토석류방호책 읍내 제한경쟁
"2025년 사업장 일반폐기물(폐합성수지, 폐합성고무 등) 처리용역",사업장 일반폐기물 폐합성수지 등 처리
2025년 사업장생활계폐기물(폐합성수지류 등) 위탁처리용역,사업장생활계폐기물 폐합성수지 위탁처리
2025년 사업장생활폐기물(폐합성수지류 등) 위탁처리용역,사업장생활폐기물 폐합성수지 위탁처리
2025년 사이버수사 전문가 양성교육과정 전문교육 위탁사업,사이버수사 전문가 양성교육 위탁
2025년 사찰림 복원을 위한  자생종식재 및 보호시설 설치 사업,사찰림 복원 자생종 식재·보호시설 설치
2025년 사회복무요원 교육 부산지역 수송차량 임차용역 계약,사회복무요원 교육 부산 수송차량 임차
2025년 사회복무요원 교육 울산지역 수송차량 임차용역 계약,사회복무요원 교육 울산 수송차량 임차
"2025년 사회복무요원 복무관리 책자 2종(매뉴얼, 규정집) 제작",사회복무요원 복무관리 책자 2종 제작
2025년 산림경영이음 및 산림탄소 MRV 정보시스템 운영 및 유지관리,산림경영이음·탄소MRV 시스템 유지관리
2025년 산림교육 운영사업(숲해설)_영양 제한경쟁 입찰 공고,산림교육 숲해설 영양 제한경쟁
2025년 산림교육 운영사업(숲해설)_영천 제한경쟁 입찰 공고,산림교육 숲해설 영천 제한경쟁
2025년 산림교육 운영사업(숲해설)_포항 제한경쟁 입찰 공고,산림교육 숲해설 포항 제한경쟁
2025년 산림교육 운영사업(숲해설업) 사업자 모집 공고[협상에 의한 계약],산림교육 숲해설업 사업자 모집
2025년 산림교육 운영사업(숲해설업) 사업자 모집 긴급 공고[협상에 의한 계약],산림교육 숲해설업 사업자 모집 긴급
2025년 산림교육 운영사업(유아숲교육)_영양 제한경쟁 입찰 공고,산림교육 유아숲교육 영양 제한경쟁
2025년 산림교육 운영사업(유아숲교육)_영천 제한경쟁 입찰 공고,산림교육 유아숲교육 영천 제한경쟁
2025년 산림교육 운영사업(유아숲교육)_포항 제한경쟁 입찰 공고,산림교육 유아숲교육 포항 제한경쟁
2025년 산림교육 운영사업(유아숲교육업) 긴급 입찰공고,산림교육 유아숲교육업 긴급 입찰
2025년 산림교육 운영사업(유아숲교육업) 사업자 모집 공고[협상에 의한 계약],산림교육 유아숲교육업 사업자 모집
2025년 산림교육 운영사업(유아숲교육업) 사업자 모집 긴급 공고[협상에 의한 계약],산림교육 유아숲교육업 사업자 모집 긴급
2025년 산림교육기반 확대를 위한 숲길체험 국민의식 실태조사,숲길체험 국민의식 실태조사
2025년 산림교육원 교육운영정보시스템(홈페이지) 운영 및 유지관리 용역,산림교육원 교육운영정보시스템 유지관리
2025년 산림바이오소재연구소 산림교육 운영사업(숲해설업),산림바이오소재연구소 숲해설업 운영
2025년 산림소득사업 사후관리 평가 및 산림버섯 등 임산물생산 자동화 방안 마련,산림소득사업 사후관리 평가·자동화 방안
2025년 산림유전자원보호구역 입간판 설치 및 정비사업 감리용역,산림유전자원보호구역 입간판 설치 감리
2025년 산림유전자원보호구역 탐방로 정비사업 실시설계용역,산림유전자원보호구역 탐방로 정비 실시설계
"2025년 산림토목(임도, 사방)사업 재해예방 기술지도용역",산림토목 임도·사방 재해예방 기술지도
"2025년 산림피해 복구사업(산청금서수철, 함양마천삼정)",산림피해 복구 산청금서수철 등
"2025년 산림피해 복구사업(산청금서수철, 함양마천삼정) 시공감리용역",산림피해 복구 산청금서수철 등 시공감리
"2025년 산림피해 복구사업(산청단성길리, 합천가야이천) 시공감리용역기타기술용역",산림피해 복구 산청단성길리 등 시공감리
"2025년 산림피해 복구사업(산청시천중태, 산청시천사리)",산림피해 복구 산청시천중태 등
"2025년 산림피해 복구사업(산청시천중태, 산청시천사리) 시공감리용역",산림피해 복구 산청시천중태 등 시공감리
"2025년 산림피해 복구사업(산청신동모례, 산청생초노은)",산림피해 복구 산청신동모례 등
"2025년 산림피해 복구사업(산청신등모례, 산청생초노은) 시공감리용역",산림피해 복구 산청신등모례 등 시공감리
2025년 산림피해 복구사업(하동옥종궁항 외2개소) 시공감리용역,산림피해 복구 하동옥종궁항 외2 시공감리
"2025년 산림피해 복구사업(함양휴천태관, 함양휴천금반)",산림피해 복구 함양휴천태관 등
"2025년 산림피해 복구사업(함양휴천태관, 함양휴천금반) 시공감리용역",산림피해 복구 함양휴천태관 등 시공감리
"2025년 산불소화시설 유지보수 점검 용역(양주, 서울)",산불소화시설 유지보수 점검 양주·서울
"2025년 산불소화시설 유지보수 점검 용역(파주, 연천)",산불소화시설 유지보수 점검 파주·연천
"2025년 산불진화 임도시설사업 실시설계 용역(기번1, 오목리 산21)",산불진화 임도시설 실시설계 오목리
2025년 산불진화임도 개설사업 (가야 성기 〜 묘산 안성지구）,산불진화임도 개설 가야성기-묘산안성
2025년 산불진화임도 설치사업(금천) 건설재해예방 기술지도용역,산불진화임도 설치 금천 재해예방 기술지도
2025년 산불진화임도 설치사업(남해삼동봉화1지구) 제한경쟁 입찰공고,산불진화임도 설치 남해삼동봉화1지구 제한경쟁
2025년 산불진화임도 설치사업(석교) 제한경쟁 입찰공고(긴급),산불진화임도 설치 석교 제한경쟁
2025년 산불진화임도 설치사업(순창구림안정) 제한경쟁 입찰공고,산불진화임도 설치 순창구림안정 제한경쟁
2025년 산불진화임도 설치사업(원달) 건설재해예방 기술지도용역,산불진화임도 설치 원달 재해예방 기술지도
2025년 산불진화임도 시설공사(기번10) 제한경쟁 입찰공고,산불진화임도 시설 기번10 제한경쟁
2025년 산불진화임도 시설공사(안정2) 제한경쟁 입찰 공고,산불진화임도 시설 안정2 제한경쟁
2025년 산불진화임도 시설사업(기번1_답곡) 제한경쟁 입찰(긴급)공고,산불진화임도 시설 답곡 제한경쟁
2025년 산불진화임도 시설사업(산양) 지명경쟁입찰 공고 ,산불진화임도 시설 산양 지명경쟁
2025년 산불진화임도 시설사업(상마읍) 제한경쟁입찰 공고 ,산불진화임도 시설 상마읍 제한경쟁
2025년 산불진화임도 시설사업(오목) 제한경쟁입찰 공고 ,산불진화임도 시설 오목 제한경쟁
2025년 산불진화임도(상마읍) 시공감리용역(상마읍리 산104)(수의시담),산불진화임도 상마읍 시공감리
2025년 산불피해지 위험목 제거사업 실시설계용역(기번1),산불피해지 위험목 제거 실시설계 기번1
2025년 산불피해지 위험목 제거사업 실시설계용역(기번2),산불피해지 위험목 제거 실시설계 기번2
2025년 산불피해지 위험목 제거사업 실시설계용역(기번3),산불피해지 위험목 제거 실시설계 기번3
2025년 산불피해지 위험목 제거사업 실시설계용역(기번4),산불피해지 위험목 제거 실시설계 기번4
2025년 산사태 발생우려지역 실태조사 (지정·해제) 용역,산사태 발생우려지역 실태조사
2025년 산지사방사업(가곡면 동활리 산44) 지명경쟁입찰 공고 ,산지사방 가곡면 동활리 지명경쟁
2025년 산지사방사업(가곡면 동활리 산44) 지명경쟁입찰 공고(2차),산지사방 가곡면 동활리 지명경쟁 2차
2025년 산지사방사업(상마읍리 산104) 지명경쟁입찰 변경공고 ,산지사방 상마읍리 지명경쟁 변경
2025년 삼척동자 유아숲체험원 안전정비사업 시공감리용역(수의시담) ,삼척동자 유아숲체험원 안전정비 시공감리
2025년 상반기  소나무재선충병 방제사업(거제지구) 지명경쟁 입찰공고,상반기 소나무재선충병 방제 거제 지명경쟁
2025년 상반기 급식재료(농수축산물) 단가계약 전자 수의시담,상반기 급식재료 농수축산물 단가계약
2025년 상반기 밀양구치소 급식용 식자재(공산품+수산물) 구매 입찰 공고,상반기 밀양구치소 식자재 공산품·수산물
2025년 상반기 밀양구치소 급식용 식자재(김치류) 구매 입찰 공고,상반기 밀양구치소 식자재 김치류
2025년 상반기 밀양구치소 급식용 식자재(농산물+양곡+절임류) 구매 입찰 공고,상반기 밀양구치소 식자재 농산물 등
2025년 상반기 범죄피해자 지원 유관기관 종사자 통합교육,상반기 범죄피해자 지원 종사자 통합교육
2025년 상반기 보호직 공무원 심리상담 프로그램 운영 용역,상반기 보호직 공무원 심리상담 운영
2025년 상반기 서울과학수사연구소 독성마약과 마약 분야 시약 재료 구매,상반기 서울과수연 마약 분야 시약 구매
2025년 상반기 서울과학수사연구소 독성마약과 약독물 분야 시약 재료 구매,상반기 서울과수연 약독물 분야 시약 구매
2025년 상반기 서울과학수사연구소 화학분석과 시약재료 구매,상반기 서울과수연 화학분석과 시약 구매
2025년 상반기 소나무재선충병 2차 방제사업(광양 기번1),상반기 재선충병 2차 방제 광양 기번1
2025년 상반기 소나무재선충병 2차 방제사업(광양 기번1) 감리용역,상반기 재선충병 2차 방제 광양 기번1 감리
2025년 상반기 소나무재선충병 2차 방제사업(광양 기번2),상반기 재선충병 2차 방제 광양 기번2
2025년 상반기 소나무재선충병 2차 방제사업(광양 기번2) 감리용역,상반기 재선충병 2차 방제 광양 기번2 감리
2025년 상반기 소나무재선충병 2차 방제사업(광양) 실시설계용역,상반기 재선충병 2차 방제 광양 실시설계
"2025년 상반기 소나무재선충병 2차 방제사업(순천, 여수)",상반기 재선충병 2차 방제 순천·여수
"2025년 상반기 소나무재선충병 2차 방제사업(순천, 여수) 감리용역",상반기 재선충병 2차 방제 순천·여수 감리
"2025년 상반기 소나무재선충병 2차 방제사업(순천, 여수) 실시설계용역",상반기 재선충병 2차 방제 순천·여수 실시설계
2025년 상반기 소나무재선충병 공동방제사업(지현) 감리용역,상반기 재선충병 공동방제 지현 감리
2025년 상반기 소나무재선충병 공동방제사업(지현) 실시설계(2차) 용역,상반기 재선충병 공동방제 지현 실시설계2차
2025년 상반기 소나무재선충병 공동방제사업(지현1권역),상반기 재선충병 공동방제 지현1권역
2025년 상반기 소나무재선충병 공동방제사업(지현2) 감리용역,상반기 재선충병 공동방제 지현2 감리
2025년 상반기 소나무재선충병 공동방제사업(지현2권역),상반기 재선충병 공동방제 지현2권역
2025년 상반기 소나무재선충병 방제사업(가평-1) 긴급 입찰 공고[지명경쟁],상반기 재선충병 방제 가평-1 지명경쟁
2025년 상반기 소나무재선충병 방제사업(가평-2) 긴급 입찰 공고[지명경쟁],상반기 재선충병 방제 가평-2 지명경쟁
2025년 상반기 소나무재선충병 방제사업(감염목 및 기타고사목),상반기 재선충병 방제 감염목·기타고사목
2025년 상반기 소나무재선충병 방제사업(감염목 및 기타고사목) 감리용역,상반기 재선충병 방제 감염목 등 감리
2025년 상반기 소나무재선충병 방제사업(감염목 및 기타고사목) 실시설계용역,상반기 재선충병 방제 감염목 등 실시설계
2025년 상반기 소나무재선충병 방제사업(고전진교지구) 지명경쟁 입찰공고,상반기 재선충병 방제 고전진교 지명경쟁
2025년 상반기 소나무재선충병 방제사업(광양) 감리용역,상반기 재선충병 방제 광양 감리
2025년 상반기 소나무재선충병 방제사업(기번2_홍천·횡성지역) 긴급 입찰공고,상반기 재선충병 방제 홍천·횡성 긴급
"2025년 상반기 소나무재선충병 방제사업(긴급, 지명경쟁)",상반기 재선충병 방제 긴급 지명경쟁
2025년 상반기 소나무재선충병 방제사업(동부지구) 지명경쟁 입찰공고,상반기 재선충병 방제 동부지구 지명경쟁
"2025년 상반기 소나무재선충병 방제사업(순천, 여수) 감리용역",상반기 재선충병 방제 순천·여수 감리
2025년 상반기 소나무재선충병 방제사업(양평1권역-6공구) 입찰공고(긴급),상반기 재선충병 방제 양평1권역-6공구
2025년 상반기 소나무재선충병 방제사업(양평2권역-2공구) 입찰공고(긴급),상반기 재선충병 방제 양평2권역-2공구
2025년 상반기 소나무재선충병 방제사업(양평2권역-3공구) 입찰공고(긴급),상반기 재선충병 방제 양평2권역-3공구
2025년 상반기 소나무재선충병 방제사업(양평3권역-1공구) 입찰공고(긴급),상반기 재선충병 방제 양평3권역-1공구
2025년 상반기 소나무재선충병 방제사업(양평3권역-2공구) 입찰공고(긴급),상반기 재선충병 방제 양평3권역-2공구
2025년 상반기 소나무재선충병 방제사업(양평3권역-3공구) 입찰공고(긴급),상반기 재선충병 방제 양평3권역-3공구
2025년 상반기 소나무재선충병 방제사업(양평4권역-3공구),상반기 재선충병 방제 양평4권역-3공구
2025년 상반기 소나무재선충병 방제사업(양평4권역-4공구),상반기 재선충병 방제 양평4권역-4공구
2025년 상반기 소나무재선충병 방제사업(양평4권역-6공구) 입찰공고(긴급),상반기 재선충병 방제 양평4권역-6공구
2025년 상반기 소나무재선충병 방제사업(양평4권역-7공구) 입찰공고(긴급),상반기 재선충병 방제 양평4권역-7공구
2025년 상반기 소나무재선충병 방제사업(양평4권역-8공구),상반기 재선충병 방제 양평4권역-8공구
2025년 상반기 소나무재선충병 방제사업(운화지구2차) ,상반기 재선충병 방제 운화지구2차
2025년 상반기 소나무재선충병 방제사업(철원-1) 긴급 입찰 공고,상반기 재선충병 방제 철원-1 긴급
2025년 상반기 소나무재선충병 방제사업(철원-1) 긴급 입찰 공고[지명경쟁],상반기 재선충병 방제 철원-1 지명경쟁
2025년 상반기 소나무재선충병 방제사업(춘천-4) 긴급 입찰 공고[지명경쟁],상반기 재선충병 방제 춘천-4 지명경쟁
2025년 상반기 소나무재선충병 방제사업(춘천-4) 긴급 재입찰 공고[지명경쟁],상반기 재선충병 방제 춘천-4 재입찰 지명경쟁
2025년 상반기 소나무재선충병 방제사업(춘천-5) 긴급 입찰 공고[지명경쟁],상반기 재선충병 방제 춘천-5 지명경쟁
2025년 상반기 소나무재선충병 방제사업(황전 기번1) 감리용역,상반기 재선충병 방제 황전 기번1 감리
2025년 상반기 소나무재선충병 방제사업(황전 기번2 추가) 실시설계용역,상반기 재선충병 방제 황전 기번2 실시설계
2025년 상반기 소나무재선충병 방제사업(황전 기번2)감리용역,소나무재선충병 방제(황전 기번2) 감리
2025년 상반기 소나무재선충병 방제사업(황전 기번3) 감리용역,소나무재선충병 방제(황전 기번3) 감리
2025년 상반기 소나무재선충병 방제사업(황전 기번4) 감리용역,소나무재선충병 방제(황전 기번4) 감리
2025년 상반기 소나무재선충병 방제사업(황전) 실시설계용역,소나무재선충병 방제(황전) 실시설계
2025년 상반기 소나무재선충병 예방나무주사사업(10-2지구),소나무재선충병 예방나무주사(10-2지구)
2025년 상반기 소나무재선충병 예방나무주사사업(10-3지구),소나무재선충병 예방나무주사(10-3지구)
2025년 상반기 소나무재선충병 예방나무주사사업(10-4지구),소나무재선충병 예방나무주사(10-4지구)
2025년 상반기 소나무재선충병 예방나무주사사업(10-5지구),소나무재선충병 예방나무주사(10-5지구)
2025년 상반기 소나무재선충병 예방나무주사사업(10-7지구),소나무재선충병 예방나무주사(10-7지구)
2025년 상반기 소나무재선충병 예방나무주사사업(11-1지구),소나무재선충병 예방나무주사(11-1지구)
2025년 상반기 소나무재선충병 예방나무주사사업(11-2지구),소나무재선충병 예방나무주사(11-2지구)
2025년 상반기 소나무재선충병 예방나무주사사업(9-3지구),소나무재선충병 예방나무주사(9-3지구)
2025년 상반기 소나무재선충병 예방나무주사사업(9-4지구),소나무재선충병 예방나무주사(9-4지구)
2025년 상반기 소나무재선충병 예방나무주사사업(광하리),소나무재선충병 예방나무주사(광하리)
2025년 상반기 소나무재선충병 예방나무주사사업(광하리) 실시설계용역,재선충병 예방나무주사(광하리) 실시설계
2025년 상반기 소나무재선충병 예방나무주사사업(귤암리 1),소나무재선충병 예방나무주사(귤암리1)
2025년 상반기 소나무재선충병 예방나무주사사업(귤암리 2) 감리용역,재선충병 예방나무주사(귤암리2) 감리
2025년 상반기 소나무재선충병 예방나무주사사업(귤암리1) 감리용역,재선충병 예방나무주사(귤암리1) 감리
2025년 상반기 소나무재선충병 예방나무주사사업(귤암리1) 실시설계용역,재선충병 예방나무주사(귤암리1) 실시설계
2025년 상반기 소나무재선충병 예방나무주사사업(귤암리2) 실시설계용역,재선충병 예방나무주사(귤암리2) 실시설계
2025년 상반기 소나무재선충병 예방나무주사사업(여탄리),소나무재선충병 예방나무주사(여탄리)
2025년 상반기 수산물 정밀분석 소모품(125품목) 정기구매,수산물 정밀분석 소모품(125품목) 구매
2025년 상반기 시험분석용 소모품 구매(통합 시험연구비),시험분석용 소모품 구매
2025년 상반기 안전과 자체연구과제 시약 및 재료(19종) 구매,안전과 자체연구 시약·재료(19종) 구매
2025년 상반기 자체연구과제 시약 및 재료(12종) 구매,자체연구과제 시약·재료(12종) 구매
2025년 상반기 정부세종청사 승강기분야 유지보수용 자재 구매,세종청사 승강기 유지보수 자재 구매
2025년 상반기 정부세종청사 중앙동 하자검사 및 정기안전점검 용역,세종청사 중앙동 하자검사·안전점검
2025년 상반기 중부지방산림청 청사 작업환경측정 위탁 용역,중부지방산림청 작업환경측정 위탁
2025년 상자텃밭 세트 구입 소액수의 견적제출 안내 공고,상자텃밭 세트 구입
"2025년 상주교도소 급식용 공산품 구매 2단계(규격,가격동시) 입찰 공고",상주교도소 급식용 공산품 구매
"2025년 상주교도소 급식용 농산물 구매 2단계(규격,가격동시) 입찰 공고",상주교도소 급식용 농산물 구매
"2025년 상주교도소 급식용 수산물(규격,가격동시) 입찰 공고",상주교도소 급식용 수산물 구매
"2025년 상주교도소 급식용 축산물 구매 2단계(규격,가격동시) 입찰 공고",상주교도소 급식용 축산물 구매
2025년 상주교도소 액화석유가스(LPG) 구매 입찰 공고,상주교도소 LPG 구매
2025년 상하반기 제3종시설물 정기안전점검 위탁 용역(제1권역),제3종시설물 정기안전점검(1권역)
2025년 상하반기 제3종시설물 정기안전점검 위탁 용역(제2권역),제3종시설물 정기안전점검(2권역)
2025년 상하반기 제3종시설물 정기안전점검 위탁 용역(제3권역),제3종시설물 정기안전점검(3권역)
2025년 상하반기 제3종시설물 정기안전점검 위탁 용역(제4권역),제3종시설물 정기안전점검(4권역)
2025년 새만금 RE100 투자가능기업 투자설명회 행사위탁용역,새만금 RE100 투자설명회 행사위탁
2025년 생물다양성 보전과 기업의 지속가능한 이용 이행전략 연구,생물다양성 보전·지속가능 이용 연구
2025년 생물다양성의 날 및 철새의 날 기념행사 대행 용역,생물다양성의 날·철새의 날 행사대행
2025년 생태계교란생물(큰입배스 및 외래식물류) 퇴치사업,생태계교란생물(큰입배스 등) 퇴치
"2025년 생태계교란생물(큰입배스, 외래식물류) 퇴치사업",생태계교란생물(큰입배스 등) 퇴치
2025년 생태농업단지 조성사업 전기화물트럭 구입(민간입찰대행),생태농업단지 전기화물트럭 구입
2025년 생화학 면역학검사 시약 및 소모품(로슈)) 구매,생화학 면역학검사 시약·소모품 구매
2025년 생활주변방사선 안전교육 및 체험행사 운영 지원,생활주변방사선 안전교육·체험행사
2025년 생활주변방사선 안전교육 및 체험행사 운영 지원(수의시담),생활주변방사선 안전교육·체험행사
"2025년 서부지방산림청 위험성평가(선박, 양묘사업소) 용역",서부지방산림청 위험성평가
2025년 서울 국제정원박람회 반려식물병원 부스운영 용역,서울 국제정원박람회 반려식물병원 부스
2025년 서울 브랜드농산물 육성을 위한 포장재(과수) 제작 구매,서울 브랜드농산물 포장재(과수) 제작
2025년 서울구치소 교정공무원 기능성 정복 제작 긴급공고(규격가격동시),서울구치소 교정공무원 기능성 정복 제작
2025년 서울구치소 교정공무원 기능성여름티 제작 긴급공고(규격가격동시),서울구치소 교정공무원 여름티 제작
2025년 서울구치소 교정공무원 슬립온 근무화 제작 긴급공고(규격가격동시),서울구치소 교정공무원 슬립온 근무화 제작
2025년 서울금천경찰서 어린이집 식자재 납품업체선정 입찰공고,서울금천경찰서 어린이집 식자재 납품
2025년 서울브랜드 농산물 육성 지원사업 벼 포장재 제작,서울브랜드 농산물 벼 포장재 제작
"2025년 서울브랜드 농산물 육성을 위한 포장재(채소, 화훼, 양봉) 제작 구매",서울브랜드 포장재(채소·화훼·양봉) 제작
2025년 서울서부지방검찰청 출입통제시스템 리모델링 사업,서울서부지검 출입통제시스템 리모델링
2025년 서울식약청 시험분석용 시약.초자(미생물) 단가계약 입찰공고,서울식약청 시약·초자(미생물) 단가계약
2025년 서울식약청 시험분석용 시약.초자(이화학) 단가계약 입찰공고,서울식약청 시약·초자(이화학) 단가계약
2025년 서울중랑경찰서 노후 가스히트펌프(GHP) 실외기 교체 공사,서울중랑서 노후 GHP 실외기 교체
"2025년 서울지방우정청 국유재산, 주요물품 화재보험 및 영업배상책임보험 일괄 가입",서울지방우정청 화재·영업배상보험 가입
2025년 서울지방우정청 우정사업용 공용차량 자동차보험 일괄가입,서울지방우정청 공용차량 자동차보험
2025년 서울지방우정청 집배우의 구매 긴급공고(규격가격동시),서울지방우정청 집배우의 구매
2025년 서울형 늘봄학교 여름방학 곤충체험 프로그램 곤충체험키트 구매,서울형 늘봄학교 곤충체험키트 구매
2025년 서천군 공유농업 플랫폼 아카데미 프로그램 운영 용역 ,서천군 공유농업 아카데미 운영
2025년 서천출장소 관내 도로안전 및 환경개선(비총액) 실시설계용역,서천출장소 도로안전·환경개선 실시설계
2025년 서해청 경비함정 레이다(SSPA) 구매 교체 설치,서해청 경비함정 레이다 구매·교체설치
2025년 서해청 고정익항공기 CN-235 정비용역 단가계약 수의시담,서해청 CN-235 정비 단가계약
2025년 서해청 대형헬기(S-92) 정비용역 단가계약 ,서해청 대형헬기(S-92) 정비 단가계약
2025년 선도 산림경영단지 홍보 부스 기획 및 설치 용역,선도 산림경영단지 홍보 부스 기획·설치
2025년 선도산림경영단지 고성능 임업기계(임내차) 구매,선도산림경영단지 임업기계(임내차) 구매
2025년 선도산림경영단지 고성능 임업기계(포워더) 구매,선도산림경영단지 임업기계(포워더) 구매
2025년 선도산림경영단지 임업기계(운반트럭 및 트레일러) 구매,선도산림경영단지 운반트럭·트레일러 구매
2025년 설악동야영장 전면개선사업 전기·통신 감리 용역,설악동야영장 전기·통신 감리
2025년 성남중원경찰서 지구대.파출소(6개소) 청소용역,성남중원서 지구대·파출소(6개소) 청소
2025년 성인과학학습 프로그램 「과학과애」 위탁운영 용역,성인과학학습「과학과애」 위탁운영
2025년 세계 민주주의의 날 기념 민주주의 강연회 행사 용역,세계 민주주의의 날 강연회 행사
2025년 세계국가유산산업전 국립경주문화유산연구소 홍보부스 설치,세계국가유산산업전 경주연구소 홍보부스
2025년 소규모 낙도지역 자가회복시설 기초 및 설치공사,소규모 낙도 자가회복시설 기초·설치
2025년 소규모 농산물 유통시설 설치사업 1.6톤 지게차 구입(민간입찰대행),소규모 농산물 유통시설 지게차 구입
2025년 소금강산자동차야영장 정비공사(전기) 물품 구매,소금강산자동차야영장 정비(전기) 물품
2025년 소금강산자동차야영장 정비공사(전기) 물품(2차) 구매,소금강산야영장 정비(전기) 물품 2차
2025년 소나무재선충병 방제자재(그물망 피복제 1RM)  구매 ,재선충병 방제자재(그물망피복제1RM) 구매
2025년 소나무재선충병 방제자재(그물망 피복제 2RM) 구매,재선충병 방제자재(그물망피복제2RM) 구매
2025년 소나무재선충병 훈증더미 제거사업 (야로외지구),재선충병 훈증더미 제거(야로외지구)
2025년 소나무재선충병 훈증더미 제거사업 (청덕외지구) ,재선충병 훈증더미 제거(청덕외지구)
2025년 소득자원연구소 인삼연구분야(시설재배)물품 구입,소득자원연구소 인삼연구 물품 구입
2025년 소면적 재배 농산물의 농약 잔류허용기준 설정 연구,소면적 농산물 농약 잔류허용기준 연구
2025년 소방공무원 승진(필기)시험 문제지 편집·인쇄업무 위탁 용역,소방공무원 승진시험 문제지 편집·인쇄
2025년 소방공무원 승진(필기)시험 문제지 편집·인쇄업무 위탁 용역(수의시담),소방공무원 승진시험 문제지 편집·인쇄
2025년 소방공무원 신규채용 면접시험장 운영부스 등 임차(수의시담),소방공무원 면접시험장 운영부스 임차
2025년 소방악대 국민소통 어울림 연주회 행사 용역(수의시담),소방악대 어울림 연주회 행사
2025년 소방안전 표어·포스터·사진 공모전 전시회 물품 구매,소방안전 표어·포스터·사진 전시회 물품
2025년 소방청 소방공무원 시범운영 피복 구매(수의시담),소방청 시범운영 피복 구매
2025년 소백산 단산저수지~소백산생태탐방원 구간 안내표지판 제작·설치,소백산 안내표지판 제작·설치
2025년 소백산 삼가야영장 정비 관급자재(솔막) 골조공사,소백산 삼가야영장 관급자재(솔막) 골조
2025년 소백산 삼가야영장 정비공사 관급자재(빗물받이) 구매,소백산 삼가야영장 빗물받이 구매
2025년 소백산 삼가야영장 정비공사 관급자재(창호) 구매·설치,소백산 삼가야영장 창호 구매·설치
2025년 소백산 생태계 교란 생물(큰입배스) 포획·제거 및 환경조사 용역 사업,소백산 생태계교란생물(배스) 제거·조사
2025년 소백산 육상탄소흡수원 구축사업지 유지관리 용역,소백산 육상탄소흡수원 유지관리
2025년 소백산 자동기상관측시설(연화봉 AWS) 부품 구매·설치,소백산 자동기상관측시설 부품 구매·설치
2025년 소백산 희방진입도로 침하구간 정비공사 실시설계 용역,소백산 희방진입도로 침하구간 실시설계
2025년 소백산국립공원 공원마을 특화작물(표고버섯 접종목) 지원사업,소백산 공원마을 표고버섯 접종목 지원
2025년 소백산국립공원 생태통로 설치공사 기본 및 실시설계 용역,소백산 생태통로 기본·실시설계
2025년 소백산국립공원 생태통로 설치공사 측량 및 지반조사 용역,소백산 생태통로 측량·지반조사
2025년 소백산북부 남천야영장 개수대 등 편의시설 설치 공사,소백산북부 남천야영장 개수대 등 설치
2025년 소백산북부 남천야영장 부대시설 진입부 데크 설치 공사,소백산북부 남천야영장 데크 설치
2025년 소백산북부 남천야영장 오수처리시설 장비 교체 용역,소백산북부 남천야영장 오수처리 장비교체
2025년 소백산북부 남천야영장 체류형인프라 부대시설 설치 공사,소백산북부 남천야영장 체류인프라 설치
2025년 소백산북부 육상탄소흡수원 구축지 유지관리 용역,소백산북부 육상탄소흡수원 유지관리
2025년 소백산북부 제2연화봉 탐방로 옹벽 정밀 안전점검 용역,소백산북부 제2연화봉 옹벽 안전점검
2025년 소백산북부 제2연화봉 환경저해시설 정비사업 공사,소백산북부 제2연화봉 환경저해시설 정비
2025년 소백산북부 천동탐방안내소 전력공급 선로 교체 공사,소백산북부 천동탐방안내소 전력선로 교체
2025년 소백산북부 탐방안내소 쉼터(파고라) 정비 공사,소백산북부 탐방안내소 파고라 정비
2025년 소백산사무소 청사 신재생에너지(태양광발전시설) 전기 부대공사,소백산사무소 태양광발전 전기 부대공사
2025년 소비자 위해제품 온라인 유통 방지를 위한 감시 및 시정 사업,소비자 위해제품 온라인 유통 감시·시정
2025년 소장품 자료집 - 물고기 잡으로 박물관 갈까요- 제작,소장품 자료집 제작
2025년 속리산 생태계교란어종(배스) 제거 및 수생태계 모니터링 용역,속리산 생태계교란어종(배스) 제거·조사
2025년 속리산 자생식물증식장 인프라  개선 공사(전기),속리산 자생식물증식장 인프라 개선(전기)
2025년 속리산 화북 대형주차장 화장실 부대시설 정비공사,속리산 화북 대형주차장 화장실 정비
2025년 속리산 화북지구 오수관로 설치공사(폐기물처리 용역),속리산 화북지구 오수관로 폐기물처리
2025년 속리산 화북지구 진입도로 정비공사 실시설계 용역,속리산 화북지구 진입도로 실시설계
2025년 속리산 화북지구 진입도로 정비공사(폐기물처리 용역),속리산 화북지구 진입도로 폐기물처리
2025년 솔잎혹파리 방제 예방나무주사사업 제한경쟁 입찰(긴급)공고,솔잎혹파리 예방나무주사
2025년 송천1구마을만들기 지역역량강화사업 용역 견적제출 공고,송천1구 마을만들기 역량강화
2025년 수목치료기술 및 품질 개선 사례 공모전 운영 용역,수목치료기술·품질개선 사례 공모전 운영
2025년 수문조사시설 이설 및 확장공사 등 실시설계용역,수문조사시설 이설·확장 실시설계
2025년 수산과학조사선 운항용 유류구매 단가계약 입찰공고,수산과학조사선 운항용 유류 단가계약
2025년 수산과학조사선(탐구7호 및 탐구11호) 유류구매 단가계약,수산과학조사선 유류구매 단가계약
"2025년 수산과학조사선(탐구7호, 탐구11호) 선박보험",수산과학조사선 선박보험
"2025년 수산생물 방역 분석소모품 정기구매(상반기, 109품목)",수산생물 방역 분석소모품(상반기109품목)
"2025년 수산생물 방역 분석소모품 정기구매(하반기, 49품목)",수산생물 방역 분석소모품(하반기49품목)
2025년 수산생물 방역수행기관 예찰·방역물품(DO 측정키트 등 12품목) 지원,수산생물 방역 예찰물품(DO키트 등 12품목)
2025년 수산생물 방역수행기관 예찰·방역물품(소독발판 등 8품목),수산생물 방역 예찰물품(소독발판 등 8품목)
2025년 수산생물전염병 진단용 양성표준물질 합성 및 제작,수산생물전염병 양성표준물질 합성·제작
2025년 수산생물질병 연구를 위한 염기서열 분석 단가계약,수산생물질병 염기서열 분석 단가계약
2025년 수산종묘 매입 방류사업 추진에 따른 수산생물 치어 구입(다슬기),수산종묘 매입방류 치어 구입(다슬기)
2025년 수산종묘 매입 방류사업 추진에 따른 수산생물 치어 구입(뱀장어),수산종묘 매입방류 치어 구입(뱀장어)
2025년 수산종자 매입방류 수산종자(쏘가리) 구입 – 단가계약 ,수산종자 매입방류(쏘가리) 단가계약
"2025년 수산종자 매입방류 치어(잉어, 붕어, 뱀장어) 구입",수산종자 매입방류 치어(잉어 등) 구입
2025년 수산종자 매입방류사업 수산종자(곳체다슬기) 구입 - 단가계약,수산종자 매입방류(곳체다슬기) 단가계약
2025년 수산종자 방류사업 참게 구입 수의견적 제출 안내,수산종자 방류 참게 구입
2025년 수산종자 방류사업 추진을 위한 다슬기 치패 구입,수산종자 방류 다슬기 치패 구입
2025년 수산종자 방류사업 추진을 위한 대농갱이 치어 구입,수산종자 방류 대농갱이 치어 구입
2025년 수산종자 방류사업 추진을 위한 동자개 치어 구입,수산종자 방류 동자개 치어 구입
2025년 수선상부 페인트 총액구매(공고문 및 특수조건 필독),수선상부 페인트 총액구매
2025년 수술재료 구매 (OPTIVAC VACUUM MIXING SYSTEM 등 8종),수술재료 구매(OPTIVAC 등 8종)
2025년 수술재료 구매( Hot Shears (Monopolar Curved Scissors) 등 11종),수술재료 구매(Hot Shears 등 11종)
2025년 수요부족 및 농업인 희망기종 임대농기계(콩정선기) 구입,임대농기계(콩정선기) 구입
2025년 수용자 카드형 번호표 확대 도입 사업 물품 구입,수용자 카드형 번호표 도입 물품 구입
2025년 수원국토 관내 가로등 및 전기시설 유지보수공사,수원국토 가로등·전기시설 유지보수
2025년 수원국토 관내 과적검문소 보수보강공사(전기·통신),수원국토 과적검문소 보수보강(전기통신)
2025년 수원국토 관내 비탈면 모니터링 시스템 구축 용역,수원국토 비탈면 모니터링 시스템 구축
2025년 수원국토 관내 하반기 병목지점개선 2개소 소규모 재해영향평가용역,수원국토 병목지점 소규모 재해영향평가
2025년 수원국토 관내 하반기 병목지점개선 2개소 소규모 환경영향평가용역,수원국토 병목지점 소규모 환경영향평가
2025년 수원국토 관내 하반기 병목지점개선 2개소 실시설계 VE용역,수원국토 병목지점 실시설계 VE
2025년 수원국토 도로안전운영과 소관 재해예방 기술지도용역(건설분야),수원국토 재해예방 기술지도(건설)
2025년 수원남부경찰서어린이집 식자재 납품 업체 선정 입찰공고,수원남부서 어린이집 식자재 납품
"2025년 수원서부경찰서 지구대, 파출소(총 7개소) 청소용역",수원서부서 지구대·파출소(7개소) 청소
2025년 수인성 식품매개감염병 원인병원체 진단혈청 구매,수인성 식품매개감염병 진단혈청 구매
2025년 수인성 식품매개감염병 원인병원체 진단혈청 구매 계약 요청,수인성 식품매개감염병 진단혈청 구매
"2025년 수인성, 식품매개감염병 원인병원체 진단혈청 구매요청",수인성 식품매개감염병 진단혈청 구매
"2025년 수인성,식품매개감염병 원인병원체 진단혈청 구매(2차)",수인성 식품매개감염병 진단혈청 구매2차
2025년 수인성·식품매개감염병 원인병원체 진단혈청 구매,수인성 식품매개감염병 진단혈청 구매
2025년 수출농산물 집하·선별장 지원사업 토마토 선별기 구입 및 설치(협상에 의한 계약)(입찰대행),수출농산물 토마토 선별기 구입·설치
"2025년 수출선도형 혁신제품 시범구매(2022-104호, 공기살균기)",수출선도형 혁신제품 시범구매(공기살균기)
"2025년 수출선도형 혁신제품 시범구매(2022-117호, 사우나기)",수출선도형 혁신제품 시범구매(사우나기)
"2025년 수출선도형 혁신제품 시범구매(2022-364호, 기타운동경기용구)",수출선도형 혁신제품(기타운동경기용구)
"2025년 수출선도형 혁신제품 시범구매(2022-373호, 의료용소프트웨어)",수출선도형 혁신제품(의료용소프트웨어)
"2025년 수출선도형 혁신제품 시범구매(2022-519호, 분자유전검사용시약)",수출선도형 혁신제품(분자유전검사용시약)
"2025년 수출선도형 혁신제품 시범구매(2023-004호, 기타전문서비스용로봇)",수출선도형 혁신제품(전문서비스용로봇)
"2025년 수출선도형 혁신제품 시범구매(2023-043호, 의료용소프트웨어)",수출선도형 혁신제품(의료용소프트웨어)
"2025년 수출선도형 혁신제품 시범구매(2023-090호, 구강개구기)",수출선도형 혁신제품(구강개구기)
"2025년 수출선도형 혁신제품 시범구매(2023-101호, 인공지능의료영상분석솔루션)",수출선도형 혁신제품(AI의료영상분석)
"2025년 수출선도형 혁신제품 시범구매(2023-162호, 융복합자료수집장치)",수출선도형 혁신제품(융복합자료수집장치)
"2025년 수출선도형 혁신제품 시범구매(2023-167호, 홀로그래피현미경)",수출선도형 혁신제품(홀로그래피현미경)
"2025년 수출선도형 혁신제품 시범구매(2023-188호, 관보온재)",수출선도형 혁신제품(관보온재)
"2025년 수출선도형 혁신제품 시범구매(2023-234호, 의료용소프트웨어)",수출선도형 혁신제품(의료용소프트웨어)
"2025년 수출선도형 혁신제품 시범구매(2023-281호, 융복합감시및탐지장비)",수출선도형 혁신제품(융복합감시탐지장비)
"2025년 수출선도형 혁신제품 시범구매(2024-002호, 벽천장용흡음재)",수출선도형 혁신제품(벽천장용흡음재)
"2025년 수출선도형 혁신제품 시범구매(2024-149호 소화약제, 소방호스용노즐)",수출선도형 혁신제품(소화약제·노즐)
"2025년 수출선도형 혁신제품 시범구매(2024-234호, 우의)",수출선도형 혁신제품(우의)
2025년 수출선도형 혁신제품 시범구매(AI 소셜로봇 리쿠(LiKU)),수출선도형 혁신제품(AI소셜로봇 리쿠)
2025년 수출선도형 혁신제품 시범구매(AI기반 CT 폐질환 정밀분석 솔루션),수출선도형 혁신제품(AI CT폐질환분석)
2025년 수출선도형 혁신제품 시범구매(AI기반 신호분석을 통한 송아지 질병 조기발견 및 정밀사육 시스템),수출선도형 혁신제품(송아지질병 조기발견)
2025년 수출선도형 혁신제품 시범구매(DST 벤츄리(Venturi) 스팀트랩),수출선도형 혁신제품(벤츄리 스팀트랩)
2025년 수출선도형 혁신제품 시범구매(VR로 보는 세계 명소 v2.0),수출선도형 혁신제품(VR 세계명소)
2025년 수출선도형 혁신제품 시범구매(고성능 화재대피 마스크),수출선도형 혁신제품(화재대피 마스크)
2025년 수출선도형 혁신제품 시범구매(광축 보정이 가능한 IR PTZ 카메라),수출선도형 혁신제품(IR PTZ 카메라)
"2025년 수출선도형 혁신제품 시범구매(다기능 보행 재활 로봇 시스템, HUCA-Go)",수출선도형 혁신제품(보행재활 로봇)
2025년 수출선도형 혁신제품 시범구매(도로 날림먼지 자동포집을 통해 안전사고를 예방하는 도로 인프라 기반 융복합 시스템),수출선도형 혁신제품(도로날림먼지 포집)
2025년 수출선도형 혁신제품 시범구매(도로·교통안전시설물 자동 시공 소형건설장비 ),수출선도형 혁신제품(교통안전 시공장비)
2025년 수출선도형 혁신제품 시범구매(리블레스 플라나),수출선도형 혁신제품(리블레스 플라나)
2025년 수출선도형 혁신제품 시범구매(모듈격자식 진공 흡입매트_신발털이기 솔첵),수출선도형 혁신제품(진공흡입 신발털이)
"2025년 수출선도형 혁신제품 시범구매(무기질도막방수재, 기타도막방수재)",수출선도형 혁신제품(도막방수재)
2025년 수출선도형 혁신제품 시범구매(복합 방열구조를 적용한 빛공해 저감형 비대칭 LED투광등기구),수출선도형 혁신제품(빛공해저감 LED투광등)
2025년 수출선도형 혁신제품 시범구매(스마트한 보행신호 음성안내 보조 장치),수출선도형 혁신제품(보행신호 음성안내)
2025년 수출선도형 혁신제품 시범구매(실시간 발전 터빈 진단기),수출선도형 혁신제품(발전터빈 진단기)
2025년 수출선도형 혁신제품 시범구매(실시간 위험경보가 가능한 인공지능센서 기반 스마트 모니터링 시스템),수출선도형 혁신제품(AI 스마트모니터링)
2025년 수출선도형 혁신제품 시범구매(에어팜(AirFarm)),수출선도형 혁신제품(에어팜)
2025년 수출선도형 혁신제품 시범구매(와류스크러빙 혼합 기술을 적용한 탈취장치),수출선도형 혁신제품 시범구매(탈취장치)
2025년 수출선도형 혁신제품 시범구매(외국인을 위한 AI기반 한국어 학습서비스 SW),수출선도형 혁신제품(AI 한국어 학습SW)
2025년 수출선도형 혁신제품 시범구매(의료용 소프트웨어),수출선도형 혁신제품(의료용 SW)
2025년 수출선도형 혁신제품 시범구매(자체 과부하 해결 재난대응형 제진기),수출선도형 혁신제품(재난대응형 제진기)
2025년 수출선도형 혁신제품 시범구매(전/후면 번호판 인식 및 단속이 가능한 고정형 CCTV시스템),수출선도형 혁신제품(번호판인식 CCTV)
2025년 수출선도형 혁신제품 시범구매(전동식 방진마스크),수출선도형 혁신제품(전동식 방진마스크)
"2025년 수출선도형 혁신제품 시범구매(제2023-009호, 제어기시험장치)",수출선도형 혁신제품(제어기시험장치)
"2025년 수출선도형 혁신제품 시범구매(제2023-284호, 드론)",수출선도형 혁신제품 시범구매(드론)
"2025년 수출선도형 혁신제품 시범구매(제2024-038호, 경성후두경)",수출선도형 혁신제품(경성후두경)
2025년 수출선도형 혁신제품 시범구매(제2024-050호 융복합인공지능(AI)소프트웨어),수출선도형 혁신제품(융복합 AI SW)
"2025년 수출선도형 혁신제품 시범구매(제2024-084호, 컨테이너하우스)",수출선도형 혁신제품(컨테이너하우스)
2025년 수출선도형 혁신제품 시범구매(중소형 선박 조종 시뮬레이터 시스템),수출선도형 혁신제품(선박조종 시뮬레이터)
2025년 수출선도형 혁신제품 시범구매(즐겁게 재활훈련 할 수 있는 재활의료기),수출선도형 혁신제품(재활의료기)
2025년 수출선도형 혁신제품 시범구매(친환경 복합탈취기),수출선도형 혁신제품(친환경 복합탈취기)
2025년 수출선도형 혁신제품 시범구매(친환경 수성페인트),수출선도형 혁신제품(친환경 수성페인트)
2025년 수출선도형 혁신제품 시범구매(콘크리트제도로중앙분리대),수출선도형 혁신제품(도로중앙분리대)
2025년 수출선도형 혁신제품 시범구매(탄소발열체를 활용한 친환경 전기 난방패널_탄소전열보드),수출선도형 혁신제품(친환경 전기난방패널)
2025년 수출선도형 혁신제품 시범구매(트럭장착식제설기),수출선도형 혁신제품(트럭장착식 제설기)
2025년 수출선도형 혁신제품 시범구매(해·수역 수질 오염 대응 자동화 로봇),수출선도형 혁신제품(수질오염 대응 로봇)
"2025년 수출선도형(2차) 혁신제품 시범구매(2024-068호, 수경재배장치)",수출선도형(2차) 혁신제품(수경재배장치)
"2025년 수출선도형(2차) 혁신제품 시범구매(2024-230호, 교육용로봇)",수출선도형(2차) 혁신제품(교육용로봇)
"2025년 수출선도형(2차) 혁신제품 시범구매(2024-260호, 질량분석기)",수출선도형(2차) 혁신제품(질량분석기)
"2025년 수출선도형(2차) 혁신제품 시범구매(2024-371호, 시선유도봉)",수출선도형(2차) 혁신제품(시선유도봉)
"2025년 수출선도형(2차) 혁신제품 시범구매(2025-026호, 기타수질분석기)",수출선도형(2차) 혁신제품(수질분석기)
2025년 수출입물류 동향 연차보고 및 보세화물제도 연구,수출입물류 동향 및 보세화물제도 연구
2025년 수해복구사업(춘천2) 제한경쟁 입찰 공고[긴급],수해복구사업(춘천2) 제한경쟁 입찰
2025년 수확 후 과수화상병 확산 방지 방제약제 구입(단가계약),과수화상병 확산방지 방제약제 구입
2025년 순무 디지털 육종 기반 구축  연구용역(협상에 의한 계약),순무 디지털 육종 기반 구축 연구
2025년 순창경찰서 관내 파출소(치안센터 포함) 청소용역 입찰 공고,순창경찰서 관내 파출소 청소
2025년 순천경찰서 지구대 및 파출소 청소용역 입찰 공고,순천경찰서 지구대·파출소 청소
2025년 숲가꾸기 사업(숲1) 지명경쟁 입찰(긴급) 공고,숲가꾸기(숲1) 지명경쟁 입찰
2025년 숲가꾸기 사업(숲2) 지명경쟁 입찰(긴급) 공고,숲가꾸기(숲2) 지명경쟁 입찰
2025년 숲가꾸기 사업(숲3) 지명경쟁 입찰(긴급) 공고,숲가꾸기(숲3) 지명경쟁 입찰
2025년 숲가꾸기 사업(숲4) 지명경쟁 입찰(긴급) 공고,숲가꾸기(숲4) 지명경쟁 입찰
2025년 숲가꾸기(경제림)사업 제1차(기번1) 지명경쟁 입찰공고,숲가꾸기(경제림) 1차(기번1) 입찰
2025년 숲가꾸기(경제림)사업 제1차(기번2) 지명경쟁 입찰공고,숲가꾸기(경제림) 1차(기번2) 입찰
2025년 숲가꾸기(경제림)사업 제1차(기번3) 지명경쟁 입찰공고,숲가꾸기(경제림) 1차(기번3) 입찰
2025년 숲가꾸기(경제림)사업 제1차(기번3) 지명경쟁 입찰공고 (2차),숲가꾸기(경제림) 1차(기번3) 입찰 2차
2025년 숲가꾸기(경제림)사업 제1차(기번4) 지명경쟁 입찰공고,숲가꾸기(경제림) 1차(기번4) 입찰
2025년 숲가꾸기(경제림)사업 제1차(기번4) 지명경쟁 입찰공고(2차),숲가꾸기(경제림) 1차(기번4) 입찰 2차
2025년 숲가꾸기(경제림가꾸기)사업(기번1-2) 지명경쟁,숲가꾸기(경제림가꾸기) 기번1-2 지명경쟁
2025년 숲가꾸기(경제림가꾸기)사업(기번2-1) 지명경쟁,숲가꾸기(경제림가꾸기) 기번2-1 지명경쟁
2025년 숲가꾸기(덩굴류제거)사업 14차 지명경쟁입찰 공고,숲가꾸기(덩굴류제거) 14차 지명경쟁
2025년 숲가꾸기(덩굴류제거)사업 15차 지명경쟁입찰 공고 ,숲가꾸기(덩굴류제거) 15차 지명경쟁
2025년 숲가꾸기(덩굴류제거)사업 16차 지명경쟁입찰 공고 ,숲가꾸기(덩굴류제거) 16차 지명경쟁
2025년 숲가꾸기(덩굴류제거)사업 실시설계용역 4차(수의시담),숲가꾸기(덩굴류제거) 실시설계 4차
2025년 숲가꾸기(어린나무가꾸기)사업 5차 지명경쟁입찰 공고 ,숲가꾸기(어린나무가꾸기) 5차 지명경쟁
2025년 숲가꾸기(어린나무가꾸기)사업 6차 지명경쟁입찰 공고 ,숲가꾸기(어린나무가꾸기) 6차 지명경쟁
2025년 숲가꾸기(어린나무가꾸기)사업 7차 지명경쟁입찰 공고 ,숲가꾸기(어린나무가꾸기) 7차 지명경쟁
2025년 숲가꾸기(어린나무가꾸기)사업(기번1) 입찰공고,숲가꾸기(어린나무가꾸기) 기번1 입찰
2025년 숲가꾸기(어린나무가꾸기)사업(기번2) 입찰공고,숲가꾸기(어린나무가꾸기) 기번2 입찰
2025년 숲가꾸기(어린나무가꾸기)사업(기번3) 입찰공고,숲가꾸기(어린나무가꾸기) 기번3 입찰
2025년 숲가꾸기(어린나무가꾸기)사업(기번4) 입찰공고,숲가꾸기(어린나무가꾸기) 기번4 입찰
"2025년 숲가꾸기(어린나무가꾸기, 솎아베기)사업 실시설계 용역",숲가꾸기(어린나무·솎아베기) 실시설계
2025년 숲가꾸기(풀베기 11~13차)사업 실시설계용역 3차(수의시담),숲가꾸기(풀베기11~13차) 실시설계 3차
2025년 숲가꾸기(풀베기 9차)사업 감리용역 5차(수의시담),숲가꾸기(풀베기9차) 감리 5차
2025년 숲가꾸기(풀베기 제2차 및 덩굴류제거)사업 (기번2),숲가꾸기(풀베기2차·덩굴류제거) 기번2
2025년 숲가꾸기(풀베기 제2차 및 덩굴류제거)사업 (기번3),숲가꾸기(풀베기2차·덩굴류제거) 기번3
2025년 숲가꾸기(풀베기 제2차 및 덩굴류제거)사업 (기번4),숲가꾸기(풀베기2차·덩굴류제거) 기번4
2025년 숲가꾸기(풀베기 제2차 및 덩굴류제거)사업(기번1),숲가꾸기(풀베기2차·덩굴류제거) 기번1
2025년 숲가꾸기(풀베기)사업 10차 감리용역 6차(수의시담),숲가꾸기(풀베기) 10차 감리 6차
2025년 숲가꾸기(풀베기)사업 10차 실시설계용역 2차(수의시담) ,숲가꾸기(풀베기) 10차 실시설계 2차
2025년 숲가꾸기(풀베기)사업 10차 지명경쟁입찰 공고 ,숲가꾸기(풀베기) 10차 지명경쟁
2025년 숲가꾸기(풀베기)사업 11차 지명경쟁입찰 공고,숲가꾸기(풀베기) 11차 지명경쟁
2025년 숲가꾸기(풀베기)사업 12차 지명경쟁입찰 공고 ,숲가꾸기(풀베기) 12차 지명경쟁
2025년 숲가꾸기(풀베기)사업 13차 지명경쟁입찰 공고,숲가꾸기(풀베기) 13차 지명경쟁
2025년 숲가꾸기(풀베기)사업 8차 실시설계용역 2차(수의시담) ,숲가꾸기(풀베기) 8차 실시설계 2차
2025년 숲가꾸기(풀베기)사업 9차 실시설계용역 2차(수의시담) ,숲가꾸기(풀베기) 9차 실시설계 2차
2025년 숲가꾸기(풀베기)사업 9차 지명경쟁입찰 공고 ,숲가꾸기(풀베기) 9차 지명경쟁
2025년 숲가꾸기(풀베기)사업(기번1) 입찰공고(긴급),숲가꾸기(풀베기) 기번1 입찰
2025년 숲가꾸기(풀베기)사업(기번2) 입찰공고(긴급),숲가꾸기(풀베기) 기번2 입찰
2025년 숲가꾸기(풀베기)사업(기번3) 입찰공고(긴급),숲가꾸기(풀베기) 기번3 입찰
2025년 숲가꾸기사업(기번21_공익림) 지명경쟁 입찰공고,숲가꾸기(기번21 공익림) 지명경쟁
2025년 숲길 조성 및 등산로 정비 사업(대룡산~명봉~구봉산),숲길 조성·등산로 정비(대룡산~구봉산)
2025년 스마트농업 기계화 촉진을 위한 드론 위탁교육 용역,스마트농업 드론 위탁교육
2025년 스마트농장형 치유농업교육장 전기온풍기 구매 설치,치유농업교육장 전기온풍기 구매설치
2025년 스마트농장형 치유농업교육장(강동) 딸기정식 재료 구입,치유농업교육장(강동) 딸기정식 재료
2025년 스마트농장형 치유농업교육장(서초) 딸기정식 재료 구입,치유농업교육장(서초) 딸기정식 재료
"2025년 스마트도시 조성사업(거점형, 강소형) 관리 및 운영지원",스마트도시 조성 관리·운영지원
2025년 스마트시티 규제샌드박스 활성화 사업관리 및 운영지원,스마트시티 규제샌드박스 관리·운영지원
2025년 스마트시티 데이터허브 네트워크 강화 사업관리 및 운영지원 위탁,스마트시티 데이터허브 네트워크 강화
2025년 스마트시티 혁신기술 발굴 사업관리 및 운영지원,스마트시티 혁신기술 발굴 관리·운영
2025년 스마트팜 교육훈련장비 및 원격정보 수집장비 (통합센서) 구입,스마트팜 교육훈련·원격수집장비 구입
2025년 스마트팜 혁신밸리 전산시스템 운영 유지보수 용역,스마트팜 혁신밸리 전산시스템 유지보수
2025년 스위치 및 감지기류 총액 구매(특수조건 필독),스위치·감지기류 총액 구매
"2025년 시민참여 프로그램 검은벽돌의말들 임차, 설치, 운용",검은벽돌의말들 임차·설치·운용
2025년 시설물 보수공사 재해예방 건설엔지니어링(기술지도),시설물 보수공사 재해예방 기술지도
2025년 시설물 통합정보관리시스템 유지관리 위탁운영용역,시설물 통합정보관리시스템 유지관리
2025년 시약·초자류(Total DNA Extraction S & V Kit)  연간 단가계약,시약·초자류(DNA추출키트) 단가계약
2025년 시흥경찰서어린이집 식자재 납품업체선정 입찰공고,시흥경찰서어린이집 식자재 납품
2025년 식품소재 및 반가공산업 육성사업 저온저장고 신축공사(민간입찰대행),식품소재 저온저장고 신축공사
2025년 식품의약품안전처 검사업무 담당직원 근무복 구매,식약처 검사담당 근무복 구매
2025년 신규 위생용품 수입정보시스템 전산관리 고도화를 위한 전략 마련,위생용품 수입정보시스템 고도화 전략
2025년 신규채용 면접시험 종사자 등 식사 제공(수의시담),신규채용 면접 종사자 식사 제공
2025년 신규채용 면접시험장 보안 등 관리용역(수의시담),신규채용 면접시험장 보안 관리
2025년 신규채용 면접시험장 현수막 등 제작·설치(수의시담),신규채용 면접시험장 현수막 제작설치
2025년 신기술 접목 차세대 영농인 육성 지원사업 물품 구입 공고(민간입찰대행),차세대 영농인 육성 물품 구입
2025년 신기술보급사업 평가 및 영농활용 만족도 조사 용역,신기술보급 평가·영농활용 만족도 조사
2025년 신문 기사 원문 및 온라인 매체 게시 자료 구축,신문기사 원문·온라인매체 자료 구축
2025년 신선농산물 수출단지 조성사업 농기계 구입[민간입찰 대행],신선농산물 수출단지 농기계 구입
2025년 신은마을만들기 지역역량강화사업 용역 견적 제출 공고,신은마을만들기 지역역량강화
2025년 신임실무 세대간 소통 워크숍 위탁운영 용역 계약,신임실무 세대간 소통 워크숍 운영
2025년 신체검사장비 자동혈구계수기(혈액학분석기) 구매,신체검사장비 자동혈구계수기 구매
2025년 실시간 빈산소수괴 관측시스템 설치 및 유지보수,실시간 빈산소수괴 관측시스템 설치
"2025년 실제화재, 사고상황재현 훈련시설 유지보수 관리용역",화재·사고상황재현 훈련시설 유지보수
2025년 실험동물자원은행 보관장비(액체질소통 등) 정기예방점검·보수 및 밸리데이션,실험동물자원은행 보관장비 점검·보수
2025년 실험동물자원은행 보관장비(초정온냉동고) 정기예방점검 유지보수,실험동물자원은행 초정온냉동고 유지보수
2025년 아산시 거점세척소독시설(석정리) 운영(4~6월) 용역 소액수의 견적제출 공고,아산시 거점세척소독시설 운영(4~6월)
2025년 아산시 거점세척소독시설(석정리) 운영(7~9월) 용역,아산시 거점세척소독시설 운영(7~9월)
2025년 아산시 거점소독시설(효자리) 운영(4~6월) 용역 소액수의 견적제출 공고,아산시 거점소독시설 운영(4~6월)
2025년 아산시 거점소독시설(효자리) 운영(7~9월) 용역,아산시 거점소독시설 운영(7~9월)
2025년 아시아문화박물관 아시아문화 콘텐츠 미디어월 영상 제작 설치,아시아문화박물관 미디어월 영상 제작
2025년 아이돌봄인력 자격검증(인·적성검사) 운영 용역,아이돌봄인력 자격검증 운영
2025년 아이돌봄인력 자격검증(인·적성검사) 운영 용역(수의시담),아이돌봄인력 자격검증 운영(수의)
2025년 아태지역 개도국과 항만분야 협력 강화 및 기업진출 지원 연구용역,아태 개도국 항만협력·기업진출 연구
2025년 악어봉탐방로 자동통제시설 및 CCTV 설치사업,악어봉탐방로 자동통제시설·CCTV 설치
2025년 악취저감 안개분무시설 지원사업 물품 구입 공고(민간입찰대행),악취저감 안개분무시설 물품 구입
2025년 안산 대부포도축제 행사 대행 용역(민간입찰대행),안산 대부포도축제 행사 대행
2025년 안산단원경찰서 지구대 및 파출소 청소용역(변경공고),안산단원경찰서 지구대·파출소 청소
2025년 안전과 감정장비(초고속카메라조명 부대설비) 구매,안전과 감정장비(초고속카메라조명) 구매
2025년 안전과 감정장비(혈흔형태 분석용 3D 스캐너) 구매,안전과 감정장비(혈흔분석 3D스캐너) 구매
2025년 약국재료[약봉투(소) 등 17종] 구매(긴급),약국재료(약봉투 등 17종) 구매
2025년 양돈농가 ASF (아프리카돼지열병) 대비 야생동물기피제 구입,양돈농가 ASF 야생동물기피제 구입
2025년 양산시 축산종합방역소 소독 폐수 위탁 처리 용역,양산시 축산방역소 소독폐수 위탁처리
2025년 양산시 축산종합방역소 소독 폐수 위탁처리 용역 수의견적 제출안내 공고,양산시 축산방역소 소독폐수 위탁처리
2025년 양양군 아프리카돼지열병 및 럼피스킨 관련 가축매몰지 관리·소멸사업 실시 용역,양양군 ASF·럼피스킨 가축매몰지 관리
2025년 양양출장소 관내 도로안전 및 환경개선 발주공사 재해예방 기술지도용역,양양 도로안전·환경개선 재해예방 지도
2025년 양양출장소 관내 도로유지보수 발주공사 재해예방 기술지도용역,양양 도로유지보수 재해예방 기술지도
2025년 양양출장소 유류(경유)구매 단가계약 입찰공고(긴급),양양출장소 유류(경유) 단가계약
2025년 양양출장소 제2종시설물(옹벽)정밀안전점검·성능평가 및 도로구조물 현황조사용역,양양출장소 옹벽 정밀안전점검·성능평가
"2025년 양주 온릉, 파주 소령원·수길원 방화선 정비 사업",양주 온릉·파주 소령원 방화선 정비
2025년 양파·마늘주산지 일관기계화 우수모델 육성 사업용 농기계 (자주형 동력 수집기(중형)),양파·마늘 농기계(동력수집기 중형)
2025년 양파·마늘주산지 일관기계화 우수모델 육성 사업용 농기계 (자주형 마늘 수확기(승용형)),양파·마늘 농기계(마늘수확기 승용)
2025년 양파·마늘주산지 일관기계화 우수모델 육성 사업용 농기계 구입 (동력분무기(승용형)  (붐스프레이어)),양파·마늘 농기계(붐스프레이어)
2025년 양파·마늘주산지 일관기계화 우수모델 육성 사업용 농기계 구입 (양파정식기(승용형) 외 1건),양파·마늘 농기계(양파정식기 외 1건)
2025년 양파마늘 주산지 일관기계화 우수모델 육성 사업 농기계(자주형 동력 수집기) 구입,양파마늘 농기계(자주형 동력수집기)
2025년 어린나무가꾸기(제6차) 사업 지명경쟁 입찰 공고,어린나무가꾸기(6차) 지명경쟁 입찰
2025년 어린이·노인 등 교통약자 교통안전 정책 홍보 용역,교통약자 교통안전 정책 홍보
2025년 어린이·청소년 담당 사서 역량강화 워크숍 운영,어린이·청소년 사서 역량강화 워크숍
2025년 어린이·청소년 독서 및 도서관 이용 현황 조사,어린이·청소년 독서·도서관 이용 조사
2025년 언어소외계층 국어능력 향상 프로그램 운영 위탁,언어소외계층 국어능력 향상 프로그램
2025년 언어정보나눔터시스템 개선 및 고도화 사업 감리,언어정보나눔터시스템 고도화 감리
2025년 업무효율화를 위한 업무자동화(RPA) 프로그램 연구,업무자동화(RPA) 프로그램 연구
2025년 여수경찰서 지구대 및 파출소 청소용역 입찰 공고,여수경찰서 지구대·파출소 청소
2025년 여수경찰서어린이집 식자재 납품업체 선정 입찰 공고,여수경찰서어린이집 식자재 납품
2025년 여수세관 선박용 유류(저유황경유) 연간 단가 계약,여수세관 선박용 유류 단가계약
2025년 여우복원사업 지역사회 협력 증진을 위한 포장재 지원,여우복원 지역협력 포장재 지원
2025년 연구사업 부유생물(동ㆍ식물플랑크톤) 시료 분석 용역,부유생물(플랑크톤) 시료 분석
2025년 연구용역([기획] 북태평양고기압 국제공동 연구개발 상세 계획) 계약,북태평양고기압 국제공동 연구개발 계획
2025년 연구용역(사례분석을 통한 중규모 강수 발달 사전 탐지 연구) 계약,중규모 강수 발달 사전탐지 연구
2025년 연구용역사업(기계학습을 이용한 레이더 기반 위험기상 탐색 및 분석 정보 제공기술 개발),기계학습 레이더 위험기상 탐색 기술
2025년 연구용역사업(레이더 기반 누적강수 및 강설정보 분석 기술 개발),레이더 누적강수·강설정보 분석 기술
2025년 연구용역사업(연직바람관측장비 현업 활용기술 개발 연구),연직바람관측장비 현업 활용기술 연구
2025년 연속간행물 자료 디지털화 및 지식정보자원 공유기반 구축사업,연속간행물 디지털화·정보자원 공유 구축
2025년 영농부산물 안전처리 지원 사업(영농부산물 파쇄 용역),영농부산물 안전처리(파쇄)
2025년 영주국토 관내(1권역) 비탈면 모니터링 시스템 구축 용역,영주국토(1권역) 비탈면 모니터링 구축
2025년 영주국토 관내(2권역) 비탈면 모니터링 시스템 구축 용역,영주국토(2권역) 비탈면 모니터링 구축
2025년 예산국토 관내 비탈면 모니터링 시스템 구축 용역,예산국토 비탈면 모니터링 시스템 구축
"2025년 예산국토 관내(아산, 서산) 배수시설 정비공사",예산국토(아산·서산) 배수시설 정비
"2025년 예술의전당 사업장일반폐기물 수거 용역(단가)(소의견적-중소기업,소상공인 대상)",예술의전당 사업장일반폐기물 수거
"2025년 예술의전당 사업장일반폐기물 수거 용역(단가)(수의견적-소기업,소상공인 대상)",예술의전당 사업장일반폐기물 수거
"2025년 예술의전당 사업장일반폐기물 수거 용역(단가)(수의견적-중소기업, 소상공인 대상)",예술의전당 사업장일반폐기물 수거
"2025년 예술의전당 시설지원팀 상반기 시설물 유지보수용 자재구매(수의견적-여성,장애인,사회적기업)",예술의전당 상반기 시설유지보수 자재
"2025년 예술의전당 시설지원팀 하반기 시설물 유지보수용 자재구매(수의견적-여성,장애인,사회적기업 대상)",예술의전당 하반기 시설유지보수 자재
2025년 예술의전당 오페라하우스 무대기계 정기(수시)점검 용역,예술의전당 오페라하우스 무대기계 점검
2025년 예술의전당 한중일 국제 서예 교류사업 행사 운영 대행 용역(긴급),예술의전당 한중일 서예교류 행사 운영
2025년 예술의전당 환경미화관리 청소용 일반소모품(세제 등 71종) 연간 단가 구매(장애인 표준사업장 대상),예술의전당 환경미화 청소소모품 단가
2025년 오대산 문화유산지구 무장애탐방로 피안교 정밀안전점검용역,오대산 무장애탐방로 피안교 안전점검
2025년 오대산국립공원 산문주차장 전면개선사업 CCTV 설치,오대산 산문주차장 개선 CCTV 설치
2025년 오대산사무소 소금강산야영장 체류인프라 청소용역,소금강산야영장 체류인프라 청소
2025년 오도산자연휴양림 숙박시설 리모델링 사업(건축공사),오도산휴양림 숙박시설 리모델링(건축)
2025년 오도산자연휴양림 숙박시설 리모델링 사업(전기공사),오도산휴양림 숙박시설 리모델링(전기)
2025년 오산경찰서어린이집 식자재 납품업체 선정 입찰 공고,오산경찰서어린이집 식자재 납품
2025년 오산마을만들기 지역역량강화사업 용역 견적제출 공고,오산마을만들기 지역역량강화
2025년 오송보건의료 행정타운 보일러 세관 및 정비 공사(견적입찰),오송보건의료타운 보일러 세관·정비
2025년 오송보건의료행정타운 셔틀버스 운행용역 재추진(긴급),오송보건의료타운 셔틀버스 운행
2025년 오송보건의료행정타운 재산종합보험 가입 용역(긴급),오송보건의료타운 재산종합보험 가입
2025년 오송보건의료행정타운 정제수 제조설비 유지보수 관리 용역,오송보건의료타운 정제수설비 유지보수
2025년 오픈액세스코리아(OAK) 국가지식정보 구축 및 확산 사업,오픈액세스코리아 국가지식정보 구축
2025년 온라인 보충역 산업기능요원 채용박람회 행사대행,온라인 산업기능요원 채용박람회 대행
2025년 외교부 디지털 공공외교 SNS 플랫폼 운영 및 활성화 사업,외교부 디지털 공공외교 SNS 운영
2025년 외국학술원 석학초청 학술회의 행사운영 대행 용역,외국학술원 석학초청 학술회의 운영
"2025년 용문양묘사업소 야외화장실 증축공사(건축, 기계)",용문양묘사업소 야외화장실 증축
2025년 용문양묘사업소 양묘시설 보수공사 제한경쟁 입찰공고,용문양묘사업소 양묘시설 보수공사
2025년 용산 개관 20주년 기념 Connect 20 공간 연출 설계 및 제작 설치,용산 개관20주년 Connect20 공간 연출
2025년 용인시농업기술센터 임대농업기계 운송 차량 용역,용인 임대농업기계 운송차량
2025년 우리고장 국가유산 활용사업 스토리텔링 발굴 및 육성 지원 컨설팅 용역,국가유산 활용 스토리텔링 발굴 컨설팅
2025년 우리고장 국가유산 활용사업 통합책자 제작 및 인쇄,국가유산 활용 통합책자 제작·인쇄
2025년 우정사업용 공용차량(2.5톤 탑차 8대)제조 구매,우정사업용 공용차량(2.5톤 탑차 8대)
2025년 우정사업용 공용차량(소형승합밴 39대)제조 구매,우정사업용 공용차량(소형승합밴 39대)
2025년 우정사업용 공용차량(화물소형밴 37대)제조 구매,우정사업용 공용차량(화물소형밴 37대)
2025년 우주항공청 SNS 콘텐츠 제작·운영 및 홍보 지원,우주항공청 SNS 콘텐츠 제작·운영
2025년 우주항공청 공공데이터 및 데이터기반행정 활성화 컨설팅,우주항공청 공공데이터 활성화 컨설팅
2025년 우주항공청 국제 거대전파망원경 건설 사업 과제 연구용역,우주항공청 거대전파망원경 건설 연구
2025년 우주항공청 드론제조 국산화 특화단지 조성사업 타당성 조사 용역,우주항공청 드론제조 특화단지 타당성조사
2025년 우주항공청 신규프로젝트 탐색연구 (K-드론 글로벌 기체 공급망 구축을 위한 이니셔티브 추진) 연구용역 계약 건,우주항공청 K-드론 글로벌 공급망 연구
2025년 우주항공청 신규프로젝트 탐색연구(R&D) 연구용역 계약 요청 (과제명: 극한 환경용 항공기 열관리 및 전자기 내성 기술개발 연구),우주항공청 항공기 열관리·전자기내성 연구
2025년 우주항공청 신규프로젝트 탐색연구(R&D) 연구용역 계약 요청 (과제명: 미래항공기 개발 및 제조를 위한 AI의 안전성·신뢰성 기술 개발 탐색연구),우주항공청 항공기 AI 안전성 기술 연구
2025년 우주항공청 신규프로젝트 탐색연구(R&D) 연구용역 계약 요청 (과제명: 미래형 친환경고효율 분산추진 항공기개발 탐색연구),우주항공청 친환경 분산추진 항공기 연구
2025년 우주항공청 신규프로젝트 탐색연구(R&D) 연구용역 계약 요청 (과제명: 우주항공분야 미래지향형 핵심기술 탐색연구 용역),우주항공청 우주항공 핵심기술 탐색연구
2025년 우주항공청 신규프로젝트 탐색연구(R&D) 연구용역 계약 요청 (과제명: 항공혁신임무보증체계 수립방안 연구),우주항공청 항공혁신임무보증체계 연구
2025년 우주항공청 신규프로젝트 탐색연구(R&D) 연구용역 계약 요청(과제명: 능동제어위성-II 개발을 위한 개념설계),능동제어위성-II 개념설계 연구
2025년 우주항공청 신규프로젝트 탐색연구(R&D) 연구용역 계약 요청(과제명: 사회 현안 대응을 위한 위성임무 발굴),사회현안 대응 위성임무 발굴 연구
2025년 우주항공청 신규프로젝트 탐색연구(R&D) 연구용역 계약 요청(과제명:다중 활용 개념 지상관제시스템 개념연구),다중활용 지상관제시스템 개념연구
2025년 우주항공청 신규프로젝트 탐색연구(R&D) 연구용역 계약 요청(과제명:완전재사용 우주발사체 기술 확보전략 탐색연구),완전재사용 우주발사체 기술전략 탐색
2025년 우주항공청 신규프로젝트 탐색연구(R&D) 연구용역 계약 요청(과제명:우주농업 임무 수립 및 국제경쟁력 확보방안 연구),우주농업 임무수립·국제경쟁력 연구
2025년 우주항공청 신규프로젝트 탐색연구(R&D) 연구용역 계약 요청(과제명:우주항공 생태계 촉진을 위한 연구개발 인프라 구축·운영 방안 및 우주기술 실용화 방안 연구),우주항공 R&D 인프라·기술 실용화 연구
2025년 우주항공청 신규프로젝트 탐색연구(R&D) 연구용역 계약 요청(과제명:우주항공 절차 요구조건 및 우주표준화 문서연구),우주항공 절차 요구조건·표준화 문서연구
2025년 우주항공청 신규프로젝트 탐색연구(R&D) 연구용역 계약 요청(과제명:유인수송발사체 개발사업 탐색연구),유인수송발사체 개발 탐색연구
2025년 우주항공청 신규프로젝트 탐색연구(R&D) 연구용역 계약 요청(과제명:저비용 모듈화 위성플랫폼 기획 및 개념 설계),저비용 모듈화 위성플랫폼 개념설계
2025년 우주항공청 신규프로젝트 탐색연구(R&D) 연구용역 계약 요청(과제명:초극미광 심우주 탐사용 우주망원경 사업),초극미광 심우주 우주망원경 연구
2025년 우주항공청 신규프로젝트 탐색연구(R&D) 연구용역 계약 요청(과제명:초저궤도(VLEO) 위성 운용에 필요한 원자산소 저항성 재료 및 시험 기법 개발),초저궤도위성 원자산소 저항재료 개발
2025년 우주항공청 신규프로젝트 탐색연구(R&D) 연구용역 계약(과제명: 능동제어위성-II 개발을 위한 개념설계),능동제어위성-II 개념설계 연구
2025년 우주항공청 신규프로젝트 탐색연구(R&D) 연구용역 계약(과제명: 우주항공 R&D수행 성과체계분석 및 기술료납부제도 개선 연구),우주항공 R&D 성과·기술료제도 개선 연구
2025년 우주항공청 신규프로젝트 탐색연구(R&D) 연구용역 계약(과제명:극자외선(EUV) 관측기 기술 개발 성숙도 향상을 위한 기획 연구),극자외선 관측기 기술성숙도 기획연구
2025년 우주항공청 신규프로젝트 탐색연구(R&D) 연구용역 계약(과제명:달 표면 장기간 생존을 위한 Warm Electronic Box 개념설계 연구),달 표면 Warm Electronic Box 개념설계
2025년 우주항공청 신규프로젝트 탐색연구(R&D) 연구용역 계약(과제명:심우주 차기 탐사 목표 선정을 위한 기획연구),심우주 차기 탐사목표 선정 기획연구
2025년 우주항공청 신규프로젝트 탐색연구(R&D) 연구용역 계약(과제명:우주 환경에서의 생물학 및 의학 임무 수립을 위한 기획 연구),우주 생물학·의학 임무수립 기획연구
2025년 우주항공청 신규프로젝트 탐색연구(R&D) 연구용역 계약(과제명:우주발사체 개발을 위한 시스템엔지니어링 기반 사업관리 및 임무보증 프레임워크 및 문서화 연구),우주발사체 임무보증 프레임워크 연구
2025년 우주항공청 신규프로젝트 탐색연구(R&D) 연구용역 계약(과제명:우주항공 절차 요구조건 및 우주표준화 문서연구),우주항공 절차요건·표준화 문서연구
2025년 우주항공청 신규프로젝트 탐색연구(우주분야 산업 경쟁력 강화를 위한 조세감면 방안 연구) 용역,우주산업 경쟁력 조세감면 방안 연구
2025년 우주항공청 우주신기술지정제 위탁 용역(협상에 의한 계약) ,우주신기술지정제 위탁용역
2025년 우주항공청 우주환경시험지원 위탁용역 계약 요청,우주환경시험지원 위탁용역
2025년 우체국예금 고객이벤트 경품(골드바 3종) 구매,우체국예금 고객이벤트 경품 골드바 구매
2025년 울산연안 및 광양만 특별관리해역 연안오염총량관리 도입 및 시행 연구,울산·광양만 연안오염총량관리 연구
2025년 울산중부경찰서어린이집 식자재 납품업체 선정 입찰 공고,울산중부서어린이집 식자재 납품 입찰
2025년 원스톱 솔루션 센터 통합시스템 구축 등 ISP 수립,원스톱 솔루션센터 통합시스템 ISP수립
2025년 원자력안전 주요 정책현안 주제 전망 도출 용역,원자력안전 정책현안 주제전망 도출
2025년 원자력안전 주요 정책현안 주제 전망 도출 용역(수의시담),원자력안전 정책현안 주제전망 도출
2025년 원자력안전규제 정책체감도 측정·분석(수의시담),원자력안전규제 정책체감도 측정·분석
2025년 원전기기 성능검증기관 실태조사 수행 용역(수의시담),원전기기 성능검증기관 실태조사
2025년 원주삼토페스티벌 행사 대행 용역(협상에의한계약),원주삼토페스티벌 행사대행
2025년 원주청 국도 ITS 구조물 구축공사 등 2개공사 관급자재-CCTV금속기둥 1종,원주청 국도ITS 관급자재 CCTV금속기둥
2025년 원주청 국도 ITS 노후교체공사(3권역) 관급자재-차량검지기(VDS) 1종,원주청 국도ITS 관급자재 차량검지기
2025년 원주청 국도 ITS 사각지대 CCTV 구축공사,원주청 국도ITS 사각지대 CCTV 구축
2025년 원주청 국도 ITS 사각지대 CCTV 구축공사 관급자재(1회)-CCTV금속기둥 2종,원주청 ITS CCTV 관급 금속기둥
2025년 원주청 국도 ITS결빙취약구간 구축공사(1권역),원주청 국도ITS 결빙취약구간 구축1권역
2025년 원주청 국도 ITS결빙취약구간 구축공사(2권역),원주청 국도ITS 결빙취약구간 구축2권역
2025년 원주청 국도 ITS결빙취약구간 구축공사(3권역),원주청 국도ITS 결빙취약구간 구축3권역
2025년 원주청 국도 ITS결빙취약구간 구축공사(4권역),원주청 국도ITS 결빙취약구간 구축4권역
2025년 원주청 국도ITS 수해취약구간 CCTV 구축공사,원주청 국도ITS 수해취약 CCTV 구축
2025년 월악산 덕주사 공중화장실 정비공사(건축) 관급자재(수직정원) 구매,월악산 덕주사 화장실 관급 수직정원
2025년 월악산 덕주주차장 부대시설(진출입로) 정비공사,월악산 덕주주차장 진출입로 정비
2025년 월악산 송계 무장애탐방로 정비공사 실시설계용역,월악산 송계 무장애탐방로 실시설계
2025년 월악산국립공원 탐방안내소 전시물 설계 및 제작설치,월악산 탐방안내소 전시물 제작설치
2025년 월출산 천황야영장 공원시설 전면개선 사업 폐기물처리 용역,월출산 천황야영장 개선 폐기물처리
2025년 월출산 탐방로 정비사업 기본계획 및 실시설계 용역,월출산 탐방로 정비 기본·실시설계
2025년 월출산국립공원 자생식물원 관리동 데크 설치공사,월출산 자생식물원 관리동 데크 설치
2025년 월출산국립공원 재난취약지구 정비 기본계획 설계용역,월출산 재난취약지구 정비 설계
2025년 월출산국립공원 천황야영장 공원시설 전면개선 사업(조경),월출산 천황야영장 개선 조경
2025년 월출산국립공원 천황야영장 전면개선 사업(전기),월출산 천황야영장 개선 전기
2025년 월출산자생식물증식장 조성 소규모 재해영향평가 용역,월출산 자생식물증식장 재해영향평가
2025년 위성영상분석시스템 유지관리 계약 수의시담 공고,위성영상분석시스템 유지관리
2025년 위험도로개선 재해예방 건설엔지니어링(기술지도),위험도로개선 재해예방 건설엔지니어링
2025년 유용미생물 배양실 미생물 팩 포장지 구입(단가),유용미생물 팩 포장지 구입
2025년 유용미생물 배양실 미생물 팩 포장지 구입(단가계약),유용미생물 팩 포장지 단가계약
2025년 유전자과 시험연구과제 시약 및 재료(21종) 구매,유전자과 시험연구 시약·재료 구매
2025년 육불화황 세계표준센터의 전문교육훈련과정 운영 ,육불화황 세계표준센터 전문교육 운영
2025년 육상 탄소흡수원 구축(자연숲 복원) 사업 시행(경남권역),육상 탄소흡수원 자연숲 복원 경남권역
2025년 육상 탄소흡수원 구축(자연숲 복원) 사업 시행(경북권역),육상 탄소흡수원 자연숲 복원 경북권역
2025년 육상 탄소흡수원 구축(자연숲 복원) 사업(2차),육상 탄소흡수원 자연숲 복원 2차
2025년 융합신제품 적합성인증 지원 사업 민간위탁사업비,융합신제품 적합성인증 지원
2025년 은닉재산 국유화 환수소송 수행 위탁용역(법무서비스),은닉재산 국유화 환수소송 위탁
2025년 의약품 규제업무 전문가 양성 교육 및 시험 위탁용역,의약품 규제업무 전문가 양성 교육
2025년 의약품(Sodium Hyaluronate0.5mg(1mgml) 등 18 품목) 구매,의약품 18품목 구매
2025년 의원급 인플루엔자 표본감시기관 지원 물품 구매,의원급 인플루엔자 표본감시 물품 구매
2025년 의정부경찰서어린이집 식자재납품업체선정 입찰공고,의정부서어린이집 식자재 납품 입찰
2025년 의정부국토 관내 비탈면 모니터링 시스템 구축용역,의정부국토 비탈면 모니터링 구축
2025년 이동통제초소 및 가금농장초소 운영 용역(10~12월),이동통제초소·가금농장초소 운영
2025년 이러닝 통일교육 콘텐츠 개발 및 품질관리 사업,이러닝 통일교육 콘텐츠 개발·품질관리
2025년 이상기상과수 안정생산 기술보급 시범 열풍방상팬 구입(민간입찰대행),이상기상과수 안정생산 열풍방상팬 구입
2025년 익산청 교통정체 잦은곳 ITS 확대구축사업(전주~군산),익산청 정체지점 ITS 확대 전주~군산
2025년 익산청 교통정체 잦은곳 ITS 확대구축사업(화순~광주 등 2개구간),익산청 정체지점 ITS 확대 화순~광주 등
2025년 인공지능(AI)말평 활성화 및 성과 확산 연구,AI 말평 활성화·성과확산 연구
2025년 인사처-OECD 아시아 인사행정 네트워크 컨퍼런스 행사운영 대행,인사처-OECD 인사행정 컨퍼런스 운영
2025년 인삼 신품종 육성 및 부가가치 증대기술 개발 물품 구입,인삼 신품종 육성·부가가치 물품 구입
2025년 인성교육 전문인력 양성 및 정책연구 민간위탁 용역,인성교육 전문인력 양성·정책연구 위탁
2025년 인천경찰청 무인 교통단속용 장비 종합보험 가입 계약,인천청 무인교통단속장비 종합보험
2025년 인천경찰청 지문등 사전등록제 위탁 현장방문 등록사업,인천청 지문 사전등록 현장방문 등록
"2025년 인천구치소 비상대기숙소 환경 개선공사(건축, 기계) 입찰공고(긴급)",인천구치소 비상대기숙소 개선공사
2025년 인천보훈병원 검사재료 자체 연간 단가계약(180종),인천보훈병원 검사재료 단가계약180종
"2025년 인천보훈병원 검사재료 자체 연간 단가계약(수의시담, 2그룹)",인천보훈병원 검사재료 단가계약2그룹
"2025년 인천보훈병원 검사재료 자체 연간 단가계약(수의시담, 3그룹)",인천보훈병원 검사재료 단가계약3그룹
"2025년 인천보훈병원 검사재료 자체 연간 단가계약(수의시담, 4그룹)",인천보훈병원 검사재료 단가계약4그룹
"2025년 인천보훈병원 검사재료 자체 연간 단가계약(수의시담, 5그룹)",인천보훈병원 검사재료 단가계약5그룹
"2025년 인천보훈병원 급식재료(농·수·축산물, 공산품) 단가계약",인천보훈병원 급식재료 단가계약
"2025년 인천보훈병원 급식재료(농·수·축산물, 공산품) 단가계약(수의시담)",인천보훈병원 급식재료 단가계약
"2025년 인천보훈병원 급식재료(농·수·축산물, 공산품) 연간 단가계약",인천보훈병원 급식재료 연간단가계약
2025년 인천보훈병원 당화혈색소 자동분석기 무상임대조건부 검사시약 구매계약,인천보훈병원 당화혈색소 검사시약 구매
2025년 인천보훈병원 수술재료 자체 연간 단가계약(29종),인천보훈병원 수술재료 단가계약29종
"2025년 인천보훈병원 수술재료 자체 연간 단가계약(수의시담, 1그룹)",인천보훈병원 수술재료 단가계약1그룹
"2025년 인천보훈병원 수술재료 자체 연간 단가계약(수의시담, 3그룹)",인천보훈병원 수술재료 단가계약3그룹
2025년 인천보훈병원 위생재료 자체 연간 단가계약(6그룹),인천보훈병원 위생재료 단가계약6그룹
2025년 인천보훈병원 위생재료 자체 연간 단가계약(96종),인천보훈병원 위생재료 단가계약96종
"2025년 인천보훈병원 위생재료 자체 연간 단가계약(수의시담, 1그룹)",인천보훈병원 위생재료 단가계약1그룹
"2025년 인천보훈병원 위생재료 자체 연간 단가계약(수의시담, 2그룹)",인천보훈병원 위생재료 단가계약2그룹
"2025년 인천보훈병원 위생재료 자체 연간 단가계약(수의시담, 4그룹)",인천보훈병원 위생재료 단가계약4그룹
2025년 인천보훈병원 의료영상 외주판독 위탁 용역계약 (긴급),인천보훈병원 의료영상 외주판독 위탁
2025년 인천중부경찰서어린이집 식자재납품업체 선정 입찰공고,인천중부서어린이집 식자재 납품 입찰
2025년 인천지검 관내 전산통신 장비 통합 유지관리 사업,인천지검 전산통신장비 통합유지관리
2025년 인천항 축산물 현장검역 보조(중국어 통역) 용역 입찰공고,인천항 축산물 현장검역 중국어통역
2025년 인천해양경찰서 구조·구급 경찰관 특수건강검진 계약,인천해경 구조구급관 특수건강검진
2025년 일반국도 비탈면 IoT 계측시스템 보수(교체) 공사,일반국도 비탈면 IoT 계측시스템 보수
2025년 임대농기계 사업 추진에 따른 자주식 베일러 예취부 구입,임대농기계 자주식 베일러 예취부 구입
2025년 임대용 농기계 구입(승용관리기 및 붐스프레이어),임대용 농기계 구입 관리기·붐스프레이어
2025년 임도 구조개량사업 (가회 둔내 〜 대병 양리지구),임도 구조개량 가회둔내~대병양리
2025년 임도 노폭확장사업(기번1_삼계) 제한경쟁 입찰(긴급)공고,임도 노폭확장 삼계
2025년 임도 노폭확장사업(기번2_오촌) 제한경쟁 입찰(긴급)공고,임도 노폭확장 오촌
2025년 임도 노폭확장사업(장안) 건설재해예방 기술지도용역,임도 노폭확장 장안 재해예방 기술지도
"2025년 임도구조개량공사(두평,갈티,오덕) 제한경쟁 입찰 공고",임도구조개량 두평·갈티·오덕
2025년 임도구조개량사업(거제삼거구천) 제한경쟁 입찰 변경공고,임도구조개량 거제삼거구천 변경
2025년 임도구조개량사업(거제삼거지구) 제한경쟁 입찰공고,임도구조개량 거제삼거지구
2025년 임도구조개량사업(기번1_대곡) 제한경쟁 입찰(긴급)공고,임도구조개량 대곡
2025년 임도구조개량사업(기번2_양구) 제한경쟁 입찰(긴급)공고,임도구조개량 양구
2025년 임도구조개량사업(기번3_오기) 제한경쟁 입찰(긴급)공고,임도구조개량 오기
2025년 임도구조개량사업(장안) 건설재해예방 기술지도용역,임도구조개량 장안 재해예방 기술지도
2025년 임도노폭확장(오목_추가) 시공감리용역(가곡면 오목리 산21 외 1),임도노폭확장 오목 시공감리
2025년 임도사업 대상지 타당성평가 용역(1차) 입찰 공고,임도사업 대상지 타당성평가 1차
2025년 임도사업 대상지 타당성평가 용역(2차) 입찰 공고,임도사업 대상지 타당성평가 2차
2025년 임도사업(구조개량-88상걸) 제한경쟁 입찰 공고(긴급),임도사업 구조개량 88상걸
2025년 임도사업(구조개량-88상걸) 폐기물 처리용역 제한경쟁 입찰 공고(긴급),임도사업 구조개량 88상걸 폐기물처리
2025년 임도사업(구조개량-90회곡·93회곡) 제한경쟁 입찰 공고(긴급),임도사업 구조개량 90·93회곡
2025년 임도사업(산불진화-구운) 제한경쟁 입찰 공고(긴급),임도사업 산불진화 구운
2025년 임도사업(산불진화-산양) 제한경쟁 입찰 공고(긴급),임도사업 산불진화 산양
"2025년 임도사업(추경 기번4, 구조개량-17고방산) 제한경쟁 입찰공고",임도사업 구조개량 17고방산
"2025년 임도사업(추경 기번5, 구조개량-16고방산) 제한경쟁 입찰공고",임도사업 구조개량 16고방산
"2025년 임도사업(추경 기번6, 노폭확장-18월명1) 제한경쟁 입찰공고",임도사업 노폭확장 18월명1
2025년 임도시설사업(산불진화임도_기번1(노동)) 실시설계 용역,산불진화임도 노동 실시설계
2025년 임도시설사업(산불진화임도_기번2(신리)) 실시설계 용역,산불진화임도 신리 실시설계
2025년 임도시설사업(산불진화임도_기번3(유포)) 실시설계 용역 전자수의시담,산불진화임도 유포 실시설계
2025년 임도시설사업(산불진화임도_기번4(원길)) 실시설계 용역,산불진화임도 원길 실시설계
2025년 임도시설사업(산불진화임도_기번5(덕거)) 실시설계 용역,산불진화임도 덕거 실시설계
2025년 임도시설사업(추경) 실시설계용역(노폭확장_기번1),임도시설 노폭확장 실시설계 기번1
2025년 임도시설사업(추경) 실시설계용역(노폭확장_기번2),임도시설 노폭확장 실시설계 기번2
2025년 임도시설사업(추경) 실시설계용역(노폭확장_기번3),임도시설 노폭확장 실시설계 기번3
2025년 임도시설사업(추경) 실시설계용역(산불진화_기번1),임도시설 산불진화 실시설계 기번1
2025년 임도시설사업(추경) 실시설계용역(산불진화_기번2),임도시설 산불진화 실시설계 기번2
2025년 임도시설사업(추경) 실시설계용역(산불진화_기번3),임도시설 산불진화 실시설계 기번3
2025년 임산물운반로 구조개선사업(외동) 건설재해예방 기술지도용역,임산물운반로 구조개선 외동 기술지도
2025년 임상시험용의약품 치료목적사용  상담 및 안내 사업,임상시험용의약품 치료목적 상담·안내
2025년 입목처분 위탁조사용역(2차) 제한경쟁 입찰 공고(긴급),입목처분 위탁조사 2차
2025년 입원환자 주부식(11~12월분) 구매 소액수의 견적제출 안내공고,입원환자 주부식 11~12월 구매
2025년 입원환자 주부식(9~10월분) 구매 소액수의 견적제출 안내공고,입원환자 주부식 9~10월 구매
2025년 입원환자 주부식(9~10월분) 구매 소액수의 견적제출 안내공고(변경),입원환자 주부식 9~10월 구매 변경
2025년 입찰참가자격등록 업종 및 근거법령 관리 조사 용역,입찰참가자격 업종·근거법령 조사
2025년 입창 함정 공기압축기 수리 부속 총액 구매(특수조건 필독),입창 함정 공기압축기 수리부속 구매
2025년 잎들깨 양액재배기술 고도화 시범사업 민간입찰대행 공고(서OO),잎들깨 양액재배 고도화 시범 서
2025년 잎들깨 양액재배기술 고도화 시범사업 민간입찰대행 공고(전OO),잎들깨 양액재배 고도화 시범 전
2025년 잎들깨 양액재배기술 고도화 시범사업(민간입찰대행),잎들깨 양액재배 고도화 시범
2025년 자동우량경보시설 무선통신장비 및 노후시설 교체 사업,자동우량경보시설 무선통신·노후 교체
2025년 자율차 시범운행지구 운영성과 평가업무 위탁사업,자율차 시범운행지구 운영성과 평가
2025년 잔류성오염물질 부대장비(증발농축기) 구매 요청,잔류성오염물질 증발농축기 구매
2025년 장애물 없는 생활환경(BF) 인증사업 및 성과평가 연구,장애물없는 생활환경 인증·성과평가 연구
2025년 장애물 없는 생활환경(BF) 인증사업 지원 및 성과평가 연구,BF 인증 지원·성과평가 연구
2025년 장애인용 EPUB 3.0 접근성 지원 및 검증 사업,장애인용 EPUB 접근성 지원·검증
2025년 장애친화 보건의료기관 시설기준 충족 지원 및 적합성 심사 대행,장애친화 보건의료기관 적합성 심사
2025년 장애학생 교수·학습지원 원격교육연수 콘텐츠 개발,장애학생 교수학습 원격연수 콘텐츠
2025년 장항항 무단적치물 및 폐기물 처리용역(단가계약),장항항 무단적치물·폐기물 처리
2025년 재외공관 외국적 행정직원 방한연수 사업 위탁수행,재외공관 외국적 행정직원 방한연수
2025년 재학생(농수산융합학부) 단기 해외연수 진행업체 모집 공고,농수산융합학부 단기 해외연수 업체모집
2025년 재학생(원예학부) 단기 해외연수 진행업체 모집 공고,원예학부 단기 해외연수 업체모집
2025년 재학생(작물산림학부) 단기 해외연수 진행업체 모집 공고,작물산림학부 단기 해외연수 업체모집
2025년 재학생(축산학부) 단기 해외연수 진행업체 모집 공고,축산학부 단기 해외연수 업체모집
"2025년 재해예방사업 실시설계 용역(상마읍 산104, 불경골)(수의시담)",재해예방 실시설계 불경골
2025년 재해예방사업(임도_불경골) 시공감리용역(수의시담),재해예방 임도 불경골 시공감리
2025년 저탄소 농축산물 인증 지원사업 교육 컨설팅 용역,저탄소 농축산물 인증지원 교육컨설팅
2025년 전국 소방공무원 마음건강 설문조사 통계 및 분석,소방공무원 마음건강 설문 통계·분석
2025년 전국 소방공무원 마음건강 설문조사 통계 및 분석(수의시담),소방공무원 마음건강 설문 통계·분석
2025년 전국교육연수원 교육역량강화 국외연수 운영 용역,전국교육연수원 역량강화 국외연수
2025년 전기통신 워터제트 부속류 총액 구매(특수조건 필독),전기통신 워터제트 부속류 구매
2025년 전기통신 함정 주요장비 예비품(자이로) 구매(특수조건 필독),전기통신 함정 예비품 자이로 구매
2025년 전기통신자재 MTU 부속류 총액 구매(특수조건 필독),전기통신자재 MTU 부속류 구매
2025년 전남경찰청 산하 경찰서(곡성) 노후교환기 교체 사업,전남청 곡성서 노후교환기 교체
2025년 전남경찰청 정보통신시스템 통합유지보수 용역사업 계약 ,전남청 정보통신시스템 통합유지보수
2025년 전남지방우정청 보건관리자 업무 위탁 용역(1권역),전남우정청 보건관리자 위탁 1권역
2025년 전라권역 국립자연휴양림 내진성능평가 용역(2차),전라권 국립자연휴양림 내진평가 2차
2025년 전북기계공고 영마이스터 글로벌 산업현장탐방 위탁용역,전북기계공고 영마이스터 산업현장탐방
2025년 전시해설로봇 시스템 유지보수 및 고도화 작업 용역,전시해설로봇 시스템 유지보수·고도화
2025년 전주국토 관내 비탈면 모니터링 시스템 구축용역(1권역),전주국토 비탈면 모니터링 구축 1권역
2025년 전주국토 관내 비탈면 모니터링 시스템 구축용역(2권역),전주국토 비탈면 모니터링 구축 2권역
2025년 전주기상지청 관할 기상관측장소 잔디유지관리 용역,전주기상지청 관측장소 잔디유지관리
2025년 전통공예 재현 복원 연구과정 결과보고서 제작 용역,전통공예 재현복원 결과보고서 제작
2025년 전통문화사회교육과정 세종학습관 성과품 전시 용역,세종학습관 전통문화교육 성과품 전시
2025년 정보보안 취약점 제거를 위한 윈도우11 업그레이드,정보보안 윈도우11 업그레이드
"2025년 정보시스템(혁신24,소통24) 통합운영 및 유지관리",혁신24·소통24 통합운영·유지관리
2025년 정보시스템(혁신24·소통24) 통·폐합 개인정보 영향평가 사업,혁신24·소통24 통폐합 개인정보영향평가
2025년 정부과천청사(1동) 그린 리모델링 공사 감리용역,정부과천청사 1동 그린리모델링 감리
2025년 정부과천청사(1동) 그린 리모델링 공사 폐기물처리용역,정부과천청사 1동 그린리모델링 폐기물
"2025년 정부관리양곡 시도별(광주, 전북, 전남) 포장재(지대) 구매(2차)",정부양곡 광주·전북·전남 포장재 2차
"2025년 정부관리양곡 시도별(광주,전북,전남) 포장재(지대, 1차) 구매",정부양곡 광주·전북·전남 포장재 1차
"2025년 정부관리양곡 시도별(부산,대구,경북,경남) 포장재(지대) 구매(1차)",정부양곡 부산·대구·경북·경남 포장재1차
"2025년 정부관리양곡 시도별(부산,대구,경북,경남) 포장재(지대) 구매(2차)",정부양곡 부산·대구·경북·경남 포장재2차
"2025년 정부관리양곡 시도별(세종,충북,충남) 포장재(지대) 구매(1차)",정부양곡 세종·충북·충남 포장재 1차
"2025년 정부관리양곡 시도별(세종,충북,충남) 포장재(지대) 구매(2차)",정부양곡 세종·충북·충남 포장재 2차
"2025년 정부관리양곡 시도별(인천,경기,강원) 포장재(지대) 구매(1차)",정부양곡 인천·경기·강원 포장재 1차
"2025년 정부관리양곡 시도별(인천,경기,강원) 포장재(지대) 구매(2차)",정부양곡 인천·경기·강원 포장재 2차
"2025년 정부관리양곡 포장재(대형포대, p.p) 구매(2차)",정부양곡 포장재 대형포대 PP 2차
"2025년 정부관리양곡 포장재(소형, p.p) 구매(2차)",정부양곡 포장재 소형 PP 2차
"2025년 정부서울청사 승강기제어시스템(행선층예약, 군관리 등) 유지보수 용역",정부서울청사 승강기제어시스템 유지보수
2025년 정부세종청사 1~17동 어린이집 환경개선 공사,정부세종청사 어린이집 환경개선 공사
2025년 정부세종청사 사업장폐기물(조경) 위탁 처리 용역,정부세종청사 사업장폐기물(조경) 위탁 처리 용역
2025년 정부세종청사 사업장폐기물(폐합성수지) 처리위탁,정부세종청사 사업장폐기물(폐합성수지) 처리위탁
2025년 정부세종청사 어린이집(솔비타 외2) 환경개선 공사,정부세종청사 어린이집(솔비타 외2) 환경개선 공사
2025년 정부세종청사 청소용 소모품(건물청소용품) 구매,정부세종청사 청소용 소모품(건물청소용품) 구매
2025년 정부세종청사 출입통제시스템 서버 재배치 및 고도화,정부세종청사 출입통제시스템 서버 재배치 · 고도화
2025년 정부세종청사 출입통제시스템 통신케이블 포설 공사,정부세종청사 출입통제시스템 통신케이블 포설 공사
2025년 정부초청외국인장학생(GKS) 동문 초청 연수 운영 용역,정부초청외국인장학생(GKS) 동문 초청 연수 운영 용역
2025년 정부초청외국인장학생(GKS) 송년의 밤 행사 용역,정부초청외국인장학생(GKS) 송년의 밤 행사 용역
2025년 정부초청외국인장학생(GKS) 졸업 축하 환송회 운영 용역,정부초청외국인장학생 졸업 축하 환송회 운영 용역
2025년 정선국토 관내 도로안전 및 환경개선 실시설계용역,정선국토 관내 도로안전 · 환경개선 실시설계용역
2025년 정선국토 관내 도로유지보수공사 실시설계용역(1차),정선국토 관내 도로유지보수공사 실시설계용역(1차)
2025년 정선국토 관내 비탈면 모니터링 시스템 구축 용역,정선국토 관내 비탈면 모니터링 시스템 구축 용역
"2025년 정선국토 관내 정선, 삼척권역 전기시설물 유지보수공사","정선국토 관내 정선, 삼척권역 전기시설물 유지보수공사"
"2025년 정선국토 관내 평창, 영월권역 전기시설물 유지보수공사","정선국토 관내 평창, 영월권역 전기시설물 유지보수공사"
2025년 정선국토 관내 포장정비 등 도로유지보수 실시설계용역,정선국토 관내 포장정비 등 도로유지보수 실시설계용역
2025년 정읍지황 농촌융복합산업지구 기반조성사업 3톤 추출기 구입(민간입찰대행),정읍지황 농촌융복합산업지구 기반조성사업 3톤 추출기 구
2025년 정읍지황 농촌융복합산업지구 기반조성사업 물품 구입 공고(민간입찰대행),정읍지황 농촌융복합산업지구 기반조성사업 물품 구입 공고
2025년 정화조 온라인 유통판매 자율시정 프로그램 운영,정화조 온라인 유통판매 자율시정 프로그램 운영
2025년 정화조 온라인 유통판매 자율시정 프로그램 운영(새로운 공고),정화조 온라인 유통판매 자율시정 프로그램 운영
2025년 제10차 숲가꾸기(풀베기)사업 긴급 입찰 공고[지명경쟁],제10차 숲가꾸기사업 긴급 입찰 공고[지명경쟁]
2025년 제11차 숲가꾸기(풀베기)사업  긴급 입찰 공고[지명경쟁],제11차 숲가꾸기사업 긴급 입찰 공고[지명경쟁]
2025년 제12차 숲가꾸기(풀베기)사업 긴급 입찰 공고[지명경쟁],제12차 숲가꾸기사업 긴급 입찰 공고[지명경쟁]
2025년 제12차 숲가꾸기사업 지명경쟁 입찰공고(긴급),제12차 숲가꾸기사업 지명경쟁 입찰공고(긴급)
2025년 제13차 숲가꾸기(풀베기)사업 긴급 입찰 공고[지명경쟁],제13차 숲가꾸기사업 긴급 입찰 공고[지명경쟁]
2025년 제13회 서울 농업인 한마음 대회 전시 및 장식 용역,제13회 서울 농업인 한마음 대회 전시 · 장식 용역
2025년 제13회 서울 농업인 한마음 대회 축하공연 및 음향 용역,제13회 서울 농업인 한마음 대회 축하공연 · 음향
2025년 제14차 숲가꾸기(풀베기)사업 긴급 입찰 공고[지명경쟁],제14차 숲가꾸기사업 긴급 입찰 공고[지명경쟁]
2025년 제15차 숲가꾸기(풀베기)사업 긴급 입찰 공고[지명경쟁],제15차 숲가꾸기사업 긴급 입찰 공고[지명경쟁]
2025년 제16차 숲가꾸기(풀베기)사업 긴급 입찰 공고[지명경쟁],제16차 숲가꾸기사업 긴급 입찰 공고[지명경쟁]
2025년 제1~3차 숲가꾸기(경제림가꾸기)사업에 대한 감리용역,제1~3차 숲가꾸기(경제림가꾸기)사업에 대한 감리용역
2025년 제1기 ERP 데이터 분석 전문가 양성과정 위탁교육,제1기 ERP 데이터 분석 전문가 양성과정 위탁교육
2025년 제1차 APEC 해양회복력 콘퍼런스 준비 대행 및 운영,제1차 APEC 해양회복력 콘퍼런스 준비 대행 · 운영
2025년 제1차 경찰공무원 채용 필기시험 문제지 인쇄 및 포장,제1차 경찰공무원 채용 필기시험 문제지 인쇄 · 포장
2025년 제1차 나무심기 사업(조림예정지정리 포함) 긴급 입찰 공고[지명경쟁],제1차 나무심기 사업 긴급 입찰 공고[지명경쟁]
2025년 제1차 숲가꾸기(솎아베기)사업 긴급 입찰 공고[지명경쟁],제1차 숲가꾸기사업 긴급 입찰 공고[지명경쟁]
2025년 제1차 숲가꾸기(솎아베기)사업 긴급 재입찰 공고[지명경쟁],제1차 숲가꾸기사업 긴급 재입찰 공고[지명경쟁]
2025년 제1차 조림 사업(조림예정지정리 포함) 감리용역,제1차 조림 사업(조림예정지정리 포함) 감리용역
2025년 제24차 숲가꾸기사업 지명경쟁 입찰공고(긴급),제24차 숲가꾸기사업 지명경쟁 입찰공고(긴급)
2025년 제25기 동행매력 도시농업전문가 양성교육 실습재료 구메,제25기 동행매력 도시농업전문가 양성교육 실습재료 구메
2025년 제26차 숲가꾸기사업 지명경쟁 입찰 공고(긴급),제26차 숲가꾸기사업 지명경쟁 입찰 공고(긴급)
2025년 제28차 숲가꾸기사업 지명경쟁 입찰공고(긴급),제28차 숲가꾸기사업 지명경쟁 입찰공고(긴급)
2025년 제29차 숲가꾸기사업 지명경쟁 입찰공고(긴급),제29차 숲가꾸기사업 지명경쟁 입찰공고(긴급)
2025년 제2차 나무심기사업(조림예정지 정리 포함) 긴급 입찰 공고[지명경쟁],제2차 나무심기사업 긴급 입찰 공고[지명경쟁]
2025년 제2차 수인성식품매개감염병 원인병원체 진단혈청 구매,제2차 수인성식품매개감염병 원인병원체 진단혈청 구매
2025년 제2차 찾아가는 해양유산 전시 연출 및 보조물 제작 설치,제2차 찾아가는 해양유산 전시 연출 · 보조물 제작 설
"2025년 제2차, 3차 숲가꾸기(어린나무가꾸기) 사업 감리용역","제2차, 3차 숲가꾸기(어린나무가꾸기) 사업 감리용역"
2025년 제31차 숲가꾸기사업 지명경쟁 입찰공고(긴급),제31차 숲가꾸기사업 지명경쟁 입찰공고(긴급)
2025년 제3회 국민 공공외교 우수사례 공모전 운영용역,제3회 국민 공공외교 우수사례 공모전 운영용역
"2025년 제4, 5차 숲가꾸기(공익림가꾸기)사업 실시설계 용역","제4, 5차 숲가꾸기(공익림가꾸기)사업 실시설계 용역"
2025년 제주광역 VTS 주요정보통신기반시설 보안 취약점 분석평가 용역,제주광역 VTS 주요정보통신기반시설 보안 취약점 분석평
2025년 제주지방기상청 기후변화 이해확산 및 기상기후사진전 용역,제주지방기상청 기후변화 이해확산 · 기상기후사진전 용역
2025년 제주지소 산림품종보호·채종원관리 사업(풀베기),제주지소 산림품종보호·채종원관리 사업(풀베기)
2025년 조달정보시스템 노후장비 교체 및 운영환경 개선,조달정보시스템 노후장비 교체 · 운영환경 개선
2025년 조류인플루엔자 항원뱅크(H5형 clade 2.3.4.4b) 구축,조류인플루엔자 항원뱅크 구축
"2025년 조림사업 실시설계 용역(봉평 1,2,3,4차)","조림사업 실시설계 용역(봉평 1,2,3,4차)"
"2025년 조림사업 실시설계 용역(자원 1, 2, 3차)","조림사업 실시설계 용역(자원 1, 2, 3차)"
2025년 조림사업용 묘목구매 소액 수의견적 제출안내 공고,조림사업용 묘목구매 소액 수의견적 제출안내 공고
2025년 조사료 사일리지 제조기계 구입(2차) (베일피복기),조사료 사일리지 제조기계 구입(2차) (베일피복기)
2025년 조사료생산용 기계장비 구입 지원사업(드론) 견적 제출 공고(민간입찰대행),조사료생산용 기계장비 구입 지원사업 견적 제출 공고
2025년 졸업생 해외연수(3개 연수과정) 진행업체 모집 공고,졸업생 해외연수(3개 연수과정) 진행업체 모집 공고
2025년 종자산업 현황조사 및 이용자 중심 통계체계 개선 연구용역,종자산업 현황조사 · 이용자 중심 통계체계 개선 연구
2025년 종합검정실 원소분석기(유기물분석기) 구입(외자),종합검정실 원소분석기(유기물분석기) 구입(외자)
2025년 종합검정실 환경개선사업 ICP 장비구입 외자조달 구매 요청,종합검정실 환경개선사업 ICP 장비구입 외자조달 구매
2025년 종합검정실 환경개선사업 pH·EC 자동측정기 외자조달 구매,종합검정실 환경개선사업 pH·EC 자동측정기 외자조달
2025년 종합검정실 환경개선사업 인산·규산 자동측정기 외자조달 구매 요청,종합검정실 환경개선사업 인산·규산 자동측정기 외자조달
2025년 주거급여정보시스템 운영 및 유지관리 위탁 용역,주거급여정보시스템 운영 · 유지관리 위탁 용역
2025년 주기관 DIS_PCB 총액 구매(특수조건 필독),주기관 DIS_PCB 총액 구매(특수조건 필독)
"2025년 주기관, 발전기관 중요부품 소제, 분해검사 및 주기관 청수쿨러 소제 검사 단가계약","주기관, 발전기관 중요부품 소제, 분해검사 · 주기관"
"2025년 주기관, 발전기관 취외취부 및 중심조정 단가계약","주기관, 발전기관 취외취부 · 중심조정 단가계약"
"2025년 주기관, 발전기관 터보챠저 총분해수리 단가계약","주기관, 발전기관 터보챠저 총분해수리 단가계약"
2025년 주산작목 기계화 및 작업확산지원사업 농업기계 구입 (변경 공고),주산작목 기계화 · 작업확산지원사업 농업기계 구입
"2025년 주산지 GAP(토양, 용수) 안전성 분석 지원사업 용역","주산지 GAP(토양, 용수) 안전성 분석 지원사업 용역"
2025년 주산지 일관기계화 사업 농업기계(콩정선선별기 등) 구입 소액(수의) 견적 제출,주산지 일관기계화 사업 농업기계 구입 소액 견적 제출
2025년 주산지 일관기계화사업 농업기계(퇴비살포기) 구입 소액(수의) 견적 제출,주산지 일관기계화사업 농업기계 구입 소액 견적 제출
2025년 주산지 일관기계화사업 농업기계(파종기 외 2종) 구입 소액(수의) 견적 제출,주산지 일관기계화사업 농업기계 구입 소액 견적 제출
2025년 주산지일관기계화사업 임대 농기계 구입[트랙터],주산지일관기계화사업 임대 농기계 구입[트랙터]
2025년 주산지일관기계화사업 임대장비 구입(측조시비기),주산지일관기계화사업 임대장비 구입(측조시비기)
2025년 주산지일관기계화사업 장기임대 농기계(농업용드론외 1종) 구입 수의견적 공고,주산지일관기계화사업 장기임대 농기계 구입 수의견적 공고
2025년 주산지일관기계화사업 장기임대 농기계(드론외 1종) 구입 수의견적 공고,주산지일관기계화사업 장기임대 농기계 구입 수의견적 공고
2025년 주산지일관기계화사업 장기임대 농기계(콤바인) 구입 수의견적 공고,주산지일관기계화사업 장기임대 농기계 구입 수의견적 공고
2025년 주산지일관기계화사업 추진용 임대장비 구입(붐스프레이어),주산지일관기계화사업 추진용 임대장비 구입(붐스프레이어)
2025년 주왕산 재해복구사업(안내표지판 제작 및 설치),주왕산 재해복구사업(안내표지판 제작 · 설치)
2025년 주왕산국립공원 자하교화장실 자연암 다기능 경관옹벽 설치,주왕산국립공원 자하교화장실 자연암 다기능 경관옹벽 설치
"2025년 주왕산국립공원 재난안전시설(자동통제시설, CCTV) 설치 공사",주왕산국립공원 재난안전시설 설치 공사
2025년 주요정보통신기반시설 등 취약점 분석·평가 용역,주요정보통신기반시설 등 취약점 분석·평가 용역
2025년 주요정보통신기반시설(FOIS 등) 취약점 분석·평가 용역,주요정보통신기반시설 취약점 분석·평가 용역
2025년 주택소유확인시스템 유지보수 및 데이터베이스 갱신,주택소유확인시스템 유지보수 · 데이터베이스 갱신
2025년 중국 한국어과 대학생 방한연수 운영 위탁 용역,중국 한국어과 대학생 방한연수 운영 위탁 용역
2025년 중남미 수출입 식품 안전관리 역량 강화(ODA) 사업,중남미 수출입 식품 안전관리 역량 강화(ODA) 사업
2025년 중반기 거점소독 세척시설 폐수 위탁처리 용역 단가계약,중반기 거점소독 세척시설 폐수 위탁처리 용역 단가계약
2025년 중부지방산림청(부여국유림관리소) 청사 위험성평가 위탁 용역,중부지방산림청 청사 위험성평가 위탁 용역
2025년 중부지역본부 훼손지 복원공사(계룡산 인공횡구조물 철거),중부지역본부 훼손지 복원공사(계룡산 인공횡구조물 철거)
2025년 중부지역본부 훼손지 복원공사(월악산 인공횡구조물 철거),중부지역본부 훼손지 복원공사(월악산 인공횡구조물 철거)
2025년 중부지역본부 훼손지 복원사업(인공횡구조물 철거) 설계 용역,중부지역본부 훼손지 복원사업 설계 용역
2025년 중부지역본부 훼손지(계룡산·속리산) 복원공사(산림생태계복원),중부지역본부 훼손지 복원공사
2025년 중부지역본부 훼손지(소백산북부) 복원공사(산림생태계복원),중부지역본부 훼손지 복원공사
2025년 중부청 VTS 주요정보통신기반시설 보안취약점 분석평가 용역,중부청 VTS 주요정보통신기반시설 보안취약점 분석평가
2025년 중소기업수출지원센터 홈페이지 운영 및 유지보수 용역,중소기업수출지원센터 홈페이지 운영 · 유지보수 용역
2025년 중소벤처기업부 외국어 역량강화 교육 운영 용역,중소벤처기업부 외국어 역량강화 교육 운영 용역
2025년 중앙경찰학교 교내 방역(소독) 용역 소액수의 공고,중앙경찰학교 교내 방역(소독) 용역 소액수의 공고
2025년 중앙내수면연구소 기계설비 유지관리자 상주 용역,중앙내수면연구소 기계설비 유지관리자 상주
2025년 중앙보훈병원 및 서울요양병원 주방용품 175종 구입,중앙보훈병원·서울요양병원 주방용품 175종
2025년 중앙보훈병원 자체구매 진료재료(검사재료) [10그룹],중앙보훈병원 진료재료(검사재료) 10그룹
2025년 중앙보훈병원 자체구매 진료재료(검사재료) [36그룹],중앙보훈병원 진료재료(검사재료) 36그룹
2025년 중앙보훈병원 장례식장 잡화류(중기간 경쟁제품) 5종 구매,중앙보훈병원 장례식장 잡화류 5종
2025년 중앙소방장비품평회 전시장 설치 용역(수의시담),중앙소방장비품평회 전시장 설치
2025년 중앙소방장비품평회 전시장(남부권) 임차(수의시담),중앙소방장비품평회 전시장(남부권) 임차
2025년 중앙소방장비품평회 출품장비 정보 책자 제작(수의시담),중앙소방장비품평회 출품장비 정보 책자 제작
2025년 중앙소방장비품평회 현장평가 및 만족도 조사 용역(수의시담),중앙소방장비품평회 현장평가·만족도 조사
2025년 중앙소방학교 훈련시설 운용 LPG가스 단가계약,중앙소방학교 훈련시설 운용 LPG가스
2025년 중앙투자심사 협의면제 전문기관 검토 용역 계약 체결 의뢰,중앙투자심사 협의면제 전문기관 검토
2025년 중앙행정기관 등의 공공언어 진단 및 지침 정비,중앙행정기관 공공언어 진단·지침 정비
2025년 중점 청 가상자산 추적 및 분석 도구 구매(Chainalysis Reactor Platinum),가상자산 추적·분석 도구 구매
"2025년 지구대, 파출소 청소용역 관련 전자입찰 공고 계획",지구대·파출소 청소
2025년 지구대기감시소 대기조성물질 원소성분 분석 용역,지구
2025년 지리산전남 무장애탐방로 정비공사 관급자재(장애인 안내시스템) 구매,지리산전남 무장애탐방로 정비공사 관급자재 구매
2025년 지리산전남 성삼재주차장 공중화장실 정비공사 건축감리 용역,지리산전남 성삼재주차장 공중화장실 정비공사 건축감리
2025년 지리산전남 성삼재주차장 공중화장실 정비공사(건축),지리산전남 성삼재주차장 공중화장실 정비공사(건축)
2025년 지리산전남 성삼재주차장 공중화장실 정비공사(전기),지리산전남 성삼재주차장 공중화장실 정비공사(전기)
2025년 지리산전남 성삼재주차장 공중화장실 정비공사(폐기물처리용역),지리산전남 성삼재주차장 공중화장실 정비공사
2025년 지리산전북 공중화장실 오수처리시설 위탁관리용역,지리산전북 공중화장실 오수처리시설 위탁관리용역
2025년 지리산전북 달궁힐링야영장 전면개선사업(건축) 감리용역,지리산전북 달궁힐링야영장 전면개선사업(건축) 감리용역
2025년 지리산전북 반선주차장 공중화장실 정비공사 건축감리용역,지리산전북 반선주차장 공중화장실 정비공사 건축감리용역
2025년 지리산전북 반선주차장 공중화장실 정비공사 폐기물처리용역,지리산전북 반선주차장 공중화장실 정비공사 폐기물처리용역
2025년 지리산전북 반선주차장 공중화장실 정비공사(전기),지리산전북 반선주차장 공중화장실 정비공사(전기)
2025년 지리산전북 뱀사골탐방지원센터 정비 실시설계용역,지리산전북 뱀사골탐방지원센터 정비 실시설계용역
2025년 지방규제혁신 우수사례 경진대회 행사운영 대행 용역,지방규제혁신 우수사례 경진대회 행사운영 대행 용역
2025년 지방자치인재개발원 교육생 주초·주말 통근버스 운행,지방자치인재개발원 교육생 주초·주말 통근버스 운행
2025년 지역단위 푸드플랜 구축지원(안전·품질관리) 용역,지역단위 푸드플랜 구축지원(안전·품질관리) 용역
2025년 지역보건의료정보시스템 (PHIS)기능개선 사업,지역보건의료정보시스템 (PHIS)기능개선 사업
2025년 지역사회 건강증진사업 현황 평가 및 체감도 조사,지역사회 건강증진사업 현황 평가 · 체감도 조사
"2025년 지역특화형 신선농산물 수출단지 조성사업 장비(농업용고압세척기, 충전식전동가위)구입(민간대행)",지역특화형 신선농산물 수출단지 조성사업 장비구입
2025년 지역특화형 신선농산물 수출단지 조성사업 장비(휴대용 비파괴 당도측정기)구입(민간대행),지역특화형 신선농산물 수출단지 조성사업 장비구입
2025년 지적재조사행정시스템(바른땅) 유지관리 및 운영지원 용역,지적재조사행정시스템(바른땅) 유지관리 · 운영지원 용역
2025년 지질유산 정기조사 및 모니터링 운영 체계 구축,지질유산 정기조사 · 모니터링 운영 체계 구축
2025년 지하공간통합지도 수정.갱신 및 지하정보 전담기구 운영,지하공간통합지도 수정.갱신 · 지하정보 전담기구 운영
2025년 지황 국내육성품종 보급 시범사업 입찰 공고(민간대행),지황 국내육성품종 보급 시범사업 입찰 공고(민간대행)
2025년 직원 기념일 케이크 제조 및 배송업체 선정 계약,직원 기념일 케이크 제조 · 배송업체 선정 계약
2025년 진주경찰서 지·파출소 청소용역업체 선정 입찰 공고,진주경찰서 지·파출소 청소용역업체 선정 입찰 공고
2025년 진주국토 관내(1권역) 비탈면 모니터링 시스템 구축 용역,진주국토 관내 비탈면 모니터링 시스템 구축 용역
2025년 진주국토 관내(2권역) 비탈면 모니터링 시스템 구축 용역,진주국토 관내 비탈면 모니터링 시스템 구축 용역
2025년 진해해군정비창 상가수리함정PS BALL 단가계약,진해해군정비창 상가수리함정PS BALL 단가계약
2025년 찾아가는 곤충교실(초등학교) 교육 재료 및 물품 구매,찾아가는 곤충교실(초등학교) 교육 재료 · 물품 구매
2025년 찾아가는 굔충교실(초등학교) 교육용 활동북 제작,찾아가는 굔충교실(초등학교) 교육용 활동북 제작
2025년 채용공고 기반 첨단분야 인재역량 수요분석 정책연구,채용공고 기반 첨단분야 인재역량 수요분석 정책연구
2025년 철도경찰 디지털포렌식 소프트웨어 라이선스 구매,철도경찰 디지털포렌식 소프트웨어 라이선스 구매
2025년 철도경찰대 탈부착형(몰리형) 근무조끼 제조 구매 공고,철도경찰대 탈부착형(몰리형) 근무조끼 제조 구매 공고
2025년 첨단산업 표준리더십 포럼 운영 및 홍보콘텐츠 제작 등 업무 용역,첨단산업 표준리더십 포럼 운영 · 홍보콘텐츠 제작 등
2025년 청년4-H회원 창업 성공모델 지원사업 모우어 컨디셔너 구입(입찰대행) ,청년4-H회원 창업 성공모델 지원사업 모우어 컨디셔너
2025년 청년4H 스마트방제단 운영 지원사업(드론 구입)[입찰대행],청년4H 스마트방제단 운영 지원사업[입찰대행]
2025년 청년농업인 드론활용 병해충 방제단 운영 트럭 구입(민간입찰대행),청년농업인 드론 병해충 방제단 트럭 구입
2025년 청년농업인 맞춤형 창업 성공모델 지원사업-자동사료급이기 등 ,청년농업인 맞춤형 창업 지원 자동사료급이기
2025년 청년농업인 스마트팜 자립기반 구축 지원사업(온실시공),청년농업인 스마트팜 자립기반 온실시공
2025년 청년농업인 자립기반 구축 지원사업(분무기탑재차)-민간입찰대행,청년농업인 자립기반 구축 분무기탑재차
2025년 청년농업인 자립기반구축 지원사업(과일건조 작업장 신축공사)(민간입찰대행),청년농업인 자립기반 과일건조 작업장 신축
2025년 청년농업인 창업 스케일업(성장) 지원사업 초임계추출기 구입,청년농업인 창업 스케일업 초임계추출기
2025년 청년도전지원사업 참여자 재해보상책임보험 입찰 공고,청년도전지원 참여자 재해보상책임보험
2025년 청년친화 ESG지원 네트워크 추진체계 운영 위탁,청년친화 ESG지원 네트워크 운영 위탁
2025년 청양 지구자기 관측시스템 교체 사업 긴급 조달 계약,청양 지구자기 관측시스템 교체
2025년 청양경찰서 구내식당 소액공사 수의계약 견적서 제출 안내 변경공고,청양경찰서 구내식당 소액공사
2025년 청주여자교도소 공무용 차량(니로 하이브리드) 임차,청주여자교도소 공무용 차량 임차
2025년 청주흥덕경찰서어린이집 식자재  공급업체 선정 공고,청주흥덕경찰서어린이집 식자재 공급업체
2025년 초경량비행장치 비행경로기록시스템 운영 및 유지관리 업무 위탁,초경량비행장치 비행경로기록시스템 운영
2025년 초경량비행장치(드론) 활용 수질오염 감시업무 대행용역,초경량비행장치 드론 수질오염 감시 대행
2025년 초고해상도 수도권 도시특화 기상정보 산출기술 개선 연구,초고해상도 수도권 도시특화 기상정보 산출
2025년 초등교과 맞춤형 민속 콘텐츠 개발 및 시스템(어린이민속사전) 기능 추가,초등교과 민속 콘텐츠 개발·시스템 기능추가
2025년 추경 산불진화임도 시설공사 시공감리 용역(기번1),추경 산불진화임도 시공감리
2025년 추경 산불진화임도 시설공사 시공감리 용역(기번1) 제한경쟁 입찰공고,추경 산불진화임도 시공감리 제한경쟁
2025년 추경 산불진화임도 시설공사(기번4) 제한경쟁 입찰공고,추경 산불진화임도 시설공사 제한경쟁
2025년 추경 임도 노폭확장 사업(기번1) 제한경쟁 입찰공고,추경 임도 노폭확장 사업 제한경쟁
2025년 추경 임도 노폭확장사업(기번2) 제한경쟁 입찰공고,추경 임도 노폭확장사업 제한경쟁
2025년 추경 임도 노폭확장사업(기번3) 제한경쟁 입찰공고,추경 임도 노폭확장사업 제한경쟁
2025년 추경 임도 노폭확장사업(기번5) 제한경쟁 입찰공고,추경 임도 노폭확장사업 제한경쟁
"2025년 추경 임도 재해예방사업(낙천, 송계) 감리용역",추경 임도 재해예방사업 감리
2025년 추경 임도구조개량사업(기번1) 폐기물처리 용역,추경 임도구조개량사업 폐기물처리
2025년 추경 임도노폭확장사업(어성전) 폐기물 처리용역,추경 임도노폭확장사업 폐기물처리
"2025년 추경 임도변 재해예방사업(무이,덕거) 감리용역",추경 임도변 재해예방사업 감리
"2025년 추경 임도변 재해예방사업(무이,덕거) 실시설계용역",추경 임도변 재해예방사업 실시설계
2025년 추경 임도사업(노폭확장-12신이) 제한경쟁 입찰 공고(긴급),추경 임도사업 노폭확장 제한경쟁
2025년 추경 임도사업(노폭확장-89강촌) 감리용역 제한경쟁 입찰 공고(긴급),추경 임도사업 노폭확장 감리 제한경쟁
2025년 추경 임도사업(노폭확장-89강촌) 감리용역 제한경쟁 재입찰 공고(긴급),추경 임도사업 노폭확장 감리 재입찰
2025년 추경 임도사업(노폭확장-89강촌) 제한경쟁 입찰 공고(긴급),추경 임도사업 노폭확장 제한경쟁
2025년 추경 임도시설사업(산불진화_기번4) 실시설계용역,추경 임도시설사업 산불진화 실시설계
2025년 추경 임도시설사업(산불진화_기번5) 실시설계용역,추경 임도시설사업 산불진화 실시설계
2025년 추경예산 임도시설 실시설계용역(1차_구조개량_기번1번),추경예산 임도시설 구조개량 실시설계
2025년 추경예산 임도시설 실시설계용역(1차_구조개량_기번2번),추경예산 임도시설 구조개량 실시설계
2025년 추경예산 임도시설 실시설계용역(1차_구조개량_기번3번),추경예산 임도시설 구조개량 실시설계
2025년 추경예산 임도시설 실시설계용역(1차_구조개량_기번4번),추경예산 임도시설 구조개량 실시설계
2025년 추경예산 임도시설 실시설계용역(1차_구조개량_기번5번),추경예산 임도시설 구조개량 실시설계
2025년 추경예산 임도시설 실시설계용역(1차_구조개량_기번6번),추경예산 임도시설 구조개량 실시설계
2025년 추경예산 임도시설 실시설계용역(1차_노폭확장_기번1번),추경예산 임도시설 노폭확장 실시설계
2025년 추경예산 임도시설 실시설계용역(1차_노폭확장_기번2번),추경예산 임도시설 노폭확장 실시설계
2025년 추경예산 임도시설 실시설계용역(1차_노폭확장_기번3번),추경예산 임
2025년 추경예산 임도시설 실시설계용역(1차_노폭확장_기번4번),추경예산 임도시설 실시설계용역(1차_노폭확장_기번4번)
2025년 추경예산 임도시설 실시설계용역(1차_노폭확장_기번5번),추경예산 임도시설 실시설계용역(1차_노폭확장_기번5번)
2025년 추경예산 임도시설 실시설계용역(1차_산불진화임도_기번1번),추경예산 임도시설 실시설계용역
2025년 추경예산 임도시설 실시설계용역(1차_산불진화임도_기번2번),추경예산 임도시설 실시설계용역
2025년 추경예산 임도시설 실시설계용역(1차_산불진화임도_기번3번),추경예산 임도시설 실시설계용역
2025년 추경예산 임도시설 실시설계용역(1차_산불진화임도_기번4번),추경예산 임도시설 실시설계용역
2025년 추경예산 임도시설 실시설계용역(1차_산불진화임도_기번5번),추경예산 임도시설 실시설계용역
2025년 추경예산 임도시설 실시설계용역(1차_산불진화임도_기번6번),임도시설 실시설계(산불진화임도 6번)
2025년 추경예산 임도시설 실시설계용역(1차_산불진화임도_기번7번),임도시설 실시설계(산불진화임도 7번)
2025년 추경예산 임도시설 실시설계용역(1차_산불진화임도_기번8번),임도시설 실시설계(산불진화임도 8번)
2025년 추기 소나무재선충병 공동방제사업(영덕-기번1),소나무재선충병 공동방제(영덕1)
2025년 추기 소나무재선충병 공동방제사업(영덕-기번2),소나무재선충병 공동방제(영덕2)
2025년 추기 소나무재선충병 공동방제사업(영덕-기번3),소나무재선충병 공동방제(영덕3)
2025년 축분 바이오차 기술지원 촉진사업 추진을 위한 축분 바이오차 구입,축분 바이오차 기술지원 촉진용 구입
2025년 축산분야 탄소중립 시범사업(바이오차) 추진을 위한 축분 바이오차 구입,축산 탄소중립 시범(바이오차) 구입
2025년 춘천지방검찰청 및 관내지청 정보통신시설 유지보수  용역,춘천지검·관내지청 정보통신시설 유지보수
2025년 충남경찰청어린이집 식자재 납품업체 선정 입찰 공고,충남청 어린이집 식자재 납품업체 선정
2025년 충북경찰청 정보통신시스템 통합유지보수 용역 계약,충북청 정보통신시스템 통합유지보수
2025년 충주국토 1권역 도로구조물분야 통합건설사업관리용역,충주국토1권역 도로구조물 통합건설관리
2025년 충주국토 1권역 도로운영분야 통합건설사업관리용역,충주국토1권역 도로운영 통합건설관리
2025년 충주국토 2권역 도로구조물분야 통합건설사업관리용역,충주국토2권역 도로구조물 통합건설관리
2025년 충주국토 2권역 도로운영분야 통합건설사업관리용역,충주국토2권역 도로운영 통합건설관리
2025년 충주국토 관내 비점오염저감시설 점검 및 수질모니터링 용역,비점오염저감시설 점검·수질모니터링
2025년 충주국토 관내 비탈면 모니터링(CCTV) 구축용역,관내 비탈면 모니터링(CCTV) 구축
2025년 충주국토 관내(1권역) 비탈면 모니터링 시스템 구축 용역,1권역 비탈면 모니터링 시스템 구축
2025년 충주국토 관내(2권역) 비탈면 모니터링 시스템 구축 용역,2권역 비탈면 모니터링 시스템 구축
2025년 충주국토 생활폐기물(폐합성수지 등) 위탁처리용역,충주국토 생활폐기물 위탁처리
2025년 충주국토 제1권역 도로시설물 보수공사 건설엔지니어링 사업(실시설계),충주1권역 도로시설물 보수 실시설계
2025년 충주국토 제2권역 도로시설물 보수공사 건설엔지니어링 사업(실시설계),충주2권역 도로시설물 보수 실시설계
2025년 충주시농업기술센터 임대 농업기계 운반대행 용역,충주 임대 농업기계 운반대행
2025년 충청권역 내 검역감염병 관련 유증상 해외입국자 검체 운송 용역,충청권 검역감염병 유증상 입국자 검체 운송
2025년 충청권질병대응센터 공항만 여행자 호흡기감염병 검사용 시약·소모품 구매,충청권 여행자 호흡기감염병 시약·소모품 구매
2025년 충청권질병대응센터 공항만 오하수 기반 감염병 감시용 시약·소모품 구매,충청권 오하수 감염병 감시 시약·소모품 구매
2025년 충청북도농업기술원 정보통신시스템 유지관리 용역,충북농기원 정보통신시스템 유지관리
2025년 충청지방우정청 소방시설 법적점검 용역(대전 세종권역),충청우정청 소방시설 점검(대전세종)
2025년 충청지방우정청 소방시설 법적점검 용역(충남권역),충청우정청 소방시설 점검(충남)
2025년 충청지방우정청 소방시설 법적점검 용역(충북권역),충청우정청 소방시설 점검(충북)
2025년 충청지방우정청 우편발착 근무복 상의 제조 구매(하계 및 동계),충청우정청 우편발착 근무복 상의 제조
2025년 취약계층 국가유산 향유 서비스 운영 모니터링 용역,취약계층 국가유산 향유 서비스 모니터링
2025년 치악산 구룡야영장 탄소중립형 국민여가 플랫폼 정비,치악산 구룡야영장 국민여가 플랫폼 정비
2025년 치악산국립공원 탄소흡수원 사후 관리 사업(풀베기 1차),치악산 탄소흡수원 사후관리(풀베기1)
2025년 치악산국립공원 탄소흡수원 사후 관리 사업(풀베기 2차),치악산 탄소흡수원 사후관리(풀베기2)
2025년 치유농업센터 쉼터 및 창고용 비닐하우스 설치 자재 구입,치유농업센터 비닐하우스 설치 자재 구입
2025년 치유농장 및 치유농업센터 조성재료 구매(초화류),치유농장·센터 조성재료(초화류) 구매
2025년 친환경·무항생제 인증 생산·유통단계 잔류물질 검정 위탁 사업,친환경·무항생제 생산유통 잔류물질 검정
2025년 친환경·무항생제 인증 생산농장 잔류물질 검정 위탁 사업 ,친환경·무항생제 생산농장 잔류물질 검정
2025년 친환경농업 활성화 기반조성 지원사업 과수분야 친환경농자재 구매,친환경농업 과수 친환경농자재 구매
2025년 친환경농업 활성화 기반조성 지원사업 벼분야 친환경농자재(왕우렁이) 구매,친환경농업 벼 친환경농자재(왕우렁이) 구매
2025년 친환경농업 활성화 기반조성 지원사업 친환경농자재 구매,친환경농업 친환경농자재 구매
2025년 친환경농업단지 조성사업 친환경농자재(왕우렁이) 구입(민간대행),친환경농업단지 농자재(왕우렁이) 구입
2025년 친환경농업단지 조성사업에 따른 저온수송차량 구입(입찰대행),친환경농업단지 저온수송차량 구입
2025년 친환경에너지 기상지원 플랫폼 구축(DBMS도입),친환경에너지 기상지원 플랫폼(DBMS)
2025년 친환경에너지 기상지원 플랫폼 구축(SW개발) 감리,친환경에너지 기상플랫폼(SW개발) 감리
2025년 친환경에너지 기상지원 플랫폼 구축(인프라도입),친환경에너지 기상플랫폼(인프라도입)
2025년 케냐 관세행정 현대화 업무재설계(BPR) 컨설팅 사업,케냐 관세행정 현대화 BPR 컨설팅
2025년 코리아 나라장터 엑스포 해외바이어 수출상담회 운영 용역,나라장터엑스포 해외바이어 수출상담회 운영
2025년 코리아 나라장터 엑스포 해외바이어 수출상담회 통역 용역,나라장터엑스포 해외바이어 상담회 통역
2025년 코리안 페스티벌 다큐멘터리 제작 및 방영 용역,코리안 페스티벌 다큐멘터리 제작·방영
2025년 콩즙용 기능성 콩 생산유통 연계사업 콩 선별기 구입(입찰대행),기능성 콩 생산유통 콩 선별기 구입
2025년 탄소중립형 영지표지판 내 전기사용량 표시 수집 장치,탄소중립형 영지표지판 전기사용량 수집장치
2025년 탄소중립형 영지표지판 내 전기사용량 표시 수집 장치 구매,영지표지판 전기사용량 수집장치 구매
2025년 태안해안 둘레길(해변길) 정비공사 실시설계 용역,태안해안 둘레길 정비 실시설계
2025년 태안해안 해변길6코스(샛별길) 공원시설물 철거공사,태안해안 해변길6코스 공원시설물 철거
2025년 태안해안국립공원 소나무재선충병 예방 나무주사 사업,태안해안 소나무재선충병 예방 나무주사
2025년 태안해안국립공원 안면도지구 모래포집기 정비 공사,태안해안 안면도 모래포집기 정비
2025년 태안해안국립공원 어은돌 해변 해안사구 침식예방시설 설치,태안해안 어은돌 해안사구 침식예방시설
2025년 태안해안국립공원 주민 가구 단열창호 제작 및 설치,태안해안 주민가구 단열창호 제작·설치
2025년 태안해안국립공원 학암포·몽산포야영장 특화설계용역,태안해안 학암포·몽산포야영장 특화설계
2025년 태안해안국립공원 학암포야영장 체류인프라 야간경비용역,태안해안 학암포야영장 야간경비
2025년 태안해안사무소 학암포야영장 체류인프라 청소용역,태안해안 학암포야영장 청소
2025년 테크콘(TechCon 2025) 행사 대행 용역,테크콘 2025 행사 대행
2025년 테크콘(TechCon 2025) 행사 대행 용역(수의시담),테크콘 2025 행사 대행(수의시담)
2025년 토마토뿔나방 공동 예찰 방제 지원사업 방제약제 구매,토마토뿔나방 공동예찰 방제약제 구매
2025년 토마토뿔나방 공동 예찰 방제 지원사업 방제약제 구매(2차),토마토뿔나방 공동예찰 방제약제 구매(2차)
2025년 통일 및 대북정책 관련 정기여론조사 용역 수의견적 공고,통일·대북정책 정기여론조사
2025년 통일문화 콘텐츠 공모전 사업 기획 및 운영(긴급),통일문화 콘텐츠 공모전 기획·운영
2025년 통일문화행사 통하나봄 기획 및 운영 위탁용역 계약 의뢰,통일문화행사 통하나봄 기획·운영
2025년 통합항공안전정보시스템 등 기능개선 및 유지관리,통합항공안전정보시스템 기능개선·유지관리
2025년 퇴원손상심층조사 유공기관 및 유공자 표창 부상(상품권) 구매,퇴원손상심층조사 유공자 표창 부상 구매
2025년 특별전  오세아니아 대양의 예술(가제)  전시품 설계 및 제작 설치 ,특별전 오세아니아 예술 전시품 설계·제작
2025년 특별전  인상주의:메트로폴리탄박물관 소장 로버트 리먼 수집품(가제) 전시품 설계 및 제작·설치 ,특별전 인상주의 리먼수집품 전시품 제작
"2025년 특별전 「다시 떠오른 조선통신사선, 다시 나아간 바닷길」(가제) 도록 및 홍보물 제작",특별전 조선통신사선 도록·홍보물 제작
"2025년 특별전 「잇다, 건너다, 나아가다: 조선통신사선 항해」 전시품 운송 및 설치",특별전 조선통신사선 항해 전시품 운송·설치
2025년 특별전 오세아니아 대양의 예술(가제) 전시품 설계 및 제작 설치,특별전 오세아니아 예술 전시품 설계·제작
2025년 특별전 우리들의 이순신 관련 영상 제작 및 설치 용역,특별전 우리들의 이순신 영상 제작·설치
2025년 특별전 창덕궁 벽화(가제) 관련 자료 사진 촬영,특별전 창덕궁 벽화 자료 사진 촬영
2025년 특수미 생산가공 단지 조성 시범사업 곡물건조기 구입[민간입찰대행],특수미 생산가공단지 곡물건조기 구입
2025년 특수학교 농산어촌지역 찾아가는 지진.지진해일 교육 사업계약(긴급입찰),특수학교 찾아가는 지진·지진해일 교육
2025년 특정수질유해물질 배출량조사 지원 및 개선방안 연구,특정수질유해물질 배출량조사 개선방안 연구
2025년 파주경찰서 어린이집 식자재 납품업체 선정 입찰 공고 ,파주서 어린이집 식자재 납품업체 선정
2025년 팔공산국립공원 진입도로 및 주차장 정비공사 실시설계 용역,팔공산 진입도로·주차장 정비 실시설계
2025년 팔공산국립공원 탐방기반시설 정비공사 실시설계 용역,팔공산 탐방기반시설 정비 실시설계
2025년 팔공산국립공원 훼손탐방로 조성 및 정비사업 설계 용역,팔공산 훼손탐방로 조성·정비 설계
2025년 팔공산국립공원동부사무소 자동기상관측장비(AWS) 구매·설치,팔공산동부 자동기상관측장비(AWS) 구매설치
2025년 팔공산국립공원동부사무소 자연재난 대응 방재장비 구매,팔공산동부 자연재난 대응 방재장비 구매
2025년 팔공산국립공원동부사무소 자원봉사센터 조성공사(건축),팔공산동부 자원봉사센터 조성(건축)
2025년 팔공산국립공원동부사무소 탐방해설프로그램 운영 용역,팔공산동부 탐방해설프로그램 운영
2025년 팔공산국립공원동부사무소 현수막게시대 제작·설치,팔공산동부 현수막게시대 제작·설치
2025년 팔공산동부 동화사 진입도로 교량 정비공사 관급자재(PC암거) 구매,팔공산동부 동화사 교량정비 PC암거 구매
2025년 팔공산서부 가산산성 공중화장실 신설공사 건축기획 및 기본·실시설계 용역,팔공산서부 가산산성 화장실 신설 설계
2025년 팔공산서부 문화유산지구 정비공사 실시설계 용역,팔공산서부 문화유산지구 정비 실시설계
2025년 팔공산서부 자동기상관측장비(AWS) 구매·설치,팔공산서부 자동기상관측장비(AWS) 구매설치
2025년 팔공산서부 자동기상관측장비(AWS) 구매·설치 공사,팔공산서부 자동기상관측장비(AWS) 설치공사
"2025년 평창권역 제2종시설물(절토사면, 옹벽) 정밀안전점검 및 성능평가용역",평창권역 제2종시설물 정밀안전점검·성능평가
2025년 평창양묘사업소 온실 보수 및 양묘시설 개선 공사,평창양묘사업소 온실 보수·양묘시설 개선
2025년 평택경찰서 지구대․파출소 청소용역(A구역 9개소) 공고,평택서 지구대·파출소 청소(A구역9개소)
2025년 평택경찰서 지구대․파출소 청소용역(B구역 7개소) 공고,평택서 지구대·파출소 청소(B구역7개소)
"2025년 포천시 자율방범대 피복류 3종(캡모자,조끼,우의) 구매",포천시 자율방범대 피복류 3종 구매
2025년 포항국토 관내 비탈면 모니터링 시스템 구축용역,포항국토 비탈면 모니터링 시스템 구축
2025년 포항국토 남부권역 비점오염저감시설 유지관리용역,포항국토 남부권 비점오염저감시설 유지관리
2025년 포항국토 북부권역 비점오염저감시설 유지관리용역,포항국토 북부권 비점오염저감시설 유지관리
2025년 포항항 등 항만시설물 정밀안전점검 및 성능평가용역,포항항 등 항만시설물 정밀안전점검·성능평가
2025년 풀베기 및 덩굴류제거 실시설계용역 제한경쟁 입찰(긴급)공고,풀베기·덩굴류제거 실시설계
2025년 풀베기 및 덩굴류제거 실시설계용역(숲설계1) 제한경쟁 입찰(긴급)공고,풀베기·덩굴류제거 실시설계(숲설계1)
2025년 풀베기 및 덩굴류제거 실시설계용역(숲설계2) 제한경쟁 입찰(긴급)공고,풀베기·덩굴류제거 실시설계(숲설계2)
2025년 풀베기 사업(숲10) 지명경쟁 입찰(긴급) 공고,풀베기(숲10)
2025년 풀베기 사업(숲12) 지명경쟁 입찰(긴급) 공고,풀베기(숲12)
2025년 하반기 KTV 외주프로그램 제작 용역_관광문화,하반기 KTV 외주프로그램 제작(관광문화)
2025년 하반기 KTV 외주프로그램 제작 용역_생활정보,하반기 KTV 외주프로그램 제작(생활정보)
2025년 하반기 KTV 외주프로그램 제작 용역_역사교양,하반기 KTV 외주프로그램 제작(역사교양)
2025년 하반기 강원북부교도소 급식용 공산품 구매 입찰,하반기 강원북부교도소 급식 공산품 구매
2025년 하반기 강원북부교도소 급식용 김치류 구매 입찰,하반기 강원북부교도소 급식 김치류 구매
2025년 하반기 강원북부교도소 급식용 농산품 구매 입찰,하반기 강원북부교도소 급식 농산품 구매
2025년 하반기 강원북부교도소 급식용 수산품 구매 입찰,하반기 강원북부교도소 급식 수산품 구매
2025년 하반기 강원북부교도소 급식용 축산품 구매 입찰,하반기 강원북부교도소 급식 축산품 구매
2025년 하반기 거점소독 세척시설 폐수 위탁처리 용역 단가계약,하반기 거점소독 세척시설 폐수 위탁처리
2025년 하반기 경상남도농업기술원 구내식당 급식재료 구입,하반기 경남농기원 구내식당 급식재료 구입
2025년 하반기 경주국립공원 소나무재선충병 예방 나무주사사업,하반기 경주 소나무재선충병 예방 나무주사
2025년 하반기 경찰공무원 공.경채 채용 필기시험 문제지 인쇄,하반기 경찰공무원 채용 필기시험 문제지 인쇄
2025년 하반기 관세행정 기술분석 자료발간 용역 계약 의뢰,하반기 관세행정 기술분석 자료발간
2025년 하반기 광주센터 기반시설 운영물품 구매(기계분야),하반기 광주센터 기반시설 운영물품(기계)
2025년 하반기 급식재료(농수축산물) 단가계약 전자 수의시담,하반기 급식재료(농수축산물) 단가계약
2025년 하반기 기획특별전「첨단바이오 기술 특별전」용역,하반기 기획특별전 첨단바이오 기술
2025년 하반기 멧돼지 기피제 드론살포 용역(단가계약),하반기 멧돼지 기피제 드론살포
2025년 하반기 밀양구치소 급식용 식자재(공산품 등) 구매 입찰 공고,하반기 밀양구치소 급식 공산품 구매
2025년 하반기 밀양구치소 급식용 식자재(김치류) 구매 입찰 공고,하반기 밀양구치소 급식 김치류 구매
2025년 하반기 밀양구치소 급식용 식자재(농산물 등) 구매 입찰 공고,하반기 밀양구치소 급식 농산물 구매
2025년 하반기 범죄피해자 지원 유관기관 종사자 통합교육 용역,하반기 범죄피해자 지원 종사자 통합교육
2025년 하반기 부산청 국도ITS 이설 및 정비 통신공사,하반기 부산청 국도ITS 이설·정비 통신공사
2025년 하반기 서울과학수사연구소 독성마약과 마약감정용 시약 재료 구매,하반기 서울과수연 마약감정용 시약 구매
2025년 하반기 세종청사 통근버스 임차용역(2-2구역),하반기 세종청사 통근버스 임차(2-2구역)
2025년 하반기 소나무재선충병 방제사업(기번2) 감리용역,하반기 소나무재선충병 방제(기번2) 감리
2025년 하반기 소나무재선충병 방제사업(만천리 사거리지구),하반기 소나무재선충병 방제(만천리사거리)
2025년 하반기 소나무재선충병 방제사업(만천리 연무당골지구),하반기 소나무재선충병 방제(만천리연무당골)
2025년 하반기 소나무재선충병 방제사업(산청사천진주지구),하반기 소나무재선충병 방제(산청사천진주)
2025년 하반기 소나무재선충병 방제사업(선단지구 외) 실시설계용역,하반기 재선충병 방제(선단지구외) 실시설계
2025년 하반기 소나무재선충병 방제사업(송암동 강원체육회관지구),하반기 재선충병 방제(송암동강원체육회관)
2025년 하반기 소나무재선충병 방제사업(신포리 작은궐기골지구),하반기 재선충병 방제(신포리작은궐기골)
2025년 하반기 소나무재선충병 방제사업(신포리 지계골지구),하반기 소나무재선충병 방제(신포리지계골)
2025년 하반기 소나무재선충병 방제사업(오탄리 배울길지구) ,하반기 소나무재선충병 방제(오탄리배울길)
2025년 하반기 소나무재선충병 방제사업(원평리 고래골지구),하반기 소나무재선충병 방제(원평리고래골)
2025년 하반기 소나무재선충병 방제사업(원평리 사당골지구),하반기 소나무재선충병 방제(원평리사당골)
2025년 하반기 소나무재선충병 방제사업(지촌리 뒴박산지구),하반기 소나무재선충병 방제(지촌리뒴박산)
2025년 하반기 소나무재선충병 방제사업(지촌리 문등골지구),하반기 소나무재선충병 방제(지촌리문등골)
2025년 하반기 소나무재선충병 방제사업(춘천-1) 입찰 공고[긴급/지명경쟁],하반기 소나무재선충병 방제(춘천1)
2025년 하반기 소나무재선충병 예방나무주사사업（가야야천지구）,하반기 재선충병 예방나무주사(가야야천)
2025년 하반기 수산물 정밀분석 소모품(116품목) 정기구매,하반기 수산물 정밀분석 소모품 정기구매
2025년 하반기 수용자 자비구매물품 과일류(6종) 입찰 공고,하반기 수용자 자비구매 과일류 6종
2025년 하반기 시설물 정밀안전진단 및 내진성능평가용역,하반기 시설물 정밀안전진단·내진성능평가
2025년 하반기 시험분석용 소모품 구매(통합 시험연구비),하반기 시험분석용 소모품 구매
2025년 하반기 원주교도소 수용자 급식재료 입찰공고(축산물),하반기 원주교도소 급식재료(축산물)
2025년 하반기 전라남도경찰청 불용 무인교통단속장비 철거·폐기 공사,하반기 전남청 불용 무인단속장비 철거·폐기
2025년 하반기 정부광주청사 유지관리 시설자재 구매(2차),하반기 정부광주청사 유지관리 자재 구매
2025년 하반기 정부세종청사 정보통신시설 유지관리 자재 구매,하반기 세종청사 정보통신시설 유지관리 자재
"2025년 하반기 정선국토 관내 시설물(교량, 터널) 보수공사 실시설계용역",하반기 정선국토 시설물 보수 실시설계
"2025년 하반기 지방조달 제복(동복 상의) 조제, 구매",하반기 지방조달 제복(동복 상의) 조제
2025년 하반기 철새도래지 이동통제초소(가현) 근무자 관리 용역,하반기 철새도래지 이동통제초소 근무자 관리
2025년 하반기 충주국토 관내 남부권 시설물 일상유지관리공사,하반기 충주국토 남부권 시설물 일상유지관리
2025년 학교 밖 청소년 지원사업 성과보고대회 장소 대관 용역,학교밖청소년 성과보고대회 장소 대관
2025년 학교전담경찰관(SPO) 강의역량 향상과정 위탁교육,학교전담경찰관 강의역량 향상과정 위탁교육
2025년 학대예방경찰관 업무관리시스템 유지관리 사업 계약 체결 협조 요청,학대예방경찰관 업무관리시스템 유지관리
2025년 학암포자동차야영장 이동식화장실 철거 및 부대공사,학암포야영장 이동식화장실 철거 부대공사
2025년 한-아세안 의약품 GMP 조사관 교육 및 콘퍼런스 개최,한-아세안 의약품 GMP 조사관 교육·콘퍼런스
"2025년 한-중 고교생 교류 방중, 방한 연수 위탁 용역",한-중 고교생 교류 방중·방한 연수 위탁
2025년 한·일 고교생 교류 및 한·일 상대국어선택 고교생 교류 방한연수 위탁 용역,한일 고교생 교류 방한연수 위탁
2025년 한가원 온라인 채널 운영 관리 용역(전자시담),한가원 온라인 채널 운영관리
2025년 한가위 명절선물전 지리적표시 홍보관 운영 사업,한가위 명절선물전 지리적표시 홍보관 운영
2025년 한강권역 실시간 모니터링 시설장비 유지관리 용역,한강권역 실시간 모니터링 장비 유지관리
2025년 한국농수산대학교 영농·영어정착 우수사례집 발간 용역선정 입찰,한농대 영농정착 우수사례집 발간
2025년 한국농수산대학교 장기현장실습생 단체상해보험(실손의료비) 공고,한농대 장기현장실습생 단체상해보험
2025년 한국농수산대학교 전문학사 상담 매뉴얼 제작 용역 소액수의견적 제출 공고,한농대 전문학사 상담 매뉴얼 제작
2025년 한국농수산대학교 현장교육 등 차량 임차 용역 단가계약 견적제출 공고,한농대 현장교육 차량 임차 단가계약
2025년 한국무형유산종합조사 조사설계·목록수집(전통적 생활관습 분야),무형유산종합조사 조사설계·목록수집(생활관습)
2025년 한국수어-한국어 사전 시스템 유지관리 및 운영,한국수어-한국어 사전 시스템 유지관리·운영
2025년 한국어 구조 분석 및 무형 대용어 복원 말뭉치 구축 연구,한국어 무형 대용어 복원 말뭉치 구축 연구
2025년 한국어교원 활동 조사 및 한국어교육 실태조사 설계,한국어교원 활동·한국어교육 실태조사 설계
2025년 한국어능력시험(TOPIK) 국외 문답지 해외특송 용역,TOPIK 국외 문답지 해외특송
2025년 한국원자력안전기술원 기관운영 계획서 점검 용역,원자력안전기술원 기관운영 계획서 점검
2025년 한국형 상병수당 시범사업 평가 및 본 제도 도입방안 연구,한국형 상병수당 시범사업 평가·도입방안 연구
2025년 한국형 지속가능한 산림관리 모델 고도화 모니터링 용역,한국형 지속가능 산림관리 모델 모니터링
2025년 한려동부 학동솔밭(서편)화장실 폐기물 처리 용역,한려동부 학동솔밭 화장실 폐기물 처리
2025년 한려동부 해양탄소흡수원(해초지) 서식지복원 거머리말 이식사업 용역,한려동부 해초지 서식지복원 거머리말 이식
2025년 한려해상 문화유산지구 안전시설(목재데크) 확장공사,한려해상 문화유산지구 목재데크 확장공사
2025년 한려해상 문화유산지구 정비공사(전기배선정비) 수의시담,한려해상 문화유산지구 전기배선정비
2025년 한려해상 비진도 등 2개도서 바다백리길 정비공사,한려해상 비진도 등 바다백리길 정비
2025년 한려해상 해양생물 모니터링 시스템 구축 통신공사,한려해상 해양생물 모니터링 통신공사
2025년 한려해상 해초류(거머리말) 복원지 사후모니터링 용역,한려해상 거머리말 복원지 사후모니터링
2025년 한려해상국립공원 상괭이 모니터링 시스템 구매·설치,한려해상 상괭이 모니터링 시스템 구매설치
2025년 한려해상동부 주차장 전면개선사업 폐기물처리 용역,한려해상동부 주차장 개선 폐기물처리
"2025년 한류확산 일본공연 춤, 조선통신사 유마도를 그리다 제작 운영 위탁 용역",한류확산 일본공연 조선통신사 제작운영
2025년 한방.농특산물 종합 판매센터 설치 조성사업 리모델링(건축),한방·농특산물 판매센터 리모델링(건축)
2025년 한일 직업계고 학생 교류 일본 학생 방한 연수 위탁 용역,한일 직업계고 일본학생 방한 연수 위탁
2025년 한일 학술문화 및 청소년 교류 일본 교원 방한 연수 위탁 용역,한일 청소년교류 일본교원 방한 연수 위탁
2025년 합천군 공공급식 및  로컬푸드 농산물 안전성 검사 용역 ,합천군 공공급식·로컬푸드 농산물 안전성 검사
2025년 항공기상청 공무용차량(스타리아 하이브리드 11인승)장기 임차,항공기상청 공무용차량 장기 임차
2025년 항공승무원 우주방사선 안전교육 콘텐츠 개발(2차),항공승무원 우주방사선 안전교육 콘텐츠 개발
2025년 항공유(JET A-1) 공급단가 계약(김포공항),항공유(JET A-1) 공급단가계약(김포공항)
2025년 항공유(JET A-1) 공급단가 계약(샤프테크닉스케이-인천영종도/항공기공급가),항공유(JET A-1) 공급단가계약
2025년 항공유(JET A-1) 공급단가 계약(영종도/인천서/태안서),항공유(JET A-1) 공급단가계약
2025년 항공정보통합관리(AIM) 시스템 유지관리 용역,항공정보통합관리(AIM) 시스템 유지관리
2025년 해경정비창 수리함정(500톤급 이하) 선체 도장수리 단가계약,해경 수리함정 선체 도장수리 단가계약
2025년 해남출장소 관내 도로안전 및 환경개선(비총액) 실시설계용역,해남출장소 도로안전·환경개선 실시설계
2025년 해남출장소 관내 도로안전 및 환경개선(총액) 실시설계용역,해남출장소 도로안전·환경개선 실시설계
2025년 해도편집 및 수로측량 자료처리 소프트웨어 성능개선,해도편집·수로측량 자료처리 SW 성능개선
2025년 해수열 및 재생에너지를 이용한 피지 남태평양대학교 그린캠퍼스 시범사업,피지 남태평양대 해수열 그린캠퍼스 시범
2025년 해양경찰교육원(사업장) 비배출시설계폐기물 처리 용역,해양경찰교육원 사업장폐기물 처리
2025년 해양생태권역기본조사 저서무척추동물 시료 분석 용역,해양생태권역기본조사 저서무척추동물 분석
2025년 해양수산부 소관 주요정보통신기반시설 취약점 분석·평가,해수부 주요정보통신기반시설 취약점 평가
2025년 해양수산부 안전문화 캠페인 및 중대재해 예방 지원,해수부 안전문화 캠페인·중대재해 예방
2025년 해양조사선(동해로호) 선박보험 및 조사장비보험 가입,해양조사선 선박·조사장비보험 가입
2025년 해양포유동물 보호·관리체계 정비 및 제도 개선방안 연구,해양포유동물 보호·관리체계 제도개선 연구
2025년 해양플랜트 서비스산업 장비 공동활용 및 인력양성 사업,해양플랜트 장비 공동활용·인력양성
2025년 해양플랜트 서비스산업 해외시장 타당성조사 지원 사업,해양플랜트 해외시장 타당성조사 지원
2025년 해외 연구자 통일정책 네트워크 구축 사업 위탁 운영기관 선정 협조 요청,해외 연구자 통일정책 네트워크 위탁운영
"2025년 해외 한국바로알림서비스 운영 지원(번역, 모니터링 등) 사업",해외 한국바로알림서비스 운영지원
"2025년 해외현지 품종전시포 조성·운영 용역(공동전시포, 중국 산둥)",중국 산둥 공동전시포 조성·운영
"2025년 해외현지 품종전시포 조성·운영 용역(공동전시포, 튀르키예)",튀르키예 공동전시포 조성·운영
2025년 해외현지 품종전시포 조성·운영 용역(수출기업전시포 4국),수출기업전시포 4국 조성·운영
2025년 해외현지 품종전시포 조성·운영 용역(수출기업전시포 남아시아 1국),남아시아 수출기업전시포 조성·운영
2025년 해외현지 품종전시포 조성·운영 용역(수출기업전시포 북유럽 1국),북유럽 수출기업전시포 조성·운영
"2025년 해외현지 품종전시포(공동전시포, 미국·멕시코) 조성·운영 용역",미국·멕시코 공동전시포 조성·운영
"2025년 해외현지 품종전시포(공동전시포, 인도·베트남) 조성·운영 용역",인도·베트남 공동전시포 조성·운영
"2025년 해외현지 품종전시포(공동전시포, 중국 산둥) 조성·운영 용역",중국 산둥 공동전시포 조성·운영
"2025년 해외현지 품종전시포(공동전시포, 중국 신장·허베이·윈난) 조성·운영 용역",중국 신장·허베이·윈난 공동전시포 운영
"2025년 해외현지 품종전시포(공동전시포, 튀르키예) 조성·운영 용역",튀르키예 공동전시포 조성·운영
"2025년 해외현지 품종전시포(수출기업전시포, 남유럽 1국) 조성·운영 용역",남유럽 수출기업전시포 조성·운영
2025년 행정중심복합도시 건설과정 영상기록물 제작 용역,행복도시 건설과정 영상기록물 제작
"2025년 혁신제품 국내 시범구매(2021-061호, 수력발전기)",혁신제품 시범구매(수력발전기)
"2025년 혁신제품 국내 시범구매(2023-016호, 용접형강)",혁신제품 시범구매(용접형강)
"2025년 혁신제품 국내 시범구매(2024-175호, 계장제어장치)",혁신제품 시범구매(계장제어장치)
"2025년 혁신제품 국내 시범구매(2024-238호, 차아염소산나트륨발생장치)",혁신제품 시범구매(차아염소산나트륨발생장치)
"2025년 혁신제품 국내 시범구매(2024-305호, 서지흡수기)",혁신제품 시범구매(서지흡수기)
2025년 혁신제품 시범구매(2Vane 스크류형 수중펌프),혁신제품 시범구매(2Vane 수중펌프)
2025년 혁신제품 시범구매(3D 라이다 기반 지능형 실외  무인 주차 안내시스템),3D 라이다 지능형 무인주차 안내시스템
2025년 혁신제품 시범구매(3차원 표면 및 내부 검사측정기기),3차원 표면·내부 검사측정기기
2025년 혁신제품 시범구매(5kW 고온 고분자 연료전지 발전 시스템),5kW 고온 고분자 연료전지 발전시스템
2025년 혁신제품 시범구매(AI 기반 무선신호 탐지 기술과 GNSS 스푸핑 기술이 적용된 하이브리드 안티드론 시스템),AI 무선신호 탐지 하이브리드 안티드론
2025년 혁신제품 시범구매(AI 기반 저조도/저해상 영상 초고속 영상변환 솔루션(NOX)),AI 저조도·저해상 영상변환 솔루션
2025년 혁신제품 시범구매(AI 기반 포장위험요소 자동탐지 시스템 로드비전),AI 포장위험요소 자동탐지 로드비전
2025년 혁신제품 시범구매(AI 페트병 무인회수기 쓰샘),AI 페트병 무인회수기 쓰샘
2025년 혁신제품 시범구매(AI&IOT 멀티 챔버 및 공냉식 신 응축장치를 적용한 대용량 음식물쓰레기처리기),AI·IoT 대용량 음식물쓰레기처리기
2025년 혁신제품 시범구매(AI기반 CT 폐질환 정밀분석 솔루션),AI기반 CT 폐질환 정밀분석 솔루션
2025년 혁신제품 시범구매(AI기반 다중투입방식 재활용자원(PET) 수거 로봇),AI 재활용자원(PET) 수거 로봇
2025년 혁신제품 시범구매(AI기반 신호분석을 통한 송아지 질병 조기발견 및 정밀사육 시스템),AI 송아지 질병 조기발견·정밀사육
2025년 혁신제품 시범구매(AI기반 정확도 99% 주차면 관제 시스템),AI기반 주차면 관제 시스템
2025년 혁신제품 시범구매(ALL-IN-ONE 볼륨 부스터),ALL-IN-ONE 볼륨 부스터
2025년 혁신제품 시범구매(DR정보와 재실자 데이터를 이용한 지능형 빌딩자동제어 시스템),재실자 데이터 지능형 빌딩자동제어
2025년 혁신제품 시범구매(GPU 기반 실시간 빅데이터 DBMS(Orange GRE)),GPU 기반 실시간 빅데이터 DBMS
2025년 혁신제품 시범구매(IoT 기반 스마트 수질오염 경보시스템),IoT 스마트 수질오염 경보시스템
2025년 혁신제품 시범구매(MLOps 플랫폼 연동 주차 정보시스템 통합 AI 솔루션),MLOps 연동 주차 통합 AI 솔루션
2025년 혁신제품 시범구매(MedySOL(희귀유전질환 유전체 변이분석 솔루션)),희귀유전질환 유전체 변이분석 솔루션
2025년 혁신제품 시범구매(SAWT 대칭형 날개를 적용한 저풍속 발전형 고효율 풍력발전기),SAWT 저풍속 고효율 풍력발전기
2025년 혁신제품 시범구매(Slice & Twist Pin-Fin 기술을 적용한 고출력 LED 투광등),Pin-Fin 고출력 LED 투광등
2025년 혁신제품 시범구매(가시광선 광촉매와 파장보광 오파장 기술을 적용한 공기정화 초 고연색성 LED조명),광촉매 공기정화 고연색성 LED조명
"2025년 혁신제품 시범구매(가축 전염병 예방 솔루션, 경구형 면역증강제 (IB-100산))",가축 전염병 예방 경구형 면역증강제
2025년 혁신제품 시범구매(가축번식 능력 개선용 방향제 리프로센트),가축번식 개선 방향제 리프로센트
2025년 혁신제품 시범구매(강제 공랭식 수직형 베어링),강제 공랭식 수직형 베어링
2025년 혁신제품 시범구매(개인별 기초 발열 분포를 분석 관리 및 시점별 발열 상태 비교가 가능한 스마트 발열 측정·관리 체온기),스마트 발열 측정·관리 체온기
2025년 혁신제품 시범구매(객체 인식 CCTV로 지능화 변환이 가능한 스마트 교통안전 알림이),객체인식 CCTV 스마트 교통안전 알림이
2025년 혁신제품 시범구매(고강도 시멘트 모르타르 조성물로 형성된 조립식 암거),고강도 모르타르 조립식 암거
2025년 혁신제품 시범구매(고온 플라즈마를 이용한 음식물폐기물 처리장치),고온 플라즈마 음식물폐기물 처리장치
2025년 혁신제품 시범구매(고화질 다중사용자를 지원하는 멀티미디어 데이터 전송 패키지 솔루션),고화질 멀티미디어 전송 패키지 솔루션
2025년 혁신제품 시범구매(광원 최적화를 통한 기상 익천후 대응 및 에너지 절감형  친환경 교통정보 LED 전광판),에너지 절감형 친환경 교통정보 LED 전광판
2025년 혁신제품 시범구매(광촉매 소재를 이용한 녹조 저감 장치),광촉매 녹조 저감 장치
2025년 혁신제품 시범구매(구조안전성과 돌기형태의 미끄럼방지 기능을 갖춘 모듈형 데크로드시스템),미끄럼방지 모듈형 데크로드시스템
2025년 혁신제품 시범구매(국·탕·찌개 조리로봇 시스템),국·탕·찌개 조리로봇 시스템
2025년 혁신제품 시범구매(국제 통용 디지털 서명 솔루션 유싸인(USIGN)),디지털 서명 솔루션 유싸인
2025년 혁신제품 시범구매(군수지원 제한 상황 극복을 위한 이동형 AM Fab),군수지원용 이동형 AM Fab
2025년 혁신제품 시범구매(그레이팅 상부 탈부착용 안전 플레이트),그레이팅 상부 탈부착 안전 플레이트
2025년 혁신제품 시범구매(냉·난방·온수/제습/공기청정/전열교환 통합시스템),냉난방·제습·공기청정 통합시스템
"2025년 혁신제품 시범구매(누수, 습기에 의한 누설전류를 컨트롤하여 차단기 정상작동이 가능한 분배전반)",누설전류 차단 분배전반
2025년 혁신제품 시범구매(다기능 보행 재활 로봇 시스템 (HUCA-Go)),다기능 보행 재활 로봇 HUCA-Go
2025년 혁신제품 시범구매(닥터스팟 HUV 공기살균기),닥터스팟 HUV 공기살균기
2025년 혁신제품 시범구매(데이터 연관분석기반 재난상황 대응이 가능한 수배전반),재난상황 대응 수배전반
2025년 혁신제품 시범구매(도로변 악취 역류 및 배수기능을 개선한 선배수로 시스템),악취역류·배수 개선 선배수로 시스템
2025년 혁신제품 시범구매(도시침수 예방용 무동력 우수받이 쓰레기 차단 및 효과적인 배수 기능을 가진 그레이팅 필터),무동력 우수받이 그레이팅 필터
2025년 혁신제품 시범구매(딥러닝기반 무정차 방지 기능이 탑재된 버스정보안내기),딥러닝 무정차방지 버스정보안내기
2025년 혁신제품 시범구매(레이더와 초음파 유속계가 적용된 hybrid 하수관로 유량계),레이더·초음파 하수관로 유량계
2025년 혁신제품 시범구매(모두에게 더 안전한 디지털 LED 보조신호등),디지털 LED 보조신호등
2025년 혁신제품 시범구매(무인비행장치 차량형 스테이션),무인비행장치 차량형 스테이션
2025년 혁신제품 시범구매(미래 융합인재 양성을 위한 교육용 로봇 HUENIT),교육용 로봇 HUENIT
2025년 혁신제품 시범구매(미세먼지 및 폭염 저감을 위한 스마트 IoT 쿨링포그 시스템),스마트 IoT 쿨링포그 시스템
2025년 혁신제품 시범구매(바이오가스 및 악취의 건식 제습탈황시스템),바이오가스·악취 건식 제습탈황시스템
2025년 혁신제품 시범구매(발전효율 향상을 위한 발전 플랜트용 복수기 관 세정시스템(CTCS)),발전플랜트용 복수기 관 세정시스템
"2025년 혁신제품 시범구매(방수기능 향상, 소비전력 절감 및 고장예측 기능을 탑재한 바닥형 보행신호등)",고장예측 바닥형 보행신호등
2025년 혁신제품 시범구매(방염 및 항균 성능이 향상된 수납가구(사물함)),방염·항균 수납가구(사물함)
2025년 혁신제품 시범구매(배리어프리 항균 푸시풀 손잡이),배리어프리 항균 푸시풀 손잡이
"2025년 혁신제품 시범구매(배전반(고압배전반, 저압배전반, 전동기제어반, 분전반))",배전반(고압·저압·전동기제어·분전반)
"2025년 혁신제품 시범구매(벨트 좌, 우 분리형 보행 재활시스템)",벨트 분리형 보행 재활시스템
2025년 혁신제품 시범구매(보행자 자동 인식 기술을 적용한 횡단보도 보행 안전 통합 시스템),보행자 자동인식 횡단보도 안전시스템
"2025년 혁신제품 시범구매(복수기 부식 방지, 출력제어 다채널정류기 균일한 전류 분포, 장수명 MMO 양극, 원격감시 제어시스템)",복수기 부식방지 다채널정류기 시스템
2025년 혁신제품 시범구매(비대면 AI플랫폼 기반의 모션인식 IOT학습시스템),비대면 AI 모션인식 IoT학습시스템
2025년 혁신제품 시범구매(비대면 컨텍센터 고객서비스 업무 효율성 증대를 위한 AI챗봇 채팅상담 통합솔루션),AI챗봇 채팅상담 통합솔루션
"2025년 혁신제품 시범구매(비상용 개구부 자동개폐 시스템(SB3, SB5))",비상용 개구부 자동개폐 시스템
2025년 혁신제품 시범구매(비인가접근을 차단하는 안전관제솔루션),비인가접근 차단 안전관제솔루션
2025년 혁신제품 시범구매(비전도성 강화액(수계형) A/C급 소화기),비전도성 강화액 A/C급 소화기
"2025년 혁신제품 시범구매(빌딩에너지관리시스템(BEMS),빌딩자동화시스템 융복합 제품)",빌딩에너지관리·자동화 융복합 제품
2025년 혁신제품 시범구매(빗물순환형 답압방지 천연잔디 운동장 시스템),빗물순환형 천연잔디 운동장 시스템
2025년 혁신제품 시범구매(상하 2중 집열방식 태양열 집열기(해.발아기)),상하 2중 집열방식 태양열 집열기
2025년 혁신제품 시범구매(세척력과 건조기능을 향상시킨 자동 손 세척기),자동 손 세척기
2025년 혁신제품 시범구매(셀프 세척 기능을 포함한 배관의 여과용 스트레이너),셀프세척 배관 여과용 스트레이너
2025년 혁신제품 시범구매(소음감쇄성능을 보유한 반사형 투명방음판),소음감쇄 반사형 투명방음판
2025년 혁신제품 시범구매(수돗물 유충사고 예방기능의 다중여과방식입수관을 구비한 스테인리스 물탱크),유충예방 다중여과 스테인리스 물탱크
2025년 혁신제품 시범구매(스마트 지반변위 모니터링 시스템),스마트 지반변위 모니터링 시스템
2025년 혁신제품 시범구매(스마트 총기보관함(소총/권총)),스마트 총기보관함(소총·권총)
2025년 혁신제품 시범구매(시공성 및 안전성 개선 이중거더 방식 적용 확장 인도교),이중거더 확장 인도교
2025년 혁신제품 시범구매(시설원예의 생산량과 품질향상을 위한 안전한 촉매형 탄산가스 발생기(탄사니)),시설원예용 촉매형 탄산가스 발생기
2025년 혁신제품 시범구매(시인성과 안전성을 향상한 산업용 흡착 패드(Pad)),산업용 흡착 패드(Pad)
2025년 혁신제품 시범구매(신속 확장 전개 및 해체가 가능한다목적 모듈러 컨테이너 하우스),신속전개 모듈러 컨테이너 하우스
2025년 혁신제품 시범구매(실내 공기질 중앙 관제 시스템_PRIO(프리오) A100),실내 공기질 중앙 관제 시스템 PRIO
2025년 혁신제품 시범구매(실시간 소방시설 관리시스템),실시간 소방시설 관리시스템
2025년 혁신제품 시범구매(씨피알 애드온키트 클래스 (CPR Add On Kit Class)),CPR 애드온키트 클래스
2025년 혁신제품 시범구매(악천후에 강한 지능형 자가세정 기술 적용 AI 영상감시 시스템),자가세정 AI 영상감시 시스템
2025년 혁신제품 시범구매(안테나 일체형 고정형 안티드론 재머),안테나 일체형 고정형 안티드론 재머
2025년 혁신제품 시범구매(알츠하이며병 치료제 처방기준 제시 및 예후 분석·관리를 위한 AI 소프트웨어 Neurophet AQUA AD),알츠하이머 치료 AI 분석 SW
2025년 혁신제품 시범구매(양방향 OTP보안인증 강화기술의 앱연계형 스마트도어락),OTP 앱연계형 스마트도어락
2025년 혁신제품 시범구매(에코스팀펌프(Eco Steam Pump)),에코스팀펌프(Eco Steam Pump)
2025년 혁신제품 시범구매(영상 및 인공지능 기반 터널 등 공공시설물 안전점검 자동화 솔루션),AI 터널 등 공공시설물 안전점검 자동화
2025년 혁신제품 시범구매(영상을 목록화하고 2D맵을 제공함으로써 검색효율을 향상시킨 CCTV시스템),2D맵 검색 CCTV 시스템
2025년 혁신제품 시범구매(와류 증폭과 세척이 용이한 다단약액탈취기),와류 증폭 다단약액탈취기
2025년 혁신제품 시범구매(우레탄-우레아 하이브리드 친환경 도막방수재),우레탄-우레아 친환경 도막방수재
2025년 혁신제품 시범구매(우천시 재귀반사 성능이 우수한 노면표지용 도료),우천시 재귀반사 노면표지용 도료
2025년 혁신제품 시범구매(운행제한 위반차량 사전선별 시스템),운행제한 위반차량 사전선별 시스템
"2025년 혁신제품 시범구매(위드포스 M10(Withforce M10, 허리근력보조 웨어러블 로봇))",허리근력보조 웨어러블 로봇 위드포스
2025년 혁신제품 시범구매(유도결합 플라즈마 질량분석기),유도결합 플라즈마 질량분석기
2025년 혁신제품 시범구매(유전자 감식 STR PCR 다중증폭 시스템),유전자감식 STR PCR 다중증폭 시스템
2025년 혁신제품 시범구매(융복합 전기자동차용 충전장치 (카스토퍼형 전기차 충전기)),카스토퍼형 전기차 충전기
2025년 혁신제품 시범구매(음파센서 측정과 인공지능 분석을 통한 도로상태 다중감지시스템),음파센서 AI 도로상태 다중감지시스템
2025년 혁신제품 시범구매(인공 지능 기반 공공 시설물 디지털 안전 진단 자동화 소프트웨어),AI 공공시설물 디지털 안전진단 자동화
"2025년 혁신제품 시범구매(인공지능 기반 맞춤형 근골격계 기능 개선 및통증완화 재활 솔루션, 엑소필(exoPill))",AI 근골격계 재활 솔루션 엑소필
2025년 혁신제품 시범구매(인공지능 기반 보행자 안전 스마트 횡단보도),AI 보행자 안전 스마트 횡단보도
2025년 혁신제품 시범구매(인공지능 수위조절기를 적용한 자동제어반),AI 수위조절 자동제어반
2025년 혁신제품 시범구매(인공지능 음성 신호 분석 기능을 통한 신호 분석 성능 향상 도청 탐지 장치),AI 음성신호 분석 도청탐지 장치
"2025년 혁신제품 시범구매(인공지능기반 자원선별로봇, 에이트론)",AI 자원선별로봇 에이트론
"2025년 혁신제품 시범구매(자가발전과 수질·수온 측정, IoT기능 및 UV·필터 수질 케어 디바이스 워터엔)",자가발전 수질케어 디바이스 워터엔
2025년 혁신제품 시범구매(자동밀착 스크래퍼가 장착된 슬러지 수집기),자동밀착 스크래퍼 슬러지 수집기
2025년 혁신제품 시범구매(자외선 살균에 의한 정화된 공기와 외부먼지를 에어샤워로 제거하는 흙먼지제거장치),자외선 살균 흙먼지제거장치
2025년 혁신제품 시범구매(작업자 진동 감쇄형 진동식 탈봉기술),진동 감쇄형 진동식 탈봉기술
2025년 혁신제품 시범구매(장시간 장거리 원격제어 드론 시스템),장거리 원격제어 드론 시스템
2025년 혁신제품 시범구매(적외선 방폭카메라 및 시스템),적외선 방폭카메라 및 시스템
2025년 혁신제품 시범구매(전기차 화재전용 이동형 화재진압장비),전기차 화재전용 이동형 진압장비
2025년 혁신제품 시범구매(전기촉매 복합여과 담수화 장치),전기촉매 복합여과 담수화 장치
2025년 혁신제품 시범구매(전면 세라믹 코팅으로 내구성 및 밝기가 향상된 전광판),세라믹 코팅 고내구성 전광판
2025년 혁신제품 시범구매(전술용 유류 금속제운반용기 및 이동식 주유기),전술용 유류 운반용기·이동식 주유기
2025년 혁신제품 시범구매(절연재 연소가스 감지방식을 활용한 화재징후 알림 배전반),연소가스 감지 화재징후 알림 배전반
2025년 혁신제품 시범구매(절연파괴전압 성능개선으로 활선상태에서 작업 가능한 기름제거 절연세척제),활선작업용 기름제거 절연세척제
2025년 혁신제품 시범구매(제수밸브의 개도 및 물리적 상태 감시하여 밸브이상 즉시 대응이 가능한 계장제어장치),밸브상태 감시 계장제어장치
2025년 혁신제품 시범구매(주야간 경계용 유·무선복합드론),주야간 경계용 유·무선복합드론
2025년 혁신제품 시범구매(준불연 성능을 갖는 실내 내장재용 건축용 마감목재 제품),준불연 실내 내장재용 마감목재
2025년 혁신제품 시범구매(중소기업 산업재해 저감을 위한 AI기반 지능형 디지털 위험성평가 기능을 포함한 안전보건관리 시스템),AI 지능형 위험성평가 안전보건시스템
2025년 혁신제품 시범구매(중전기기 정기진단 데이터를 실시간 인공지능 분석하는 정전(고장) 예방시스템),중전기기 AI 정전 예방시스템
2025년 혁신제품 시범구매(지능형 센서 기반 암반 붕괴 조기 경보 시스템),지능형 암반 붕괴 조기 경보 시스템
2025년 혁신제품 시범구매(지능형 이상징후 통합감시제어기술의 빌딩자동제어시스템),지능형 통합감시 빌딩자동제어시스템
2025년 혁신제품 시범구매(지능형무선태양광CCTV시스템),지능형 무선 태양광 CCTV 시스템
2025년 혁신제품 시범구매(지주 일체형 태양광 가로등),지주 일체형 태양광 가로등
2025년 혁신제품 시범구매(지하차도 침수예방 HQ차량진입차단시스템),지하차도 침수예방 차량진입차단시스템
2025년 혁신제품 시범구매(진공 및 가압세척방식의 초절수 양변기 (3.5L)),초절수 양변기(3.5L)
2025년 혁신제품 시범구매(진료보조자 없이 물을 흡입하고 연조직 견인을 동시에 지원해주는 치료 보조 모듈),치료 보조 흡입·견인 모듈
2025년 혁신제품 시범구매(집먼지진드기 알레르겐 검출키트),집먼지진드기 알레르겐 검출키트
2025년 혁신제품 시범구매(체인이탈 및 기계정지 방지용 협잡물 끼임방지판을 구비한 로타리식제진기 ),협잡물 끼임방지 로타리식 제진기
2025년 혁신제품 시범구매(축사 스마트 복합 환경계측 패키지 센서)2차,축사 스마트 환경계측 패키지 센서
"2025년 혁신제품 시범구매(치과용 핸드피스, Suck-back방지시스템(SAM STD))",치과용 핸드피스 Suck-back방지시스템
2025년 혁신제품 시범구매(치합구동 회전날개와 제어모듈을 적용한 지능형 원격제어 슬러지 분쇄기),지능형 원격제어 슬러지 분쇄기
2025년 혁신제품 시범구매(친환경 미생물을 원재료로 한 굴뚝 매연 저감용 산업용탈취제),굴뚝 매연 저감용 산업용 탈취제
2025년 혁신제품 시범구매(친환경 스마트 빗물받이 시스템),친환경 스마트 빗물받이 시스템
2025년 혁신제품 시범구매(컨베이어 벨트용 무전원 사행방지장치),컨베이어 벨트용 무전원 사행방지장치
2025년 혁신제품 시범구매(콘센트용 화재예방 소화스티커),콘센트용 화재예방 소화스티커
2025년 혁신제품 시범구매(콘크리트 구조물 및 균열 유지보수 도막재),콘크리트 균열 유지보수 도막재
2025년 혁신제품 시범구매(콘크리트 구조물과 일체화되어 구조물의 부식을 방지 및 영구적인 방수를 가능한 합성고분자방수시트),합성고분자 방수시트
2025년 혁신제품 시범구매(탄소중립형 고효율 고형물 제거장치),탄소중립형 고효율 고형물 제거장치
2025년 혁신제품 시범구매(폐플라스틱병 수거용 AI 로봇),폐플라스틱병 수거용 AI 로봇
2025년 혁신제품 시범구매(필터링 알고리즘 적용 및 분리형 멀티센서 모듈 기반 기압계),분리형 멀티센서 모듈 기압계
2025년 혁신제품 시범구매(학생 맞춤형 성장 지원 AI 코스웨어 “상냥이”),학생 맞춤형 AI 코스웨어 상냥이
"2025년 혁신제품 시범구매(한계하강높이 및 접합력이 우수하며, 중금속·유해물질이 없는 초속경화 일체형 연질 폴리우레탄 탄성바닥재)",초속경화 연질 폴리우레탄 탄성바닥재
2025년 혁신제품 시범구매(합판코어 구조용 직교 집성판(합판코어 CLT)),합판코어 구조용 직교 집성판 CLT
2025년 혁신제품 시범구매(홀로그램 원격조정과 증강현실을 제공하는 홀로매직),홀로그램 원격조정 증강현실 홀로매직
2025년 혁신제품 시범구매(화재 대응을 위한 산불지연제와 고체진화제 및 전용 건),산불지연제·고체진화제 및 전용 건
2025년 혁신제품 시범구매(화재와 진동을 감지하는 융합 화염감지기),화재·진동 감지 융합 화염감지기
2025년 혁신제품 시범구매(화재확산방지와 열교차단 성능이 우수한 안전패널),화재확산방지 열교차단 안전패널
2025년 혁신제품 시범구매(환경폐기물을 절감한 컨버터 교체형 LED 등기구),컨버터 교체형 LED 등기구
2025년 혁신제품 시범구매(흡읍성능 개선 친환경 벽천장용 모듈형 흡읍재),친환경 벽천장용 모듈형 흡음재
2025년 혁신제품 임차 시범구매 조달요청((주)씨앤테크),혁신제품 임차 시범구매 조달요청
2025년 혁신제품 임차 시범구매 조달요청(아림사이언스),혁신제품 임차 시범구매 조달요청
2025년 혁신제품 임차 시범구매 조달요청(인핸드플러스),혁신제품 임차 시범구매 조달요청
2025년 혁신제품 임차 시범구매 조달요청(혁신제품 지정특허기술로 순수 근(近)적외선 방출량을 높여 효율을 극대화한 전신 온열기),순수 근적외선 효율 극대화 전신 온열기
2025년 혁신제품 임차 시범구매(2D현미경을 디지털 3D현미경으로 업그레이드하는 현미경용 3D 카메라),현미경용 3D 카메라
2025년 혁신제품 임차 시범구매(3D 홀로그램 터치 비전),3D 홀로그램 터치 비전
2025년 혁신제품 임차 시범구매(AI 소셜로봇 리쿠(LiKU)),AI 소셜로봇 리쿠(LiKU)
2025년 혁신제품 임차 시범구매(AI 페트병 무인회수기 쓰샘),AI 페트병 무인회수기 쓰샘
2025년 혁신제품 임차 시범구매(AI&IOT 멀티 챔버 및 공냉식 신 응축장치를 적용한 대용량 음식물쓰레기처리기),AI·IoT 대용량 음식물쓰레기처리기
2025년 혁신제품 임차 시범구매(Language Free Zone 다자간 실시간 통역시스템),다자간 실시간 통역시스템
2025년 혁신제품 임차 시범구매(곤충특화 스마트팩토리),곤충특화 스마트팩토리
2025년 혁신제품 임차 시범구매(무계면활성제 및 나노급 균일 초음파 유화/분산 장비),나노급 균일 초음파 유화·분산 장비
2025년 혁신제품 임차 시범구매(미래 융합인재 양성을 위한 교육용 로봇 HUENIT),교육용 로봇 HUENIT
"2025년 혁신제품 임차 시범구매(안심, 안전, 만족 화장실을 위한 AIoT 기반 스마트 통합 솔루션)",AIoT 기반 스마트 통합 화장실 솔루션
2025년 혁신제품 임차 시범구매(이동가능 모듈형 IoT 폐플라스틱 열분해 화학적 재활용장치),모듈형 IoT 폐플라스틱 열분해 재활용
2025년 혁신제품 임차 시범구매(인프라 구축이 필요없는 자율주행 물류로봇),인프라 불필요 자율주행 물류로봇
2025년 혁신제품 임차 시범구매(점화원에 의해 폭발위험이 있는 산업현장에 적용 가능하여 사고 예방이 가능한 휴대용 정전기측정기),혁신제품 임차 시범구매(휴대용 정전기측정기)
2025년 혁신제품 임차 시범구매(착장 정보를 활용한 인공지능 기반의 요구조자 고속 검색 솔루션),혁신제품 임차 시범구매(AI 요구조자 검색솔루션)
2025년 혁신제품 임차 시범구매(코로나19 살균이 가능한 UVC 플라스마 변좌살균기),혁신제품 임차 시범구매(UVC 플라스마 변좌살균기)
2025년 현장학습 차량 등 임차(단가계약) 용역  수의견적 제출안내 공고 ,현장학습 차량 등 임차(단가계약)
2025년 호주 식품박람회 K-seed관 부스설치·운영 용역,호주 식품박람회 K-seed관 부스설치·운영
2025년 홍천국토 관내 남부권역 소규모 포장보수공사 폐기물처리용역,홍천국토 남부권역 포장보수 폐기물처리
2025년 홍천국토 관내 남부권역 전기시설물 유지보수공사,홍천국토 남부권역 전기시설물 유지보수
2025년 홍천국토 관내 도로안전 및 환경개선 실시설계용역,홍천국토 도로안전·환경개선 실시설계
2025년 홍천국토 관내 북부권역 소규모 포장보수공사 폐기물처리용역,홍천국토 북부권역 포장보수 폐기물처리
2025년 홍천국토 관내 북부권역 전기시설물 유지보수공사,홍천국토 북부권역 전기시설물 유지보수
2025년 홍천국토 관내 제2종시설물 정밀안전점검 및 성능평가용역(1권역),홍천국토 2종시설물 정밀안전점검·성능평가(1권역)
2025년 홍천국토 관내 제2종시설물 정밀안전점검 및 성능평가용역(4권역),홍천국토 2종시설물 정밀안전점검·성능평가(4권역)
2025년 홍천국토 관내 제2종시설물 정밀안전점검 및 성능평가용역(5권역),홍천국토 2종시설물 정밀안전점검·성능평가(5권역)
2025년 홍천국토 관내 제2종시설물 정밀안전점검 및 성능평가용역(7권역),홍천국토 2종시설물 정밀안전점검·성능평가(7권역)
2025년 홍천국토 관내 제2종시설물 정밀안전점검용역(2권역),홍천국토 2종시설물 정밀안전점검(2권역)
2025년 홍천국토 관내 제2종시설물 정밀안전점검용역(3권역),홍천국토 2종시설물 정밀안전점검(3권역)
2025년 홍천국토 관내 제2종시설물 정밀안전점검용역(6권역),홍천국토 2종시설물 정밀안전점검(6권역)
"2025년 홍천국토 관내 터널 보수공사(전기,통신,소방) 재해예방 기술지도 용역",홍천국토 터널 보수공사 재해예방 기술지도
2025년 홍천국토 관내 터널 소방시설 종합점검 및 작동점검용역,홍천국토 터널 소방시설 종합·작동점검
2025년 홍천국토 관내(1권역) 비탈면 모니터링 시스템 구축 용역,홍천국토 비탈면 모니터링시스템 구축(1권역)
2025년 홍천국토 관내(2권역) 비탈면 모니터링 시스템 구축 용역,홍천국토 비탈면 모니터링시스템 구축(2권역)
2025년 홍천국토관리사무소 구청사 야적장 폐기물처리용역,홍천국토 구청사 야적장 폐기물처리
"2025년 화성서부경찰서 지역경찰관서(지구대, 파출소)11개소 청소용역 입찰 공고",화성서부서 지역경찰관서 11개소 청소
"2025년 화성서부경찰서(지구대, 파출소 총 11개소) 청소용역 입찰 공고",화성서부서 지구대·파출소 11개소 청소
2025년 화학과 감정장비(열분해자동주입기-기체크로마토그래프질량분석기) 구매,화학과 감정장비(GC-MS) 구매
2025년 화학과 시험연구과제 시약 및 재료(210종) 구매,화학과 시험연구 시약·재료 210종 구매
2025년 화학사고 대응능력 실기 평가장비(1종5점) 구매 ,화학사고 대응 실기평가장비 1종5점 구매
2025년 화훼 연작장해 개선 양액재배시범사업 고형배지 양액재배시설설치(민간입찰대행),화훼 양액재배시범 고형배지 시설설치
2025년 환경관련 조세 및 세입계정 작성(2023년 기준),환경 조세·세입계정 작성(2023년 기준)
2025년 환경농업연구과 시험연구용 기자재 구입(수질자동분석기),환경농업연구과 수질자동분석기 구입
2025년 환경위성센터 주요정보통신기반시설 보안취약점 분석평가 사업 ,환경위성센터 정보통신기반시설 보안취약점 평가
2025년 희망의씨앗 뉴스레터 및 정책매거진(20호) 제작,희망의씨앗 뉴스레터·정책매거진 20호 제작
2025년(추경) 간선임도(궁촌) 시공감리용역(궁촌리 산310 외1)(수의시담),간선임도(궁촌) 시공감리
2025년(추경) 간선임도(동막) 시공감리용역(동막 산252)(수의시담),간선임도(동막) 시공감리
2025년(추경) 산불진화임도 시설사업(산양)(수의시담),산불진화임도 시설(산양)
2025년(추경) 산불진화임도 시설사업(상마읍)(수의시담),산불진화임도 시설(상마읍)
2025년(추경) 산불진화임도(산양) 시공감리용역(산양리 산1 외1)(수의시담),산불진화임도(산양) 시공감리
"2025년(추경) 임도 실시설계용역 1차(간선임도_기번1, 동막리 산252)(수의시담)",임도 실시설계 1차(간선임도 동막리)
"2025년(추경) 임도 실시설계용역 1차(노폭확장_기번1, 오목리 산21)(수의시담)",임도 실시설계 1차(노폭확장 오목리)
"2025년(추경) 임도 실시설계용역 1차(노폭확장_기번2, 신리 산138)(수의시담)",임도 실시설계 1차(노폭확장 신리)
"2025년(추경) 임도 실시설계용역 1차(노폭확장_기번3, 탕곡리 산41 외1)(수의시담)",임도 실시설계 1차(노폭확장 탕곡리)
"2025년(추경) 임도 실시설계용역 1차(노폭확장_기번4, 기곡리 산170)(수의시담)",임도 실시설계 1차(노폭확장 기곡리)
"2025년(추경) 임도 실시설계용역 1차(노폭확장_기번6, 하마읍리 산149 외1)(수의시담)",임도 실시설계 1차(노폭확장 하마읍리)
"2025년(추경) 임도 실시설계용역 1차(산불진화_기번1, 산양리 산1 외1)(수의시담)",임도 실시설계 1차(산불진화 산양리)
"2025년(추경) 임도 실시설계용역 1차(산불진화_기번2, 상마읍리 산104)(수의시담)",임도 실시설계 1차(산불진화 상마읍리)
"2025년(추경) 임도 실시설계용역 2차(간선임도_기번1, 궁촌리 산310 외1)(수의시담)",임도 실시설계 2차(간선임도 궁촌리)
"2025년(추경) 임도 실시설계용역 2차(노폭확장_기번1, 탕곡리 산41 외1)(수의시담) ",임도 실시설계 2차(노폭확장 탕곡리)
"2025년(추경) 임도 실시설계용역 2차(산불진화_기번1, 기곡리 산170)(수의시담)",임도 실시설계 2차(산불진화 기곡리)
2025년(추경) 임도노폭확장사업(오목) 시공감리용역(오목리 산21 외)(수의시담),임도노폭확장(오목) 시공감리
2025년(추경) 임도노폭확장사업(육백산) 시공감리용역(상마읍리 산104 외1)(수의시담),임도노폭확장(육백산) 시공감리
2025년(추경) 임도노폭확장사업(육백산) 지명경쟁입찰 공고 ,임도노폭확장(육백산) 지명경쟁입찰
2025년(추경) 임도시설사업 재해예방 기술지도용역(수의시담),임도시설 재해예방 기술지도
"2025년~2026년 강릉국토관리사무소 제설장비 임대차 용역(굴착기, 동해1)",강릉국토 제설장비 임대(굴착기 동해1)
"2025년~2026년 강릉국토관리사무소 제설장비 임대차 용역(제설덤프, #35강릉4)",강릉국토 제설장비 임대(제설덤프 강릉4)
"2025년~2026년 강릉국토관리사무소 제설장비 임대차 용역(제설덤프, 삼척8)",강릉국토 제설장비 임대(제설덤프 삼척8)
"2025년~2026년 강릉국토관리사무소 제설장비 임대차 용역(제설덤프, 평창12)",강릉국토 제설장비 임대(제설덤프 평창12)
"2025년~2026년 강릉국토관리사무소 제설장비 임대차 용역(제설덤프, 평창2)",강릉국토 제설장비 임대(제설덤프 평창2)
2025년~2026년 목표관리제·배출권거래제 지원 정보시스템 통합유지보수,목표관리제·배출권거래제 정보시스템 통합유지보수
2025년~2026년 외국인 근로자 한국어 교재 편집 제작,외국인 근로자 한국어 교재 편집 제작
2025년~2026년 인체치수 관련 기반시설 운영 및 산업계 지원,인체치수 기반시설 운영·산업계 지원
2025년~2027년 예술의전당 소방안전관리 업무대행용역,예술의전당 소방안전관리 업무대행
2025년도 1분기 정밀분석 소모품(133종 728개) 구매,1분기 정밀분석 소모품 133종 구매
2025년도 1학기 국립국악중·고등학교 기숙사 아침·저녁 위탁급식(벌크식) 납품업체 선정,국악중·고 기숙사 위탁급식 업체선정(1학기)
2025년도 2분기 정밀분석 소모품(126종 989개) 구매,2분기 정밀분석 소모품 126종 구매
"2025년도 2학기 국립국악중·고등학교 기숙사 아침, 저녁 위탁급식(벌크식) 납품업체 선정",국악중·고 기숙사 위탁급식 업체선정(2학기)
"2025년도 3분기 정밀분석 소모품(109종 1,123개) 구매",3분기 정밀분석 소모품 109종 구매
2025년도 4분기 정밀분석 소모품 구매(26종 49개),4분기 정밀분석 소모품 26종 구매
2025년도 5급 승진후보자 역량향상과정 과제개발 및 운영 용역,5급 승진후보자 역량향상과정 과제개발·운영
2025년도 GNSS 전파교란 신호감시시스템 유지관리 용역,GNSS 전파교란 신호감시시스템 유지관리
2025년도 ICT 핵심인재 양성과정 위탁교육 사업(제9기),ICT 핵심인재 양성과정 위탁교육(9기)
2025년도 「우체국FC 명인의 날」행사장·숙소 임차(식음료 포함) 용역,우체국FC 명인의 날 행사장·숙소 임차
2025년도 가뭄대책 소형관정 용수개발공사(강현지역) 공고,가뭄대책 소형관정 용수개발(강현지역)
"2025년도 가뭄대책 소형관정 용수개발공사(손양, 현남지역) 공고",가뭄대책 소형관정 용수개발(손양·현남)
"2025년도 가뭄대책 소형관정 용수개발공사(양양, 현북지역) 공고",가뭄대책 소형관정 용수개발(양양·현북)
2025년도 가상자산 수사 인프라 강화를 위한 장비(하드웨어) 구매,가상자산 수사 인프라 강화 하드웨어 구매
2025년도 강릉해양경찰서 경비함정(소형정) 유류 구매 단가계약,강릉해경 경비함정 유류 단가계약
2025년도 개인휴대안전장비(등지게 등 5종 860점) 구매,개인휴대안전장비 5종 860점 구매
2025년도 겨울철 교육시설 안전점검(건축) 및 특별안전점검 용역,겨울철 교육시설 안전·특별안전점검
2025년도 경상남도경찰청 정보통신시스템 통합 유지보수 계약,경남청 정보통신시스템 통합 유지보수
2025년도 경인식약청 시험분석센터 및 농산물신속검사센터 작업환경측정,경인식약청 시험·검사센터 작업환경측정
2025년도 경인지방우정청 동계제복(동복 상의) 제조 구매,경인지방우정청 동계제복 동복상의 제조
2025년도 계룡산-동학사 공원보호협약 훼손지(동학사 폐임도) 조경시설공사,계룡산 동학사 훼손지 조경시설공사
2025년도 계룡산-동학사 공원보호협약 훼손지(동학사 폐임도) 조경시설공사 폐기물처리용역,계룡산 동학사 조경시설공사 폐기물처리
2025년도 고창경찰서 지구대(파출소) 및 치안센터 청소용역 입찰 공고,고창서 지구대·치안센터 청소
2025년도 공공조달물품 인증참조정보 조사 및 유지관리 용역,공공조달물품 인증참조정보 조사·유지관리
2025년도 공동주택관리 지원기구 및 중앙 공동주택관리 분쟁조정위원회 운영·사무처리,공동주택관리 지원기구·분쟁조정위 운영
2025년도 과적검문소 시설물 보수보강공사 폐기물처리용역,과적검문소 시설물 보수보강 폐기물처리
2025년도 관광거점도시 육성사업 중간 성과관리 및 컨설팅 연구,관광거점도시 육성 성과관리·컨설팅 연구
"2025년도 관내 도로유지보수(차선도색, 배수시설 및 낙석산사태 정비 등)  실시설계용역",관내 도로유지보수(차선도색 등) 실시설계
"2025년도 관내 도로유지보수(포장보수, 소구조물 및 낙석산사태 정비 등)  실시설계용역",관내 도로유지보수(포장보수 등) 실시설계
"2025년도 관내 여주,이천지역 도로안전시설 응급보수공사",여주·이천 도로안전시설 응급보수
"2025년도 관내(광주,용인,이천) 포장응급보수공사 폐기물처리용역",관내(광주·용인·이천) 포장보수 폐기물처리
"2025년도 관내(수원,화성,평택) 포장응급보수공사 폐기물처리용역",관내(수원·화성·평택) 포장보수 폐기물처리
"2025년도 관내(여주,이천) 2차 포장응급보수공사 폐기물처리용역",관내(여주·이천) 2차 포장보수 폐기물처리
"2025년도 관내(여주,이천) 포장응급보수공사 폐기물처리용역",관내(여주·이천) 포장보수 폐기물처리
"2025년도 관내(용인,광주) 2차 포장응급보수공사 폐기물처리용역",관내(용인·광주) 2차 포장보수 폐기물처리
"2025년도 관내(용인,광주) 포장응급보수공사 폐기물처리용역 ",관내(용인·광주) 포장보수 폐기물처리
"2025년도 관내(용인,안성) 2차 포장응급보수공사 폐기물처리용역",관내(용인·안성) 2차 포장보수 폐기물처리
"2025년도 관내(용인,안성) 포장응급보수공사 폐기물처리용역",관내(용인·안성) 포장보수 폐기물처리
"2025년도 관내(용인,안성,여주) 포장응급보수공사 폐기물처리용역",관내(용인·안성·여주) 포장보수 폐기물처리
"2025년도 관내(평택,화성) 2차 포장응급보수공사 폐기물처리용역",관내(평택·화성) 2차 포장보수 폐기물처리
"2025년도 관내(평택,화성) 포장응급보수공사 폐기물처리용역",관내(평택·화성) 포장보수 폐기물처리
2025년도 광장 및 도로 바닥 포장 개선공사 건설폐기물 처리 용역,광장·도로 바닥포장 개선 건설폐기물 처리
2025년도 광주세관 공무용차량 카달로그계약(쏘렌토 HEV),광주세관 공무용차량 카달로그계약(쏘렌토)
2025년도 교육국제화특구 추진실적 평가 및 지원계획 민간위탁 사업,교육국제화특구 추진실적 평가·지원 위탁
2025년도 국가공무원인재개발원 통근버스 임차 용역(세종노선),국가공무원인재개발원 통근버스 임차(세종)
2025년도 국가등록문화유산(동산) 보존처리 표준시방서 제정 연구(3차),국가등록문화유산 보존처리 표준시방서 연구(3차)
2025년도 국가등록문화유산(동산) 정기조사 및 개선방안 연구(2차),국가등록문화유산 정기조사·개선방안 연구(2차)
2025년도 국가예방접종백신 조달구매_신증후군출혈열(HFRS),국가예방접종백신 조달구매(신증후군출혈열)
2025년도 국가유산수리기능인 양성과정 교육생 통원버스 임차,국가유산수리기능인 양성과정 통원버스 임차
2025년도 국도17호선 가곡교(상) 등 26개소 상반기 정기안전점검 건설엔지니어링 사업,국도17호선 가곡교 등 상반기 정기안전점검
2025년도 국도21호선 가산교 등 29개소 상반기 정기안전점검 건설엔지니어링사업,국도21호선 가산교 등 상반기 정기안전점검
2025년도 국도25호선 RAMP-B1교 등 28개소 상반기 정기안전점검 건설엔지니어링 사업,국도25호선 등 28개소 상반기 정기안전점검
2025년도 국도25호선 RAMP-B1교 등 41개소 하반기 정기안전점검 건설엔지니어링 사업,국도25호선 등 41개소 하반기 정기안전점검
2025년도 국도25호선 국동RAMP-F교 등 26개소 상반기 정기하자점검 건설엔지니어링 사업,국도25호선 등 26개소 상반기 정기하자점검
2025년도 국도25호선 백운IC교(묵방방향) 등 25개소 하반기 정기하자점검 건설엔지니어링 사업,국도25호선 등 25개소 하반기 정기하자점검
2025년도 국도34호선 건송교 등 29개소 하반기 정기안전점검 건설엔지니어링 사업,국도34호선 건송교 등 하반기 정기안전점검
2025년도 국도34호선 건송교 등 30개소 상반기 정기안전점검 건설엔지니어링 사업,국도34호선 건송교 등 상반기 정기안전점검
2025년도 국도34호선 금성교(상) 등 25개소 하반기 정기안전점검 건설엔지니어링 사업,국도34호선 금성교 등 하반기 정기안전점검
2025년도 국도36호선 세종 제설 및 비축창고 신축공사 폐기물처리용역,국도36호선 세종 제설창고 신축 폐기물처리
2025년도 국도37호선 국원교(상) 등 32개소 하반기 정기안전점검 건설엔지니어링 사업,국도37호선 국원교 등 하반기 정기안전점검
2025년도 국도37호선 국원교(상) 등 35개소 상반기 정기안전점검 건설엔지니어링 사업,국도37호선 국원교 등 상반기 정기안전점검
2025년도 국도43호선 화성시 일원 방음시설 설치공사 실시설계용역,국도43호선 화성 방음시설 설치 실시설계
2025년도 국도4호선 가리터널(상) 등 20개소 하반기 정기하자점검 건설엔지니어링 사업,국도4호선 가리터널 등 하반기 정기하자점검
2025년도 국도4호선 가리터널(상) 등 35개소 상반기 정기하자점검 건설엔지니어링사업,국도4호선 가리터널 등 상반기 정기하자점검
2025년도 국도4호선 각계교 등 22개소 하반기 정기안전점검 건설엔지니어링 사업,국도4호선 각계교 등 하반기 정기안전점검
2025년도 국도4호선 각계교 등 29개소 상반기 정기안전점검 건설엔지니어링 사업,국도4호선 각계교 등 상반기 정기안전점검
2025년도 국도유지관리 시 발생폐기물(폐합성수지)처리용역,국도유지관리 발생폐기물(폐합성수지) 처리
2025년도 국립공주병원 의약품(Aripiprazole Monohydrate 312mg(as Aripiprazole 300mg 등 88품목) 구매,국립공주병원 의약품 88품목 구매
2025년도 국립공주병원 의약품(Sodium Hyaluronate 0.5mg(1mg/mL) 등 107품목) 구매,국립공주병원 의약품 107품목 구매
2025년도 국립대한민국임시정부기념관 온라인 콘텐츠 제작 및 운영 용역,임시정부기념관 온라인 콘텐츠 제작·운영
2025년도 국립대한민국임시정부기념관 학술회의 운영 대행 ,임시정부기념관 학술회의 운영 대행
2025년도 국립법무병원 cctv 등 전자경비 유지보수 용역(긴급),국립법무병원 CCTV 등 전자경비 유지보수
2025년도 국립법무병원 직원식당 위탁운영 용역 입찰(긴급),국립법무병원 직원식당 위탁운영(긴급)
2025년도 국립법무병원 피치료감호자 자비부담 도서 구매,국립법무병원 자비부담 도서 구매
2025년도 국립식량과학원 실험분석 연간 단가계약 입찰(1),국립식량과학원 실험분석 연간단가계약(1)
2025년도 국립식량과학원 실험분석 연간 단가계약 입찰(10),국립식량과학원 실험분석 연간단가계약(10)
2025년도 국립식량과학원 실험분석 연간 단가계약 입찰(2),국립식량과학원 실험분석 연간단가계약(2)
2025년도 국립식량과학원 실험분석 연간 단가계약 입찰(3),국립식량과학원 실험분석 연간단가계약(3)
2025년도 국립식량과학원 실험분석 연간 단가계약 입찰(4),국립식량과학원 실험분석 연간단가계약(4)
2025년도 국립식량과학원 실험분석 연간 단가계약 입찰(5),국립식량과학원 실험분석 연간단가계약(5)
2025년도 국립식량과학원 실험분석 연간 단가계약 입찰(6),국립식량과학원 실험분석 연간단가계약(6)
2025년도 국립식량과학원 실험분석 연간 단가계약 입찰(7),국립식량과학원 실험분석 연간단가계약(7)
2025년도 국립식량과학원 실험분석 연간 단가계약 입찰(8),국립식량과학원 실험분석 연간단가계약(8)
2025년도 국립식량과학원 실험분석 연간 단가계약 입찰(9),국립식량과학원 실험분석 연간단가계약(9)
2025년도 국립재활원 정보시스템 운영 및 유지관리 사업,국립재활원 정보시스템 운영·유지관리
2025년도 국립중앙도서관 디지털 미디어 창작 활용 교육 사업 계약 요청,국립중앙도서관 디지털 미디어 창작 교육
2025년도 국민 아이디어 공모제 홍보 및 부상제작 용역,국민 아이디어 공모제 홍보·부상제작
2025년도 국사편찬위원회 회보 『역사의 창』 제작 및 발송 용역,국사편찬위 회보 역사의 창 제작·발송
2025년도 기본형 공익직불제 농업인 필수안내서 인쇄 및 배송,기본형 공익직불제 농업인 안내서 인쇄·배송
2025년도 기상레이더 예비품 구매(Focus Coil Power Supply)-소액수의(2인 이상 견적 제출),기상레이더 예비품 구매(Focus Coil)
2025년도 기상측기 현장 검정장비 도입사업(9종 22대) 조달계약 요청,기상측기 현장 검정장비 9종 22대 도입
2025년도 기술규제대응분야 제2차 학술연구용역사업 공고,기술규제대응 제2차 학술연구용역
2025년도 남북관계관리단 출입사무소 국유재산 화재보험 가입,남북관계관리단 출입사무소 화재보험 가입
2025년도 노후 저층 주거지 정비사업 공공주택 연계 지원 위탁,노후 저층 주거지 정비 공공주택연계 위탁
2025년도 노후 저층 주거지 정비사업 운영관리 지원 위탁용역,노후 저층 주거지 정비 운영관리 지원 위탁
2025년도 노후 저층 주거지 정비사업 주택정비 지원 및 관리 위탁용역,노후 저층 주거지 정비 주택정비 지원 위탁
2025년도 농기계임대사업소 임대농기계 구입(이동형 열방상팬),임대농기계 구입(이동형 열방상팬)
2025년도 농기계임대사업소 임대농기계 구입(콩 정선선별기 고정형),임대농기계 구입(콩 정선선별기 고정형)
2025년도 농기계임대사업소 중부분소 운영 관리장비 구입(지게차),농기계임대 중부분소 관리장비 구입(지게차)
2025년도 늘봄학교 지원 기후변화과학 교육프로그램 개발,늘봄학교 기후변화과학 교육프로그램 개발
2025년도 다중군집 위성영상 구독 입찰 단일응찰자 적합평가에 따른 수의시담 공고,다중군집 위성영상 구독 수의시담
2025년도 대구경북지역 기상관측장소 잔디관리 용역사업 ,대구경북 기상관측장소 잔디관리
"2025년도 대구고검 관내 전산, 통신장비 통합 유지관리",대구고검 전산·통신장비 통합 유지관리
2025년도 대구보훈병원 사업장 생활계폐기물 위탁처리 용역,대구보훈병원 생활계폐기물 위탁처리
2025년도 대전지방기상청 기상관측장소 유지관리(잔디관리) 용역,대전기상청 기상관측장소 잔디관리
2025년도 데이터기반행정 활성화 및 공공데이터 관리 역량 강화 컨설팅 ,데이터기반행정·공공데이터 관리 컨설팅
2025년도 도시재생사업  지원 및 관리 등을 위한 위탁용역,도시재생사업 지원·관리 위탁
2025년도 도시재생종합정보체계 시스템 유지관리사업 위탁용역,도시재생종합정보체계 유지관리 위탁
2025년도 독성화학과 분석화학실 시약 및 재료(18종) 구매,독성화학과 분석화학실 시약·재료 18종 구매
2025년도 독성화학과 약독물실 시약 및 재료(30종)구매,독성화학과 약독물실 시약·재료 30종 구매
2025년도 동부권(국도7호선 등 5개노선) 가로등 유지보수공사,동부권 가로등 유지보수
2025년도 동절기 제설장비(굴착기) 임차 용역(양구군),동절기 제설장비(굴착기) 임차(양구군)
2025년도 동절기 제설장비(굴착기) 임차 용역(원주시),동절기 제설장비(굴착기) 임차(원주시)
2025년도 동절기 제설장비(굴착기) 임차 용역(인제군),동절기 제설장비(굴착기) 임차(인제군)
2025년도 동절기 제설장비(굴착기) 임차 용역(철원군),동절기 제설장비(굴착기) 임차(철원군)
2025년도 동절기 제설장비(굴착기) 임차 용역(춘천시),동절기 제설장비(굴착기) 임차(춘천시)
2025년도 동절기 제설장비(굴착기) 임차 용역(횡성군),동절기 제설장비(굴착기) 임차(횡성군)
"2025년도 동절기 제설장비(덤프) 임차 용역(철원군, 화천군)",동절기 제설장비(덤프) 임차(철원·화천)
"2025년도 동절기 제설장비(덤프) 임차 용역(홍천군, 인제군)",동절기 제설장비(덤프) 임차(홍천·인제)
2025년도 동절기 제설장비(일반덤프) 임차 용역(홍천군),동절기 제설장비(일반덤프) 임차(홍천군)
2025년도 동절기 제설장비(일반덤프) 임차 용역(횡성군),동절기 제설장비(일반덤프) 임차(횡성군)
2025년도 동해부표관리사무소 쇼트블라스트 수리 용역 입찰 공고,동해부표관리소 쇼트블라스트 수리
2025년도 동해지방해양경찰청 흰수리헬기 정비용역 단가계약,동해해경청 흰수리헬기 정비 단가계약
2025년도 마산청 소속 관공선(4척) 선주배상책임보험 가입,마산청 관공선 4척 선주배상책임보험
2025년도 목포경찰서어린이집 식자재 납품업체 선정 입찰공고,목포서어린이집 식자재 납품업체 선정
2025년도 묘역 간 도로 등 개선공사 건설폐기물 처리 용역,묘역 간 도로 개선 건설폐기물 처리
2025년도 미국 국립문서기록청(NARA) 소장 한국사 관련 사료 수집,미국 NARA 소장 한국사 사료 수집
2025년도 미래 무형유산 발굴･육성 모니터링 및 컨설팅 용역,미래 무형유산 발굴·육성 모니터링·컨설팅
2025년도 미래내일일경험사업 권역별 지원센터 모집 공고,미래내일일경험 권역별 지원센터 모집
2025년도 민간단체 주관 보훈기념행사 컨설팅 대행 용역,민간단체 보훈기념행사 컨설팅 대행
"2025년도 발전원동기(MTU 8V, 12V183TE) 총분해수리(W6) 단가계약",발전원동기(MTU 8V·12V) 총분해수리
2025년도 백신 및 바이오시밀러 WHO 품질인증(PQ) 지원 사업,백신·바이오시밀러 WHO 품질인증 지원
2025년도 백제 철 아카데미 프로그램 개발 및 운영 용역,백제 철 아카데미 프로그램 개발·운영
2025년도 백제왕도 핵심유적 학술대회 및 정책연구포럼 개최 대행용역,백제왕도 학술대회·정책연구포럼 대행
2025년도 법제소식 편집.인쇄 및 DM 대행업체 조달계약 의뢰,법제소식 편집·인쇄 및 DM 대행
2025년도 병력동원훈련소집 수송차량 운송용역 계약(1권역),병력동원훈련소집 수송차량 운송(1권역)
2025년도 병력동원훈련소집 수송차량 운송용역 계약(2권역),병력동원훈련소집 수송차량 운송(2권역)
2025년도 병역판정검사 참조서류 스캐닝 및 시스템 입력 용역,병역판정검사 참조서류 스캐닝·입력
2025년도 보건복지부 기타공공기관 경영실적 평가 및 2026년도 평가편람 개선 연구,복지부 기타공공기관 경영실적 평가·편람 연구
2025년도 보육통합정보시스템 개인정보 영향평가 사업 계약,보육통합정보시스템 개인정보 영향평가
2025년도 보육통합정보시스템 기능개선 감리용역 사업 계약,보육통합정보시스템 기능개선 감리
2025년도 보은국토 관내 절토사면 및 옹벽 정기안전점검용역,보은국토 절토사면·옹벽 정기안전점검
2025년도 보은국토 일반폐기물(폐합성수지 등) 위탁처리용역(단가) 견적 공고,보은국토 일반폐기물 위탁처리
2025년도 복무지도교육(새롬·이음과정) 교육 운영 위탁,복무지도교육(새롬·이음) 운영 위탁
2025년도 부산 글로벌 파트너십 포럼 행사대행업체(PCO) 선정,부산 글로벌 파트너십 포럼 행사대행
2025년도 부산·울산·경남지역 기상관측장소 잔디관리 사업,부산·울산·경남 기상관측장소 잔디관리
2025년도 부산세관 압수물품 및 압수창고 관리용역 사업,부산세관 압수물품·창고 관리
2025년도 부산지방우정청 금융용품(자동수표발행기) 구매,부산우정청 자동수표발행기 구매
"2025년도 부산지방우정청 지방조달제복(조끼, T셔츠, 동계조끼) 제조·구매",부산우정청 지방조달제복 제조·구매
2025년도 부산청 국도ITS 구축 책임감리용역(1권역),부산청 국도ITS 책임감리(1권역)
2025년도 부산청 국도ITS 구축 책임감리용역(2권역),부산청 국도ITS 책임감리(2권역)
2025년도 부산항 해양폐기물 수거·처리 용역(단가계약) 입찰 공고,부산항 해양폐기물 수거·처리
2025년도 부산해양경찰서 경비함정 주부식 납품업체 선정,부산해경 경비함정 주부식 납품
2025년도 비영리민간단체 공익활동 지원사업 평가 및 교육사업,비영리민간단체 공익활동 평가·교육
2025년도 사무용 소프트웨어(Adobe) 연간사용권 구매,사무용SW(Adobe) 연간사용권 구매
2025년도 사무용 소프트웨어(Microsoft) 연간사용권 구매,사무용SW(MS) 연간사용권 구매
2025년도 산림항공본부 민간항공유(JET A-1) 단가계약,산림항공본부 민간항공유 단가계약
2025년도 산업통계 모집단 구축 및 국가통계 통계표 원시자료 정비,산업통계 모집단 구축·원시자료 정비
"2025년도 상반기 2, 3종 시설물 정기 안전점검 용역",상반기 2·3종 시설물 정기안전점검
2025년도 상반기 3종시설물 등 정기안전점검 용역 시행 계획,상반기 3종시설물 정기안전점검
2025년도 상반기 정부세종청사 소방시설(종합)점검 용역,상반기 정부세종청사 소방시설 점검
2025년도 생물테러 개인보호장비(Level A 보호복) 구매,생물테러 보호장비(Level A) 구매
2025년도 생물테러 개인보호장비(Level C 세트) 구매 ,생물테러 보호장비(Level C) 구매
2025년도 생태계교란 생물(진도 갯줄풀) 제거·퇴치사업 용역,생태계교란 갯줄풀 제거·퇴치
2025년도 서부권(국도2호선 등 5개노선) 가로등 유지보수공사,서부권 가로등 유지보수공사
2025년도 서울고검 관내 전산통신 장비 통합유지관리용역,서울고검 전산통신장비 통합유지관리
2025년도 서울지방우정청 금융용품(자동수표발행기) 구매,서울우정청 자동수표발행기 구매
2025년도 서울지방우정청 자동수표발행기 견적제출 안내 공고,서울우정청 자동수표발행기 견적
2025년도 서울지방우정청 지방조달제복 우편발착 하계 상의 구매,서울우정청 지방조달제복 하계상의 구매
2025년도 서해청 VTS센터 주요정보통신기반시설 보안 취약점 분석평가 용역,서해청 VTS 정보통신기반 보안취약점평가
2025년도 수산물 허용물질목록관리제도(PLS) 교육·홍보 사업,수산물 PLS 교육·홍보
2025년도 수요자 맞춤형 해양관측·진단·예측체계 고도화,수요자맞춤형 해양관측·예측체계 고도화
2025년도 수질오염예방 무인기(드론) 항공감시 대행용역,수질오염예방 드론 항공감시 대행
2025년도 수집 및 소장 고문서.마이크로필름 자료 스캔 용역,소장 고문서·마이크로필름 스캔
2025년도 스마트농업연구과 시험연구시설 유류 구매(단가 계약),스마트농업연구과 시험연구 유류 구매
2025년도 시의회 행정사무감사 주요업무보고 및 감사자료 제작 구매,시의회 행정사무감사 자료 제작
2025년도 식물계절 관측 자료를 활용한 기후변화 영향 분석 및 예측,식물계절 관측 기후변화 영향분석·예측
2025년도 신체검사장비 뇌간유발청렴검사기(청성뇌간유발) 구매,신체검사장비 뇌간유발청력검사기 구매
2025년도 신체검사장비(의료영상전송장치 소프트웨어) 구매,신체검사장비 의료영상전송SW 구매
2025년도 실험분석(13품목) 연간 단가계약 입찰(25-1),실험분석(13품목) 단가계약(25-1)
2025년도 실험분석(13품목) 연간 단가계약 입찰(25-10),실험분석(13품목) 단가계약(25-10)
2025년도 실험분석(13품목) 연간 단가계약 입찰(25-10번),실험분석(13품목) 단가계약(25-10번)
2025년도 실험분석(13품목) 연간 단가계약 입찰(25-11),실험분석(13품목) 단가계약(25-11)
2025년도 실험분석(13품목) 연간 단가계약 입찰(25-11번),실험분석(13품목) 단가계약(25-11번)
2025년도 실험분석(13품목) 연간 단가계약 입찰(25-12),실험분석(13품목) 단가계약(25-12)
2025년도 실험분석(13품목) 연간 단가계약 입찰(25-12번),실험분석(13품목) 단가계약(25-12번)
2025년도 실험분석(13품목) 연간 단가계약 입찰(25-13),실험분석(13품목) 단가계약(25-13)
2025년도 실험분석(13품목) 연간 단가계약 입찰(25-13번),실험분석(13품목) 단가계약(25-13번)
2025년도 실험분석(13품목) 연간 단가계약 입찰(25-1번),실험분석(13품목) 단가계약(25-1번)
2025년도 실험분석(13품목) 연간 단가계약 입찰(25-2),실험분석(13품목) 단가계약(25-2)
2025년도 실험분석(13품목) 연간 단가계약 입찰(25-2번),실험분석(13품목) 단가계약(25-2번)
2025년도 실험분석(13품목) 연간 단가계약 입찰(25-3번),실험분석(13품목) 단가계약(25-3번)
2025년도 실험분석(13품목) 연간 단가계약 입찰(25-4),실험분석(13품목) 단가계약(25-4)
2025년도 실험분석(13품목) 연간 단가계약 입찰(25-4번),실험분석(13품목) 단가계약(25-4번)
2025년도 실험분석(13품목) 연간 단가계약 입찰(25-5),실험분석(13품목) 단가계약(25-5)
2025년도 실험분석(13품목) 연간 단가계약 입찰(25-5번),실험분석(13품목) 단가계약(25-5번)
2025년도 실험분석(13품목) 연간 단가계약 입찰(25-6),실험분석(13품목) 단가계약(25-6)
2025년도 실험분석(13품목) 연간 단가계약 입찰(25-6번),실험분석(13품목) 단가계약(25-6번)
2025년도 실험분석(13품목) 연간 단가계약 입찰(25-7),실험분석(13품목) 단가계약(25-7)
2025년도 실험분석(13품목) 연간 단가계약 입찰(25-7번),실험분석(13품목) 단가계약(25-7번)
2025년도 실험분석(13품목) 연간 단가계약 입찰(25-8),실험분석(13품목) 단가계약(25-8)
2025년도 실험분석(13품목) 연간 단가계약 입찰(25-8번),실험분석(13품목) 단가계약(25-8번)
2025년도 실험분석(13품목) 연간 단가계약 입찰(25-9),실험분석(13품목) 단가계약(25-9)
2025년도 실험분석(13품목) 연간 단가계약 입찰(25-9번),실험분석(13품목) 단가계약(25-9번)
2025년도 실험분석(13품목) 연간 단가계약(25-3),실험분석(13품목) 단가계약(25-3)
2025년도 실험실습 전산기자재 구매 (Arch3D_Liner),실험실습 전산기자재 구매(Arch3D)
2025년도 실험실습 전산기자재 구매 3차(소프트웨어Ansys),실험실습 전산기자재 구매(Ansys)
"2025년도 실험실습 전산기자재 구매(sketchup,enscape)",실험실습 전산기자재(sketchup·enscape)
2025년도 양양군 가뭄대책 소형관정 용수개발사업(서면지역) 공고,양양군 가뭄대책 소형관정 용수개발
2025년도 업무용 소프트웨어 라이선스(MS OVS-ES) 구매 입찰,업무용SW 라이선스(MS OVS-ES) 구매
2025년도 예보선진화 및 선진예보시스템 확산 워크숍 운영,예보선진화·선진예보시스템 워크숍 운영
2025년도 외교부 해외안전여행 대학생 서포터스 운영대행,외교부 해외안전여행 대학생 서포터스
2025년도 외국적 크루즈선 기항확대를 위한 해외 Port Sales 행사용역,크루즈선 기항확대 해외 Port Sales
2025년도 용인·광주 권역 도로 제설 및 결빙제거 용역,용인·광주 도로 제설·결빙제거
"2025년도 우리역사넷 동영상 콘텐츠 제작 용역 계약(주요05, 신재호)",우리역사넷 동영상 콘텐츠 제작
2025년도 우주항공청 신규프로젝트 탐색연구 용역과제(과제명:나로우주센터 민간 활용방안 개념 연구),나로우주센터 민간 활용방안 개념연구
2025년도 우체국 쇼핑백 구매 단가계약 소액수의 견적제출 ,우체국 쇼핑백 구매 단가계약
2025년도 원자력관계면허시험 및 국가기술자격시험 보안용역,원자력면허·국가기술자격시험 보안
2025년도 위기대응 의료제품 정보시스템 구축(3차) 및 의약품통합정보시스템 고도화 감리 사업,위기대응 의료제품·의약품정보시스템 감리
2025년도 위기대응의료제품정보시스템 구축(3차) 및 의약품통합정보시스템 고도화 사업,위기대응의료제품·의약품정보시스템 구축
2025년도 위생관리 정밀분석 소모품 구매(55종 611개),위생관리 정밀분석 소모품 구매
2025년도 음악원 교육용 기자재(오르간 및 타악기 등 총 13종) 구매 ,음악원 교육용 기자재 구매
2025년도 의료기기 규제 국제협력을 위한 민관협의체 운영,의료기기 규제 국제협력 민관협의체 운영
2025년도 의정부국토 관내 1권역 도로시설 정비공사 실시설계용역,의정부국토 1권역 도로정비 실시설계
2025년도 의정부국토 관내 2권역 도로시설 정비공사 실시설계용역,의정부국토 2권역 도로정비 실시설계
2025년도 의정부국토 관내 3권역 도로시설 정비공사 실시설계용역,의정부국토 3권역 도로정비 실시설계
2025년도 의정부국토 관내 과적검문소 전기 시설물 개선공사,의정부국토 과적검문소 전기시설 개선
2025년도 의정부국토 관내 동부권역 방호울타리 정비공사,의정부국토 동부권역 방호울타리 정비
2025년도 의정부국토 관내 비점오염저감시설 유지관리용역,의정부국토 비점오염저감시설 유지관리
2025년도 의정부국토 관내 서부권역 방호울타리 정비공사,의정부국토 서부권역 방호울타리 정비
2025년도 의정부국토 관내 제설창고 설치공사 실시설계용역,의정부국토 제설창고 설치 실시설계
2025년도 의정부국토 연간유지보수공사 등 건설폐기물처리용역,의정부국토 건설폐기물처리
"2025년도 의정부지방검찰청 및 관내 지청(고양,남양주) 정보통신시설 유지보수 용역",의정부지검·관내 지청 정보통신 유지보수
2025년도 이천·여주 권역 도로 제설 및 결빙제거 용역,이천·여주 도로 제설·결빙제거
2025년도 이천경찰서 산하 지구대 및 파출소 청소용역 ,이천경찰서 지구대·파출소 청소
"2025년도 익산경찰서 지구대, 파출소 청소용역 입찰 공고(소기업, 소상공인만 해당)",익산경찰서 지구대·파출소 청소
2025년도 인감증명서(본인서명사실확인서) 용지 제3자 단가계약,인감증명서 용지 제3자 단가계약
2025년도 인천공항세관 압수물품 및 압수창고 관리 용역,인천공항세관 압수물품·창고 관리
2025년도 인천세관 압수물품 및 압수창고 관리용역 사업,인천세관 압수물품·창고 관리
2025년도 장군 제1묘역 계단 등 토목시설 개선공사 건설폐기물 처리 용역,장군 제1묘역 토목시설 개선 폐기물처리
2025년도 재외공관 공공외교 현장실습원 사업 기획 및 운영,재외공관 공공외교 현장실습원 운영
2025년도 재외공관 비대면 의료상담 및 순회의료진 파견 사업,재외공관 비대면 의료상담·순회의료진
2025년도 재외공관 행정직원 전지의료검진 사업 위탁수행,재외공관 행정직원 전지의료검진 위탁
2025년도 전국 노후계획도시 정비기본계획 수립 지원용역,노후계획도시 정비기본계획 수립 지원
2025년도 전북지방우정청 전주우체국 냉각탑 제조 설치 ,전북우정청 전주우체국 냉각탑 설치
2025년도 전북지방우정청 지방조달제복(하복상의) 조제.구매,전북우정청 지방조달제복 하복상의 구매
2025년도 전북지방우정청 지방조달제복(하복조끼) 조제.구매,전북우정청 지방조달제복 하복조끼 구매
2025년도 전주덕진경찰서 지구대(파출소) 청소용역 입찰 공고,전주덕진경찰서 지구대·파출소 청소
2025년도 정신건강R&D사업 전주기 성과관리 체계 수립·운영 및 국가연구개발사업 평가대응,정신건강R&D 성과관리체계 수립·평가
"2025년도 정읍경찰서 소속 지구대,파출소 청소용역 입찰 공고",정읍경찰서 지구대·파출소 청소
2025년도 제1차 우정인재개발원 구내식당 식재료 단가계약(공산품),제1차 우정인재개발원 식재료(공산품)
2025년도 제1차 우정인재개발원 구내식당 식재료 단가계약(수산물 및 해초류),제1차 우정인재개발원 식재료(수산물)
2025년도 제1차 우정인재개발원 구내식당 식재료 단가계약(육류),제1차 우정인재개발원 식재료(육류)
2025년도 제2차 우정인재개발원 구내식당 식재료(공산품 및 음료류) 단가계약,제2차 우정인재개발원 식재료(공산품)
2025년도 제2차 우정인재개발원 구내식당 식재료(수산물 및 해초류) 단가계약,제2차 우정인재개발원 식재료(수산물)
2025년도 제2차 우정인재개발원 구내식당 식재료(육류) 단가계약,제2차 우정인재개발원 식재료(육류)
2025년도 제2차 우정인재개발원 시설관리용 소모품 구입,제2차 우정인재개발원 시설관리 소모품
2025년도 제주해양경찰서 경비함정 주·부식 납품 단가계약,제주해경 경비함정 주·부식 납품
2025년도 조직은행 종사자 및 인체조직감시원 교육 사업,조직은행 종사자·인체조직감시원 교육
2025년도 주거실태조사(실사 및 마이크로데이터 생산 분야),주거실태조사 실사·마이크로데이터 생산
2025년도 주기관(CRM18DSS-BR2) 교체 및 분해검사 단가계약,주기관(CRM18DSS-BR2) 교체·분해검사
2025년도 주기관(CRM18DSS-BR2) 단계별정비(W5) 단가계약(긴급),주기관(CRM18DSS-BR2) 단계별정비(W5)
2025년도 주기관(MTU16V4000M90) 단계별정비(W5) 단가계약(긴급),주기관(MTU16V4000M90) 단계별정비(W5)
2025년도 주기관(MTU16V4000M93L) 총분해수리(W6) 단가계약(긴급),주기관(MTU16V4000M93L) 총분해수리(W6)
2025년도 중장년내일센터 종사자 역량강화 사업 변경 공고,중장년내일센터 종사자 역량강화
2025년도 지식재산권 침해물품 검사보조 민간전문가 위탁 용역,지식재산권 침해물품 검사보조 위탁
2025년도 지역기상융합서비스 연구용역사업(기상정보융합 항만 컨테이너 안전 모니터링 기술 개발),지역기상융합 항만 컨테이너 안전 기술개발
2025년도 지진·화산 관측장비 설치환경 조성공사 실시설계,지진·화산 관측장비 설치환경 실시설계
2025년도 지진관측장비 설치환경 조성공사 건설사업관리(감독권한대행),지진관측장비 설치환경 건설사업관리
2025년도 첨단바이오의약품 분석기술 전문인력 실습교육 및 워크숍 위탁 운영,첨단바이오의약품 분석기술 실습교육 운영
2025년도 청년일경험지원사업 참여자 재해보상책임보험 입찰 공고,청년일경험지원 참여자 재해보상보험
2025년도 축·수산물 중 동물용의약품 시험법 교육 위탁 운영,축·수산물 동물용의약품 시험법 교육
2025년도 특성조사요령(TG) 제·개정을 위한 위탁사업(목본류),특성조사요령(TG) 제·개정 위탁(목본류)
2025년도 특성조사요령(TG) 제·개정을 위한 위탁사업(초본류),특성조사요령(TG) 제·개정 위탁(초본류)
2025년도 특송물류센터 자동분류시스템 노후통신장비 교체(노후 장비 개량사업),특송물류센터 자동분류 노후통신장비 교체
2025년도 폐기물 해양배출 종합관리시스템 구축(수의시담),폐기물 해양배출 종합관리시스템 구축
2025년도 포항국토관리사무소 관용차량(장비) 자동차보험 가입,포항국토 관용차량 자동차보험
2025년도 품질관리 정밀분석 소모품 구매(79종 256개),품질관리 정밀분석 소모품 구매
2025년도 하반기 공주교도소  식품류(공산품 등) 구매  2단계(규격·가격 동시)입찰 공고,하반기 공주교도소 식품류(공산품) 구매
2025년도 하반기 공주교도소  식품류(농수축산물) 구매  2단계(규격·가격 동시)입찰 공고,하반기 공주교도소 식품류(농수축산물)
2025년도 하반기 공주교도소 식품류(김치류) 구매 입찰 공고,하반기 공주교도소 식품류(김치류) 구매
2025년도 하반기 국립재활원 시설물 정밀 및 정기 안점점검 용역,하반기 국립재활원 시설물 안전점검
2025년도 하반기 의정부국토 관내 동부권역 국도변 수목정비공사,하반기 의정부국토 동부권역 수목정비
2025년도 하반기 의정부국토 관내 서부권역 국도변 수목정비공사,하반기 의정부국토 서부권역 수목정비
2025년도 하반기 정부세종청사 소방시설(종합·작동) 점검 용역,하반기 정부세종청사 소방시설 점검
2025년도 하반기 홍성교도소 식자재(공산품) 구매 입찰 공고,하반기 홍성교도소 식자재(공산품) 구매
2025년도 하자심사분쟁조정위원회 운영 및 사무처리 업무위탁,하자심사분쟁조정위원회 운영·사무위탁
2025년도 학부 및 연구개발 지원사업 전산기자재(자카드 소프트웨어),학부·연구개발 전산기자재(자카드SW)
2025년도 한국무형유산종합조사 심화연구(전통적 놀이 분야),한국무형유산종합조사 심화연구(놀이)
"2025년도 한국사 DB 구축사업에 따른 추가 개발 및 개선사업(주요05, 이주호)",한국사 DB 구축 추가 개발·개선
"2025년도 한국사데이터베이스DB 구축(주요04주요05, 이주호)",한국사데이터베이스 구축
2025년도 한국사료총서 및 한국사료총서 번역서 간행 계약,한국사료총서·번역서 간행
2025년도 해군정비창 수리함정 MGPS 교체수리 단가계약,해군정비창 수리함정 MGPS 교체수리
2025년도 현장방사능방재지휘센터 방사능방재장비 검·교정 위탁용역,현장방사능방재지휘센터 장비 검·교정
2025년도 현장방사능방재지휘센터 방사능방재장비 검교정 위탁용역,현장방사능방재지휘센터 장비 검교정
2025년도 홍천국토 시설안전관리과 폐기물처리용역(남부권역),홍천국토 폐기물처리(남부권역)
2025년도 홍천국토 시설안전관리과 폐기물처리용역(병목),홍천국토 폐기물처리(병목)
2025년도 홍천국토 시설안전관리과 폐기물처리용역(북부권역),홍천국토 폐기물처리(북부권역)
2025년도 화성·평택·안성 권역 도로 제설 및 결빙제거 용역,화성·평택·안성 도로 제설·결빙제거
2025년도 회전익항공기 AW-139  정비용역(인시단가),회전익항공기 AW-139 정비
"2025년도관내(광주,용인,이천) 포장응급보수(2차)공사",관내(광주·용인·이천) 포장응급보수공사
"2025년도관내(광주,용인,이천) 포장응급보수(2차)공사폐기물처리용역",관내(광주·용인·이천) 포장보수 폐기물처리
"2025년도관내(용인,안성,여주) 포장응급보수(2차)공사",관내(용인·안성·여주) 포장응급보수공사
"2025년도관내(용인,안성,여주) 포장응급보수(2차)공사폐기물처리용역",관내(용인·안성·여주) 포장보수 폐기물처리
2025도 계획공모형 지역관광개발사업 컨설팅 및 중간 성과진단 연구,계획공모형 지역관광개발 컨설팅·진단
2025지리산경남 국립공원 주민 가구 단열창호 제작설치 구매,지리산경남 주민가구 단열창호 설치
2025지리산경남 산청 지리산 천왕봉 각석 문화가치 연구 용역,지리산 천왕봉 각석 문화가치 연구
2025지리산경남 안전쉼터 조성 및 다목적위치표지판 설치공사,지리산경남 안전쉼터·위치표지판 설치
2025지리산경남 일본잎갈나무림 생물다양성 증진사업 기본계획 수립 용역,지리산경남 일본잎갈나무림 생물다양성
2025지리산경남 중산리 노후 주차장화장실 및 탐방지원센터 철거공사,지리산경남 중산리 노후시설 철거
2025지리산경남 중산리 노후 주차장화장실 및 탐방지원센터 폐기물처리 용역,지리산경남 중산리 노후시설 폐기물처리
2025지리산경남 중산리탐방안내소 가상체육체험시설 인테리어 공사,지리산경남 가상체육체험시설 인테리어
2025지리산경남 중산리탐방안내소 전시공간 조성 인테리어공사,지리산경남 중산리 전시공간 인테리어
2025지리산경남 칠선계곡 탐방로 자동통제시스템 및 CCTV설치 통신공사,지리산경남 칠선계곡 자동통제·CCTV
2025지리산경남 함양지구(칠선계곡) 탐방로 정비공사 실시설계 용역,지리산경남 함양 칠선계곡 탐방로 설계
2025학년도 1학기 방과후학교 비즈니스영어 강좌 위탁용역,1학기 방과후 비즈니스영어 강좌 위탁
2025학년도 1학년 학생 해외(일본 오사카) 연수 위탁 용역,1학년 해외(일본 오사카) 연수 위탁
2025학년도 2학년 우수학생 글로벌 역량강화 해외연수 용역,2학년 우수학생 해외연수
2025학년도 3학년 원양항해(체험학습 및 사전답사) 실시 위탁용역,3학년 원양항해 체험학습 위탁
2025학년도 4차 전기과 실습재료 구입 소액수의(견적) 공고,4차 전기과 실습재료 구입
2025학년도 겨울 계절학기 글로벌 문화유산 현장연구 운영,겨울 글로벌 문화유산 현장연구 운영
2025학년도 고등자기성장캠프 위탁용역 소액수의 견적 제출 공고(긴급),고등자기성장캠프 위탁
2025학년도 국립국악고등학교 2학년 소규모테마형교육여행 ,국립국악고 2학년 소규모테마형 교육여행
2025학년도 국립국악고등학교 소리누리예술단 해외공연 개최 용역,국립국악고 소리누리예술단 해외공연
2025학년도 국립국악중학교 2학기 찾아가는 전통음악교실 용역,국립국악중 찾아가는 전통음악교실
2025학년도 국립국악중학교 소리샘예술단 해외공연(일본) 개최 용역,국립국악중 소리샘예술단 해외공연(일본)
2025학년도 국립전통예술고등학교 1학년 일본 소규모테마형교육여행 위탁 용역,국립전통예고 1학년 일본 교육여행 위탁
2025학년도 국립전통예술고등학교 아리랑예술단 일본국제문화교류 위탁 용역,국립전통예고 아리랑예술단 일본 교류
2025학년도 국립전통예술중학교 제4회 국제문화교류(포르투갈) 위탁 용역,국립전통예중 제4회 국제문화교류(포르투갈)
2025학년도 기계시스템과 4차산업특화 기자재(3차원용 캠소프트웨어) 구입 소액수의(견적) 공고,기계시스템과 캠SW(3차원용) 구입
2025학년도 기계시스템과 실험실습기자재(5축용 캠소프트웨어) 구입 소액수의(견적) 공고,기계시스템과 캠SW(5축용) 구입
2025학년도 기계시스템과 실험실습기자재(공유압제어실험장치) 구입,기계시스템과 공유압제어실험장치 구입
2025학년도 기계시스템과 실험실습기자재(공정제어실험장치) 구입 소액수의(견적) 공고,기계시스템과 공정제어실험장치 구입
2025학년도 기계시스템과 실험실습기자재(범용밀링) 구입,기계시스템과 범용밀링 구입
2025학년도 기계시스템과 실험실습기자재(범용선반) 구입,기계시스템과 범용선반 구입
2025학년도 기계시스템과 전공 1분기(3월) 실습재료 구매 소액수의(견적) 공고,기계시스템과 1분기 실습재료 구매
2025학년도 네트워크 및 영상정보처리시스템 유지보수 용역,네트워크·영상정보처리시스템 유지보수
2025학년도 네트워크시스템 유지보수 용역 소액수의 견적 공고,네트워크시스템 유지보수
2025학년도 네트워크시스템 유지보수 용역 소액수의 견적공고,네트워크시스템 유지보수
2025학년도 부산기계공업고등학교 1학년 현장체험학습 위탁 용역 공고(G2B) ,부산기계공고 1학년 현장체험학습 위탁
2025학년도 부산기계공업고등학교 2학년 실습복 제조 소액수의(견적) 제출 공고,부산기계공고 2학년 실습복 제조
"2025학년도 부산기계공업고등학교 2학년 실습복 제조, 구매 소액수의(견적) 제출 공고",부산기계공고 2학년 실습복 제조·구매
2025학년도 부산기계공업고등학교 2학년 현장체험학습(제주도) 위탁용역 중앙조달계약 입찰 요청,부산기계공고 2학년 제주 현장체험학습
2025학년도 부산기계공업고등학교 실습용 가스(공업용) 구입 단가계약 입찰공고,부산기계공고 실습용 공업용가스 구입
2025학년도 부산기계공업고등학교 특수건강검진 용역 소액수의(견적) 공고,부산기계공고 특수건강검진
2025학년도 부산기계공업고등학교 학생 해외연수(중국) 위탁 용역 공고,부산기계공고 학생 중국 해외연수
2025학년도 부산해사고등학교 2학년 현장체험학습(국외수학여행) 위탁용역,부산해사고 2학년 국외수학여행 위탁
2025학년도 소방안전관리업무대행 및 소방시설등 점검용역,소방안전관리 대행·소방시설 점검
2025학년도 스마트팩토리과 실험실습기자재(공정제어실험장치) 구입 소액수의(견적) 공고,스마트팩토리과 공정제어실험장치 구입
2025학년도 스마트팩토리과 실험실습기자재(자동화비전공정시스템) 구입 소액수의(견적) 공고,스마트팩토리과 자동화비전공정시스템 구입
2025학년도 실습기자재 (2차원측정기 외 14종) 구매,실습기자재 2차원측정기 외 14종 구매
2025학년도 실습기자재 (전기공압실습장비 외 4종) 구매,실습기자재 전기공압실습장비 외 4종
2025학년도 인천해사고 원어민 원격 화상 해기사 영어 교육 용역,인천해사고 원어민 화상 해기사 영어교육
2025학년도 전북기계공고 졸업앨범 제작·구매 입찰 공고,전북기계공고 졸업앨범 제작·구매
2025학년도 전북기계공고 학생 및 교원 특수건강검진 용역 견적 공고,전북기계공고 학생·교원 특수건강검진
2025학년도 전북기계공업고등학교 고등자기성장캠프 위탁용역 소액수의 견적 제출 공고(긴급),전북기계공고 고등자기성장캠프 위탁
2025학년도 전북기계공업고등학교 실습기자재(전기유압실험실습장치) 구매  견적 제출 공고,전북기계공고 전기유압실험실습장치 구매
2025학년도 전북기계공업고등학교 음식물 쓰레기 위탁 처리용역 소액수의 견적제출 공고,전북기계공고 음식물쓰레기 위탁처리
2025학년도 전북기계공업고등학교 필리핀 해외어학연수 위탁 용역,전북기계공고 필리핀 해외어학연수
2025학년도 전산장비 유지보수 용역 소액수의 견적 공고,전산장비 유지보수
2025학년도 취업역량강화 프로그램(캠프) 운영 위탁 교육 용역,취업역량강화 캠프 운영 위탁교육
2025학년도 특화교육(시스템반도체) 학생 해외연수 용역,특화교육 시스템반도체 학생 해외연수
2025학년도 특화교육(시스템반도체) 학생 해외연수(트랙Ⅱ)용역,시스템반도체 학생 해외연수 트랙Ⅱ
2025학년도 하계 학생역량강화 공대기업반 강좌 위탁용역,하계 학생역량강화 공대기업반 강좌
2025학년도 하계 학생역량강화 비즈니스영어 강좌 위탁용역,하계 학생역량강화 비즈니스영어 강좌
2025학년도 하반기 K-Heritage 국제센터 리더십 프로그램 운영,하반기 K-Heritage 리더십 프로그램 운영
2025학년도 학생국제역량강화 중국 경덕진 교류전시 프로그램 운영,중국 경덕진 교류전시 프로그램 운영
2025학년도 한국경진학교 늘봄학교 맞춤형 프로그램 운영 용역 2단계(규격-가격 동시) 입찰 공고,한국경진학교 늘봄 맞춤형 프로그램 운영
2025학년도 한국경진학교 방학 중 지역사회 돌봄 운영 용역 2단계(규격·가격 동시) 입찰 공고,한국경진학교 방학중 지역사회 돌봄 운영
2025학년도 한국경진학교 우유급식 소액수의 견적 제출 공고,한국경진학교 우유급식
2025학년도 한국경진학교 전기안전관리자 상주 용역 소액수의 견적 제출 공고,한국경진학교 전기안전관리자 상주
2025학년도 한국농수산대학교 전문학사과정 학생 배부용 전공도서 구매,한국농수산대 전공도서 구매
2025학년도 한국선진학교 방학 중 지역사회 돌봄 위탁 용역,한국선진학교 방학중 지역사회 돌봄 위탁
2025회계연도 재무결산 및 2026회계연도 중간점검 지원 용역,재무결산·차년도 중간점검 지원
2026 ACC콘텍스트 [코스모 아시아 피플] 작품 운송 설치 용역,ACC콘텍스트 코스모아시아 작품운송설치
2026 ACC콘텍스트 [코스모 아시아 피플] 전시공간조성,ACC콘텍스트 코스모아시아 전시공간조성
2026 APEC 지속가능한 일자리 포럼 행사 대행 업체 선정 공고,APEC 지속가능 일자리 포럼 행사대행
2026 국립현대미술관 학예사 전시투어 MMCA TV 영상제작,국립현대미술관 전시투어 영상제작
2026 병오년 말띠 해 특별전 전시도록 및 홍보물 제작,병오년 말띠 특별전 전시도록·홍보물
2026 병오년 말띠해 특별전 전시연출 설계 및 제작 설치,병오년 말띠 특별전 전시연출 설계제작
2026 소방청 새해행사 무대설치 및 운영 용역(수의시담),소방청 새해행사 무대설치·운영
2026 태안국제원예치유박람회 ‘치유농업1관’ 조성사업 대행용역,태안 원예치유박람회 치유농업1관 조성
2026 통일교육 기본교재 제작 및 발송 사업(긴급 입찰),통일교육 기본교재 제작·발송
2026 하반기~2027 상반기 EPIK 원어민 영어보조교사 모집협력용역,EPIK 원어민 영어보조교사 모집협력
2026 해양 기후변화(해양물리) 감시예측 정보 통합 생산,해양 기후변화 해양물리 감시예측 생산
2026 해양 기후변화(해양환경·생태계) 감시·예측 정보 통합 생산,해양 기후변화 해양환경생태계 정보생산
2026-2027 특송물품 자동분류시스템 유지관리 위탁용역,특송물품 자동분류시스템 유지관리
2026-2027년  재외한국문화원 행정직원 전지의료검진 용역,재외한국문화원 직원 전지의료검진
2026-2027년 경찰인재개발원 및 수사연수원 구내식당 급식위탁관리용역 입찰 공고,경찰인재개발원·수사연수원 급식위탁
2026-2027년 국립원예특작과학원 정보통신시스템 통합유지관리 사업,국립원예특작과학원 정보통신 통합유지
2026-2027년 국립현대미술관(청주) 전산시스템 유지관리 사업 계약요청,국립현대미술관 청주 전산시스템 유지
2026-2027년 인천세관 특송물품 자동분류시스템 유지관리 위탁용역,인천세관 특송물품 분류시스템 유지
2026-2027년 재외한국문화원 행정지원시스템 운영 및 유지보수 사업,재외한국문화원 행정지원시스템 유지보수
2026-2027년 행정중심복합도시건설청 사무기기 유지보수 용역,행복청 사무기기 유지보수
2026-2027년도 재외동포 365 민원콜센터 위탁운영 용역 사업,재외동포 365 민원콜센터 위탁운영
2026-2028 생물안전특수복합시설 재확인 및 안전관리 용역,생물안전특수복합시설 재확인·안전관리
2026-2028 선원취업정보망시스템 통합 유지관리 용역,선원취업정보망시스템 통합유지관리
2026~2027년 국립아시아문화전당 승강기 유지관리 용역,국립아시아문화전당 승강기 유지관리
2026~2027년 국립재난안전연구원 재난정보연구 실험시설 유지관리,재난정보연구 실험시설 유지관리
2026~2027년 기후변화 영향예측 적응연구동 기반시설 유지관리 용역,기후변화 적응연구동 기반시설 유지관리
2026~2027년 목표관리제·배출권거래제 지원을 위한 통합 헬프데스크 위탁 운영,배출권거래제 통합 헬프데스크 위탁운영
2026~2027년 복무 및 징계 정보시스템 통합유지관리 사업,복무·징계 정보시스템 통합유지관리
"2026~2027년 생물안전(BL3, BL2) 연구시설 및 연구 부대시설 운영관리 용역",생물안전 연구시설·부대시설 운영관리
2026~2027년 예술의전당 환경미화 사업장내 생활폐기물 처리용역(단가),예술의전당 생활폐기물 처리
2026~2027년 위성 AIS 수신(정보연계 및 웹서비스 제공),위성 AIS 수신 정보연계·웹서비스
2026~2027년 중소벤처기업부 정보시스템 유지보수 사업,중소벤처기업부 정보시스템 유지보수
2026~2027년 한국바로알림서비스 정보시스템 유지운영,한국바로알림서비스 정보시스템 유지운영
2026~2027년도 우체국예금‧보험 채권평가 정보 제공(1차),우체국예금보험 채권평가 정보제공 1차
2026~2027년도 우체국예금‧보험 채권평가 정보제공 업체 선정(2차),우체국예금보험 채권평가 정보제공 2차
2026~2028년 공직윤리시스템 유지관리 및 운영지원 사업,공직윤리시스템 유지관리·운영지원
2026~2028년 국가기상슈퍼컴퓨터센터 기반시설 통합유지보수용역,기상슈퍼컴퓨터센터 기반시설 통합유지
2026~2028년 농업과학전자도서관 위탁운영관리 사업 계약,농업과학전자도서관 위탁운영관리
2026~2028년 시각장애 학생·교사용 대체교과서 제작·공급(중등),시각장애 대체교과서 제작·공급 중등
2026~2028년 시각장애 학생·교사용 대체교과서 제작·공급(초등),시각장애 대체교과서 제작·공급 초등
2026~2028년 오송보건의료행정타운 사업장비배출시설계폐기물 위탁처리용역,오송보건의료타운 배출시설계폐기물 처리
2026~2028년 오송보건의료행정타운 의료폐기물 위탁처리용역,오송보건의료타운 의료폐기물 위탁처리
2026~2028년 오송보건의료행정타운 지정폐기물 위탁처리용역,오송보건의료타운 지정폐기물 위탁처리
2026~2028년도 군산항 국제 및 연안여객터미널 관리운영용역,군산항 여객터미널 관리운영
2026~2028년도 목포항 및 흑산도항 여객터미널 위탁운영용역,목포항·흑산도항 여객터미널 위탁운영
2026~2030년도 농촌진흥청 정보통신 회선 서비스 사업,농촌진흥청 정보통신 회선서비스
2026~27년도 ICT기반 스마트 산림재해 대응체계 운영 및 유지관리 사업,스마트 산림재해 대응체계 운영유지
2026~27년도 고용노동부고객상담센터 전화상담시스템 유지보수 사업,고용노동부 상담센터 전화상담시스템 유지
2026년  WMO 기후예측 선도센터 시스템 유지관리 용역,WMO 기후예측 선도센터 시스템 유지
2026년  국립목포병원 감염성 의료폐기물 위탁처리 계약,국립목포병원 감염성 의료폐기물 처리
2026년 1~2월분 환자부식(가자미 등 151품목)구매,환자부식 가자미 등 151품목 구매
2026년 1분기 국립국제교육원 급식 식재료 구매 소액수의 견적제출 안내공고,국립국제교육원 급식 식재료 구매
2026년 1분기 한국어능력시험(TOPIK) 출제본부 운영 용역,한국어능력시험 출제본부 운영
2026년 1분기(1~3월) 국립마산병원 환자부식 구매 소액수의견적 제출 공고,국립마산병원 환자부식 구매
"2026년 1월 ~ 3월 장호원읍, 대월면 거점소독시설 운영",장호원읍·대월면 거점소독시설 운영
2026년 EBS 수능 방송교재 시각장애 학생용 대체자료 제작,EBS 수능교재 시각장애 대체자료 제작
2026년 G-Tower 직원식당 식재료(수산물류) 구매,G-Tower 직원식당 수산물 구매
2026년 G-Tower 직원식당 식재료(주부식류) 구매,G-Tower 직원식당 주부식 구매
2026년 G-Tower 직원식당 식재료(축산물류) 구매,G-Tower 직원식당 축산물 구매
2026년 KFN TV  외주제작(강군365) 사업자 선정 ,KFN TV 외주제작 강군365
2026년 KFN TV NPS 제작시스템 정기유지관리 사업,KFN TV NPS 제작시스템 유지관리
2026년 KFN TV 외주제작(요즘 군대) 사업자 선정,KFN TV 외주제작 요즘군대
2026년 KFN TV 외주제작(전군 노래자랑) 사업자 선정,KFN TV 외주제작 전군노래자랑
2026년 KFN TV 프로그램 세트 설치 및 해체 용역,KFN TV 프로그램 세트 설치·해체
2026년 WMO 기후예측 선도센터 시스템 유지관리 용역,WMO 기후예측 선도센터 시스템 유지
2026년 ~ 2027년 소방항공 운항관리시스템 유지관리 용역,소방항공 운항관리시스템 유지관리
2026년 ~ 2027년 소방헬기 정비관리 프로그램 유지관리 용역,소방헬기 정비관리 프로그램 유지관리
2026년 가로등 및 보안등 유지보수공사 단가계약 입찰 공고,가로등·보안등 유지보수공사 단가계약
2026년 가리산·감악산·예봉산 강우레이더시스템 유지관리 용역,가리산·감악산·예봉산 강우레이더 유지
2026년 가족지원통합정보시스템 운영 및 유지보수(전자시담),가족지원통합정보시스템 운영·유지보수
2026년 감염병 병원체 확인 검사를 위한 시험의뢰 검체 특수운송,감염병 병원체 검사 검체 특수운송
2026년 강릉경찰서폴키즈어린이집 식자재 납품업체 입찰공고,강릉경찰서 어린이집 식자재 납품
2026년 경기도 농업기상과 병해충 시스템 유지보수 및 클라우드 운영 용역,경기 병해충시스템 유지·클라우드 운영
2026년 경기도 사이버식물병원 유지보수 및 클라우드 운영 용역,경기 사이버식물병원 유지·클라우드 운영
2026년 경북권역 내 검역감염병 관련 유증상 해외입국자 검체 운송 용역,경북권 해외입국자 검체 운송
2026년 경북북부 5개 교정시설  수용자 자비구매물품[과일류8종]입찰공고,경북북부 교정시설 자비구매 과일류8종
"2026년 경비함정 발생 지정폐기물(액상,고상) 처리 용역",경비함정 지정폐기물 처리
2026년 경상북도농업기술원 정보시스템 통합유지보수 용역,경북농업기술원 정보시스템 통합유지
2026년 경상북도농업방송(GBTV)전산장비 유지보수 용역,경북농업방송 전산장비 유지보수
2026년 경상북도농업방송(GBTV)촬영편집장비 유지보수 용역,경북농업방송 촬영편집장비 유지보수
2026년 경주국립공원 남산 열암곡 탐방로 정비공사 설계용역,경주국립공원 남산 탐방로 정비 설계
2026년 경찰병원 의약품 연간단가 계약(마약+향정)- 소액수의 견적,경찰병원 의약품 단가계약 마약·향정
2026년 경찰병원 의약품 연간단가 계약(마약+향정)- 소액수의 견적 / 기업확대,경찰병원 의약품 단가계약 마약·향정 확대
2026년 경찰청 고객만족 모니터센터 업무시스템 유지관리,경찰청 고객만족 모니터센터 시스템 유지
2026년 공간정보사업 공유 및 관리 시스템 유지관리 사업,공간정보사업 공유관리시스템 유지관리
2026년 공개심의대상 외교문서 스캐닝 및 보존매체 제작,외교문서 스캐닝·보존매체 제작
2026년 공공자원 개방공유 관리시스템 운영 및 유지관리,공공자원 개방공유 관리시스템 유지관리
2026년 광주보훈병원 사업장 생활계폐기물 처리용역[긴급],광주보훈병원 생활계폐기물 처리
2026년 광주보훈병원 셔틀버스 임차용역(1군-광주권)(긴급),광주보훈병원 셔틀버스 임차 광주권
2026년 광주보훈병원 셔틀버스 임차용역(2군-전남동부권)(긴급),광주보훈병원 셔틀버스 임차 전남동부
2026년 광주보훈병원 셔틀버스 임차용역(3군-전남서부권)(긴급),광주보훈병원 셔틀버스 임차 전남서부
2026년 광주보훈병원 셔틀버스 임차용역(4군-전북동부권)(긴급),광주보훈병원 셔틀버스 임차 전북동부
2026년 광주보훈병원 셔틀버스 임차용역(5군-전북서부권)(긴급),광주보훈병원 셔틀버스 임차 전북서부
2026년 교원해외파견사업 항공권 구매 및 비자 발급 대행 용역,교원해외파견 항공권 구매·비자 대행
2026년 교원해외파견사업 해외종합안전서비스 위탁 운영 용역,교원해외파견 해외종합안전서비스 위탁
2026년 교육부 홈페이지 콘텐츠 유지보수 사업 용역 계약,교육부 홈페이지 콘텐츠 유지보수
2026년 교통신호기 신설 및 보수공사(영종․청라) 연간단가,교통신호기 신설·보수공사 영종청라
2026년 구직자 취업역량강화 프로그램 위탁사업 운영기관 모집 공고,구직자 취업역량강화 운영기관 모집
2026년 국가산림경영정보시스템 및 산림탄소MRV 정보시스템 운영 및 유지관리,국가산림경영·탄소MRV시스템 운영유지
2026년 국가위성운영센터 및 부대시설 미화(청소) 위탁 용역,국가위성운영센터 미화 위탁
2026년 국가유산수리시스템(e수리) 운영 및 유지관리 사업,국가유산수리시스템 운영·유지관리
2026년 국가입퇴원관리시스템 상용소프트웨어 라이선스 구매,국가입퇴원관리시스템 SW 라이선스 구매
2026년 국가정보자원관리원 대전 본원 통근버스 운행 용역,국가정보자원관리원 대전 통근버스 운행
2026년 국도21호선 대천천교 등 4개소 정밀안전점검용역,국도21호선 대천천교 등 4개소 점검
2026년 국도21호선 명천교 등 2개소 정밀안전점검용역,국도21호선 명천교 등 2개소 점검
2026년 국도21호선 신구교(상) 등 2개소 정밀안전점검용역,국도21호선 신구교 등 2개소 점검
2026년 국도21호선 창동교 등 3개소 정밀안전점검용역,국도21호선 창동교 등 3개소 점검
2026년 국도21호선 평산교 등 3개소 정밀안전점검용역,국도21호선 평산교 등 3개소 점검
2026년 국립경주박물관 액화석유가스(LPG) 구매 단가계약,국립경주박물관 LPG 구매 단가계약
2026년 국립과학수사연구원 액체크로마토그래프 질량분석기 유지보수 용역,국과수 LC 질량분석기 유지보수
2026년 국립기상과학원 행정사무기기 및 네트워크장비 유지관리 용역,국립기상과학원 사무기기·네트워크 유지
2026년 국립대한민국임시정부기념관 대표 누리집 유지관리,임시정부기념관 누리집 유지관리
2026년 국립대한민국임시정부기념관 전시해설운영 위탁용역,임시정부기념관 전시해설운영 위탁
2026년 국립마산병원 외부검사 위탁용역 소액수의 견적입찰 제출 공고,국립마산병원 외부검사 위탁
2026년 국립마산병원 의료기관 세탁물 처리 외부 위탁 용역 소액수의견적 제출 공고,국립마산병원 세탁물 처리 위탁
2026년 국립민속박물관 상설전시관 및 옥외전시장 관리(청소),국립민속박물관 전시관 관리 청소
2026년 국립법무병원 피치료감호자 자비구매 물품(과일류 11종) 구매 입찰 공고 (긴급),국립법무병원 자비구매 과일류 11종
2026년 국립산림과학원 연구정보시스템 통합 운영 및 유지관리,국립산림과학원 연구정보시스템 운영유지
2026년 국립생물자원관 SNS 채널 운영과 홍보 확산 용역,국립생물자원관 SNS 채널 운영·홍보
2026년 국립생약자원관 제주센터 전시관 생약누리 청소용역 사전규격 [제2025-318호],국립생약자원관 제주센터 청소
2026년 국립아시아문화전당 사업장일반폐기물 위탁처리 용역,국립아시아문화전당 일반폐기물 위탁처리
2026년 국립아시아문화전당 소방시설 작동 및 종합점검 용역 계약 요청,국립아시아문화전당 소방시설 점검
2026년 국립중앙과학관 천체관 및 천체관측소 유지보수 용역,국립중앙과학관 천체관·관측소 유지보수
2026년 국립중앙과학관 푸드테크 특별전 전시 연출 및 운영 용역,국립중앙과학관 푸드테크 특별전 연출운영
2026년 국립중앙도서관 외국 연속간행물(동서양서) 구입,국립중앙도서관 외국 연속간행물 구입
2026년 국립중앙박물관 어린이박물관 환경미화 및 소독 용역,국립중앙박물관 어린이관 미화·소독
2026년 국립중앙박물관 영문계간지 『National Museum of Korea』발간,국립중앙박물관 영문계간지 발간
2026년 국립축산과학원 동물실험실 DPF돈사 유지 관리용역,국립축산과학원 DPF돈사 유지관리
2026년 국립현대미술관 디지털정보디스플레이 유지관리(중소기업 확대),국립현대미술관 디지털디스플레이 유지
2026년 국민 아이디어 공모제 홍보 및 시상식 지원 용역,국민 아이디어 공모제 홍보·시상식 지원
2026년 국민건강영양조사 경북권질병대응센터 이동검진차량 운행용역,국민건강영양조사 이동검진차량 운행
2026년 국민소통시스템 운영 및 Helpdesk 위탁운영,국민소통시스템 운영·헬프데스크 위탁
2026년 국민신청 방사능 검사 홈페이지 운영 및 유지관리,국민신청 방사능검사 홈페이지 운영유지
2026년 국방일보 모바일 뉴스레터 발행 및 뉴미디어 홍보용역,국방일보 모바일 뉴스레터·뉴미디어 홍보
2026년 국방홍보원 홈페이지(모바일 포함) 통합운영유지 및 개선사업,국방홍보원 홈페이지 통합운영유지·개선
2026년 국외인적자원관리시스템(HURIK) 유지관리 용역,국외인적자원관리시스템 유지관리
2026년 국토균형성장 정책지원을 위한 지방언론 뉴스저작물 스크랩 대행 용역,국토균형성장 지방언론 뉴스 스크랩 대행
2026년 금융거래 정상가격 산출을 위한 신용평가 DB 사용권 구매,금융거래 정상가격 신용평가 DB 구매
2026년 금융거래 정상이자율 산출을 위한 차입거래 DB 사용권 구매,금융거래 정상이자율 차입거래 DB 구매
2026년 기상관측선 해양 위성인터넷 서비스 사업자 선정,기상관측선 해양 위성인터넷 서비스
2026년 기상청 인터넷전화(C그룹) 서비스 사업자 선정,기상청 인터넷전화 C그룹 서비스
2026년 기상청 인터넷전화(C그룹) 서비스 사업자 선정 계약 요청,기상청 인터넷전화 C그룹 서비스 계약
2026년 기상청 정보통신시스템 통합운영 및 유지관리 용역 ,기상청 정보통신시스템 통합운영유지
2026년 기상콜센터 네트워크 및 행정사무 장비 유지관리,기상콜센터 네트워크·사무장비 유지관리
2026년 기장군 농업기술센터 농기계임대사업 관리위탁 용역 ,기장군 농기계임대사업 관리위탁
2026년 기후에너지환경부 데이터 개방 및 품질 유지관리,기후에너지환경부 데이터 개방·품질유지
2026년 기후에너지환경부 유튜브 채널 운영 및 영상 제작,기후에너지환경부 유튜브 운영·영상제작
2026년 남동해수산연구소 수산과학조사선 연간 유류구매 단가계약,남동해수산연구소 조사선 유류구매 단가
2026년 남북관계관리단 홈페이지 및 회담정보시스템 유지관리 사업,남북관계관리단 회담정보시스템 유지관리
2026년 내장산국립공원 솔티교 정밀안전진단 및 내진성능평가 용역,내장산 솔티교 정밀안전진단·내진평가
2026년 농업 데이터 플랫폼 유지관리 및 지원센터 운영 용역,농업 데이터 플랫폼 유지관리·지원센터
2026년 농업과학기술정보서비스(ASTIS) 유지관리 사업 용역,농업과학기술정보서비스 유지관리
2026년 뉴스 저작물 이용 및 스크랩 대행 용역(긴급),뉴스저작물 이용·스크랩 대행
2026년 뉴스저작물 이용 및 스크랩 모니터링 대행 서비스 계약요청,뉴스저작물 이용·스크랩 모니터링 대행
2026년 뉴스저작물 이용 및 스크랩 모니터링 대행 용역,뉴스저작물 이용·스크랩 모니터링 대행
2026년 뉴스저작물 이용 및 언론 스크랩 모니터링 대행 사업,뉴스저작물 이용·언론 스크랩 모니터링
2026년 뉴스저작물 이용권한 구매 및 스크랩·모니터링 대행 사업,뉴스저작물 이용권 구매·스크랩 대행
2026년 뉴스저작물(신문저작권) 스크랩 이용 서비스 계약,뉴스저작물 신문저작권 스크랩 이용
2026년 다중검출기 유도결합플라즈마 질량분석기 유지보수,다중검출기 ICP 질량분석기 유지보수
"2026년 대산,평택,인천,경인,경인연안 선박교통관제(VTS)시스템 유지보수용역",대산·평택·인천 등 VTS시스템 유지보수
2026년 대전교도소 논산지소 음식물류 폐기물 위탁처리 용역,대전교도소 논산지소 음식물폐기물 처리
2026년 대한민국역사박물관 소식지 역사공감 발간 및 배포 용역,대한민국역사박물관 소식지 발간·배포
2026년 도시계획정보체계(UPIS) 및 통합인허가지원시스템(IPSS) 운영·유지관리 용역,도시계획정보체계·통합인허가 운영유지
2026년 동해수산연구소 수산과학조사선 운항용 유류구매 단가계약,동해수산연구소 조사선 유류구매 단가
2026년 동해지방해양경찰청 청사 시설관리(전기안전관리-상주) 용역,동해해경청 청사 전기안전관리 상주
2026년 동해해양경찰서 정보화 및 네트워크 유지보수 용역,동해해양경찰서 정보화·네트워크 유지보수
2026년 디지털의료제품 인증업무 등 대행기관 운영에 관한 업무 위·수탁,디지털의료제품 인증업무 대행기관 운영 위수탁
"2026년 디지털의료제품의 개발, 임상시험 등 안전성·유효성 평가를 위한 규제 지원에 관한 업무 위·수탁",디지털의료제품 안전성·유효성 평가 규제지원
2026년 디지털의료제품의 전자적 침해행위의 예방 및 확산 방지를 위한 규제지원에 관한 업무 위·수탁,디지털의료제품 전자적 침해예방 규제지원
2026년 마약류 오남용 예방 등을 위한 정보시스템 운영 위탁,마약류 오남용 예방 정보시스템 운영
2026년 마약퇴치운동본부 지원(마약류 예방교육 및 사회복귀지원 등)에 관한 업무 위탁,마약퇴치운동본부 지원 업무 위탁
2026년 맞춤형 농업기술 콘텐츠(동영상) 확충 사업 용역,맞춤형 농업기술 콘텐츠(동영상) 확충
2026년 목포지방해양수산청 관공선 유류(선박용 경유) 구매(단가계약) 입찰공고,목포해양수산청 관공선 선박용 경유 구매
2026년 목포지방해양수산청 관공선 유류(선박용경유) 구매(단가계약),목포해양수산청 관공선 선박용경유 구매
2026년 목포해양경찰서 경비함정 발생 지정폐기물 처리 용역(연간단가계약),목포해경 경비함정 지정폐기물 처리
2026년 목포해양경찰서 경비함정 주부식 납품업체 선정 공고,목포해경 경비함정 주부식 납품업체 선정
2026년 문화체육관광부 언론스크랩 및 모니터링 대행 용역,문체부 언론스크랩·모니터링 대행
2026년 법무과 정보시스템 통합유지관리 및 운영사업 조달 계약 의뢰,법무과 정보시스템 통합유지관리·운영
2026년 보건복지부 디지털채널 콘텐츠 제작 및 관리 용역사업,복지부 디지털채널 콘텐츠 제작·관리
2026년 보령 대기오염 측정 및 성분 분석시스템 위탁점검 관리 용역,보령 대기오염 측정·성분분석시스템 점검
2026년 보령권역 도로유지보수공사(연간단가) 건설폐기물처리용역,보령권역 도로유지보수 건설폐기물처리
2026년 보령항 선박교통관제(VTS)시스템 유지보수용역,보령항 선박교통관제(VTS) 유지보수
2026년 부산보훈병원 국비환자일용품(1종)연간 단가계약,부산보훈병원 국비환자 일용품 단가계약
2026년 부산보훈병원 세탁물 위탁처리용역 연간계약 수의시담,부산보훈병원 세탁물 위탁처리
2026년 부산보훈병원 응급환자 특수구급차 위탁운영 용역계약,부산보훈병원 응급 특수구급차 위탁운영
2026년 부산보훈병원 응급환자 특수구급차 위탁운영 용역계약(긴급),부산보훈병원 응급 특수구급차 위탁운영(긴급)
2026년 부산보훈병원 자체구매 위생재료 연간 단가계약(긴급)-고시금액 미만,부산보훈병원 위생재료 단가계약(고시 미만)
2026년 부산보훈병원 자체구매 위생재료 연간 단가계약(긴급)-고시금액 이상,부산보훈병원 위생재료 단가계약(고시 이상)
2026년 부산보훈병원 직원 근무복(가운 및 간호복 등) 구입,부산보훈병원 직원 근무복 구입
2026년 부산보훈병원 치과보철물 외주가공 용역(Ticon-crown 등 22종),부산보훈병원 치과보철물 외주가공
2026년 부산지방국세청 세무관서 청사 안전요원 배치용역,부산국세청 청사 안전요원 배치
2026년 부산항·통영연안·부산신항·울산항 VTS시설 유지보수용역,부산항 등 VTS시설 유지보수
2026년 불법조업 중국어선 압수물 위탁보관·폐기 용역 계약,불법조업 중국어선 압수물 위탁보관·폐기
2026년 비영리민간단체 공익활동 지원사업 평가 및 교육,비영리민간단체 공익활동 지원 평가·교육
2026년 비영리민간단체 지원사업 관리정보시스템 운영 및 유지관리,비영리민간단체 지원 관리정보시스템 운영
2026년 빅데이터 기반 기상기후 융합시스템 운영 및 유지관리,빅데이터 기상기후 융합시스템 운영·유지
2026년 사하경찰서 어린이집 식자재 납품업체 선정 입찰공고,사하경찰서 어린이집 식자재 납품업체 선정
2026년 산림교육원 교육운영정보시스템(홈페이지) 운영 및 유지관리 용역,산림교육원 교육운영정보시스템 운영·유지
2026년 산림청 기관지(분기별) 매거진 숲 제작 및 발송,산림청 기관지 매거진 숲 제작·발송
2026년 산불진화임도 시설사업(직동_광산골) 실시설계용역,산불진화임도(직동_광산골) 실시설계
2026년 상반기 KTV 외주프로그램 제작(은퇴세대 지원),상반기 KTV 외주프로그램 제작
2026년 상반기 경상남도농업기술원 구내식당 급식재료 구입 ,상반기 경남농업기술원 구내식당 급식재료
2026년 상반기 교량 및 터널 보수공사 실시설계 건설엔지니어링(1차),상반기 교량·터널 보수 실시설계(1차)
2026년 상반기 소나무재선충병(기타고사목) 방제사업 실시설계용역,상반기 소나무재선충병 방제 실시설계
2026년 상반기 아산시 농가통제초소(4개소) 운영 용역,상반기 아산시 농가통제초소(4개소) 운영
2026년 상반기 아산시 농가통제초소(5개소) 운영 용역,상반기 아산시 농가통제초소(5개소) 운영
2026년 상반기 정선국토 관내 시설물 보수공사 실시설계용역,상반기 정선국토 시설물 보수 실시설계
2026년 생물안전 3등급 부검시설 유지보수 및 주기적 재검증 용역,생물안전 3등급 부검시설 유지보수·재검증
2026년 생물안전 3등급 부검시설 유지보수 및 주기적 재검증 용역(긴급공고),생물안전 3등급 부검시설 유지보수(긴급)
2026년 서울식약청 수입식품(김포수입식품검사소) 검체운송 위탁 용역 입찰 공고,서울식약청 수입식품 검체운송 위탁
2026년 서천출장소 관내 도로안전 및 환경개선사업 실시설계용역,서천출장소 도로안전·환경개선 실시설계
2026년 서해수산연구소 수산과학조사선 유류 연간 단가계약,서해수산연구소 조사선 유류 단가계약
2026년 서해청 항공유 공급 단가 계약(무안항공대) 수의시담,서해청 항공유 공급 단가계약(무안항공대)
2026년 선박장거리 위치추적시스템(LIRT) 유지관리 용역,선박장거리 위치추적시스템(LRIT) 유지관리
2026년 세종대왕유적관리소 종합경비시스템 유지보수 용역,세종대왕유적관리소 종합경비시스템 유지
2026년 소득자료 제출 안내문 등 발송용 단창봉투 제작,소득자료 안내문 발송용 단창봉투 제작
2026년 소방공무원 시험 문제지 인쇄용 고속인쇄편철기 임차(수의시담),소방공무원 시험 고속인쇄편철기 임차
2026년 소방공무원 채용·승진시험 문제지 편집·인쇄업무 위탁용역,소방공무원 시험 문제지 편집·인쇄 위탁
2026년 소방공무원 채용·승진시험 보안·운송업무 위탁용역,소방공무원 시험 보안·운송 위탁
2026년 수산과학조사선(탐구7호 및 탐구11호) 유류구매 단가계약,수산과학조사선 유류구매 단가계약
2026년 순천교도소 등 수용자 자비구매물품(과일류) 입찰공고,순천교도소 등 자비구매물품(과일류)
"2026년 식품안전 관련 정보의 수집·분석·제공, 시스템 운영, 조사·연구에 관한 업무 등 위탁",식품안전 정보 수집·분석·시스템운영 위탁
2026년 신문스크랩 및 뉴스 저작물 이용 서비스 이용 계약,신문스크랩·뉴스저작물 이용 서비스
2026년 신체검사장비 MRI·CT(필립스) 유지보수 용역 계약,신체검사장비 MRI·CT 유지보수
"2026년 실제화재, 사고상황재현 훈련시설 유지보수 관리용역",화재·사고상황재현 훈련시설 유지보수
2026년 아이돌봄 통합지원 플랫폼 운영 및 유지관리(전자시담),아이돌봄 통합지원 플랫폼 운영·유지
2026년 아트센터인천 정보통신시스템 통합 유지관리 용역,아트센터인천 정보통신시스템 유지관리
2026년 아포스티유등 민간클라우드 이용 및 운영관리 용역,아포스티유 등 민간클라우드 이용·운영
2026년 안전정보 통합관리시스템 운영 및 유지관리 용역,안전정보 통합관리시스템 운영·유지
2026년 압수물(외국어선 등) 위탁관리 및 폐기 등 처리 용역,압수물(외국어선 등) 위탁관리·폐기
2026년 양양군 농기계임대사업소 시설관리 운영 인력 용역,양양군 농기계임대사업소 시설관리 인력
2026년 양양군거점세척소독시설 운영(인력) 보조 용역 공고,양양군 거점세척소독시설 운영 보조
2026년 어업지도선 네트워크 및 CCTV 유지관리 용역,어업지도선 네트워크·CCTV 유지관리
2026년 언어정보나눔터 및 한국어 학습자 말뭉치 나눔터 유지 관리 및 운영,언어정보나눔터·한국어 말뭉치 운영
2026년 여권정보통합관리시스템 운영 및 통합유지관리 사업,여권정보통합관리시스템 운영·유지관리
2026년 여주 영릉과 영릉 소나무 재선충병 예방나무주사 사업,여주 영릉 소나무재선충병 예방나무주사
2026년 여주 영릉과 영릉 소나무재선충병 예방나무주사 설계용역,여주 영릉 재선충병 예방나무주사 설계
2026년 예봉산·가리산 강우레이더관측소 모노레일 안전관리 용역 계약 요청,예봉산·가리산 강우레이더 모노레일 안전관리
2026년 예산국토 생활폐기물(폐합성수지 등) 위탁처리용역,예산국토 생활폐기물 위탁처리
2026년 오버헤드 및 마이크로필름 스캐너장비 유지관리 용역,오버헤드·마이크로필름 스캐너 유지관리
2026년 오송보건의료행정타운 정제수 제조설비 유지보수 관리용역,오송 정제수 제조설비 유지보수
2026년 온라인 국어문화학교 학습관리시스템 운영 및 유지관리,온라인 국어문화학교 학습관리시스템 운영
2026년 온라인 홍보용역(유튜브) 관련 조달계약 체결 의뢰,온라인 홍보(유튜브) 조달계약
2026년 옴부즈만 홈페이지 및 규제혁신플랫폼 유지보수 사업,옴부즈만 홈페이지·규제혁신플랫폼 유지
2026년 외교부 디지털 공공외교 SNS 플랫폼 운영 및 활성화 사업,외교부 디지털 공공외교 SNS 플랫폼 운영
"2026년 용인서부경찰서 지구대,파출소(6개소) 청소용역",용인서부경찰서 지구대·파출소 청소
2026년 우체국보험 계약적부조사(방문적부) 업무위탁 용역,우체국보험 계약적부조사(방문) 위탁
2026년 우체국보험 계약적부조사(전화적부) 업무위탁 용역,우체국보험 계약적부조사(전화) 위탁
2026년 울산항·마산항·부산신항 VTS시설 유지보수 용역,울산항 등 VTS시설 유지보수
2026년 원어민중국어보조교사(CPIK) 사전연수 운영 용역,원어민중국어보조교사(CPIK) 사전연수
2026년 원자력기금 원자력안전규제계정 자산운용 성과평가·위험관리 용역,원자력기금 자산운용 성과평가·위험관리
2026년 원자력기금 원자력안전규제계정 자산운용 성과평가·위험관리 용역(수의시담),원자력기금 자산운용 성과평가(수의시담)
2026년 원자력안전 특별사법경찰 수사업무시스템 유지보수 사업,원자력안전 특사경 수사업무시스템 유지
2026년 원자력안전위원회 디지털 영상 콘텐츠 제작 용역사업,원자력안전위 디지털 영상콘텐츠 제작
2026년 원자력안전위원회 산하 한국원자력통제기술원 기관운영평가 체계구축 및 성과평가 용역,원자력통제기술원 기관운영평가 성과평가
2026년 위기청소년 통합지원정보시스템 운영 및 유지보수,위기청소년 통합지원정보시스템 운영·유지
2026년 의약품 안전정보 수집·관리 등 관련 업무 및 의약품부작용 피해구제사업 등 위탁,의약품 안전정보 수집·부작용 피해구제 위탁
2026년 의약품(1그룹) 구매 일반경쟁(총액)-가바펜틴0.1g등 96종,의약품(1그룹) 구매 가바펜틴 등 96종
2026년 의약품(2그룹) 구매 일반경쟁(총액)-아리피프라졸 10mg 등 26종,의약품(2그룹) 구매 아리피프라졸 등 26종
2026년 의약품(3그룹) 구매 일반경쟁(총액)-알마게이트 0.5g 등 76종,의약품(3그룹) 구매 알마게이트 등 76종
2026년 의약품(4그룹) 구매 일반경쟁(총액)-팔리페리돈 3mg 등 31종,의약품(4그룹) 구매 팔리페리돈 등 31종
2026년 의약품통합정보시스템 및 위기대응의료제품정보시스템 위탁 운영,의약품통합·위기대응의료제품 시스템 운영
2026년 의정부국토 관내 터널 환경 개선공사 실시설계용역,의정부국토 터널 환경개선 실시설계
2026년 익산산림항공관리소 야간인력경비 용역 소액수의 견적 안내 공고,익산산림항공관리소 야간인력경비
2026년 인천공항 다목적 기상관측 제1사이트 관측장비 유지관리 용역,인천공항 다목적 기상관측 장비 유지관리
2026년 인천공항출입국·외국인청 출국대기실 물품(간편식 - 빵) 납품 계약,인천공항 출국대기실 간편식(빵) 납품
2026년 인천공항출입국·외국인청 출국대기실 물품(간편식 - 음료) 납품 계약,인천공항 출국대기실 간편식(음료) 납품
2026년 인천공항출입국·외국인청 출국대기실 물품(간편식-빵) 납품 계약,인천공항 출국대기실 간편식(빵) 납품
2026년 인천공항출입국외국인청 출국대기실 물품(기내식) 납품 계약,인천공항 출국대기실 기내식 납품
"2026년 임도 실시설계용역 1차(구조개량_기번1, 이천리 산322)(수의시담)",임도 실시설계 1차(구조개량_기번1)
"2026년 임도 실시설계용역 1차(산불진화_기번1, 임원리 산1외)(수의시담)",임도 실시설계 1차(산불진화_기번1)
"2026년 임도 실시설계용역 1차(산불진화_기번2, 신리 산138, 육백산)(수의시담)",임도 실시설계 1차(산불진화_기번2 육백산)
"2026년 임도 실시설계용역 1차(산불진화_기번3, 이천리 산322 하단)(수의시담)",임도 실시설계 1차(산불진화_기번3)
"2026년 임도 실시설계용역 1차(산불진화_기번4, 상덕리 산1-2)(수의시담)",임도 실시설계 1차(산불진화_기번4)
"2026년 임도 실시설계용역 1차(산불진화_기번5, 이천리 산322외)(수의시담)",임도 실시설계 1차(산불진화_기번5)
"2026년 임도 실시설계용역 1차(산불진화_기번6, 황조리 산159외)(수의시담)",임도 실시설계 1차(산불진화_기번6)
2026년 임도사업 실시설계 용역(1차)(구조개량_기번1) 입찰 공고,임도사업 실시설계 1차(구조개량_기번1)
2026년 임도사업 실시설계 용역(1차)(구조개량_기번2) 입찰 공고,임도사업 실시설계 1차(구조개량_기번2)
2026년 임도사업 실시설계 용역(1차)(구조개량_기번3) 입찰 공고,임도사업 실시설계 1차(구조개량_기번3)
2026년 임도사업 실시설계 용역(1차)(구조개량_기번4) 입찰 공고,임도사업 실시설계 1차(구조개량_기번4)
2026년 임도사업 실시설계 용역(1차)(구조개량_기번5) 입찰 공고,임도사업 실시설계 1차(구조개량_기번5)
2026년 임도사업 실시설계 용역(1차)(구조개량_기번6) 입찰 공고,임도사업 실시설계 1차(구조개량_기번6)
2026년 임도사업 실시설계 용역(2차)(산불진화_기번1) 입찰 공고,임도사업 실시설계 2차(산불진화_기번1)
2026년 임도사업 실시설계 용역(2차)(산불진화_기번2) 입찰 공고,임도사업 실시설계 2차(산불진화_기번2)
2026년 임도사업 실시설계 용역(2차)(산불진화_기번3) 입찰 공고,임도사업 실시설계 2차(산불진화_기번3)
2026년 임도사업 실시설계 용역(2차)(산불진화_기번4) 입찰 공고,임도사업 실시설계 2차(산불진화_기번4)
2026년 임도사업 실시설계 용역(2차)(산불진화_기번5) 입찰 공고,임도사업 실시설계 2차(산불진화_기번5)
2026년 임도사업 실시설계 용역(2차)(산불진화_기번6) 입찰 공고,임도사업 실시설계 2차(산불진화_기번6)
2026년 임도사업 실시설계 용역(2차)(산불진화_기번7) 입찰 공고,임도사업 실시설계 2차(산불진화_기번7)
2026년 임도시설사업 실시설계 용역(기번 1-3)_긴급,임도시설사업 실시설계(기번1-3)_긴급
2026년 입원환자 주부식(1~2월분) 구매 소액수의 견적제출 안내공고,입원환자 주부식(1~2월분) 구매
2026년 작은도서관 통합홈페이지 관리 및 운영 실태조사 시스템 유지·관리,작은도서관 통합홈페이지 운영·시스템 유지
2026년 장애인용 EPUB 3.0 접근성 지원 및 검증 사업,장애인용 EPUB 3.0 접근성 지원·검증
2026년 재외공관 클라우드 기반 해외정보 범정부 활용체계 운영 및 유지관리,재외공관 클라우드 해외정보 활용체계 운영
2026년 전북지방우정청 우체국소포 소포상자 위탁판매 공급업체 입찰공고 ,전북우정청 우체국 소포상자 위탁판매업체
2026년 전북지방우정청 전기안전관리대행 위탁용역(4권역),전북우정청 전기안전관리대행(4권역)
"2026년 전산장비 유지관리 용역(전문인력 상주, 수의시담)",전산장비 유지관리(전문인력 상주)
"2026년 전산장비(PC, 네트워크 및 전화장비) 유지관리 용역",전산장비(PC·네트워크·전화) 유지관리
2026년 전자인사관리시스템(e-사람) 내 역량평가 기능 운영·유지관리 사업,e-사람 역량평가 기능 운영·유지관리
2026년 전자인사관리시스템(e-사람) 운영 유지관리 사업,전자인사관리시스템(e-사람) 운영·유지
"2026년 전파사용료 고지서 제작 및 봉입, 발송 용역(단가계약)",전파사용료 고지서 제작·봉입·발송
2026년 정부과천청사 통근버스 운행 임차용역(10구역),정부과천청사 통근버스 임차(10구역)
2026년 정부과천청사 통근버스 운행 임차용역(11구역),정부과천청사 통근버스 임차(11구역)
2026년 정부과천청사 통근버스 운행 임차용역(12구역),정부과천청사 통근버스 임차(12구역)
2026년 정부과천청사 통근버스 운행 임차용역(13구역),정부과천청사 통근버스 임차(13구역)
2026년 정부과천청사 통근버스 운행 임차용역(14구역),정부과천청사 통근버스 임차(14구역)
2026년 정부과천청사 통근버스 운행 임차용역(15구역),정부과천청사 통근버스 임차(15구역)
2026년 정부과천청사 통근버스 운행 임차용역(16구역),정부과천청사 통근버스 임차(16구역)
2026년 정부과천청사 통근버스 운행 임차용역(17구역),정부과천청사 통근버스 임차(17구역)
2026년 정부과천청사 통근버스 운행 임차용역(18구역),정부과천청사 통근버스 임차(18구역)
2026년 정부과천청사 통근버스 운행 임차용역(19구역),정부과천청사 통근버스 임차(19구역)
2026년 정부과천청사 통근버스 운행 임차용역(20구역),정부과천청사 통근버스 임차(20구역)
2026년 정부서울청사 공무원 통근버스 임차용역(101노선),정부서울청사 통근버스 임차(101노선)
2026년 정부서울청사 공무원 통근버스 임차용역(102노선),정부서울청사 통근버스 임차(102노선)
2026년 정부서울청사 공무원 통근버스 임차용역(103노선),정부서울청사 통근버스 임차(103노선)
2026년 정부서울청사 공무원 통근버스 임차용역(104노선),정부서울청사 통근버스 임차(104노선)
2026년 정부서울청사 공무원 통근버스 임차용역(105노선),정부서울청사 통근버스 임차(105노선)
2026년 정부서울청사 공무원 통근버스 임차용역(106노선),정부서울청사 통근버스 임차(106노선)
2026년 정부서울청사 공무원 통근버스 임차용역(201노선),정부서울청사 통근버스 임차(201노선)
2026년 정부서울청사 공무원 통근버스 임차용역(202노선),정부서울청사 통근버스 임차(202노선)
2026년 정부서울청사 공무원 통근버스 임차용역(203노선),정부서울청사 통근버스 임차(203노선)
2026년 정부서울청사 공무원 통근버스 임차용역(204노선),정부서울청사 통근버스 임차(204노선)
2026년 정부서울청사 공무원 통근버스 임차용역(205노선),정부서울청사 통근버스 임차(205노선)
2026년 정부서울청사 공무원 통근버스 임차용역(206노선),정부서울청사 통근버스 임차(206노선)
2026년 정부서울청사 공무원 통근버스 임차용역(207노선),정부서울청사 통근버스 임차(207노선)
2026년 정부서울청사 공무원 통근버스 임차용역(208노선),정부서울청사 통근버스 임차(208노선)
2026년 정부서울청사 공무원 통근버스 임차용역(209노선),정부서울청사 통근버스 임차(209노선)
2026년 정부서울청사 공무원 통근버스 임차용역(210노선),정부서울청사 통근버스 임차(210노선)
2026년 정부서울청사 공무원 통근버스 임차용역(211노선),정부서울청사 통근버스 임차(211노선)
2026년 정부서울청사 공무원 통근버스 임차용역(212노선),정부서울청사 통근버스 임차(212노선)
2026년 정부서울청사 공무원 통근버스 임차용역(213노선),정부서울청사 통근버스 임차(213노선)
2026년 정부서울청사 공무원 통근버스 임차용역(214노선),정부서울청사 통근버스 임차(214노선)
2026년 정부서울청사 공무원 통근버스 임차용역(215노선),정부서울청사 통근버스 임차(215노선)
2026년 정부서울청사 공무원 통근버스 임차용역(216노선),정부서울청사 통근버스 임차(216노선)
2026년 정부서울청사 공무원 통근버스 임차용역(217노선),정부서울청사 통근버스 임차(217노선)
2026년 정부서울청사 공무원 통근버스 임차용역(218노선),정부서울청사 통근버스 임차(218노선)
2026년 정부서울청사 공무원 통근버스 임차용역(219노선),정부서울청사 통근버스 임차(219노선)
2026년 정부서울청사 공무원 통근버스 임차용역(220노선),정부서울청사 통근버스 임차(220노선)
2026년 정부서울청사 공무원 통근버스 임차용역(221노선),정부서울청사 통근버스 임차(221노선)
2026년 정부서울청사 공무원 통근버스 임차용역(222노선),정부서울청사 통근버스 임차(222노선)
2026년 정부서울청사 공무원 통근버스 임차용역(223노선),정부서울청사 통근버스 임차(223노선)
2026년 정부서울청사 공무원 통근버스 임차용역(224노선),정부서울청사 통근버스 임차(224노선)
2026년 정부조직관리정보시스템 및 정부기능분류시스템 유지관리,정부조직관리·기능분류시스템 유지관리
2026년 정부혁신 홍보영상 제작 및 뉴미디어 운영 사업,정부혁신 홍보영상 제작·뉴미디어 운영
2026년 정주지 부문 국가 온실가스 통계산정 및 탄소관리 방안,정주지 국가 온실가스 통계·탄소관리방안
2026년 제77회~제81회 한국사능력검정시험 문항 출제 보안합숙 및 시설임차 용역,한국사능력검정시험 출제 보안합숙·시설임차
2026년 제77회~제81회 한국사능력검정시험 편집인쇄 용역,한국사능력검정시험 편집인쇄
"2026년 제주지검 관리시설 관리용역(안내데스크, 시설)",제주지검 관리시설 관리(안내데스크·시설)
2026년 제주청 선박교통관제(VTS) 시설 유지보수 용역,제주청 선박교통관제(VTS) 유지보수
2026년 제주출입국외국인청 출국대기실 입실자 급식용역계약 입찰 공고,제주출입국 출국대기실 급식
2026년 조사과 보호실 물품(도시락 등) 납품 업체 선정,조사과 보호실 물품(도시락 등) 납품업체
2026년 조선왕릉동부지구 종합경비시스템  유지보수 위탁 용역,조선왕릉동부지구 종합경비시스템 유지
2026년 중간평가 대응 농업연구개발사업 종합성과 분석 용역,농업연구개발사업 종합성과 분석
2026년 중소벤처기업부 온라인 홍보(SNS·서포터즈) 지원,중기부 온라인 홍보(SNS·서포터즈) 지원
2026년 중소벤처기업부 유튜브 채널 영상제작 및 운영지원,중기부 유튜브 채널 영상제작·운영지원
2026년 중앙경찰학교 교내 방역(소독) 용역 소액수의 공고,중앙경찰학교 교내 방역(소독)
2026년 중앙보훈병원 무정전전원장치(UPS) 유지보수용역,중앙보훈병원 무정전전원장치(UPS) 유지
2026년 중앙보훈병원 중앙관 시설재배치 사전재난영향평가용역,중앙보훈병원 중앙관 사전재난영향평가
2026년 중앙소방학교 공주청사 교육훈련시설 운용 LPG가스 단가계약,중앙소방학교 공주청사 LPG가스 단가계약
2026년 지능형 산림항공 운항안전시스템 운영 및 유지관리,지능형 산림항공 운항안전시스템 운영·유지
2026년 지방자치인재개발원 교육생 주초·주말 통근버스 임차,지방자치인재개발원 교육생 통근버스 임차
2026년 지질공원 통합관리시스템 디지털서비스(클라우드) 용역,지질공원 통합관리시스템 클라우드 서비스
2026년 직업병 안심센터 운영사업 수행기관 모집공고(광주),직업병 안심센터 운영 수행기관 모집(광주)
2026년 직업병 안심센터 운영사업 수행기관 모집공고(대구),직업병 안심센터 운영 수행기관 모집(대구)
2026년 직업병 안심센터 운영사업 수행기관 모집공고(대전),직업병 안심센터 운영 수행기관 모집(대전)
2026년 직업병 안심센터 운영사업 수행기관 모집공고(부산),직업병 안심센터 운영 수행기관 모집(부산)
2026년 직업병 안심센터 운영사업 수행기관 모집공고(서울),직업병 안심센터 운영 수행기관 모집(서울)
2026년 직업병 안심센터 운영사업 수행기관 모집공고(중부),직업병 안심센터 운영 수행기관 모집(중부)
2026년 첨단바이오의약품 장기추적조사시스템 위탁운영사업,첨단바이오의약품 장기추적조사시스템 위탁운영
2026년 청년도전지원사업 참여자 재해보상책임보험 입찰 공고,청년도전지원 참여자 재해보상책임보험
2026년 청소년 법과 인권 체험 동아리 지원 사업 운영,청소년 법과 인권 체험 동아리 지원 운영
2026년 춘천시 이동통제초소 및 가금농장초소 운영 용역(1~2월),춘천시 이동통제초소·가금농장초소 운영
2026년 충청권역 내 검역감염병 관련 유증상 해외입국자 검체 운송 용역,충청권 검역감염병 유증상 입국자 검체 운송
2026년 충청권질병대응센터 국민건강영양조사 이동검진차량 운행 용역,충청권 국민건강영양조사 이동검진차량 운행
2026년 충청북도농업기술원 정보통신시스템 유지관리 용역,충북농업기술원 정보통신시스템 유지관리
2026년 측량성과통합관리시스템 클라우드 네이티브 운영관리,측량성과통합관리시스템 클라우드 운영관리
2026년 태안연안 선박교통관제(VTS) 시스템 유지보수용역,태안연안 선박교통관제(VTS) 유지보수
2026년 통계처리 소프트웨어(SAS) 라이선스 임차 계약,통계처리 SW(SAS) 라이선스 임차
2026년 통일플러스센터 통합홈페이지 유지관리 용역(긴급),통일플러스센터 통합홈페이지 유지관리
2026년 평택·당진항 국제여객부두 전기설비 안전관리(상주) 용역,평택·당진항 국제여객부두 전기설비 안전관리
2026년 학술DB 구독(CNKI-CAJ(with CDMD)),학술DB 구독(CNKI-CAJ)
2026년 학술DB 구독(EBSCO Discovery Service),학술DB 구독(EBSCO Discovery Servic
2026년 한·일 학술문화 및 청소년 교류 일본 대학생 방한연수 위탁 용역,한·일 일본 대학생 방한연수 위탁
2026년 한국건강가정진흥원 정보시스템 통합 유지보수(전자시담),한국건강가정진흥원 정보시스템 통합 유지보수
2026년 한국수어 자료 통합 지원 시스템  운영 및 유지관리,한국수어 자료 통합 지원 시스템 운영·유지관리
2026년 한국수어-한국어 사전 시스템 유지관리 및 운영,한국수어-한국어 사전 시스템 유지관리·운영
2026년 한국어교원 자격 심사 시스템 운영 및 유지관리,한국어교원 자격 심사 시스템 운영·유지관리
2026년 한국어능력시험(TOPIK) IBT(일반시행·국외 시범시행) 및 말하기 평가 시행용역,TOPIK IBT·말하기 평가 시행
2026년 한국어능력시험(TOPIK) 국내 문답지 보안운송 용역,TOPIK 국내 문답지 보안운송
2026년 한국어능력시험(TOPIK) 국내 응시 수수료 전자지급 결제 대행 용역,TOPIK 국내 수수료 전자지급 결제대행
2026년 한국어능력시험(TOPIK) 녹음 및 CD 제작 용역,TOPIK 녹음·CD 제작
2026년 한국어능력시험(TOPIK) 답안지 판독 및 이미지채점시스템 운영 용역,TOPIK 답안지 판독·이미지채점시스템 운영
2026년 한국어능력시험(TOPIK) 인쇄본부 운영 용역,TOPIK 인쇄본부 운영
2026년 한국어능력시험(TOPIK) 전산장비 임차 및 관리 용역,TOPIK 전산장비 임차·관리
2026년 한국어능력시험운영시스템 운영 및 유지관리 용역,한국어능력시험운영시스템 운영·유지관리
2026년 한국의료기기안전정보원 지원(의료기기 통합정보센터 운영·관리 등)에 관한 업무 위·수탁,의료기기 통합정보센터 운영·관리 위·수탁
2026년 함정 국산 발전기관 총분해수리 부속 총액 구매(특수조건 필독),함정 국산 발전기관 총분해수리 부속 구매
2026년 합동법과학감정실 화학분석장비 유지관리 사업(26년예상),합동법과학감정실 화학분석장비 유지관리
2026년 항공교통업무자료관리시스템(ADAMS) 유지관리 용역,항공교통업무자료관리시스템(ADAMS) 유지관리
2026년 항공정보통합관리(AIM) 시스템 유지관리 용역,항공정보통합관리(AIM) 시스템 유지관리
2026년 해남출장소 관내 도로안전 및 환경개선(총액) 실시설계용역,해남출장소 도로안전·환경개선 실시설계
2026년 해양기상종합정보시스템 유지관리 용역사업 조달계약,해양기상종합정보시스템 유지관리
2026년 해양안전종합정보시스템(GICOMS) 유지보수 및 운영,해양안전종합정보시스템(GICOMS) 유지보수·운영
2026년 해외 주요 관세당국 데이터베이스 구매 계약의뢰,해외 관세당국 데이터베이스 구매
2026년 해외기업정보 서비스(Orbis) 조회 및 데이터 피드 구매,해외기업정보 서비스(Orbis) 조회·데이터피드
2026년 해외안전여행 홈페이지 및 애플리케이션 운영·유지관리 용역,해외안전여행 홈페이지·앱 운영·유지관리
2026년 행정안전부 디지털 영상 제작 및 운영지원 사업,행정안전부 디지털 영상 제작·운영지원
2026년 행정직원 단체보험(실손) 가입 계약 체결 의뢰,행정직원 단체보험(실손) 가입
2026년 호남권질병대응센터 국민건강영양조사 이동검진 차량 운행 및 관리 용역,호남권 국민건강영양조사 이동검진차량 운행
2026년 호남권질병대응센터 청사 건물위생관리(청소) 용역,호남권질병대응센터 청사 건물위생관리(청소)
2026년 홍성권역 도로유지보수공사(연간단가) 건설폐기물처리용역,홍성권역 도로유지보수 건설폐기물처리
2026년 홍천국토 관내 제2종시설물 정밀안전점검용역(1권역),홍천국토 제2종시설물 정밀안전점검(1권역)
2026년 홍천국토 관내 제2종시설물 정밀안전점검용역(2권역),홍천국토 제2종시설물 정밀안전점검(2권역)
2026년 홍천국토 관내 제2종시설물 정밀안전점검용역(3권역),홍천국토 제2종시설물 정밀안전점검(3권역)
2026년 홍천국토 관내 제2종시설물 정밀안전점검용역(4권역),홍천국토 제2종시설물 정밀안전점검(4권역)
2026년 홍천국토 관내 제2종시설물 정밀안전점검용역(5권역),홍천국토 제2종시설물 정밀안전점검(5권역)
2026년 홍천국토 관내 제2종시설물 정밀안전점검용역(6권역),홍천국토 제2종시설물 정밀안전점검(6권역)
2026년 홍천국토 관내 제2종시설물 정밀안전점검용역(7권역),홍천국토 제2종시설물 정밀안전점검(7권역)
2026년 홍천국토 관내 제2종시설물 정밀안전점검용역(8권역),홍천국토 제2종시설물 정밀안전점검(8권역)
2026년(2025회계연도) 과기정통부 재정사업 성과평가 위탁용역 계약,과기정통부 재정사업 성과평가 위탁
2026년-2028년 북한이탈주민정착지원사무소 특수경비용역 외부위탁 신규계약(장기) ,북한이탈주민정착지원사무소 특수경비 위탁
2026년~2027년 과학기술정보통신 사이버안전센터 운영 ,과기정통 사이버안전센터 운영
2026년~2027년 국립세종도서관 전산시스템 유지관리 사업,국립세종도서관 전산시스템 유지관리
2026년~2027년 산림 사이버안전센터 보안관제 시스템 유지관리,산림 사이버안전센터 보안관제 유지관리
2026년~2027년 산림 사이버안전센터 보안관제 위탁 운영,산림 사이버안전센터 보안관제 위탁 운영
2026년~2027년 임업경영체 통합정보시스템 운영 유지관리,임업경영체 통합정보시스템 운영 유지관리
2026년~2027년 임업직불제 통합관리시스템 운영 유지관리,임업직불제 통합관리시스템 운영 유지관리
2026년~2027년 정부청사 시설관리데이터분석시스템 운영·유지관리,정부청사 시설관리데이터분석시스템 운영·유지관리
2026년~2027년 정부청사관리본부 정보(보호)시스템 유지관리 사업,정부청사관리본부 정보보호시스템 유지관리
2026년~2027년도 산림재해 통합관리체계 유지관리 사업,산림재해 통합관리체계 유지관리
2026년~2028년 한국국방연구원 CCTV 임차(렌탈) 용역,한국국방연구원 CCTV 임차(렌탈)
2026년∼27년 행정안전부 중앙재난안전상황실 상황관리시스템 유지관리,행안부 중앙재난안전상황실 상황관리시스템 유지관리
2026년도 GNSS 전파교란 신호감시시스템 유지관리 용역(긴급),GNSS 전파교란 신호감시시스템 유지관리
2026년도 「국가유산사랑」 발송(DM) 및 발송명단 관리,「국가유산사랑」 발송(DM)·명단 관리
2026년도 「국립중앙도서관 디지털 미디어 창작활용교육」 사업,국립중앙도서관 디지털 미디어 창작활용교육
2026년도 가맹사업 정보제공시스템 유지보수 및 운영지원 사업,가맹사업 정보제공시스템 유지보수·운영지원
2026년도 강릉해양경찰서 경비함정 유류(경유) 단가계약,강릉해경 경비함정 유류(경유) 단가계약
2026년도 거창군 먹거리통합지원센터 공공급식 식재료 배송용역,거창군 먹거리통합지원센터 식재료 배송
2026년도 경북지방우정청 소방시설 법적점검 용역(대구권역),경북우정청 소방시설 법적점검(대구권역)
2026년도 경북지방우정청 소방시설 법적점검 용역(안동권역),경북우정청 소방시설 법적점검(안동권역)
2026년도 경북지방우정청 소방시설 법적점검 용역(포항권역),경북우정청 소방시설 법적점검(포항권역)
2026년도 공정거래협약 이행평가 포털시스템 유지보수 사업,공정거래협약 이행평가 포털시스템 유지보수
2026년도 과장후보자 역량 심화교육 운영 위탁 용역(긴급),과장후보자 역량 심화교육 운영 위탁
2026년도 관내 도로안전 및 환경개선 분야 실시설계용역,관내 도로안전·환경개선 실시설계
"2026년도 관내 도로유지보수(수해상습지역 개선, 소구조물 및 낙석산사태 정비 등) 분야 실시설계용역",관내 도로유지보수 실시설계
2026년도 광양세관 감시종합정보시스템 유지보수 용역계약,광양세관 감시종합정보시스템 유지보수
2026년도 교정공무원 기관지 『교정』 발행을 위한 기획·편집 등 용역 (긴급),교정공무원 기관지 『교정』 기획·편집
2026년도 국가유산청 영문홍보지(KOREAN HERITAGE) 발간,국가유산청 영문홍보지 발간
2026년도 국가직 공무원 필기시험 문제지 인쇄 및 포장용역,국가직 공무원 필기시험 문제지 인쇄·포장
2026년도 국도21호선 신구교(상) 등 56개소 상.하반기 정기안전점검용역,국도21호선 신구교 등 56개소 정기안전점검
2026년도 국립공주병원 진단검사의학팀 시약(Glicose 등 108품목) 구매,국립공주병원 진단검사 시약 구매
2026년도 국립여수해양기상과학관 운영·유지관리 용역사업,국립여수해양기상과학관 운영·유지관리
2026년도 국립줄기세포재생센터 GMP 시설유지(설비가동)관리,국립줄기세포재생센터 GMP 시설유지관리
2026년도 국립줄기세포재생센터 GMP 품질관리(환경모니터링)지원 용역,국립줄기세포재생센터 GMP 품질관리 지원
"2026년도 국무조정실 검찰개혁추진단 PC, 모니터, 프린터 임차 사업",국무조정실 검찰개혁추진단 PC·모니터 임차
2026년도 국사편찬위원회 역사정보웹서비스 시스템 유지관리용역,국사편찬위 역사정보웹서비스 유지관리
2026년도 국세청 온라인(SNS) 홍보용역 관련 조달계약 체결 의뢰,국세청 온라인(SNS) 홍보
2026년도 뉴스저작물(언론보도 스크랩) 통합 이용 서비스 계약,뉴스저작물 스크랩 통합 이용 서비스
2026년도 대구교도소 수용자 자비구매물품(과일류) 입찰 공고,대구교도소 수용자 자비구매물품(과일류)
2026년도 동해지방해양경찰청 선박교통관제(VTS)시설 유지보수용역,동해해경청 선박교통관제(VTS) 유지보수
2026년도 동해항 국제여객터미널 X-RAY 검색기 임차 용역,동해항 국제여객터미널 X-RAY 검색기 임차
2026년도 마산지방해양수산청 관공선 유류구매(단가계약),마산해수청 관공선 유류구매(단가계약)
2026년도 문화유산표준관리시스템 및 e뮤지엄 유지 운영,문화유산표준관리시스템·e뮤지엄 유지운영
2026년도 민간단체 주관 보훈기념행사 컨설팅 대행 용역,민간단체 보훈기념행사 컨설팅 대행
2026년도 부산세관 압수물품 및 압수창고 관리용역 사업,부산세관 압수물품·압수창고 관리
2026년도 비무장지대산림항공관리소 야간인력경비용역 입찰공고,비무장지대산림항공관리소 야간인력경비
2026년도 상반기 공주교도소 식품류(공산품 등) 구매 2단계(규격·가격 동시)입찰 공고,상반기 공주교도소 식품류(공산품) 구매
2026년도 상반기 공주교도소 식품류(김치류) 구매 입찰 공고,상반기 공주교도소 식품류(김치류) 구매
2026년도 상반기 공주교도소 식품류(농수축산물) 구매 2단계(규격·가격 동시)입찰 공고,상반기 공주교도소 식품류(농수축산물) 구매
2026년도 상반기 수용자 자비구매물품 과일류(6종) 입찰 공고,상반기 수용자 자비구매 과일류(6종)
2026년도 상반기 홍성교도소 식자재(공산품) 구매 입찰,상반기 홍성교도소 식자재(공산품) 구매
2026년도 새만금 국가산단 통근버스 임차용역(군산시내권),새만금 국가산단 통근버스 임차(군산시내권)
2026년도 생계곤란 및 무연고 국가유공자 장례서비스 용역,생계곤란·무연고 국가유공자 장례서비스
2026년도 생물안전 3등급(BL3) 고위험병원체 취급시설 재확인 검증 및 유지관리 용역,BL3 고위험병원체 취급시설 검증·유지관리
2026년도 서해5도특별경비단 경비함정 주부식 납품업체 선정,서해5도특별경비단 함정 주부식 납품업체 선정
2026년도 서해청 선박교통관제(VTS)시설 유지보수 용역,서해청 선박교통관제(VTS) 유지보수
2026년도 수용자 자비구매물품 과일류(사과 등 9종) 입찰,수용자 자비구매 과일류(사과 등 9종)
"2026년도 수용자 자비구매물품 과자류(스낵,비스킷) 입찰",수용자 자비구매 과자류(스낵·비스킷)
"2026년도 수용자 자비구매물품 생활용품(샴푸,린스,폼클렌징) 입찰",수용자 자비구매 생활용품(샴푸·린스 등)
2026년도 수용자 자비구매물품 생활용품(섬유유연제) 입찰,수용자 자비구매 생활용품(섬유유연제)
2026년도 수용자 자비구매물품 초콜릿가공품(2종) 입찰,수용자 자비구매 초콜릿가공품(2종)
2026년도 수출입 위험물 안전관리 시스템 운영 및 유지관리,수출입 위험물 안전관리 시스템 운영·유지관리
2026년도 스마트 업무환경 시스템 운영 및 유지관리 사업,스마트 업무환경 시스템 운영·유지관리
2026년도 신체검사 시약 및 소모품 구매(면역학검사 시약 및 소모품) 계약,신체검사 면역학검사 시약·소모품 구매
2026년도 신체검사 시약 및 소모품 구매(생화학 면역학검사 시약 및 소모품) 계약,신체검사 생화학 면역학검사 시약·소모품 구매
2026년도 신체검사 시약 및 소모품 구매(생화학검사 시약 및 소모품) 계약,신체검사 생화학검사 시약·소모품 구매
2026년도 신체검사 시약 및 소모품 구매(신체검사 일반 시약 및 소모품) 계약,신체검사 일반 시약·소모품 구매
2026년도 신체검사 시약 및 소모품 구매(요화학검사 시약 및 소모품) 계약,신체검사 요화학검사 시약·소모품 구매
2026년도 신체검사 시약 및 소모품 구매(혈구검사 시약 및 소모품) 계약,신체검사 혈구검사 시약·소모품 구매
"2026년도 신체검사장비(MRI, CT(지멘스)) 유지보수 용역",신체검사장비(MRI·CT) 유지보수
2026년도 신체검사장비(PACS) 유지보수 용역 계약 의뢰,신체검사장비(PACS) 유지보수
2026년도 신체검사장비(면역학분석기(지멘스)) 유지보수 용역 계약 의뢰,신체검사장비(면역학분석기) 유지보수
2026년도 신체검사장비(의료장비 인터페이스) 유지보수 용역 계약 의뢰,신체검사장비(의료장비 인터페이스) 유지보수
2026년도 신체등급판정 참조서류 스캐닝 및 병무행정시스템 등록 용역,신체등급판정 참조서류 스캐닝·시스템 등록
2026년도 안동산림항공관리소 야간인력경비용역 소액수의 견적 안내 공고,안동산림항공관리소 야간인력경비
2026년도 어린이·청소년법제관 연간 입법체험 행사 용역,어린이·청소년법제관 입법체험 행사
2026년도 여권 품질검사 및 품질개선 연구용역 추진(여권과-43552(2025.10.29.)),여권 품질검사·품질개선 연구
2026년도 영종도 계류장 기계설비 유지관리자 상주용역 ,영종도 계류장 기계설비 유지관리 상주
2026년도 외교정보전용망 보안 이중채널 유지관리용역 사업,외교정보전용망 보안 이중채널 유지관리
2026년도 우체국보험특별회계 재정사업 성과검증 및 진단,우체국보험특별회계 재정사업 성과검증·진단
2026년도 우체국예금 재정사업 성과관리 분석 및 심층진단,우체국예금 재정사업 성과관리 분석·진단
2026년도 이(e)나라표준인증 상시관제 및 지능형 서비스 운영관리,이나라표준인증 상시관제·지능형 운영관리
2026년도 인천공항 우범여행자·우범수하물 추적시스템 유지관리 용역,인천공항 우범여행자·수하물 추적시스템 유지관리
2026년도 인천세관 압수물품 및 압수창고 관리용역 사업,인천세관 압수물품·압수창고 관리
2026년도 입찰참가등록 업종 및 근거법령 관리·조사 용역사업 계약 요청,입찰참가등록 업종·근거법령 관리·조사
2026년도 재외공관 비대면 의료상담 및 순회의료진 파견 사업,재외공관 비대면 의료상담·순회의료진 파견
2026년도 전국 교정기관 수용자 자비구매물품 문구류(10종) 입찰,교정기관 수용자 자비구매 문구류(10종)
2026년도 전국 교정기관 수용자 자비구매물품 잡화류 입찰,교정기관 수용자 자비구매 잡화류
2026년도 전북지방우정청 전기안전관리대행 위탁용역 (1권역),전북우정청 전기안전관리대행(1권역)
2026년도 전북지방우정청 전기안전관리대행 위탁용역 (3권역),전북우정청 전기안전관리대행(3권역)
2026년도 전북지방우정청 전기안전관리대행 위탁용역 (5권역),전북우정청 전기안전관리대행(5권역)
2026년도 전북지방우정청 전기안전관리대행 위탁용역(2권역),전북우정청 전기안전관리대행(2권역)
2026년도 정부과천청사 사업장(생활계) 폐기물 처리 용역,정부과천청사 사업장(생활계) 폐기물 처리
2026년도 정부합동민원센터 전산자원 등 통합유지보수 용역,정부합동민원센터 전산자원 통합유지보수
2026년도 제77회~제81회 한국사능력검정시험 시행운영 용역,제77~81회 한국사능력검정시험 시행운영
2026년도 조달청 안전점검 수행기관 모집 공고(통합명부),조달청 안전점검 수행기관 모집(통합명부)
2026년도 조선왕릉서부지구 CCTV 장비 관리용역 시행,조선왕릉서부지구 CCTV 장비 관리
2026년도 지방직 공무원 필기시험 문제지 인쇄 및 포장용역,지방직 공무원 필기시험 문제지 인쇄·포장
2026년도 청사 출입통제 및 무인경비시스템 관리운영 용역,청사 출입통제·무인경비시스템 관리운영
2026년도 청주외국인보호소 급식용 식자재(축산물) 구매 입찰,청주외국인보호소 급식 식자재(축산물) 구매
"2026년도 청주외국인보호소 보호외국인용 식자재(빵, 두유, 주스) 구매 입찰",청주외국인보호소 식자재(빵·두유·주스) 구매
2026년도 컨테이너검색기 고장수리 및 유지관리 사업(에이엔티코리아),컨테이너검색기 고장수리·유지관리
2026년도 컨테이너검색기 고장수리 및 유지관리 사업(케이비엔지니어링),컨테이너검색기 고장수리·유지관리
"2026년도 컨테이너검색기(인천 신항, 부산 신선대, 평택 동부두) 유지관리 사업",컨테이너검색기(인천·부산·평택) 유지관리
2026년도 통영구치소 수용자 자비구매물품(과일류)입찰 공고,통영구치소 수용자 자비구매물품(과일류)
2026년도 통합식품안전정보망 실시간식품정보확인서비스 위탁 운영,통합식품안전정보망 실시간식품정보확인 위탁운영
2026년도 한국예술종합학교 정보시스템 운영 및 유지관리 용역,한국예술종합학교 정보시스템 운영·유지관리
2026년도 홍성교도소  및 서산지소 수용자 자비구매물품(과일류) 입찰 변경 공고,홍성교도소·서산지소 수용자 자비구매(과일류)
2026태안국제원예치유박람회 치유농업2관 조성사업 대행용역,태안국제원예치유박람회 치유농업2관 조성 대행
2026학년도 1학기 국립국악중·고등학교 기숙사 아침·저녁 위탁급식(벌크식)  납품업체 선정,국립국악중·고 기숙사 위탁급식 납품업체 선정
"2026학년도 국립국악고등학교 신입생 교복(동복, 하복) 구매",국립국악고 신입생 교복(동복·하복) 구매
"2026학년도 국립국악중학교 신입생 교복(동복, 하복) 구매",국립국악중 신입생 교복(동복·하복) 구매
2026학년도 국립전통예술중학교 소규모테마형교육여행 위탁용역 입찰공고,국립전통예술중 소규모테마형교육여행 위탁
2026학년도 부산기계공업고등학교 교복(동·하복) 학교주관구매 입찰공고,부산기계공고 교복(동·하복) 학교주관구매
2026학년도 부산기계공업고등학교 신입생 실습복 제조 소액수의(견적) 제출 공고,부산기계공고 신입생 실습복 제조
2026학년도 부산해사고등학교 신입생 교복(동·하복) 구매,부산해사고 신입생 교복(동·하복) 구매
2026학년도 인천해사고 원어민 원격 화상 해기사 영어 교육 용역,인천해사고 원어민 원격 화상 해기사 영어교육
"2026학년도 전북기계공고 신입생 교복(동복, 하복) 구매",전북기계공고 신입생 교복(동복·하복) 구매
2026학년도 전북기계공업고등학교 신입생 오리엔테이션 위탁용역,전북기계공고 신입생 오리엔테이션 위탁
2029 인빅터스 게임 유치신청서와 PT 제작 및 현장 운영 용역,2029 인빅터스 게임 유치신청서·PT 제작·운영
23~24년 필리핀 대상 재난안전 신기술 해외보급(ODA) 사업 자체평가,필리핀 재난안전 신기술 해외보급(ODA) 자체평가
24년 대기환경관리 시행계획(4개권역) 추진실적 평가 연구용역,대기환경관리 시행계획 추진실적 평가 연구
25 극동지역 마약법집행회의(mini IDEC)행사 용역,극동지역 마약법집행회의(mini IDEC) 행사
25 전국세관 감시정 수리자재 취득(CAT) 구매(장비관리과-336),전국세관 감시정 수리자재 취득(CAT) 구매
"25-26년 교환기,네트워크,정보통신 시스템 통합유지보수 용역",교환기·네트워크·정보통신 시스템 통합유지보수
25-26년 산림 일반병해충 방제 약제 단가계약(아바멕틴‧설폭사플로르 분산성액제6% ),산림 일반병해충 방제 약제 단가계약(분산성액제6%)
25-26년 산림 일반병해충 방제 약제 단가계약(에마멕틴벤조에이트 유제 2.15%),산림 일반병해충 방제 약제 단가계약(에마멕틴유제)
25-26년 산림병해충(재선충병) 방제 약제 단가계약(디메틸디설파이드 직접살포액제 99.55%),재선충병 방제 약제 단가계약(디메틸디설파이드)
25-26년 산림병해충(재선충병) 방제 약제 단가계약(메탐소듐 액제 25%),재선충병 방제 약제 단가계약(메탐소듐25%)
25-26년 산림병해충(재선충병) 방제 약제 단가계약(메탐소듐 액제 42% ),재선충병 방제 약제 단가계약(메탐소듐42%)
25-26년 산림병해충(재선충병) 방제 약제 단가계약(밀베멕틴 유제 2%),재선충병 방제 약제 단가계약(밀베멕틴유제2%)
25-26년 산림병해충(재선충병) 방제 약제 단가계약(아바멕틴 유제 1.8%),재선충병 방제 약제 단가계약(아바멕틴유제1.8%)
25-26년 산림병해충(재선충병) 방제 약제 단가계약(아바멕틴‧설폭사플로르분산성액제 6%),재선충병 방제 약제 단가계약(분산성액제6%)
25-26년 산림병해충(재선충병) 방제 약제 단가계약(아바멕틴‧아세타미프리드미탁제 8.6%),재선충병 방제 약제 단가계약(미탁제8.6%)
25-26년 산림병해충(재선충병) 방제 약제 단가계약(아세타미프리드‧에마멕틴벤조에이트 분산성액제 10%),재선충병 방제 약제 단가계약(분산성액제10%)
25-26년 산림병해충(재선충병) 방제 약제 단가계약(아세타미프리드‧에마멕틴벤조에이트 액제 16%),재선충병 방제 약제 단가계약(액제16%)
25-26년 산림병해충(재선충병) 방제 약제 단가계약(에마멕틴벤조에이트 유제 2.15%),재선충병 방제 약제 단가계약(에마멕틴유제)
25-D-라돈 저감시설 설계ㆍ시공 및 유지관리 지침 개정 연구 용역,라돈 저감시설 설계·시공·유지관리 지침 연구
25-D-방호시설(엄체호) 설계기준 및 설계/시공지침 연구,방호시설(엄체호) 설계기준·시공지침 연구
25-F- 유도로 및 활주로 재포장 전기감리용역(D102),유도로·활주로 재포장 전기감리
25-N-00관 리모델링 등 3건 전기공사감리(C074),00관 리모델링 등 3건 전기공사감리
25-N-00기지 계류시설 증설 전기공사감리용역(C068),00기지 계류시설 증설 전기공사감리
25-N-다영역 전장 교훈분석과 미래 해양전 발전방안 연구,다영역 전장 교훈분석·미래 해양전 발전방안 연구
25-N-창끝부대 안보콘서트 공연 대행 용역(259049-J),창끝부대 안보콘서트 공연 대행
25~26년 보은국토 관내 도로유지 보수공사 실시설계 건설엔지니어링,보은국토 도로유지보수 실시설계 건설엔지니어링
25~26년 속초해양경찰서 경비함정 통합 주부식 납품업체 선정,속초해경 경비함정 주부식 납품업체 선정
25년 2분기 실내조명등(LED 등 4종 660점) 구매(특수조건 필독),2분기 실내조명등(LED 4종) 구매
25년 3분기 실내조명등(LED 등 4종 400점) 구매(특수조건 필독),3분기 실내조명등(LED 4종) 구매
"25년 경기남부경찰청 경찰관서 구내교환장비 교체사업 (수원중부, 오산, 수원팔달)",경기남부청 경찰관서 구내교환장비 교체
25년 경비함정 SSPA레이다 구매 교체 설치 계약(리스조건부),경비함정 SSPA레이다 구매·교체·설치
"25년 경찰서 IP교환기 교체(구미, 안동, 울진, 예천, 울릉)",경찰서 IP교환기 교체
25년 광주국토 관내 방음판 교체공사 지정폐기물(폐석면)처리용역),광주국토 방음판 교체 폐석면 처리
25년 국립민속박물관 신규 영상 (민속해양 문화콘텐츠) 시리즈 제작,국립민속박물관 민속해양 영상콘텐츠 제작
25년 기후변화연구과 장비(온실기체분석기(아산화질소) 1식) 구매,기후변화연구과 온실기체분석기 구매
25년 낙동강하류(1~4권역) 하천유지보수공사 예초폐기물처리용역,낙동강하류 하천유지보수 예초폐기물처리
25년 낙동강하류(2권역) 하천유지보수공사 건설폐기물처리용역,낙동강하류 하천유지보수 건설폐기물처리
25년 단가가이드라인 제작을 위한 MAS가격 사전관리물품 원가계산 및 지원용역,MAS가격 사전관리물품 원가계산 지원
25년 모바일기기 분석프로그램 라이선스 구매(MD-RED),모바일기기 분석프로그램 라이선스 구매
25년 빅데이터·정보분석시스템 증설 사업(SW 분리발주-GIS 2D),빅데이터·정보분석시스템 증설(GIS 2D)
25년 상가수리 대비 횡요감쇄기 수리 부속 예비품 구매(특수조건 필독),상가수리 대비 횡요감쇄기 수리 예비품 구매
25년 서대산 강우레이더(METEOR 1600S) 예비품 구매,서대산 강우레이더 예비품 구매
25년 서울성북경찰서 GHP 실외기(11대) 중앙 조달 요청 구입,서울성북서 GHP 실외기 구입
25년 수소도시 안전관리체계 구축 및 운영관리 방안 연구,수소도시 안전관리체계 구축·운영 연구
25년 안전한 농·수산물 생산·유통환경 조성을 위한 교육·홍보,안전한 농수산물 생산·유통환경 교육·홍보
25년 양양출장소 관내 국도7호선 차선도색정비공사 등 3건 관급자재-유리알,양양 국도7호선 차선도색 관급자재 유리알
25년 양양출장소 관내 낙석산사태 및 도로유지보수사업 실시설계용역,양양 낙석산사태·도로유지보수 실시설계
25년 양양출장소 관내 도로안전 및 환경개선공사 실시설계용역,양양 도로안전·환경개선공사 실시설계
25년 영상보안 범죄피해자 안전조치 솔루션 제공 서비스 사업,영상보안 범죄피해자 안전조치 솔루션
25년 울산광역시경찰청 무인교통단속장비 무선통신망 이동통신사 선정 사업,울산청 무인교통단속장비 이동통신사 선정
25년 의무장비(의료영상전달체계(PACS)(사단용)) 구매,의무장비 의료영상전달체계(PACS) 구매
25년 의정부경찰서 자율방범대 개인피복 물품구매(방한복),의정부서 자율방범대 방한복 구매
25년 인체분비물 검출 시약 및 키트 구매(타액 신속 검출시약-살리개),인체분비물 타액 신속 검출시약 구매
25년 인체분비물 검출 시약 및 키트(정액 신속 검출키트) 구매,인체분비물 정액 신속 검출키트 구매
25년 입창함정 MGPS(해양생물부착방지장치) 교체수리 단가계약,입창함정 MGPS 교체수리 단가계약
25년 저장매체 물리복구 유지관리 사업(전문 작업 장비) ,저장매체 물리복구 유지관리(전문장비)
25년 전기통신금융사기 통합신고대응센터 상담시스템 유지관리,전기통신금융사기 통합신고센터 상담시스템 유지
25년 전문 DVR 포렌식 프로그램 라이선스 구매(5-자),전문 DVR 포렌식 프로그램 라이선스 구매
"25년 전북경찰청 경찰서(완산,완주) 노후IP교환기 교체사업",전북청 노후IP교환기 교체
25년 전북특별자치도경찰청 방범협력단체 안전장비(5종) 물품 구매,전북청 방범협력단체 안전장비 구매
25년 중소벤처기업부 개인정보 보호수준 강화 컨설팅 용역,중기부 개인정보 보호수준 강화 컨설팅
25년 즉결심판 및 통고처분 시스템 전자화 기능개선 사업,즉결심판·통고처분 시스템 전자화 개선
25년 창경궁 궐내각사 권역(1단계-내사복시) 조경 정비 사업,창경궁 궐내각사 내사복시 조경 정비
25년 창경궁 궐내각사 권역(1단계-내사복시) 조경 정비 실시설계용역,창경궁 궐내각사 조경 정비 실시설계
25년 최신 웨어러블 기기 및 보안저장장치 분석기법 연구,웨어러블·보안저장장치 분석기법 연구
25년 충청북도경찰청 무인교통단속장비 통합보험 가입 계획,충북청 무인교통단속장비 통합보험 가입
25년 친환경 LNG방제함(5호선) 건조 관련 가스연료공급장치 제조구매 계약,LNG방제함 가스연료공급장치 제조구매
"25년 포천자율방범대 피복3종(모자,우의,조끼) 구입계획",포천 자율방범대 피복3종 구입
"25년 포천자율방범대 피복류 3종(캡모자,조끼,우의) 구매",포천 자율방범대 피복류 3종 구매
25년 현장 수사관용 모바일기기 증거수집 프로그램 구매(6),수사관용 모바일기기 증거수집 프로그램 구매
25년_상반기_대전교도소_논산지소_식자재(공산품)등_입찰,상반기 대전교도소 논산지소 식자재 입찰
25년_하반기_대전교도소_논산지소_식자재(공산품 등)_입찰,하반기 대전교도소 논산지소 식자재 입찰
25년도 1차 대기측정망 실험소모품 구매(실험용 바이알 등 115종),1차 대기측정망 실험소모품 구매
25년도 가금1배수문 등 하천시설물 10개소 정밀안전점검 및 성능평가 용역,가금1배수문 등 하천시설물 정밀안전점검
25년도 김제경찰서 지역관서(지구대 및 파출소) 등 청소용역 입찰공고,김제서 지역관서 청소용역
25년도 내양제방 등 하천시설물 7개소 정밀안전점검 용역,내양제방 등 하천시설물 정밀안전점검
"25년도 노동위원회 원격영상회의시스템 확대 구축(기획총괄과-1904,2025.3.19.)",노동위 원격영상회의시스템 확대 구축
25년도 누산대배수문 등 하천시설물 10개소 정밀안전점검 및 성능평가용역,누산대배수문 등 하천시설물 정밀안전점검
25년도 모빌리티환경연구센터 환경연구장비(타이어 마모시험용 자동운전시스템) 구매 요청,타이어 마모시험용 자동운전시스템 구매
25년도 문발제방 등 하천시설물 5개소 정밀안전점검 용역,문발제방 등 하천시설물 정밀안전점검
25년도 상반기 원주교도소 급식용 공산품 구매 입찰 공고,상반기 원주교도소 급식용 공산품 구매
25년도 상반기 원주교도소 급식용 농산물 구매 입찰 공고,상반기 원주교도소 급식용 농산물 구매
25년도 상반기 원주교도소 급식용 축산물 구매 입찰 공고,상반기 원주교도소 급식용 축산물 구매
25년도 서울경찰청 제3기동단 경찰관 부대 청소관리 용역,서울청 제3기동단 부대 청소관리
25년도 석탄제방 등 하천시설물 10개소 정밀안전점검 및 성능평가 용역,석탄제방 등 하천시설물 정밀안전점검
25년도 습지보호지역 내 생태계교란 식물 제거·퇴치사업 용역,습지보호지역 생태계교란 식물 제거
25년도 완주경찰서 지역관서(파출소 및 치안센터) 청소용역,완주서 지역관서 청소용역
25년도 전국세관 감시정 수리자재 취득(MTU)(장비관리과-336),전국세관 감시정 수리자재 취득(MTU)
25년도 제21회 국방일보 전우마라톤 대회 운영 대행사 선정,제21회 전우마라톤 대회 운영 대행사 선정
25년도 중소기업 체감형 지자체 규제정비 자치법규 전수조사,중소기업 지자체 규제정비 자치법규 전수조사
25년도 창우배수문 등 하천시설물 7개소 정밀안전점검 및 성능평가 용역,창우배수문 등 하천시설물 정밀안전점검
25년도 천서제방 등 하천시설물 9개소 정밀안전점검 및 성능평가 용역,천서제방 등 하천시설물 정밀안전점검
25년도 하반기 원주교도소 수용자 급식재료 입찰공고(공산품),하반기 원주교도소 급식재료(공산품) 입찰
25년도 한강1호배수문 등 하천시설물 7개소 정밀안전점검 및 성능평가 용역,한강1호배수문 등 하천시설물 정밀안전점검
26-27년 사업장 일반폐기물(생활쓰레기) 위탁처리 단가계약,사업장 일반폐기물 위탁처리 단가계약
26-31년 경기도북부청 정보통신서비스 사업자 선정 계약,경기북부청 정보통신서비스 사업자 선정
26~27년 1357중소기업통합콜센터 전산시스템 유지보수,1357중소기업통합콜센터 전산시스템 유지보수
26~27년 국토교통 데이터 통합채널 및 통계누리시스템 통합 위탁운영,국토교통 데이터통합채널·통계누리 위탁운영
26~27년 모바일 안내문 1차 공인전자문서 중계자 선정,모바일 안내문 1차 공인전자문서 중계자 선정
26~27년 모바일 안내문 2차 공인전자문서 중계자 선정,모바일 안내문 2차 공인전자문서 중계자 선정
26~27년 모바일 안내문 3차 공인전자문서 중계자 선정,모바일 안내문 3차 공인전자문서 중계자 선정
26~27년 보은국토 관내 도로유지 보수공사 실시설계 건설엔지니어링,보은국토 도로유지보수 실시설계 엔지니어링
26~27년도 청해부대 선박모니터링시스템 유지보수 및 노후화 교체 ,청해부대 선박모니터링시스템 유지보수·교체
26년 국립생약자원관 생약누리 안내 및 해설사 파견 용역,국립생약자원관 생약누리 해설사 파견
26년 군정찰위성 위성망[궤도/주파수] 보호 유지관리 용역,군정찰위성 위성망 보호 유지관리
26년 뉴미디어 소통활성화를 위한 SNS 채널운영 및 콘텐츠 제작 사업,뉴미디어 SNS 채널운영·콘텐츠 제작
26년 대표 홈페이지 클라우드 기반 고도화 및 유지보수 사업,대표 홈페이지 클라우드 고도화·유지보수
"26년 방위사업청 대전 임시청사 시설보안(경비, 안내) 인력 용역",방위사업청 대전 임시청사 시설보안 인력
26년 불공정조달행위 조사 차량 단기 임차(제1종 친환경 차량),불공정조달행위 조사 차량 단기 임차
26년 살인미제사건 수사기록 데이터베이스 시스템 유지관리,살인미제사건 수사기록 DB 시스템 유지관리
26년 양양출장소 낙석산사태 및 도로시설물 정비공사 실시설계용역,양양 낙석산사태·도로시설물 정비 실시설계
26년 원자력안전통합정보시스템(NSIS) 기능 고도화 사업,원자력안전통합정보시스템(NSIS) 고도화
26년 특사경 디지털포렌식 SW 및 전문장비 유지보수 사업,특사경 디지털포렌식 SW·장비 유지보수
26년~27년 고용노동 사이버안전센터 보안관제 위탁 및 장비 유지관리 사업,고용노동 사이버안전센터 보안관제 위탁
26년도 공정거래 데이터포털(FairData)시스템 운영사업,공정거래 데이터포털(FairData) 운영
26년도 국제항공우편 운송 및 부대사업 위탁수행 실무계약 원가계산 용역,국제항공우편 운송 위탁수행 원가계산
29년 인터폴 총회 성공개최를 위한 글로벌 도시 인프라 평가 연구,29년 인터폴 총회 글로벌 도시 인프라 평가
2권역 대대지구 등 29개소 절토사면 및 옹벽 정기안전점검 및 정밀안전점검 용역,2권역 절토사면·옹벽 정밀안전점검
2기 2차년도 지역특화형 스마트농업 실증 물품 구입(고추),지역특화형 스마트농업 실증 물품(고추) 구입
2단계 대기정책지원시스템 고도화-TEMS 개발(Ⅱ) 용역,2단계 대기정책지원시스템 TEMS 개발
2단계 일반산단 주변지역 환경보건평가 –시범조사- (Ⅲ),2단계 일반산단 주변지역 환경보건평가 시범
2분기 수출입 동축산물 전염병검사 시약 및 소모품(43품목) 구매,수출입 동축산물 전염병검사 시약 구매
3000톤급 함정 주기관(MAN) 예비부속 구매(특수조건 필독),3000톤급 함정 주기관(MAN) 예비부속 구매
3000톤급 함정 주기관(MAN) 예비품(LO PUMP등 2종) 구매(특수조건 필독),3000톤급 함정 주기관 예비품 2종 구매
38구경 공포탄 [38 special blank ammunition],38구경 공포탄
38권총(3인치) [38 special revolver],38권총(3인치)
3권역 대대지구 등 27개소 절토사면 및 옹벽 정기안전점검 및 정밀안전점검 용역,3권역 절토사면·옹벽 정밀안전점검
3차원 모델을 통한 온실가스 주요 배출지역 추정 연구(Ⅱ),3차원 모델 온실가스 배출지역 추정 연구
3차원 생태계모델 기반 수산자원 정책 효과 및 시나리오 분석 Ⅰ,3차원 생태계모델 수산자원 정책 분석
4-2생활권 복합커뮤니티센터 건립 관급자재(에너지저장장치 ESS 주수장치) 구매,복합커뮤니티센터 관급자재 ESS 구매
"4권역 김해, 밀양, 청도 관내 국도변 2차 풀베기 작업 용역",4권역 김해 등 국도변 2차 풀베기
"4권역 김해, 밀양, 청도 관내 국도변 풀베기 작업 용역",4권역 김해 등 국도변 풀베기
50톤급 경비함정 발전기 수리부속 예비품(청수쿨러 등 3종) 구매(특수조건 필독),50톤급 경비함정 발전기 예비품 3종 구매
50톤급 함정 주기관(MTU) 분해수리 예비부속 구매(특수조건 필독),50톤급 함정 주기관(MTU) 예비부속 구매
"5권역 밀양, 창녕, 청도 관내 국도변 2차 풀베기 작업 용역",5권역 밀양 등 국도변 2차 풀베기
"5권역 밀양, 창녕, 청도 관내 국도변 풀베기 작업 용역",5권역 밀양 등 국도변 풀베기
6 Well Cell Culture Plate 등 총 90종,6 Well Cell Culture Plate 90종
"6권역 창원, 함안, 창녕 국도변 2차 풀베기 작업 용역",6권역 창원 등 국도변 2차 풀베기
6차산업 돋움지원사업 다목적체험장 신축 공사(민간입찰대행),6차산업 다목적체험장 신축 공사
7.16.~7.20. 집중호우 산사태 복구사업 실시설계 용역(4차)																													,집중호우 산사태 복구 실시설계(4차)
7.16.~7.20. 집중호우 산사태 복구사업 실시설계 용역(5차),집중호우 산사태 복구 실시설계(5차)
7.16.~7.20. 집중호우 산사태 복구사업 실시설계 용역(6차),집중호우 산사태 복구 실시설계(6차)
7.16.~7.20. 집중호우 산사태 복구사업 실시설계 용역(7차),집중호우 산사태 복구 실시설계(7차)
7.62mm 대인저격탄 [762mm Anti Person Sniper Bullet],7.62mm 대인저격탄
7사단 덕비끼네 과학화훈련장 신축 등 7건 지형현황측량용역,7사단 과학화훈련장 등 지형현황측량
8대 작목 주산지의 전과정 기계화 관련 적정규모 및 기계보유 대수 산출 용역,8대 작목 주산지 기계화 적정규모 산출
900톤급 하이브리드 국가어업지도선 관급자재(하이브리드시스템) 제조 구매,900톤급 어업지도선 하이브리드시스템 제조
"9권역 기장, 울주군 관내 국도변 2차 풀베기 작업 용역",9권역 기장·울주 국도변 2차 풀베기
"ACC 10년 개관 기념, 아시아문화교육 국제 심포지엄 및 네트워킹 워크숍 운영용역",ACC 10주년 아시아문화교육 국제 심포지엄
AHPND 감염 전파요소 차단을 통한 방역관리 방안 마련,AHPND 감염 전파요소 차단 방역관리 방안
AHPND 병원체 다양성 조사 및 WOAH 매뉴얼 개선방안 마련,AHPND 병원체 다양성 조사·매뉴얼 개선
AI 교육 관련 국가·사회적 요구사항 조사 및 개선방안 연구,AI 교육 국가사회 요구사항 조사 연구
AI 기반 선제적 기후위기 대응 기술 및 지능형 수산자원 관리 플랫폼 개발 사전타당성 분석 연구,AI 기후위기 대응·수산자원 관리 타당성
AI 기반 스마트농업 SPC 조성을 위한 사전 타당성 연구,AI 스마트농업 SPC 조성 타당성 연구
AI 등 신기술 플랫폼 확대 적용을 통한 항바이러스제 평가 거점실험실 운영 고도화,AI 항바이러스제 평가 거점실험실 고도화
AI 디지털노동위원회 구축 1차 감리 및 개인정보영향평가,AI 디지털노동위 1차 감리·영향평가
AI기반 비대면 공공 디지털데스크 플랫폼 서비스 정보전략계획(ISP) 수립,AI 공공 디지털데스크 플랫폼 ISP 수립
AI를 활용한 디지털 기반 산불대응 전략 통합 의사결정지원시스템 개발 서버 구축,AI 산불대응 의사결정지원시스템 서버 구축
AI를 활용한 비공개기록물 공개재분류 및 비식별화 서비스 모델 연구(2025년 연구개발사업 제2과제),비공개기록물 공개재분류·비식별화 연구
ANSYS Mechanical Enterprise & DesignModeler 유지보수 라이선스,ANSYS Mechanical 유지보수 라이선스
APEC 2025 교육장관회의 부대행사(글로벌 교육개혁 컨퍼런스) 용역,APEC 2025 교육장관회의 부대행사
APEC 2025 저출생·고령화 공동대응 협력 성과물 개발 연구,APEC 저출생·고령화 협력 성과물 연구
AR7 시나리오 분석 강화 및 지구시스템모델 해상도 개선 연구,AR7 시나리오·지구시스템모델 개선 연구
AR7대응 기후변화시나리오 및 기후예측 대용량 저장장치 도입,AR7 기후변화시나리오 대용량 저장장치
AS350B2 예비품 1차(TRANSPONDER 등 5품목 7개) 수리,AS350B2 예비품 1차 수리
AS350B2 예비품 2차(가스켓 등 9품목 43개) 구매,AS350B2 예비품 2차 구매
ASF 등 야생동물질병 먹이(미끼) 백신 개발 및 제재 평가,ASF 등 야생동물질병 미끼 백신 개발·평가
AW-139헬기 지상충돌경고장치(EGPWS) 소요부품 추가구매,AW-139 지상충돌경고장치 부품 추가구매
AX·DX 등 스마트 물류 대전환 기술개발 전략 수립 연구,스마트 물류 대전환 기술개발 전략 연구
Attoplex Plague Real-time PCR Kit 외 37종(2025-01),Attoplex Plague PCR Kit 외 37종
BELL206L-3 예비품 1차(DISC ASSY 등 44품목 684개),BELL206L-3 예비품 1차 44품목 구매
BELL206L-3 예비품 1차(VHF 등 4품목 6개) 부품 수리,BELL206L-3 예비품 1차 부품 수리
BELL206L-3 예비품 2차(Main Rotor Grip 등 4품목 9개) 구매,BELL206L-3 예비품 2차 4품목 구매
BELL206L-3 예비품 4차(TAIL ROTOR GEARBOX 1품목 1개) 부품 수리,BELL206L-3 예비품 4차 부품 수리
BIM 기반 건축 설계 및 건축물 관리 활성화 방안 연구,BIM 기반 건축설계·관리 활성화 연구
C14 LOW LEVEL Q QUENCHED SET외 56건,C14 LOW LEVEL 외 56건 구매
CLEAN 국가어항(격포항) 조성공사 건설폐기물(폐아스콘)처리용역,격포항 조성공사 건설폐기물 처리
CLEAN 국가어항(격포항) 조성공사 및 여객선 부잔교 설치공사 통합 건설사업관리용역,격포항 조성·부잔교 설치 건설사업관리
"CLEAN 국가어항(격포항) 조성공사 폐기물처리용역(폐콘크리트, 폐아스콘)",격포항 조성공사 폐기물처리
CLEAN 국가어항(다대다포항) 조성공사 건설폐기물(불연성) 처리용역,다대다포항 조성 건설폐기물(불연성) 처리
CLEAN 국가어항(다대다포항) 조성공사 건설폐기물(폐목재) 처리용역,다대다포항 조성 건설폐기물(폐목재) 처리
"CLEAN 국가어항(다대다포항) 조성공사(소방공사, 1차)","다대다포항 조성공사(소방, 1차)"
"CLEAN 국가어항(다대다포항) 조성공사(통신공사, 1차)","다대다포항 조성공사(통신, 1차)"
CODA 멀티모달데이터 등록 및 2차 자료 연계 기능 개선,CODA 멀티모달데이터 등록·연계 개선
Condenser Dimroth 1423 x 150mm외 87건 구매,Condenser Dimroth 외 87건 구매
DMZ 참여형 교육 프로그램 운영 및 지역사회 협력 활성화 연구,DMZ 참여형 교육 프로그램·지역협력 연구
DNA DB 운영 효과 제고를 위한 법제 및 기술적 개선방안 연구,DNA DB 운영 법제·기술 개선방안 연구
DNA 바코드 튜브랙 (초저온 보관 세이프코드 튜브랙 세트),DNA 바코드 튜브랙
Digital Twin Korea-Water 개발 사업(4/5) - 생태모델 적용을 위한 서식처 최적 환경조건 조사연구(Ⅰ),Digital Twin Water 서식처 환경조사
EU CBAM 검증 수행을 위한 IAF 동등성평가 체계 신설 방안 마련(Ⅲ),EU CBAM IAF 동등성평가 체계 신설
EURO-7 규제 대응 자동차 배출가스 측정 시스템 구매 요청,EURO-7 자동차 배출가스 측정 시스템 구매
Electronic Circuit for BfS-IAR system외 189건,Electronic Circuit 외 189건 구매
FTA TBT 종합지원사업(수출활성화를 위한 4대 중점국 TBT정보분석 강화),FTA TBT 4대 중점국 정보분석 강화
FTA TBT 종합지원사업(해외 TBT현지대응체계 구축 강화),FTA TBT 해외 현지대응체계 구축 강화
FTA 협상 역량강화 사업 향후 추진 계획(가칭 - CBNI 5단계 Action Plan) 마련,FTA 협상 역량강화 5단계 계획 마련
Fan radial exhast cooling system 교체 ,Fan radial cooling system 교체
GFEZ 경관계획 재수립 용역(협상에 의한 계약)(긴급),GFEZ 경관계획 재수립
GIS/RS기반의 멧돼지 서식지 분포 및 연결성지도(2025년) 용역사업 입찰 공고 요청,GIS 기반 멧돼지 서식지·연결성지도
Geneticin Selective Antibiotic 등 총 155종,Geneticin Antibiotic 등 155종
Geo-AI 기반 공공서비스 혁신을 위한 기본계획 수립 연구,Geo-AI 공공서비스 혁신 기본계획 연구
Geo-Ring 국제 공동 연구를 통한 환경위성 검증 및 북반구 대기오염 연구(Ⅰ),Geo-Ring 환경위성 검증·대기오염 연구
HBV 감염 간시료의 공간전사체 분석을 통한 HBV 면역 조절인자 발굴연구,HBV 공간전사체 면역 조절인자 발굴연구
Helicopter AS350B2 Parts 2nd(2ITEM 2EA) Repair,AS350B2 부품 2차 수리(2종)
Helicopter AS350B2 Parts 3rd(2Item 2EA) Repair,AS350B2 부품 3차 수리(2종)
Helicopter BELL206-3 Parts(3ITEM 4EA),BELL206-3 부품(3종 4개)
Helicopter BELL206L-3 Parts 2nd(FIN ASSY 1ITEM 1EA) Repair,BELL206L-3 부품 2차 수리(FIN ASSY)
Helicopter BELL206L-3 Parts 4th(1ITEM 8EA),BELL206L-3 부품 4차(1종 8개)
Heme Oxygenase Antibody HRP 등 총 20종,Heme Oxygenase Antibody 등 20종
ICP분광분석법을 활용한 사료 중의 무기물 분석방법 개발,ICP분광분석 사료 무기물 분석방법 개발
ICT 융·복합 환경의 안전한 전자파 안전관리 방안 연구 용역,ICT 융복합 전자파 안전관리 방안 연구
IFEZ ESG 전략 수립 및 모델 개발 연구용역(협상),IFEZ ESG 전략 수립·모델 개발 연구
"IFEZ홍보관 재구축 사업 공사감리용역(건축, 전기, 소방)",IFEZ홍보관 재구축 공사감리
ISO 30301 27001 27701 인증 사후·갱신심사 용역,ISO 30301 27001 27701 인증 심사
IT 서비스 기반 기술유출범죄 추적 및 대응기술 연구(2차년도),IT 기술유출범죄 추적·대응기술 연구
IUCN 세계자연보전총회(WCC) 홍보관 계획수립 및 운영,IUCN 세계자연보전총회 홍보관 계획·운영
Iot 데이터수집 소프트웨어(Brightics Iot v3.0) 구매 ,IoT 데이터수집 소프트웨어 구매
K-RMF 제로트러스트 오버레이 및 SRG 개발 연구용역,K-RMF 제로트러스트 오버레이·SRG 개발
K-바이오 랩허브 건립사업 감독권한대행 등 건설사업관리용역,K-바이오 랩허브 건립 건설사업관리
KA-32 FPA626 300시간 및 하위점검 위탁정비(사후원가검토조건),KA-32 FPA626 300시간 점검 위탁정비
KA-32 예비품 1차 (Ni-Cd CELL 등 15품목 616개) 구매,KA-32 예비품 1차 15품목 구매
KA-32 예비품 3차(CARTRIDGE 1품목 200개) 구매,KA-32 예비품 3차 카트리지 구매
KA-32 예비품 3차(유압서보장치(PC-60M) 1품목 2개) 구매,KA-32 예비품 3차 유압서보장치 구매
KA-32 헬기 주 구동축(Rotor Mast) 1품목 1개 2차 구매,KA-32 주 구동축 2차 구매
KA-32 헬기 주 구동축(Rotor Mast) 1품목 1개 구매,KA-32 주 구동축 구매
"KA-32(FPA603) MGB, Cooling Fan 교환 위탁정비(사후원가검토부 조건계약)",KA-32 MGB·Cooling Fan 교환 위탁정비
KASS 인터넷 전송시스템(KDAS) 구매 및 설치 사업,KASS 인터넷 전송시스템(KDAS) 구매·설치
KBN 질환자원 임상정보 표준화 및 통합관리 체계 고도화,KBN 질환자원 임상정보 표준화·통합관리 고도화
KLES 고도화를 위한 확률강우기반 산사태 발생 특성 연구,KLES 확률강우 기반 산사태 발생특성 연구
"KOPIA 캄보디아, 필리핀, 알제리, 파라과이 사업평가 연구용역",KOPIA 캄보디아 등 4개국 사업평가 연구
KTV NPS 통합 유지관리 및 위탁운영 용역(2026~2027년),KTV NPS 통합 유지관리·위탁운영
KUH-1FS 예비품 2차 소화용기 카트리지 등 9품목 29개 구매,KUH-1FS 예비품 소화용기 카트리지 등 9품목 구매
Korea Customs Week 2026 행사기획 및 준비 대행 용역,Korea Customs Week 2026 행사기획
LCA 기반 자동차 온실가스 배출량 평가 방법 연구(III),LCA 자동차 온실가스 배출량 평가법 연구(III)
LH 입찰내역 검토를 위한 공사원가통합관리시스템 기능개선 감리사업 계약요청,LH 공사원가통합관리시스템 기능개선 감리
LH 입찰내역 검토를 위한 공사원가통합관리시스템 기능개선 사업 계약요청,LH 공사원가통합관리시스템 기능개선
"Lab on paper 기술을 이용한 마약성 대마, 양귀비 진단키트 개발",Lab on paper 대마·양귀비 진단키트 개발
MMCA 과천 상설전 《한국근현대미술Ⅱ》 전시실 조성공사,MMCA 과천 한국근현대미술Ⅱ 전시실 조성공사
NDC 목표 달성을 위한 축산환경 현황 분석 및 전략과제 마련 연구,NDC 달성 축산환경 분석·전략과제 연구
NGS 분석을 활용한 대발생종 개체군 GBS마커 발굴 및 분석,NGS 대발생종 개체군 GBS마커 발굴·분석
ODA 사업성과 환류를 위한 한-아시아농식품기술협력협의회 사업성과 용역,ODA 한-아시아농식품기술협력협의회 성과
OECD 시험지침 등재 추진을 위한 대체시험법 검증 결과 품질 관리,OECD 등재용 대체시험법 검증결과 품질관리
PIC/S GMP 개정기준에 따른 무균의약품 제조·품질관리 규제조화 이행방안 마련 연구,PIC/S GMP 무균의약품 제조·품질 규제조화 연구
PLS 대응 주요 소면적 작물 병해충 실태조사 물품 구입,PLS 대응 소면적작물 병해충 실태조사 물품
PQ 및 SOQ 평가대상_사업수행능력평가서 제출 안내공고[낙동강 대구·경북권 유지보수사업 통합건설사업관리용역(긴급)],낙동강 대구·경북 유지보수 통합건설사업관리
QSAR 모델을 활용한 유해성 예측자료 생산(Ⅱ)(새로운 공고),QSAR 활용 유해성 예측자료 생산(Ⅱ)
"Quartz glass work tube, L1228mm외 123건 구매",Quartz glass work tube 등 123건
RD비즈니스밸리 연결도로 개설사업 사전타당성조사 보완용역,RD비즈니스밸리 연결도로 사전타당성조사 보완
RTK-GPS 등 지진해일 관측자료 현업 활용 기술 개발,RTK-GPS 지진해일 관측자료 현업활용 기술개발
Rapid WGS 분석을 통한 급성중증신생아 희귀질환 진단 강화,Rapid WGS 신생아 희귀질환 진단강화
S-64E 예비품 4차(CAP 등 22품목 148개) 구매,S-64E 예비품 4차 CAP 등 22품목 구매
S-64E 예비품 5차(CHECK VALVE 등 17품목 300개) 구매,S-64E 예비품 5차 CHECK VALVE 등 17종
SARS-CoV-2 감염에 의한 사이토카인 폭풍 기전 및 백신의 효능규명,SARS-CoV-2 사이토카인폭풍 기전·백신효능 규명
SCHISM 모델 기반 이상수온 예측 자료·정보 최적 서비스 연구,SCHISM 모델 이상수온 예측 서비스 연구
SDGs 이행 저변 확대를 위한 지속가능발전 교육 실태조사 및 프로그램 연구,SDGs 지속가능발전 교육 실태조사·프로그램 연구
SFTS 등 매개체 전파 바이러스 치료물질 동물평가 거점실험실 운영,SFTS 등 매개체 바이러스 치료물질 동물평가 운영
SFTS 치료후보물질의 항바이러스 효능평가를 위한 조직병리 분석,SFTS 치료후보물질 효능평가 조직병리 분석
SNS 부당광고 방지를 위한 모니터링 및 자율적 법 준수 문화 확립 방안 연구 용역,SNS 부당광고 모니터링·자율준수 방안 연구
SYSWELD welding simulation package 유지보수,SYSWELD 용접시뮬레이션 패키지 유지보수
"T2 4단계 확장 관련 출입국심사장비(통합단말기, 전자여권판독기) 구매",T2 4단계 출입국심사장비 구매
UN FAO 세계중요농업유산 등재와 동적 보전을 위한 연구 용역(협상에의한계약),UN FAO 세계중요농업유산 등재·보전 연구
UniTV 기획프로그램 `통일스쿨 최강자전(가제)` 제작 용역(긴급),UniTV 통일스쿨 최강자전 제작
VIBRANT SOUNDBRIDGE(SAMBA) 등 2종,VIBRANT SOUNDBRIDGE 등 2종
VLBI 안테나 방위각 모니터링을 위한 천문측량 장비 활용,VLBI 안테나 방위각 모니터링 천문측량
VOCs 등 2nd CAPSS 인벤토리 확대를 위한 기획 연구,VOCs 등 2nd CAPSS 인벤토리 확대 기획연구
X-Ray 판독훈련 등 체험학습을 위한 전시연출 설계 및 제작·설치,X-Ray 판독훈련 체험학습 전시연출 설계·제작
Y-Farm Expo 2025 귀농귀촌 지역살리기 박람회 전시 용역,Y-Farm Expo 2025 귀농귀촌 박람회 전시
[2025-08-나] 진단분석과 시약 및 소모품 구매(공항만오하수감시),진단분석과 시약·소모품 구매(공항만오하수)
[2025-10-가] 진단분석과 시약 및 소모품 구매(TGS),진단분석과 시약·소모품 구매(TGS)
[2025-10-다] 진단분석과 시약 및 소모품 구매(매개체),진단분석과 시약·소모품 구매(매개체)
[2025년 정밀시험검사장비(그룹C) 사후관리] (주)네오시스코리아,정밀시험검사장비(그룹C) 사후관리-네오시스코리아
[2025년 정밀시험검사장비(그룹C) 사후관리] 시마즈사이언티픽코리아,정밀시험검사장비(그룹C) 사후관리-시마즈
[2025년 정밀시험검사장비(그룹C) 사후관리] 써모피셔사이언티픽솔루션스 유한회사,정밀시험검사장비(그룹C) 사후관리-써모피셔솔루션스
[2025년 정밀시험검사장비(그룹C) 사후관리] 써모피셔사이언티픽코리아(주),정밀시험검사장비(그룹C) 사후관리-써모피셔코리아
[2025년 정밀시험검사장비(그룹C) 사후관리] 에이비사이엑스코리아,정밀시험검사장비(그룹C) 사후관리-에이비사이엑스
[2025년 정밀시험검사장비(그룹C) 사후관리] 영인에스티(주),정밀시험검사장비(그룹C) 사후관리-영인에스티
[2025년 정밀시험검사장비(그룹C) 사후관리] 워터스코리아(유),정밀시험검사장비(그룹C) 사후관리-워터스코리아
[2025년 정밀시험검사장비(그룹C) 사후관리] 퍼킨앨머코리아,정밀시험검사장비(그룹C) 사후관리-퍼킨앨머
[2025년 정밀시험검사장비(그룹C) 사후관리] 피크만에스피,정밀시험검사장비(그룹C) 사후관리-피크만에스피
[2025년 정밀시험검사장비(그룹C) 사후관리] 한국애질런트테크놀로지스,정밀시험검사장비(그룹C) 사후관리-애질런트
[2025년 제2차 정밀시험검사장비(그룹C) 사후관리] 비오메리으코리아,제2차 정밀시험검사장비(그룹C) 사후관리-비오메리으
[2025년도 시립발레단 토슈즈 구매] 수의견적 제출안내 (새로)공고,시립발레단 토슈즈 구매
[2026년 차년도 계약] 2026년 한국전통문화대학교 정보시스템 통합유지보수,한국전통문화대 정보시스템 통합유지보수
[2인 수의견적 제출공고] 농산물종합유통센터 옥상지붕공사,농산물종합유통센터 옥상지붕공사
[2차수의시담] 2025년 진료재료(흉부) 자체구매 입찰,진료재료(흉부) 자체구매
[3차][긴급] 2025년 중앙보훈병원 치과재료 단가계약(1그룹),중앙보훈병원 치과재료 단가계약(1그룹)
[3차][긴급] 2025년 중앙보훈병원 치과재료 단가계약(2그룹),중앙보훈병원 치과재료 단가계약(2그룹)
[3차공고] 2025년 보장구센터 골격식 의지부품(무릎관절 등 6종) 구매,보장구센터 골격식 의지부품 무릎관절 등 6종
[3차공고] 2025년 보장구센터 재활재료 보청기(일반장애인용) 구매,보장구센터 보청기(일반장애인용) 구매
[3차공고]2025년 보장구센터 골격식 의지부품(의족발 등 11종) 구매,보장구센터 골격식 의지부품 의족발 등 11종
[PQ후 가격입찰]  소양천(학선천) 등  2개 지구 배수영향구간  하천환경정비사업 실시설계(긴급),소양천 등 2개지구 하천환경정비 실시설계
[PQ후 가격입찰]  전주천 교동·색장지구 하천환경정비사업 실시설계(긴급),전주천 교동·색장지구 하천환경정비 실시설계
[PQ후 가격입찰]  전주천 덕진지구 하천환경정비사업 실시설계(긴급),전주천 덕진지구 하천환경정비 실시설계
[PQ후 가격입찰] 만경강 완주지구 홍수안전확보사업 소규모환경영향평가,만경강 완주지구 홍수안전 소규모환경영향평가
[PQ후 가격입찰] 만경강(지방하천)권역 하천기본계획 전략환경영향평가,만경강권역 하천기본계획 전략환경영향평가
[PQ후 가격입찰] 새만금권역(지방하천) 하천기본계획 수립(긴급),새만금권역 하천기본계획 수립
[PQ후 가격입찰] 전주천 서신지구·상관저수지 정비사업 소규모환경영향평가,전주천 서신지구 정비 소규모환경영향평가
[PQ후 가격입찰] 주진천(지방하천)권역 하천기본계획 전략환경영향평가,주진천권역 하천기본계획 전략환경영향평가
[가격입찰]새만금 지역간 연결도로 1공구 건설사업관리(시공단계) 용역,새만금 연결도로 1공구 건설사업관리(시공)
[가격입찰]새만금 지역간 연결도로 2공구 건설사업관리(시공단계) 용역,새만금 연결도로 2공구 건설사업관리(시공)
[가칭]국립북한인권센터 건립사업 건설사업관리(건축감리) 용역,국립북한인권센터 건립 건설사업관리(건축감리)
[견척입찰 공고] 공항만 오하수 기반 감염병 감시 시약소모품 구매(2025년 3차),공항만 오하수 감염병감시 시약소모품 구매(3차)
[경영계획팀] 2025년 국유지 도시숲 조성사업 실시설계용역(구례 봉성산),국유지 도시숲 조성 실시설계(구례 봉성산)
[경영계획팀] 2025년 국유지 도시숲 조성사업 실시설계용역(담양 산성산),국유지 도시숲 조성 실시설계(담양 산성산)
[경영계획팀] 2025년 국유지 도시숲 조성사업 실시설계용역(영광 관람산),국유지 도시숲 조성 실시설계(영광 관람산)
[고시금액 미만] 2025년 중앙보훈병원 진료재료(흉부) 자체구매,중앙보훈병원 진료재료(흉부) 자체구매(미만)
[고시금액 이상] 2025년 중앙보훈병원 진료재료(흉부) 자체구매,중앙보훈병원 진료재료(흉부) 자체구매(이상)
[공공] 안전관리 체계 구축을 위한 일상활동 보조기기 공통 안전 기준 마련 연구,일상활동 보조기기 공통 안전기준 연구
[공사] 2025년 NIH 중앙저장실 액체질소 공급시설 설치공사,NIH 중앙저장실 액체질소 공급시설 설치공사
[공사] 2025년 NIH 중앙저장실 액체질소 공급실 설치공사,NIH 중앙저장실 액체질소 공급실 설치공사
[공사] 보건의료연구자원정보센터 정보관리실 기계설비 공사,보건의료연구자원정보센터 정보관리실 기계설비
[공사] 보건의료연구자원정보센터(CODA) 정보관리실 전기 공사,보건의료연구자원정보센터 정보관리실 전기공사
"[과학교육] 2026년 국립중앙과학관 방학(겨울, 여름) 과학캠프 운영용역",국립중앙과학관 방학 과학캠프 운영
[관급]국1 나주 광이IC교 등 2개소 교면포장 보수공사_개질아스콘,국1 나주 광이IC교 등 교면포장-개질아스콘
[관급]국1 나주 금천지구 등 5개소 도로시설물 정비공사_가드레일지주보강재,국1 나주 금천 등 도로시설물-가드레일지주보강재
[관급]국1 나주 신천지구 등 4개소 포장도 보수공사_개질아스콘,국1 나주 신천 등 포장도 보수-개질아스콘
[관급]국1 무안 고절지구 등 5개소 포장도 보수공사_개질아스콘,국1 무안 고절 등 포장도 보수-개질아스콘
[관급]국1 무안 도림지구 등 3개소 포장도 보수공사_개질아스콘,국1 무안 도림 등 포장도 보수-개질아스콘
[관급]국1 무안 신흥삼거리~함평 학야교 등 5개소 차선도색공사 등 5건_수용성페인트,국1 무안 신흥 등 차선도색-수용성페인트
[관급]국1 무안 유교지구 등 4개소 포장도 보수공사_개질아스콘,국1 무안 유교 등 포장도 보수-개질아스콘
[관급]국13 담양 봉안지구 등 6개소 도로시설물 정비공사_결빙방지 표면처리재,국13 담양 봉안 등 도로시설물-결빙방지처리재
[관급]국13 영암 금수지구 등 5개소 포장도 보수공사_개질아스콘,국13 영암 금수 등 포장도 보수-개질아스콘
[관급]국13 해남 성하교 등 8개소 시설물 보수공사_눈및얼음융해장치,국13 해남 성하교 등 보수-눈얼음융해장치
[관급]국2 무안 목포IC교(상) 등 2개소 교면포장 보수공사_개질아스콘,국2 무안 목포IC교 등 교면포장-개질아스콘
[관급]국2 염암 동호지구 등 6개소 포장도 보수공사_개질아스콘,국2 영암 동호 등 포장도 보수-개질아스콘
[관급]국29 화순 강성지구 등 4개소 포장도 보수공사_개질아스콘,국29 화순 강성 등 포장도 보수-개질아스콘
[관급]국29 화순 도산교(상) 등 2개소 교면포장 보수공사_개질아스콘,국29 화순 도산교 교면포장-개질아스콘
[관급]국29 화순 지석천1교 교면포장 보수공사_개질아스콘,국29 화순 지석천1교 교면포장-개질아스콘
[관급]국도15호선 고흥 두원지구 등 3개소 포장도 보수공사-개질아스콘,국15 고흥 두원 등 포장도 보수-개질아스콘
[관급]국도15호선 고흥 점암지구 등 3개소 포장도 보수공사-개질아스콘,국15 고흥 점암 등 포장도 보수-개질아스콘
[관급]국도15호선 보성 벌교~순천 송광 방호울타리 지주보강공사-구조물용충격완충장치,국15 보성벌교 방호울타리-충격완충장치
[관급]국도15호선 보성 벌교~순천 송광 방호울타리 지주보강공사-철제가드레일,국15 보성벌교 방호울타리-철제가드레일
[관급]국도15호선 순천 송광~보성 벌교(하) 방호울타리 지주보강공사-철제가드레일,국15 순천송광 방호울타리-철제가드레일
[관급]국도17호선 순천 황전철도육교(하) 시설물 보수공사-개질아스콘,국17 순천 황전철도육교 보수-개질아스콘
[관급]국도17호선 여수 소라교 등 2개소 시설물 보수공사 등 3건-개질아스콘,국17 여수 소라교 등 보수-개질아스콘
[관급]국도23호선 나주 왕곡면 지내 방호울타리 지주보강공사_지지력보강재,국23 나주 왕곡 방호울타리-지지력보강재
[관급]국도23호선 함평 쌍교 통수단면 개선공사 2차_열연후판,국23 함평 쌍교 통수단면 개선-열연후판
[관급]국도27호선 곡성 옥과 방호울타리 지주보강공사-금속기둥,국27 곡성 옥과 방호울타리-금속기둥
[관급]국도2호선 강진 남포지구 등 2개소 교차로 개선공사_철근콘크리트관,국2 강진 남포 등 교차로개선-철근콘크리트관
[관급]국도2호선 고흥 동강지구 등 2개소 포장도 보수공사-개질아스콘,국2 고흥 동강 등 포장도 보수-개질아스콘
[관급]국도2호선 대야교 등 5개소 시설물 보수공사-결빙방지 표면처리재,국2 대야교 등 보수-결빙방지처리재
[관급]국도2호선 대야교 등 5개소 시설물 보수공사-결빙방지표면처리재,국2 대야교 등 보수-결빙방지표면처리재
[관급]국도2호선 보성 득량지구 포장도 보수공사-개질아스콘,국2 보성 득량 포장도 보수-개질아스콘
[관급]국도2호선 보성 미력지구 등 2개소 포장도 보수공사-개질아스콘,국2 보성 미력 등 포장도 보수-개질아스콘
[관급]국도2호선 순천 송치지구 등 4개소 포장도 보수공사-개질아스콘,국2 순천 송치 등 포장도 보수-개질아스콘
[관급]국도2호선 순천 신대지구 등 2개소 포장도 보수공사-개질아스콘,국2 순천 신대 등 포장도 보수-개질아스콘
"[관급]국도31호선 입암1교, 2교 개축공사(2차)-레미콘",국31 입암1교·2교 개축(2차)-레미콘
[관급]국도31호선 포항 남구 동해 신정 등 7개소 포장도 보수공사-개질아스콘,국31 포항 신정 등 포장도 보수-개질아스콘
[관급]국도31호선 포항 남구 동해 신정 등 7개소 포장도 보수공사-구스아스팔트,국31 포항 신정 등 포장도 보수-구스아스팔트
[관급]국도35호선 경주 내남 노곡 등 5개소 포장도 보수공사-개질아스콘,국35 경주 노곡 등 포장도 보수-개질아스콘
"[관급]국도4, 7호선 경산 경주 포항 영덕 등 19개소 포장도 보수공사(1공구) 등 3건-개질아스콘",국4·7 경산 포항 등 포장도 보수-개질아스콘
[관급]국도4호선 경산 하양 동서 등 8개소 포장도 보수공사-개질아스콘,국4 경산 하양 등 포장도 보수-개질아스콘
[관급]국도4호선 경주 건천 모량 등 8개소 포장도 보수공사-개질아스콘,국4 경주 건천 모량 등 포장도-개질아스콘
[관급]국도4호선 경주 건천 용명 등 7개소 포장도 보수공사-개질아스콘,국4 경주 건천 용명 등 포장도-개질아스콘
[관급]국도77호선 고흥 영남 양사 등 2개소 배수시설 정비공사-철근콘크리트용배수로관,국77 고흥 영남 등 배수시설-배수로관
[관급]국도7호선 경주 강동 인동 등 7개소 포장도 보수공사(APEC구간)-개질아스콘,국7 경주 강동 등 포장도(APEC)-개질아스콘
[관급]국도7호선 경주 강동 인동리 교차로 개선공사(3차)-레미콘,국7 경주 강동 교차로개선(3차)-레미콘
[관급]국도7호선 경주 외동 모화 등 5개소 포장도 보수공사-개질아스콘,국7 경주 외동 모화 등 포장도-개질아스콘
[관급]국도7호선 경주 외동 모화 등 8개소 포장도 보수공사-개질아스콘,국7 경주 외동 모화 등 포장도-개질아스콘
[관급]국도7호선 영덕 영덕 화수 등 5개소 포장도 보수공사-개질아스콘,국7 영덕 화수 등 포장도 보수-개질아스콘
[관급]국도7호선 영덕 축산 고곡 등 7개소 포장도 보수공사-개질아스콘,국7 영덕 축산 등 포장도 보수-개질아스콘
[관급]국도7호선 울진 북면 고목리 등 7개소 포장도 보수공사-개질아스콘,국7 울진 북면 등 포장도 보수-개질아스콘
[관급]국도7호선 울진 평해 월송리 등 6개소 포장도 보수공사-개질아스콘,국7 울진 평해 등 포장도 보수-개질아스콘
[국가트라우마센터]2025년 트라우마 치유주간 행사 대행 용역,국가트라우마센터 치유주간 행사 대행
[국립농산물품질관리원 전남지원]청사 청소 용역 입찰 공고,농산물품질관리원 전남지원 청사 청소
[국방홍보원 신축사업] 관급자재 무대장치(그리드아이언) 제조 설치,국방홍보원 신축 관급 무대장치 제조설치
"[기술용역,147번][자체,적격,생안평]특수밀폐실험동(4동) 자동제어 보수 용역",특수밀폐실험동 자동제어 보수
[긴급] 2025년 2~3분기 중앙보훈병원 장례식장 물품(농수축산물) 구매,중앙보훈병원 장례식장 농수축산물 구매
[긴급] 2025년 4분기 ~ 2026년 1분기 급식재료 김치류 6종 구매,급식재료 김치류 6종 구매
[긴급] 2025년 Angio재료 124종 연간 단가계약(고시금액 미만),Angio재료 124종 단가계약(미만)
[긴급] 2025년 Angio재료 28종 연간 단가계약(고시금액 이상),Angio재료 28종 단가계약(이상)
[긴급] 2025년 대구보훈병원 검사재료 156종 연간 단가계약(7개 그룹),대구보훈병원 검사재료 156종 단가계약
[긴급] 2025년 보장구센터 골격식 의지부품(무릎관절 등 6종) 구매,보장구센터 골격식 의지부품 무릎관절 등 6종
[긴급] 2025년 보장구센터 재활재료 보청기(일반장애인용) 구매,보장구센터 보청기(일반장애인용) 구매
[긴급] 2025년 사과원 고효율 방제부착기(안전캡) 구매[입찰대행],사과원 고효율 방제부착기(안전캡) 구매
[긴급] 2025년 수산과학조사선(3척) 선주배상 책임보험 입찰공고,수산과학조사선 3척 선주배상 책임보험
[긴급] 2025년 장례식장 식재료(농수축산물) 45종 구매,장례식장 식재료 농수축산물 45종 구매
[긴급] 2025년 중앙보훈병원 및 서울요양병원 주방용품 175종 구입,중앙보훈병원·서울요양병원 주방용품 175종
[긴급] 2025년 중앙보훈병원 소모품(프린터 토너) 구매,중앙보훈병원 프린터 토너 구매
[긴급] 2025년 중앙보훈병원 시설물 영업배상책임보험 가입,중앙보훈병원 시설물 영업배상책임보험
[긴급] 2025년 중앙보훈병원 엘리베이터 유지보수 용역,중앙보훈병원 엘리베이터 유지보수
"[긴급] 2025년 중앙보훈병원 의료영상(일반촬영, CT, MRI, 유방촬영) 외주판독 용역",중앙보훈병원 의료영상 외주판독
[긴급] 2025년 중앙보훈병원 의료폐기물 위탁처리 용역,중앙보훈병원 의료폐기물 위탁처리
[긴급] 2025년 중앙보훈병원 의료폐기물 전용용기(합성수지),중앙보훈병원 의료폐기물 전용용기(합성수지)
[긴급] 2025년 중앙보훈병원 일반폐기물(일회용기저귀) 위탁처리 용역,중앙보훈병원 일회용기저귀 위탁처리
[긴급] 2025년 중앙보훈병원 자체구매 의약품 doravirine 0.1g 등 21종,중앙보훈병원 의약품 doravirine 등 21종
[긴급] 2025년 중앙보훈병원 장례식장 식자재(공산품) 23종 구매,중앙보훈병원 장례식장 식자재(공산품) 23종
[긴급] 2025년 중앙보훈병원 장례식장 예복 9종 구매,중앙보훈병원 장례식장 예복 9종 구매
[긴급] 2025년 중앙보훈병원 제3관 난방 열교환기(컴팩트 유니트) 구매,중앙보훈병원 제3관 난방 열교환기 구매
[긴급] 2025년 중앙보훈병원 직원근무복 세탁물 위탁처리 용역,중앙보훈병원 근무복 세탁물 위탁처리
[긴급] 2025년 중앙보훈병원 치과재료 단가계약(1그룹),중앙보훈병원 치과재료 단가계약(1그룹)
[긴급] 2025년 중앙보훈병원 치과재료 단가계약(2그룹),중앙보훈병원 치과재료 단가계약(2그룹)
[긴급] 2025년 중앙보훈병원 치과재료 단가계약(3그룹),중앙보훈병원 치과재료 단가계약(3그룹)
[긴급] 2025년 중앙보훈병원 치과재료 단가계약(4그룹~8그룹),중앙보훈병원 치과재료 단가계약(4~8그룹)
[긴급] 2025년 중앙보훈병원 핵의학과 SPECT-CT 도입 건축 공사,중앙보훈병원 핵의학과 SPECT-CT 건축공사
[긴급] 2025년 중앙보훈병원 핵의학과 의료영상 외주판독용역,중앙보훈병원 핵의학과 의료영상 외주판독
[긴급] 2025년 진료재료(핵의학) 5종 자체구매 추가 입찰,진료재료(핵의학) 5종 자체구매 추가
[긴급] 2026년  중앙보훈병원 청소용품 연간 단가계약,중앙보훈병원 청소용품 단가계약
[긴급] 대구보훈병원 2025년 자체의약품 연간 단가계약(백신류)-3차,대구보훈병원 자체의약품 단가계약(백신류)3차
[긴급] 대구보훈병원 2025년 자체의약품 연간 단가계약(백신류)-5차,대구보훈병원 자체의약품 단가계약(백신류)5차
[긴급] 대구보훈병원 2025년 자체의약품 연간 단가계약(수액류)-3차,대구보훈병원 자체의약품 단가계약(수액류)3차
[긴급] 대구보훈병원 2025년 자체의약품 연간 단가계약(일반약)-3차,대구보훈병원 자체의약품 단가계약(일반약)3차
[긴급] 대구보훈병원 서관동 증축사업 소규모 지하안전평가 용역,대구보훈병원 서관동 증축 소규모 지하안전평가
[긴급] 인천해사고 급식실 및 학생식당 냉난방 개선 냉난방기(EHP) 구매설치 ,인천해사고 급식실 냉난방기(EHP) 구매설치
[긴급] 평택당진항 서부두 진입도로(I) 건설공사 기본 및 실시설계용역,평택당진항 서부두 진입도로 기본·실시설계
"[긴급]2025년 기후변화대응 과수 냉해 예방기술 지원 사업(요소, 붕산) 구입 입찰 공고[입찰대행]",과수 냉해예방 지원(요소·붕산) 구입
[긴급]2025년 병원소모품(사무용품 및 위생용품) 81종 구매,병원소모품 사무·위생용품 81종 구매
[긴급]2025년 보장구센터 골격식 의지부품(의족발 등 11종) 구매,보장구센터 골격식 의지부품 의족발 등 11종
[긴급]2025년 사과원 고효율 방제부착기(고지방제기) 구매 입찰 공고[입찰대행],사과원 고효율 방제부착기(고지방제기) 구매
[긴급]2025년 중앙보훈병원 및 서울요양병원 식기세척기용세제 등 11종 구매,중앙보훈병원·서울요양병원 식기세척세제 11종
[긴급]2025년 중앙보훈병원 의료폐기물 전용용기(골판지ㆍ비닐) 11종 구매 ,중앙보훈병원 의료폐기물 전용용기 11종 구매
[긴급]2025년 중앙보훈병원 주요정보통신기반시설 취약점 분석·평가 용역,중앙보훈병원 정보통신기반시설 취약점 분석평가
[긴급]2025년 친환경 제초용 왕우렁이 구입(단가계약),친환경 제초용 왕우렁이 구입(단가계약)
[긴급]2026년 위생재료 116종 단가계약[9개 그룹],위생재료 116종 단가계약(9개 그룹)
[긴급]2026년 진료재료(방사선) 연간 단가계약 자체구매 입찰  - 고시금액 미만,진료재료(방사선) 단가계약 자체구매(미만)
[긴급]2026년 진료재료(방사선) 연간 단가계약 자체구매 입찰  - 고시금액 이상,진료재료(방사선) 단가계약 자체구매(이상)
[긴급]대구보훈병원 2025년 자체의약품 연간 단가계약(일반약)-4차,대구보훈병원 자체의약품 단가계약(일반약)4차
[긴급]대구보훈병원 2025년 직원 근무복 연간 단가계약,대구보훈병원 직원 근무복 단가계약
[긴급]대구보훈병원 영상의학과 원격판독 외주 용역 입찰공고,대구보훈병원 영상의학과 원격판독 외주
[긴급]식물생장지수(NDVI) 측정센서(상향센서) 등 4건 구매,식물생장지수(NDVI) 측정센서 등 4건 구매
[긴급]영암우편집중국 이동식 소포우편물 자동인식장치 설치,영암우편집중국 소포 자동인식장치 설치
[긴급]평택당진항 서부두 진입도로(I) 건설공사 기본 및 실시설계 설계경제성검토(설계VE) 용역,평택당진항 서부두 진입도로 설계VE
[긴급]평택당진항 서부두 진입도로(I) 건설공사 소규모 재해영향평가용역,평택당진항 서부두 진입도로 소규모재해영향평가
[긴급공고] 2025년 중앙보훈병원 자체구매 의약품 evocalcet 2mg 등 9종,중앙보훈병원 의약품 evocalcet 등 9종
[단가계약]2026년 항공기 연료(JET A-1) 공급단가 계약,항공기 연료(JET A-1) 공급단가 계약
"[대학원]디지털헤리티지학과 실험실습기자재(2차, 3D스캐너)",디지털헤리티지학과 실험실습기자재(3D스캐너)
"[대학원]유산기술학과 실험실습기자재(2차, 초저온냉동고)",유산기술학과 실험실습기자재(초저온냉동고)
"[대학원]유산기술학과 실험실습기자재(3차, 작업용작업대)",대학원 유산기술학과 실험실습기자재
"[돌봄] 4종(배설,이승,욕창, 식사) 돌봄로봇 및 기기 활용가이드라인 고도화 연구",배설·이승·욕창·식사 돌봄로봇 가이드라인 연구
"[돌봄] 5종(이동, 목욕, 근력강화, 모니터링, 커뮤니케이션) 돌봄로봇 및 기기 활용가이드라인 고도화 연구",이동·목욕 등 5종 돌봄로봇 가이드라인 연구
[돌봄] VR기반 1차 및 4차 스마트돌봄스페이스 체험 솔루션 개발,VR기반 스마트돌봄스페이스 체험솔루션 개발
[돌봄] 돌봄로봇 및 기기 실증을 위한 국제교류 활성화 연구,돌봄로봇 실증 국제교류 활성화 연구
[돌봄] 수요자 중심 돌봄로봇 및 서비스 실증 연구개발사업 성과조사 및 분석,수요자중심 돌봄로봇 실증 성과조사·분석
[돌봄] 중증장애인을 위한 공공 및 민간 연계 돌봄로봇 활용 서비스모델 및 실행방안 개발,중증장애인 돌봄로봇 서비스모델 개발
[돌봄] 착용형 로봇 사용 시 보행의 생체역학적 영향 분석을 위한 모델 개발 및 시뮬레이션 연구,착용형로봇 보행 생체역학 영향 분석 연구
[등록기준 사실조사 대상사업] 국도14호선 마암교 시설물 개선공사,국도14호선 마암교 시설물 개선공사
[등록기준 사실조사 대상사업] 국도14호선 송학교 등 3개소 시설물 보수공사,국도14호선 송학교 등 3개소 보수공사
[등록기준 사실조사 대상사업] 국도19호선 하동 목도지구 등 2개소 도로시설 정비공사,국도19호선 하동 목도 등 도로시설 정비
[등록기준 사실조사 대상사업] 국도19호선 하동 하동 목도 등 15개소 비탈면 보수보강공사,국도19호선 하동 목도 등 비탈면 보수보강
[등록기준 사실조사 대상사업] 국도20호선 도산교 등 8개소 시설물 보수공사,국도20호선 도산교 등 8개소 보수공사
"[등록기준 사실조사 대상사업] 국도24호선 거창, 합천권역 도로안전시설물 정비공사",국도24호선 거창·합천 도로안전시설 정비
[등록기준 사실조사 대상사업] 국도24호선 남하 대야5지구 등 낙석산사태 정비공사,국도24호선 남하 대야5 등 낙석산사태 정비
[등록기준 사실조사 대상사업] 국도24호선 남하 무릉1지구 등 낙석산사태 정비공사,국도24호선 남하 무릉1 등 낙석산사태 정비
[등록기준 사실조사 대상사업] 국도24호선 합천 금양지구 등 4개소 수해복구공사,국도24호선 합천 금양 등 4개소 수해복구
[등록기준 사실조사 대상사업] 국도24호선 합천 청덕 두곡지구 등 2개소 마을주민보호구간 정비공사,국도24호선 합천 청덕 등 주민보호구간 정비
[등록기준 사실조사 대상사업] 국도2호선 봉암육교 등 5개소 시설물 보수공사,국도2호선 봉암육교 등 5개소 보수공사
[등록기준 사실조사 대상사업] 국도2호선 사천 곤명지구 보도정비공사,국도2호선 사천 곤명지구 보도정비공사
[등록기준 사실조사 대상사업] 국도2호선 창원 진전 동산 등 9개소 비탈면 보수보강공사,국도2호선 창원 진전 등 비탈면 보수보강
"[등록기준 사실조사 대상사업] 국도3,33호선 산청, 합천권역 등 도로안전시설물 일상관리공사",국도3·33호선 산청·합천 안전시설 관리
[등록기준 사실조사 대상사업] 국도33호선 각한터널(상) 등 17개소 시설물 보수공사,국도33호선 각한터널 등 17개소 보수공사
[등록기준 사실조사 대상사업] 국도33호선 산청 생비량지구 등 2개소 도로안전시설물 정비공사,국도33호선 산청 생비량 등 안전시설 정비
[등록기준 사실조사 대상사업] 국도33호선 산청 생비량지구 등 4개소 수해복구공사,국도33호선 산청 생비량 등 4개소 수해복구
[등록기준 사실조사 대상사업] 국도33호선 신전천1교 등 5개소 시설물 보수공사,국도33호선 신전천1교 등 5개소 보수공사
[등록기준 사실조사 대상사업] 국도33호선 원전교 등 8개소 시설물 보수공사,국도33호선 원전교 등 8개소 보수공사
[등록기준 사실조사 대상사업] 국도33호선 의령 대의 마쌍지구 도로안전시설물 일상관리공사,국도33호선 의령 대의 안전시설 관리
[등록기준 사실조사 대상사업] 국도33호선 합천 쌍백 장전 등 38개소 비탈면 보수보강공사,국도33호선 합천 쌍백 등 비탈면 보수보강
[등록기준 사실조사 대상사업] 국도33호선 합천권역 포장도 일상보수공사(1공구),국도33호선 합천 포장도 일상보수(1공구)
[등록기준 사실조사 대상사업] 국도3호선 사천 사천 사주지구 등 2개소 도로안전시설물 정비공사,국도3호선 사천 사주 등 안전시설 정비
[등록기준 사실조사 대상사업] 국도3호선 산청 생초 신연4지구 비탈면 보수보강공사,국도3호선 산청 생초 신연4 비탈면 보강
[등록기준 사실조사 대상사업] 국도3호선 산청 외송1지구 수해복구공사,국도3호선 산청 외송1지구 수해복구공사
[등록기준 사실조사 대상사업] 국도3호선 산청 중촌지구 외 1개소 수해복구공사,국도3호선 산청 중촌 외 1개소 수해복구
[등록기준 사실조사 대상사업] 국도3호선 산청 차탄지구 수해복구공사,국도3호선 산청 차탄지구 수해복구공사
"[등록기준 사실조사 대상사업] 국도3호선 진주, 산청권역 도로시설 정비공사",국도3호선 진주·산청 도로시설 정비공사
[등록기준 사실조사 대상사업] 국도5호선 거제 하청 실전지구 등 2개소 마을주민보호구간 및 로드킬 저감시설 정비공사,국도5호선 거제 하청 등 주민보호·로드킬 정비
[등록기준 사실조사 대상사업] 진주국토 관내 도로안전시설물 정비공사,진주국토 관내 도로안전시설 정비공사
[등록기준 사실조사 대상사업]국도20호선 경주 건천 천포 등 도로시설물 정비공사,국도20호선 경주 건천 천포 등 도로 정비
[등록기준 사실조사 대상사업]국도20호선 경주 현곡 상구 등 도로시설물 정비공사,국도20호선 경주 현곡 상구 등 도로 정비
[등록기준 사실조사 대상사업]국도20호선 경주 현곡 소현 등 3개소 도로시설물 정비공사,국도20호선 경주 현곡 소현 등 도로 정비
[등록기준 사실조사 대상사업]국도20호선 포항 연일 우복 등 6개소 시설물 정비공사,국도20호선 포항 연일 우복 등 시설 정비
[등록기준 사실조사 대상사업]국도31호선 포항 동해 석리 등 4개소 도로정비공사,국도31호선 포항 동해 석리 등 도로정비
[등록기준 사실조사 대상사업]국도31호선 포항 연일 자명 등 도로시설물 정비공사,국도31호선 포항 연일 자명 등 도로 정비
[등록기준 사실조사 대상사업]국도31호선 포항 흥해 자명 등 5개소 도로정비공사,국도31호선 포항 흥해 자명 등 도로정비
[등록기준 사실조사 대상사업]국도35호선 경주 내남 노곡 등 5개소 포장도 보수공사,국도35호선 경주 내남 노곡 등 포장보수
[등록기준 사실조사 대상사업]국도35호선 경주 내남 용장 등 8개소 도로정비공사,국도35호선 경주 내남 용장 등 도로정비
"[등록기준 사실조사 대상사업]국도4,7,20,28호선 등 남부권역 도로시설물 정비공사",국도4·7·20·28호선 남부권 도로 정비
[등록기준 사실조사 대상사업]국도4호선 경산 하양 등 도로시설물 정비공사,국도4호선 경산 하양 등 도로시설 정비
[등록기준 사실조사 대상사업]국도4호선 경산 하양고가도로 등 3개소 시설물 정비공사,국도4호선 경산 하양고가 등 시설 정비
[등록기준 사실조사 대상사업]국도4호선 영천 북안 내포 등 7개소 도로시설물 정비공사,국도4호선 영천 북안 내포 등 도로 정비
"[등록기준 사실조사 대상사업]국도7,16,31,35호선 등 북부권역 도로시설물 정비공사",국도7·16·31·35호선 북부권 도로정비
"[등록기준 사실조사 대상사업]국도7,36호선 울진관내 길어깨 및 수목 정비공사",국도7·36호선 울진 길어깨·수목 정비
[등록기준 사실조사 대상사업]국도7호선 경주 내남 노곡 등 도로시설물 정비공사,국도7호선 경주 내남 노곡 등 도로 정비
[등록기준 사실조사 대상사업]국도7호선 남수1교 등 6개소 도로정비공사,국도7호선 남수1교 등 6개소 도로정비
[등록기준 사실조사 대상사업]국도7호선 백석교 등 6개소 시설물 정비공사,국도7호선 백석교 등 6개소 시설 정비
[등록기준 사실조사 대상사업]국도7호선 영덕 영덕 화수 등 5개소 포장도 보수공사,국도7호선 영덕 화수 등 포장도 보수
[등록기준 사실조사 대상사업]국도7호선 영덕 축산 고곡 등 7개소 포장도 보수공사,국도7호선 영덕 축산 고곡 등 포장보수
[등록기준 사실조사 대상사업]국도7호선 울진 기성지구 등 8개소 도로시설물 개선공사,국도7호선 울진 기성 등 도로시설 개선
[등록기준 사실조사 대상사업]국도7호선 울진 북면 고목리 등 7개소 포장도 보수공사,국도7호선 울진 북면 고목리 등 포장보수
[등록기준 사실조사 대상사업]국도7호선 울진 평해 월송리 등 6개소 포장도 보수공사,국도7호선 울진 평해 월송리 등 포장보수
[등록기준 사실조사 대상사업]국도7호선 울진관내 비탈면 배수로 정비공사,국도7호선 울진관내 비탈면 배수로 정비
[물품 소액수의견적 공고]2025년 유용미생물 3종 포장지 구입,유용미생물 3종 포장지 구입
[물품]2025년 국도유지보수용 장비 구매-작업자보호공기백트레일러,국도유지보수용 작업자보호공기백트레일러 구매
"[물품제작,25번][조달,협상,결핵]2025년 결핵 역학조사 현장대응차량 제작(리스조건부)",결핵 역학조사 현장대응차량 제작
[민간보조사업 입찰대행]2025년 승용이앙기 구입 소액수의 견적제출 안내공고,승용이앙기 구입 견적공고
"[민간입찰공고]2025년 청년농업인 영농대행단 시범운영 사업 물품구입(트랙터, 콤바인)",청년농업인 영농대행단 트랙터·콤바인 구입
[민간입찰대행 공고] 차세대 농업인 성공모델 육성 지원사업(저압식 에어포그 및 무인방제시스템 구매),차세대농업인 에어포그·무인방제시스템 구매
[민간입찰대행 공고]차세대 농업인 성공모델 육성 지원사업,차세대 농업인 성공모델 육성 지원
[민간입찰대행] 2025년 청년농업농업 신소득발굴지원 무인방제시설 설치 수의견적 공고,청년농업인 무인방제시설 설치 견적공고
[민간입찰대행] 기후변화대응 탄소저감 버섯배양시설 신축공사(건축),탄소저감 버섯배양시설 신축공사(건축)
[민간입찰대행] 수요자 맞춤형 간편가공 상품화 시범사업(증축공사),간편가공 상품화 시범 증축공사
[민간입찰대행]2025년 곡물자급률향상 조사료전문생산단지조성 시범사업 물품구입(조사료생산농기계구                     입_농용트랙터),조사료전문생산단지 농용트랙터 구입
"[민간입찰대행]2025년 곡물자급률향상 조사료전문생산단지조성 시범사업 물품구입(조사료생산농기계구 입_컨디셔너, 진압기)",조사료전문생산단지 컨디셔너·진압기 구입
"[민간입찰대행]2025년 곡물자급률향상 조사료전문생산단지조성 시범사업 물품구입(조사료생산농기계구입_견인식집초기, 줄파종기)",조사료전문생산단지 집초기·줄파종기 구입
[민간입찰대행]2025년 곡물자급률향상 조사료전문생산단지조성 시범사업 물품구입(조사료생산농기계구입_농용트랙터),조사료전문생산단지 농용트랙터 구입
"[민간입찰대행]2025년 곡물자급률향상 조사료전문생산단지조성 시범사업 물품구입(조사료생산농기계구입_컨디셔너, 진압기)",조사료전문생산단지 컨디셔너·진압기 구입
"[민간입찰대행]2025년 식량대전환 논이용이모작 생산시범사업 물품구입(밀콩이모작재배_농용콤바인, 밀파종기, 콩파종기부착용 배토기)",논이용 이모작 콤바인·파종기 등 구입
[민간입찰대행]2025년 청년농업인 신소득작목 발굴지원사업 시설공사 수의견적 공고,청년농업인 신소득작목 시설공사 견적
[민간입찰대행]2025년 프리미엄 영호진미 생산단지 육성 시범사업 물품구입,프리미엄 영호진미 생산단지 물품구입
[민간입찰대행]2025년 프리미엄 영호진미 생산단지 육성 시범사업 물품구입[변경],프리미엄 영호진미 생산단지 물품구입(변경)
[민간입찰대행]농업대전환 들녘특구 시범운영 시범사업 물품구입(범용콤바인 외 4종),들녘특구 범용콤바인 외 4종 구입
[민간입찰대행]양파 디지털 생산기반 조성 사업(양파 승용정식기 구입),양파 디지털 생산기반 승용정식기 구입
[변경-[수의시담] 2025년 보장구센터 휠체어 구매(TI 2GX 등 3종),보장구센터 휠체어 구매(TI 2GX 등 3종)
[변경공고] 2025년 국립제주박물관 액화석유가스(LPG) 구매 단가계약,국립제주박물관 LPG 구매 단가계약
[변경공고] 국립보은등산학교 조성사업 소방공사 감리 용역(PQ 대상),국립보은등산학교 소방공사 감리용역
[보안] 공간정보 보안처리 기술개발 및 기반 연구(2차),공간정보 보안처리 기술개발 연구(2차)
[보조기기] 25년 보조기기 열린플랫폼 기능 고도화 및 유지보수 ,보조기기 열린플랫폼 기능 고도화·유지보수
[보조기기] 보조기기 관련 법령/분류체계 현실화 및 보조기기 정보 일원화 방안 연구,보조기기 법령·분류체계 정보 일원화 연구
[보조기기] 보조기기 열린플랫폼 서비스 품질 및 만족도 측정 도구 개발,보조기기 열린플랫폼 품질·만족도 도구 개발
[산림보호팀] 2025년 산림유전자원보호구역 탐방로 정비사업 감리용역,산림유전자원보호구역 탐방로 정비 감리
[산사태대응팀] 2025년 산불진화임도 설치사업 시공감리 용역,산불진화임도 설치 시공감리 용역
[산업] 사진 맛집 특별전 전시 조성연출운영 용역 계약 요청,사진 맛집 특별전 전시 조성·연출운영
[소액수의 견적공고] 대구보훈병원 2025년 설날 직원 기념품 구입,대구보훈병원 설날 직원 기념품 구입
[소액수의] 울산해양경찰서 울산광역방제지원센터 후레싱 교체 공사,울산 광역방제지원센터 후레싱 교체공사
[소액수의견적공고] 2025년 광주보훈병원 보안인력 용역,광주보훈병원 보안인력 용역
[소액수의견적공고] 2025년 식기세척기세제 등 9종 연간 단가계약,식기세척기세제 등 9종 연간단가계약
[소액수의견적공고] 대구보훈병원 2025년 가정의달 직원 기념품 구입,대구보훈병원 가정의달 직원 기념품 구입
[소액수의견적공고] 대구보훈병원 2025년 설날 직원 기념품 구입(긴급),대구보훈병원 설날 직원 기념품 구입(긴급)
[수의/검역정책과] Q-CODE 발급용 키오스크 구매요청(검역정책과-46),Q-CODE 발급용 키오스크 구매
[수의계약 안내공고] 2025년 개 사육농장 석면해체공사(4차),개 사육농장 석면해체공사(4차)
[수의계약 안내공고] 2025년 농촌자원복합산업화(6차산업화)지원사업(기계설비공사) (입찰대행),농촌자원복합산업화 기계설비공사
[수의계약 안내공고] 2025년 농촌자원복합산업화(6차산업화)지원사업(전기) (입찰대행),농촌자원복합산업화 전기공사
[수의계약 안내공고] 2025년 농촌자원복합산업화(6차산업화)지원사업(통신) (입찰대행),농촌자원복합산업화 통신공사
[수의계약 안내공고] 2025년 밀원수 묘목 구입(헛개나무),밀원수 묘목 구입(헛개나무)
[수의계약 안내공고] 2025년 수출사과 병해충예찰 사업 용역(실적제한),수출사과 병해충예찰 용역
[수의계약 안내공고] 2025년 영농폐기물 수거용 마대 구입(단가계약),영농폐기물 수거용 마대 구입(단가계약)
[수의계약 안내공고] 2025년 청년농업인 영농기반조성 시범 농기계구입(입찰대행),청년농업인 영농기반조성 농기계 구입
[수의계약 안내공고] 2025년 청년농업인 자립기반 구축지원-농업용 창고 건축공사(입찰대행),청년농업인 농업용 창고 건축공사
[수의계약 안내공고] 2025년도 내수면 어자원 조성사업 수산종자(동자개) 구입(단가계약),내수면 어자원 동자개 종자 구입
[수의계약 안내공고] 2025년도 내수면 어자원 조성사업 수산종자(뱀장어) 구입(단가계약),내수면 어자원 뱀장어 종자 구입
[수의계약 안내공고] 2025년도 내수면어자원 조성사업 수산종자(쏘가리) 구입(단가계약),내수면 어자원 쏘가리 종자 구입
[수의계약 안내공고] 2026년도 안동시농업인상담소 청소용역,안동시농업인상담소 청소용역
[수의계약 안내공고] 과수화상병 감염위험정보기반 적기약제방제기술 시범 약제 구입,과수화상병 적기약제방제 시범 약제 구입
[수의계약 안내공고] 길안면 구수리 산불피해 농업시설물 철거공사(긴급),길안면 구수리 산불피해 시설물 철거
[수의계약 안내공고] 길안면 용계리 산불피해 농업시설물 철거공사(긴급),길안면 용계리 산불피해 시설물 철거
[수의계약 안내공고] 길안면 천지리 농기계보관창고 신축공사(입찰대행),길안면 천지리 농기계보관창고 신축
[수의계약 안내공고] 남선면 외하리 농기수리창고 신축공사(입찰대행),남선면 외하리 농기수리창고 신축
[수의계약 안내공고] 농기계 임대사업소 남부분소 세척장 설치 공사(건축),농기계임대 남부분소 세척장 설치공사
"[수의계약 안내공고] 농기계 임대사업소 북부분소 세척장 설치 공사(건축, 설비)",농기계임대 북부분소 세척장 설치공사
[수의계약 안내공고] 농기계 임대사업소 서부분소 보관 창고 설치 공사 실시설계 용역,농기계임대 서부분소 창고 실시설계
[수의계약 안내공고] 농기계임대사업소 남부분소 설치 공사(소방),농기계임대 남부분소 설치공사(소방)
[수의계약 안내공고] 농기계임대사업소 남부분소 설치 공사(통신),농기계임대 남부분소 설치공사(통신)
[수의계약 안내공고] 농기계임대사업소 남부분소 설치공사(건축) 감리용역,농기계임대 남부분소 건축 감리용역
[수의계약 안내공고] 농기계임대사업소 남부분소 테이블리프트 구입,농기계임대 남부분소 테이블리프트 구입
[수의계약 안내공고] 농업체험전시관 조성 리모델링공사 실시설계 용역,농업체험전시관 리모델링 실시설계
[수의계약 안내공고] 산불피해 농업인 장기임대 농업기계 구입,산불피해 농업인 장기임대 농기계 구입
[수의계약 안내공고] 산불피해 농업인 장기임대 농업기계 구입(중경제초기),산불피해 장기임대 농기계(중경제초기)
[수의계약 안내공고] 산불피해 농업인 장기임대 농업기계 구입(파종기),산불피해 장기임대 농기계(파종기)
[수의계약 안내공고] 안동 컬처팜팩토리(거점센터) 신축공사(소방),안동 컬처팜팩토리 신축공사(소방)
[수의계약 안내공고] 안동 컬처팜팩토리(거점센터) 신축공사(통신),안동 컬처팜팩토리 신축공사(통신)
[수의계약 안내공고] 안동 컬처팜팩토리(거점시설) 신축공사(건축) 감리용역,안동 컬처팜팩토리 건축 감리용역
[수의계약 안내공고] 안동 컬처팜팩토리(거점시설) 신축공사(기계설비),안동 컬처팜팩토리 신축(기계설비)
[수의계약 안내공고] 안동시 유기동물보호센터 사료 구입(단가계약),안동시 유기동물보호센터 사료 구입
[수의계약 안내공고] 예안면 기사1리(큰마실골) 세천정비공사,예안면 기사1리 세천정비공사
[수의계약 안내공고] 예안면 기사2리(새장골) 세천정비공사,예안면 기사2리 세천정비공사
[수의계약 안내공고] 일직 귀미1지구 마을만들기사업(기초생활기반확충),일직 귀미1지구 마을만들기사업
[수의계약 안내공고] 일직 망호1지구 마을만들기사업(경로당 리모델링),일직 망호1지구 경로당 리모델링
[수의계약 안내공고] 풍산읍 마애리(시우실골) 농로확포장공사 폐기물처리용역,풍산읍 마애리 농로확포장 폐기물처리
"[수의시담] 2025년 1분기 서울요양병원 급식재료(농수축공,양곡) 220종",서울요양병원 급식재료 220종
"[수의시담] 2025년 1분기 중앙보훈병원 급식재료(농수축공,양곡) 270종",중앙보훈병원 급식재료 270종
"[수의시담] 2025년 3분기 중앙 및 요양 급식재료(농수축공,양곡)",중앙·요양 급식재료(농수축공·양곡)
"[수의시담] 2025년 4분기 ~ 2026년 1분기 서울요양병원 급식재료 (농수축공,양곡) 243종 구매",서울요양병원 급식재료 243종 구매
[수의시담] 2025년 4분기 ~ 2026년 1분기 장례식장 부대물품 양곡 1종 구매,장례식장 부대물품 양곡 1종 구매
"[수의시담] 2025년 4분기 ~ 2026년 1분기 중앙보훈병원 급식재료 (농수축공,양곡) 276종 구매",중앙보훈병원 급식재료 276종 구매
[수의시담] 2025년 6개보훈병원 전산자동심사시스템 유지보수용역,6개보훈병원 전산자동심사시스템 유지보수
[수의시담] 2025년 경남권역 감염병 시험의뢰 검체 운송용역,경남권역 감염병 검체 운송용역
[수의시담] 2025년 별관 그린리모델링 기계관급자재 기계자동제어공사,별관 그린리모델링 기계자동제어공사
[수의시담] 2025년 보장구센터  전동휠체어 수리부품(배터리 충전기 등 36종) 구매,보장구센터 전동휠체어 수리부품 구매
[수의시담] 2025년 보장구센터 골격식 의지부품 (견갑관절 등 85종) 구매,보장구센터 골격식 의지부품 85종 구매
[수의시담] 2025년 보장구센터 골격식 의지부품 (실리콘라이너 등 20종) 구매,보장구센터 골격식 의지부품 20종 구매
[수의시담] 2025년 보장구센터 스탐프 싹스(외산) 16종 구매,보장구센터 스탐프 싹스 16종 구매
[수의시담] 2025년 보장구센터 욕창예방방석(로호) 등 2종 구매,보장구센터 욕창예방방석 등 2종 구매
[수의시담] 2025년 보장구센터 재활재료 보청기(일반장애인용) 구매,보장구센터 보청기 구매
[수의시담] 2025년 보장구센터 전동휠체어 수리부품(발판부SET 등 46종) 구매,보장구센터 전동휠체어 수리부품 구매
[수의시담] 2025년 보장구센터 휠체어 구매(B6주보 등 5종),보장구센터 휠체어 구매(B6주보 등 5종)
[수의시담] 2025년 보장구센터 휠체어 구매(JWX-1 PLUS 등 3종) ,보장구센터 휠체어 구매(JWX-1 등 3종)
[수의시담] 2025년 보장구센터 휠체어 구매(M1 등 4종),보장구센터 휠체어 구매(M1 등 4종)
[수의시담] 2025년 보장구센터 휠체어 구매(Xenon2 등 2종),보장구센터 휠체어 구매(Xenon2 등 2종)
[수의시담] 2025년 보장구센터 휠체어 구매(수동휠체어 2종),보장구센터 수동휠체어 2종 구매
[수의시담] 2025년 보장구센터 휠체어 구매(아이체어MC2 등 8종),보장구센터 휠체어 구매(아이체어 등 8종)
[수의시담] 2025년 보훈의학연구소 연구장비 NGS시스템 유지보수용역,보훈의학연구소 NGS시스템 유지보수
[수의시담] 2025년 상하반기 중앙보훈병원 공기조화기 필터교체,중앙보훈병원 공기조화기 필터교체
[수의시담] 2025년 중앙보훈병원 자체구매 의료장비 3종,중앙보훈병원 자체구매 의료장비 3종
[수의시담] 2025년 중앙보훈병원 주차유도 관제시스템 배선공사,중앙보훈병원 주차관제시스템 배선공사
[수의시담] 2025년 중앙보훈병원 직원근무복 세탁물 위탁처리 용역,중앙보훈병원 직원근무복 세탁 위탁
"[수의시담] 2025년 중앙보훈병원 청소 용역(치과병원 및 별관, 장례식장)",중앙보훈병원 청소용역(치과·별관·장례식장)
[수의시담] 2025년 중앙보훈병원 치과재료 단가계약(6그룹),중앙보훈병원 치과재료 단가계약(6그룹)
[수의시담] 2025년 추석 명절 직원 기념품 60종 구매,추석 명절 직원 기념품 60종 구매
[수의시담] 2026~2028년도 군산항 국제 및 연안여객터미널 관리운영용역,군산항 여객터미널 관리운영용역
[수의시담] 2026년 보훈공단 그룹웨어 시스템 유지관리용역,보훈공단 그룹웨어 시스템 유지관리
[수의시담] 2026년 중앙보훈병원 3관/보장구/재활관 청소용역,중앙보훈병원 3관·보장구·재활관 청소
[수의시담] 2026년 중앙보훈병원 내복약봉투 등 9종 연간단가계약,중앙보훈병원 내복약봉투 등 9종 단가계약
[수의시담] 2026년 중앙보훈병원 무인경비시스템 유지관리용역,중앙보훈병원 무인경비시스템 유지관리
[수의시담] 2026년 중앙보훈병원 방향제 및 세정제 위탁관리용역,중앙보훈병원 방향제·세정제 위탁관리
[수의시담] 2026년 중앙보훈병원 자체구매 진료재료(수술재료) 연간단가계약(11그룹),중앙보훈병원 수술재료 단가계약(11그룹)
[수의시담] 2026년 중앙보훈병원 자체구매 진료재료(수술재료) 연간단가계약(12그룹),중앙보훈병원 수술재료 단가계약(12그룹)
[수의시담] 2026년 중앙보훈병원 자체구매 진료재료(수술재료) 연간단가계약(13그룹),중앙보훈병원 수술재료 단가계약(13그룹)
[수의시담] 2026년 중앙보훈병원 자체구매 진료재료(수술재료) 연간단가계약(15그룹),중앙보훈병원 수술재료 단가계약(15그룹)
[수의시담] 2026년 중앙보훈병원 자체구매 진료재료(수술재료) 연간단가계약(19그룹),중앙보훈병원 수술재료 단가계약(19그룹)
[수의시담] 2026년 중앙보훈병원 자체구매 진료재료(수술재료) 연간단가계약(1그룹),중앙보훈병원 수술재료 단가계약(1그룹)
[수의시담] 2026년 중앙보훈병원 자체구매 진료재료(수술재료) 연간단가계약(23그룹),중앙보훈병원 수술재료 단가계약(23그룹)
[수의시담] 2026년 중앙보훈병원 자체구매 진료재료(수술재료) 연간단가계약(2그룹),중앙보훈병원 수술재료 단가계약(2그룹)
[수의시담] 2026년 중앙보훈병원 자체구매 진료재료(수술재료) 연간단가계약(30그룹),중앙보훈병원 수술재료 단가계약(30그룹)
[수의시담] 2026년 중앙보훈병원 자체구매 진료재료(수술재료) 연간단가계약(32그룹),중앙보훈병원 수술재료 단가계약(32그룹)
[수의시담] 2026년 중앙보훈병원 자체구매 진료재료(수술재료) 연간단가계약(40그룹),중앙보훈병원 수술재료 단가계약(40그룹)
[수의시담] 2026년 중앙보훈병원 자체구매 진료재료(수술재료) 연간단가계약(41그룹),중앙보훈병원 수술재료 단가계약(41그룹)
[수의시담] 2026년 중앙보훈병원 자체구매 진료재료(수술재료) 연간단가계약(42그룹),중앙보훈병원 수술재료 단가계약(42그룹)
[수의시담] 2026년 중앙보훈병원 자체구매 진료재료(수술재료) 연간단가계약(45그룹),중앙보훈병원 수술재료 단가계약(45그룹)
[수의시담] 2026년 중앙보훈병원 자체구매 진료재료(수술재료) 연간단가계약(46그룹),중앙보훈병원 수술재료 단가계약(46그룹)
[수의시담] 2026년 중앙보훈병원 자체구매 진료재료(수술재료) 연간단가계약(48그룹),중앙보훈병원 수술재료 단가계약(48그룹)
[수의시담] 2026년 중앙보훈병원 자체구매 진료재료(수술재료) 연간단가계약(4그룹),중앙보훈병원 수술재료 단가계약(4그룹)
[수의시담] 2026년 중앙보훈병원 자체구매 진료재료(수술재료) 연간단가계약(5그룹),중앙보훈병원 수술재료 단가계약(5그룹)
[수의시담] 2026년 중앙보훈병원 자체구매 진료재료(수술재료) 연간단가계약(6그룹),중앙보훈병원 수술재료 단가계약(6그룹)
[수의시담] 2026년 중앙보훈병원 자체구매 진료재료(수술재료) 연간단가계약(8그룹),중앙보훈병원 수술재료 단가계약(8그룹)
[수의시담] 2026년 중앙보훈병원 자체구매 진료재료(수술재료) 연간단가계약(9그룹),중앙보훈병원 수술재료 단가계약(9그룹)
[수의시담] 2026년 중앙보훈병원 자체구매 진료재료(위생재료) 연간단가계약,중앙보훈병원 위생재료 단가계약
[수의시담] 2026년 중앙보훈병원 자체구매 진료재료(위생재료) 연간단가계약(고시금액이상),중앙보훈병원 위생재료 단가계약(고시이상)
[수의시담] DiGPT  개발을 위한 재난분야 연구용 데이터 구매,DiGPT 개발 재난분야 연구용 데이터 구매
"[수의시담] 대구보훈병원 2025년 급식재료(농수축산물, 공산품) 단가계약",대구보훈병원 급식재료 단가계약
[수의시담] 말라리아 신속진단키트 구매(인수공통감염병관리과-2742),말라리아 신속진단키트 구매
[수의시담] 생물안전 3등급(BL3) 실습교육시설 교육용 3D 모형(생물안전평가과-3025),BL3 실습교육시설 교육용 3D 모형
[수의시담] 생물테러 개인보호장비(공기호흡기) 부품 구매,생물테러 개인보호장비 공기호흡기 부품
[수의시담] 스마트 계측관리시스템 설치 소하천 대상 현장계측 실험 및 정략적  분석,소하천 스마트 계측관리시스템 설치·분석
[수의시담] 연구데이터 통합 관리 플랫폼 구축 사전 기획연구,연구데이터 통합관리 플랫폼 기획연구
[수의시담] 천리안위성 2A호 위성자료 품질관리 고도화 기술개발,천리안위성 2A호 자료 품질관리 기술개발
[수의시담] 토양수분 모니터링 시스템 수집서버 이전 설치,토양수분 모니터링 수집서버 이전설치
"[수의시담]2025년 3분기 서울요양병원 급식재료(농수축공,양곡) 230종",서울요양병원 급식재료 230종
"[수의시담]2025년 3분기 중앙보훈병원 급식재료(농수축공,양곡) 272종",중앙보훈병원 급식재료 272종
[수의시담]2025년 관공선 유류(선박용 경유)구매 단가계약,관공선 선박용 경유 단가계약
[수의시담]2025년 인수공통감염병 치료용 비축의약품(이버멕틴외 1종) 구매,인수공통감염병 비축의약품 구매
[수의시담]2025년 중앙 및 요양병원 간호직 근무복 6종,중앙·요양병원 간호직 근무복 6종
[수의시담]2025년 중앙보훈병원 의료폐기물 전용용기(골판지ㆍ비닐) 11종 구매 ,중앙보훈병원 의료폐기물 전용용기 11종
[수의시담]2025년 중앙보훈병원 장례식장 영정사진 운영사업자 선정,중앙보훈병원 장례식장 영정사진 사업자
[수의시담]2025년 중앙보훈병원 핵의학과 의료영상 외주판독용역,중앙보훈병원 핵의학과 영상 외주판독
[수의시담]2025년 초등교사 환경직무연수과정 운영(지방),초등교사 환경직무연수 운영
[수의시담]2026년 중앙보훈병원 진료재료(방사선) 연간 단가계약 자체구매 입찰  - 고시금액 미만,중앙보훈병원 진료재료 방사선 단가계약
[수의시담]2026년 진료재료(방사선) 연간 단가계약 자체구매 입찰  - 고시금액 이상,진료재료 방사선 단가계약 자체구매
[수의시담]2026년 진료재료(방사선) 자체구매 입찰-25그룹,진료재료 방사선 자체구매 25그룹
[수의시담]2026년 진료재료(방사선) 자체구매 입찰-31그룹,진료재료 방사선 자체구매 31그룹
[수의시담]2026년 진료재료(방사선) 자체구매 입찰-고시금액 미만 24그룹,진료재료 방사선 자체구매 24그룹
[수의시담]2026년 진료재료(방사선) 자체구매 입찰-고시금액 미만 4그룹,진료재료 방사선 자체구매 4그룹
[수의시담]2026년 진료재료(방사선) 자체구매 입찰-고시금액미만(9그룹),진료재료 방사선 자체구매 9그룹
[수의시담]2026년 진료재료(방사선) 자체구매 입찰-고시금액이상(12그룹),진료재료 방사선 자체구매 12그룹
[수의시담]Soap bubble flow meter 40-80ml(기후보건건강위해대비과-1210),비누거품 유량계 40-80ml 구매
"[수의시담][기술용역,147번]특수밀폐실험동(4동) 자동제어 보수 용역",특수밀폐실험동 자동제어 보수
"[수의시담][기술용역,180번]생물안전특수복합시설(14동) 외부환경 개선 용역",생물안전특수복합시설 외부환경 개선
[수의시담][세균분석과(결핵진단검사)16-2-00136] Miseq i100 series 25M reagent kit 300cycles 외 4건,Miseq i100 시약키트 300cycles 외 4건
"[수의시담][인쇄,184번]2026년도 국가예방접종사업 관리지침 및 홍보물 인쇄",국가예방접종 관리지침·홍보물 인쇄
"[수의시담][일반용역,11번]2026년 호흡기바이러스감염증 항체 검사법 표준화를 위한 검체 확보",호흡기바이러스 항체검사 검체 확보
"[수의시담][일반용역,134번]2025년 감염병진단분석국 실시간유전자증폭기 유지보수",실시간유전자증폭기 유지보수
"[수의시담][일반용역,139번]급성호흡기바이러스 감시 운영지원",급성호흡기바이러스 감시 운영지원
"[수의시담][일반용역,144번]2025년 차세대염기서열분석장비 정기 유지보수",차세대염기서열분석장비 유지보수
"[수의시담][일반용역,167번]생물안전작업대 외 2종 운전적격성 평가 용역",생물안전작업대 외 2종 운전적격성 평가
"[수의시담][일반용역,170번]제2차 합동외부평가(JEE) 관련 행사 용역",합동외부평가 JEE 관련 행사
"[수의시담][일반용역,19번]2026년 특수밀폐실험동(4동) 양문형고압증기멸균기 유지관리",특수밀폐실험동 고압증기멸균기 유지관리
"[수의시담][일반용역,207번]코로나19 입원,격리자 유급휴가비용 문서이관 용역",코로나19 유급휴가비용 문서이관
"[수의시담][일반용역,20번]2026년 특수밀폐실험동(4동) 디컨락, 기밀문, 과산화수소 훈증기 유지보수",특수밀폐실험동 훈증기 등 유지보수
"[수의시담][일반용역,215번]바이러스 간염 국민 인식도 파악 대행",바이러스 간염 국민 인식도 조사
"[수의시담][일반용역,25번]2026년 결핵 역학조사 현장대응차량 촬영 흉부방사선 영상 판독",결핵 역학조사 흉부방사선 영상 판독
"[수의시담][일반용역,7번]2026년 급성호흡기바이러스 감시 운영지원",급성호흡기바이러스 감시 운영지원
[수의시담]대구보훈병원 2026년 세탁물 위탁처리 용역 계약,대구보훈병원 세탁물 위탁처리
[수의시담]보훈병원 통합정보시스템 어플리케이션 유지관리 용역,보훈병원 통합정보시스템 앱 유지관리
[수의시담]질병관리청 시약초자류 구매계약(16-5-00043),질병관리청 시약초자류 구매
[시설안전팀] 2026~2028년도 승강기 유지보수 용역 계약,승강기 유지보수
[압찰대행]2025년 원예작물 생산성 향상을 위한 생태적 종합관리 시범사업(카란자 님종자박 펠렛),카란자 님종자박 펠렛 생태종합관리
"[연구,010] 수인성·식품매개바이러스 유행주 조사 및 분석",수인성·식품매개바이러스 유행주 분석
"[연구,011] 국내 간염바이러스(A,C,E형)의 분자유전학적 특성분석",간염바이러스 분자유전학적 특성분석
"[연구,015] 신경증후군 관련 원인병원체의 NGS 기반 다중검사분석 패널 개발",신경증후군 NGS 다중검사 패널 개발
"[연구,016] 신경증후군 원인병원체 규명을 위한 PCR 기반 다중검사분석법 개발",신경증후군 PCR 다중검사법 개발
"[연구,017] 2026년 원인불명 호흡기질환 원인병원체 감시체계 운영",원인불명 호흡기질환 감시체계 운영
"[연구,020] 2026년 국내 유행 바이러스성 감염병 병원체 검사분석 및 검체 운송",바이러스성 감염병 검사분석·검체운송
"[연구,028] 2026년 결핵 실험실 검사 숙련도 평가용 표준물질 생산 및 배포",결핵 숙련도 평가용 표준물질 생산·배포
"[연구,028] 2026년 결핵 실험실 검사 숙련도 평가용 표준물질 생산 및 배포 (수의시담)",결핵 숙련도 표준물질 생산·배포
"[연구,029] 2026년 결핵 퀴놀론 신속감수성검사 및 분석",결핵 퀴놀론 신속감수성검사·분석
"[연구,029] 2026년 결핵 퀴놀론 신속감수성검사 및 분석 (수의시담)",결핵 퀴놀론 신속감수성검사·분석
"[연구,030] 카바페넴분해효소생성장내세균목(CPE) 감염증 진단을 위한 아형 분석",CPE 감염증 진단 아형 분석
"[연구,031] 2026년 호흡기세균 감염증 병원체 감시 운영",호흡기세균 감염증 병원체 감시 운영
"[연구,034] 2026년 급성감염증 병원체감시 사업 운영 지원",급성감염증 병원체감시 운영 지원
"[연구,040] 2025년 호흡기세균 감염증 병원체 감시 운영",호흡기세균 감염증 병원체 감시 운영
"[연구,045] 2026년 호흡기세균 감염증 원인 병원체 수집 분석",호흡기세균 병원체 수집 분석
"[연구,047] 2026년 호흡기세균 감염증 원인 병원체 수집 분석",호흡기세균 병원체 수집 분석
"[연구,053] 코로나19 대응 위기소통 사례집 개발 연구",코로나19 위기소통 사례집 개발
"[연구,060] 2024년 중소·요양병원 및 의원 분리 주요 항생제 내성균의 내성 정보 수집",중소·요양병원 항생제 내성균 정보수집
"[연구,060] 2024년 중소·요양병원 및 의원 분리 주요 항생제 내성균의 내성 정보 수집 (수의시담)",중소병원 항생제 내성균 정보수집
"[연구,061] 흡연폐해 바이오모니터링 질관리 (수의시담)",흡연폐해 바이오모니터링 질관리
"[연구,069] 2025년 호흡기 세균 감염증 원인 병원체 수집 분석",호흡기세균 병원체 수집 분석
"[연구,069] 2025년 호흡기 세균 감염증 원인 병원체 수집 분석 (수의시담)",호흡기세균 병원체 수집 분석
"[연구,080] 2025년 국내 발생 조류인플루엔자 등 바이러스 유전체 기반 변이 양상 및 위험도 평가 체계 마련",조류인플루엔자 변이·위험도 평가
"[연구,081] 2025년 국내외 발생 인플루엔자 등 바이러스 구조 모델링 분석 기반 정립",인플루엔자 바이러스 구조 모델링
"[연구,082] 원인불명 감염병 병원체의 유전체 정보 기반 메타지노믹스 분석법 개선 및 최적화",원인불명 감염병 메타지노믹스 분석법
"[연구,082] 원인불명 감염병 병원체의 유전체 정보 기반 메타지노믹스 분석법 개선 및 최적화 (수의시담)",원인불명 감염병 메타지노믹스 분석법
"[연구,104] 중증열성혈소판감소증후군(SFTS) 혈청학적 검사법 개발",SFTS 혈청학적 검사법 개발
"[연구,105] 생물테러 병원체 현장탐지 유전자검출검사 키트 제작",생물테러 병원체 유전자검출 키트 제작
"[연구,119] 간흡충증 고유행 지역 주민 감염상 및 위험요인 분석",간흡충증 고유행지역 감염상·위험요인
"[연구,120] 고혈압·당뇨병 등록관리사업 운영 체계 개편 연구",고혈압·당뇨병 등록관리 체계 개편
"[연구,129] 국내 수계 환경의 자유생활아메바 분포 조사",수계 자유생활아메바 분포 조사
"[연구,133] 국가 감염병 진단검사 숙련도평가 운영 체계 개선 연구",감염병 진단검사 숙련도평가 개선
"[연구,133] 국가 감염병 진단검사 숙련도평가 운영 체계 개선 연구 (수의시담)",감염병 진단검사 숙련도평가 개선
"[연구,137] 2025년 매독 검사 숙련도 평가용 표준물질 생산 및 배포",매독 숙련도 표준물질 생산·배포
"[연구,137] 2025년 매독 검사 숙련도 평가용 표준물질 생산 및 배포 (수의시담)",매독 숙련도 표준물질 생산·배포
"[연구,138] 2025년 결핵 퀴놀론 신속감수성검사 및 분석",결핵 퀴놀론 신속감수성검사·분석
"[연구,138] 2025년 결핵 퀴놀론 신속감수성검사 및 분석 (수의시담)",결핵 퀴놀론 신속감수성검사·분석
"[연구,139] HIV 숙련도 평가 운영 및 내부정도관리 물질생산",HIV 숙련도평가·내부정도관리물질 생산
"[연구,144] 25년 희귀질환 지원사업 이용자 만족도 조사",희귀질환 지원사업 이용자 만족도 조사
"[연구,145] 수인성ㆍ식품매개바이러스 NGS 기반 유전체 분석 패널 개발 (수의시담)",수인성·식품매개 NGS 유전체 패널 개발
"[연구,153] 홍역 바이러스 정밀 유전체 분석법 개발 (수의시담)",홍역 바이러스 정밀 유전체 분석법 개발
"[연구,155] 수인성·식품매개바이러스 유전자 검출검사용 내부정도관리물질 생산",수인성·식품매개 내부정도관리물질 생산
"[연구,155] 수인성·식품매개바이러스 유전자 검출검사용 내부정도관리물질 생산 (수의시담)",수인성·식품매개 내부정도관리물질 생산
"[연구,156] 2025년 진균 및 세균 감염병 원인 병원체 유전자분석 키트 제작 및 생산",진균·세균 감염병 유전자분석 키트 생산
"[연구,156] 2025년 진균 및 세균 감염병 원인 병원체 유전자분석 키트 제작 및 생산 (수의시담)",진균·세균 감염병 유전자분석 키트 생산
"[연구,157] 2025년 감염병 유전자검사시약 1종 비상생산 기반마련 (수의시담)",감염병 유전자검사시약 비상생산 기반
"[연구,158] 진드기매개감염병 고위험군 대상 인식도 조사",진드기매개감염병 고위험군 인식도 조사
"[연구,159] 탄저백신 추가 비임상 효력시험 수행을 위한 사전 연구",탄저백신 비임상 효력시험 사전연구
"[연구,161] 바이러스 유전자 변이 감시를 위한 NGS 전장유전체 분석법 개발",바이러스 변이감시 NGS 전장유전체 분석
"[연구,164] 국내 삼일열말라리아 원충의 유전적 다형성을 이용한 최근 전파경로 분석",삼일열말라리아 전파경로 분석
"[연구,164] 국내 삼일열말라리아 원충의 유전적 다형성을 이용한 최근 전파경로 분석 (수의시담)",삼일열말라리아 전파경로 분석
"[연구,171] 긴급상황실(EOC) 정보시스템 고도화 방안 마련 연구",긴급상황실 EOC 정보시스템 고도화
"[연구,172] 2025년 하반기 카바페넴분해효소생성 장내세균목(CPE) 감염증 진단을 위한 아형 분석",CPE 감염증 진단 아형 분석
"[연구,175] 쯔쯔가무시증 항체검출검사 판정기준 수립을 위한 분석",쯔쯔가무시증 항체검사 판정기준 분석
"[연구,178] 인체면역결핍바이러스 진단체계 개선 방안 연구 (수의시담)",HIV 진단체계 개선 방안 연구
"[연구,179] 주요 의료관련감염 사례 안내서 개발 연구",의료관련감염 사례 안내서 개발
"[연구용역-협상] 서해 해양환경 변화에 따른 서해 주요어종(꽃게,멸치) 어황 예측",서해 주요어종 꽃게·멸치 어황 예측
[외자] (기체크로마토그래피-비행시간 질량분석기(GCQTOF)/해양환경연구과-1053),기체크로마토그래피 질량분석기 구매
[외자] 소금센터 정밀분석 분석장비 구매(GC-MSMS),소금센터 정밀분석 GC-MSMS 구매
"[외자] 정밀검사 분석장비 구매(부산, 인천지원 고순도감마선분광분석시스템)",고순도감마선분광분석시스템 구매
[외자] 정밀검사 분석장비 구매(부산지원 가스크로마토그래프질량분석기),부산지원 가스크로마토그래프질량분석기
[외자] 정밀검사 분석장비 구매(부산지원 초고성능액체질량분석기),부산지원 초고성능액체질량분석기 구매
[외자] 정밀검사 분석장비 구매(인천지원 유도결합플라즈마질량분석기),인천지원 유도결합플라즈마질량분석기
[외자] 정밀검사 분석장비 구매(인천지원 초고성능액체질량분석기),인천지원 초고성능액체질량분석기 구매
[외자실검06]  미네랄오일 자동분석 액체-기체크로마토그래피 시스템,미네랄오일 자동분석 LC-GC 시스템
"[외자실검15] 고성능액체크로마토그래피(PDA,ELSD)","고성능액체크로마토그래피 PDA,ELSD"
"[외자실검31] 고성능액체크로마토그래피(PDA,FLD,Reactor)","고성능액체크로마토그래피 PDA,FLD"
[이월](관급자재)포산-서망 도로시설개량공사-레미콘(총액),포산-서망 도로개량 관급 레미콘
"[인쇄,223번][자체,수의,기재담]2026년도 예산안 및 기금운용계획안 공통요구자료 등 인쇄",예산안·기금운용계획 요구자료 인쇄
"[인쇄,226번][자체,수의,기재담]2026년도 예산안 심사 국회 대응자료 인쇄",예산안 심사 국회 대응자료 인쇄
"[일반,094] 2025년 근거중심 매개체 방제사업 운영 지원 및 평가",근거중심 매개체 방제사업 운영·평가
"[일반,094] 2025년 근거중심 매개체 방제사업 운영 지원 및 평가 (수의시담)",근거중심 매개체 방제사업 운영·평가
"[일반,095] 간흡충증 고유행 지역 주민 감염상 및 위험요인 분석",간흡충증 고유행지역 감염상·위험요인
"[일반,096] 신규 Orientia tsutsugamushi strain Boseong의 주요 유전자 분자생물학적 특성 분석 (수의시담)",Boseong균 유전자 분자생물학 특성분석
"[일반,097] 벡터넷(VectorNet) 데이터 분석정보 생산을 위한 사용자 친화형 변환도구 개발",벡터넷 데이터 변환도구 개발
[일반경쟁 → 수의] 첨단 기술의 활용성 및 현장 적용성 확대를 위한 고도화,첨단기술 활용성·현장적용성 고도화
"[일반용역,101번][자체,협상,인수]2025년 범부처 및 지자체 실무자 인수공통감염병 모의훈련 운영",인수공통감염병 모의훈련 운영
"[일반용역,11번][자체,협상,신종]2026년 호흡기바이러스감염증 항체 검사법 표준화를 위한 검체 확보",호흡기바이러스 항체검사 검체 확보
"[일반용역,121번][조달,협상,감염병정책]2025년도 감염병 신고 활성화 사업",감염병 신고 활성화 사업
"[일반용역,139번][자체,협상,신종]급성호흡기바이러스 감시 운영지원",급성호흡기바이러스 감시 운영지원
"[일반용역,13번][조달,협상,고위험]2026년 하수 기반 감염병 감시 운영",하수 기반 감염병 감시 운영
"[일반용역,16번][조달,적격,운영]2026년 질병관리청 유전자 염기서열 분석",질병관리청 유전자 염기서열 분석
"[일반용역,173번][자체,협상,의료감염]의료관련감염 예방관리 인식 제고 용역",의료관련감염 예방관리 인식 제고
"[일반용역,181번][자체,협상,생안평]생물안전 통합관리 플랫폼 탑재용 병원체취급시설 비상대응 영상제작",병원체취급시설 비상대응 영상제작
"[일반용역,187번][자체,협상,질병]감염병 교육 의무화 이러닝 교육과정 개발",감염병 교육 의무화 이러닝 개발
"[일반용역,1번][조달,협상,질병]2026년 보건의료인 대상 감염병 발생동향∙지침 정보 공유",보건의료인 감염병 동향·지침 공유
"[일반용역,22번][자체,협상,세균]2025년 결핵균 유전형분석용 균주 안전 운송",결핵균 유전형분석용 균주 안전운송
"[일반용역,24번][자체,견적,매개체]감염병 매개체 사육동 생물안전3등급 연구시설 및 사육실 유지관리",매개체 사육동 BL3 시설 유지관리
"[일반용역,26번][자체,협상,세균]2026년 결핵균 유전형분석용 균주 안전 운송",결핵균 유전형분석용 균주 안전운송
"[일반용역,28번][자체,견적,생안평]2026년 생물안전3등급(BL3) 실습교육시설 유지관리",BL3 실습교육시설 유지관리
"[일반용역,29번][자체,수의,신종]검사전문기관 대상 호흡기 검사 자료 수집 및 검체 확보",호흡기 검사자료 수집·검체 확보
"[일반용역,29번][자체,협상,예접]2025년 온라인 교육 콘텐츠 유지보수",온라인 교육 콘텐츠 유지보수
"[일반용역,2번][자체,적격,예접]2026년 예방접종도우미 본인확인 서비스",예방접종도우미 본인확인 서비스
"[일반용역,30번][자체,수의,신종]고령층 취약집단 대상 코로나19 및 호흡기바이러스 감시를 위한 네트워크 운영",고령층 코로나19·호흡기 감시 네트워크
"[일반용역,31번][자체,적격,비축]폐의약품(항바이러스제) 위탁처리 용역",폐의약품 항바이러스제 위탁처리
"[일반용역,37번][자체,수의,비축]2026년 정부지원 이동형음압기 중앙 보관,관리(아스가드)",이동형음압기 중앙 보관·관리 아스가드
"[일반용역,38번][자체,수의,비축]2026년 정부지원 이동형음압기 중앙 보관,관리(라인시스템)",이동형음압기 중앙 보관·관리 라인시스템
"[일반용역,39번][자체,수의,비축]2026년 정부지원 이동형음압기 중앙 보관,관리(웃샘)",이동형음압기 중앙 보관·관리 웃샘
"[일반용역,3번][조달,협상,질병]2026년 주간 건강과 질병 원고 발간",주간 건강과 질병 원고 발간
"[일반용역,4번][조달,협상,백신]엠폭스 3세대 백신(JYNNEOS) 국내 보관 및 유통 용역",엠폭스 3세대 백신 보관·유통
"[일반용역,5번][자체,협상,예접]2026년 온라인 교육 콘텐츠 유지보수 사업",온라인 교육 콘텐츠 유지보수
"[일반용역,65번][자체,협상,운영]2025년 5급 승진후보자 역량평가 운영",5급 승진후보자 역량평가 운영
"[일반용역,79번][자체,견적,생안평]생물안전 3등급 실습교육시설 유지관리",생물안전 3등급 실습교육시설 유지관리
"[일반용역,7번][자체,협상,신종]2026년 급성호흡기바이러스 감시 운영지원",급성호흡기바이러스 감시 운영지원
"[일반용역,83번][조달,협상,신종]2025년 감염병 유전자검사용 표준물질 생산",감염병 유전자검사용 표준물질 생산
"[일반용역,85번][자체,협상,위총]2025년 생물테러 대응 감염전문가 네트워크 운영",생물테러 대응 감염전문가 네트워크
"[일반용역,8번][조달,협상,신종]2026년 인플루엔자 및 코로나19 전장유전체 생산",인플루엔자·코로나19 전장유전체 생산
"[일반용역,9번][자체,협상,신종]2026년 증후군(신경, 소화기 등) 기반 신변종감염병 검사법 확립을 위한 검체수집",증후군 기반 신변종감염병 검체수집
[일반용역] (견적공고)  임상분리 다제내성 장내세균 표적 용균성 박테리오파지 확보,다제내성 장내세균 박테리오파지 확보
[일반용역] (견적공고)  진드기매개세균질환 검체에서의 메타게놈 NGS 분석_인수공통감염연구과,진드기매개세균 메타게놈 NGS 분석
[일반용역] (견적공고) 결핵 환자의 혈장 대사체 분석(Targeted metabolomics),결핵환자 혈장 대사체 분석
[일반용역] (견적공고) 결핵균 전사체 염기서열생산 및 분석,결핵균 전사체 염기서열 생산·분석
[일반용역] (견적공고) 대사질환 마우스 시상하부 조직 단일 핵 전사체 정보 생산,대사질환 마우스 시상하부 단일핵 전사체
[일반용역] (견적공고) 마우스 혈장 내 표적 대사체 분석,마우스 혈장 표적 대사체 분석
[일반용역] (견적공고) 미세먼지 노출 마우스 폐 조직에서 공간전사체 분석,미세먼지 마우스 폐 공간전사체 분석
[일반용역] (견적공고) 바이러스 특이 항체 정제 및 특성분석 서비스,바이러스 특이항체 정제·특성분석
[일반용역] (견적공고) 박테리오파지 신규성 및 파지 배양 숙주세균의 안전성 확인을 위한 전장유전체 염기서열 정보 생산,박테리오파지 전장유전체 염기서열 생산
[일반용역] (견적공고) 비결핵항산균 항균활성 측정을 위한 펩타이드 합성,비결핵항산균 항균활성 펩타이드 합성
[일반용역] (견적공고) 아동청소년 비만 예방관리 지표 발굴을 위한 단백체 자료 생산,아동청소년 비만 단백체 자료 생산
[일반용역] (견적공고) 유전자 프로모터 활성 측정용 골격근 세포주 제작,프로모터 측정용 골격근 세포주 제작
[일반용역] (견적공고) 임상검체의 간섭물질 제거 전처리 장치 및 미세유체칩 샘플 제작,임상검체 전처리장치·미세유체칩 제작
[일반용역] (견적공고) 치쿤구니아 바이러스 감염 동물 조직 파라핀 블록 제작 및 병리학적 분석,치쿤구니아 동물조직 파라핀블록·병리
[일반용역] (견적공고) 치쿤구니아 재조합 단백질 백신 후보물질 생산 및 최적화_백신연구개발총괄과,치쿤구니아 재조합 단백질 백신 생산
[일반용역] (견적공고) 코로나19 ORF3a 항원 세포사멸 효과 평가를 위한 실험 동물 조직절편 제작 및 병변판독,코로나19 ORF3a 조직절편 제작·판독
[일반용역] (견적공고) 항생제 내성 대용량 원시데이터 정제,항생제 내성 원시데이터 정제
[일반용역] (견적공고) 혈청 샘플 전처리 및 LC-Orbitrap MS 기반 대사체 분석,혈청 LC-Orbitrap MS 대사체 분석
[일반용역] (견적공고)골격근 특이적 유전자 결손 모델 제작 및 검증,골격근 특이 유전자결손 모델 제작
[일반용역] (견적공고)폐오가노이드 기반 미세먼지 노출 근육분비물질 영향 평가,폐오가노이드 미세먼지 근육분비물질
[일반용역] (견적공고_3차공고) SFTSV 성장조절 숙주인자 결핍 세포주 제작[업종코드:1169],SFTSV 숙주인자 결핍 세포주 제작
[일반용역] (견적공고_단일응찰_수의) 인간화마우스 모델 기반 RSV 면역반응 유도 및 생체시료 확보,인간화마우스 RSV 면역반응·시료확보
[일반용역] (사유서_2천이하_전자시담) 수의_  IRB데이터분과 운영 및 관리체계 수립 용역_생명과학연구기반과,IRB데이터분과 운영·관리체계 수립
[일반용역] (중앙) 2026~2028 국립줄기세포재생센터 GMP 품질보증(장비검교정) 지원,줄기세포재생센터 GMP 장비검교정 지원
[일반용역] (중앙) 2026년도 국립줄기세포재생센터 GMP 제조위생관리,줄기세포재생센터 GMP 제조위생관리
[일반용역] (중앙/협상) 결핵 백신 후보물질의 비임상 시료 생산공정 확립_감염병백신연구과,결핵백신 후보물질 비임상 공정확립
[일반용역] (협상공고) 2025 병원기반 인간 마이크로바이옴 연구개발 사업 연구 결과보고회 및 성과교류회 행사 운영,인간 마이크로바이옴 성과교류회 운영
[일반용역] (협상공고) SFTS 백신 후보물질 접종 마우스의 단일세포전사체 분석,SFTS 백신 마우스 단일세포전사체 분석
[일반용역] (협상공고) 글로벌 팬데믹 대비·대응 100일 미션 도상훈련 운영 지원,팬데믹 대응 100일 미션 도상훈련
[일반용역] (협상공고) 글로벌 팬데믹 대비·대응 100일 미션 도상훈련 운영 지원(국제백신연구소_부가세제외),팬데믹 대응 100일 미션 도상훈련
[일반용역] (협상공고) 니파바이러스를 이용한 범용 니파바이러스 백신 후보물질 면역원성 평가 및 분석,범용 니파바이러스 백신 면역원성 평가
[일반용역] (협상공고) 다부처국가생명연구자원선진화사업 적정성 재검토를 위한 타당성 분석 및 기획 컨설팅_바이오빅데이터과,생명연구자원선진화 타당성 분석·기획
[일반용역] (협상공고) 인유두종바이러스 감염 관련 자궁경부 조직의 위치 특이적 전사체 데이터 생산,HPV 자궁경부 위치특이 전사체 생산
[일반용역] (협상공고) 호흡기바이러스 감염자 B세포 분석 및 면역라이브러리 제작을 통한 특이항체 선별,호흡기바이러스 B세포 특이항체 선별
[일반용역] (협상공고_단독응찰_가격협상) 신종 감염병 대유행 대비 인공지능(AI) 기반 백신 개발 시스템 구축,AI 기반 백신 개발 시스템 구축
[일반용역] 2025년 병원기반 인간 마이크로바이옴 연구개발 사업 심포지엄 행사,인간 마이크로바이옴 심포지엄 행사
[일반용역] AI 기술 활용 등 백신 신기술 연구 동향 및 관련 R&D 사업 분석,AI 등 백신 신기술 동향·R&D 분석
[일반용역] B세포 수용체 시퀀싱 분석을 통한 뎅기바이러스 특이 중화항체 선별 조사,뎅기바이러스 B세포 중화항체 선별
[일반용역] CAZ-AVI 기전 분석을 위한 대장균의 전장유전체 분석,CAZ-AVI 기전 대장균 전장유전체 분석
[일반용역] Olink 플랫폼을 활용한 오가노이드 단백체 분석,Olink 오가노이드 단백체 분석
[일반용역] SFTS Gn 항원에 대한 overlapping 펩타이드 합성,SFTS Gn 항원 overlapping 펩타이드 합성
[일반용역] mRNA 백신 플랫폼을 활용한 치쿤구니아 바이러스 백신 후보물질 발굴,mRNA 치쿤구니아 백신 후보물질 발굴
[일반용역] rVSV기반 니파슈도바이러스를 이용한 범용 니파바이러스 백신 후보물질 면역원성 평가 및 분석,rVSV 니파슈도 범용백신 면역원성 평가
[일반용역] 감염병 대응을 위한 바이러스자원의 전장유전체 분석,바이러스자원 전장유전체 분석
[일반용역] 골격근 특이적 유전자 결손 모델 제작 및 검증,골격근 특이 유전자결손 모델 제작
[일반용역] 국가병원체자원은행 병원성 세균자원의 분자유전학적 분석,병원성 세균자원 분자유전학적 분석
[일반용역] 노인대사질환 제어인자 AAV Vector 제작 및 고효율 바이러스 패킹·정제,노인대사질환 제어인자 AAV Vector 제작 · 고효
[일반용역] 다가 결핵 mRNA 후보물질 효능 비교를 위한 다가 결핵항원 발현 재조합아데노바이러스 대량 생산,다가 결핵 mRNA 후보물질 효능 비교를 위한 다가 결
[일반용역] 다제내성 그람음성균의 다중염기서열(MLST) 분석,다제내성 그람음성균의 다중염기서열(MLST) 분석
[일반용역] 당뇨병 합병증 조절 인자에 의한 신장세포 내 전사체 변화 분석,당뇨병 합병증 조절 인자에 의한 신장세포 내 전사체 변
[일반용역] 라싸열 백신 후보물질의 슈도바이러스 중화능 평가,라싸열 백신 후보물질의 슈도바이러스 중화능 평가
[일반용역] 리네졸리드 내성 장알균의 전장유전체 및 전사체 분석,리네졸리드 내성 장알균의 전장유전체 · 전사체 분석
[일반용역] 마우스 폐 조직의 SARS-CoV-2 감염 및 백신 면역 반응 공간전사체 분석,마우스 폐 조직의 SARS-CoV-2 감염 · 백신 면
[일반용역] 만성병관리기술개발연구(R&D) 전략계획 수립,만성병관리기술개발연구(R&D) 전략계획 수립
[일반용역] 미세먼지 노출 마우스 폐 조직에서 공간전사체 분석,미세먼지 노출 마우스 폐 조직에서 공간전사체 분석
[일반용역] 미진단 선천성기형 가계 long-read 시퀀싱 데이터 생산 및 분석,미진단 선천성기형 가계 long-read 시퀀싱 데이터
[일반용역] 백신 항원 발현 자동화 대량 시스템 최적화를 위한 후보물질 생산,백신 항원 발현 자동화 대량 시스템 최적화를 위한 후보
[일반용역] 백신 후보물질의 백신효능 평가를 위한 조직병리 분석,백신 후보물질의 백신효능 평가를 위한 조직병리 분석
[일반용역] 범용 니파바이러스 백신 후보물질에 대한 헨드라 슈도바이러스를 활용한 교차 면역원성 평가 및 분석,범용 니파바이러스 백신 후보물질에 대한 헨드라 슈도바이
[일반용역] 비정형 헬스케어 데이터 정제 프로세스 및 인공지능 데이터 구축,비정형 헬스케어 데이터 정제 프로세스 · 인공지능 데이
[일반용역] 수의(견적공고_단독응찰) 라싸열 백신 후보물질의 슈도바이러스 중화능 평가,수의 라싸열 백신 후보물질의 슈도바이러스 중화능 평가
[일반용역] 수의(협상공고-단독응찰-가격협상/수의시담) _ 니파바이러스를 이용한 범용 니파바이러스 백신 후보물질 면역원성 평가 및 분석,수의 _ 니파바이러스를 이용한 범용 니파바이러스 백신
[일반용역] 원내감염 주요내성균 및 메타데이터 연속 수집 I,원내감염 주요내성균 · 메타데이터 연속 수집 I
[일반용역] 원숭이두창바이러스 연구용 knockout 마우스 제공 및 단백질 분석,원숭이두창바이러스 연구용 knockout 마우스 제공
[일반용역] 유전자 프로모터 활성 측정용 골격근 세포주 제작,유전자 프로모터 활성 측정용 골격근 세포주 제작
[일반용역] 유행성이하선염 약독화 백신 후보주의 신경독성 예비평가를 위한 조직병리학적 분석,유행성이하선염 약독화 백신 후보주의 신경독성 예비평가를
[일반용역] 인간화마우스 모델 기반 RSV 면역반응 유도 및 생체시료 확보,인간화마우스 모델 기반 RSV 면역반응 유도 · 생체시
[일반용역] 임상검체의 간섭물질 제거 전처리 장치 및 미세유체칩 샘플 제작,임상검체의 간섭물질 제거 전처리 장치 · 미세유체칩 샘
[일반용역] 임상분리 다제내성 장내세균 표적 용균성 박테리오파지 확보,임상분리 다제내성 장내세균 표적 용균성 박테리오파지 확
"[일반용역] 임상용 줄기세포주 마이코플라즈마 및 외래성바이러스(in vitro, in vivo) 부정시험",임상용 줄기세포주 마이코플라즈마 · 외래성바이러스 부정
[일반용역] 제4차 감염병연구기관 국제심포지엄(IDRIC) 개최 지원,제4차 감염병연구기관 국제심포지엄 개최 지원
[일반용역] 진드기 매개체 전파 감염병 원인 병원체 유전학적 특성 분석,진드기 매개체 전파 감염병 원인 병원체 유전학적 특성
[일반용역] 치매병리인자에 의한 전사체 변화 분석(뇌질환연구과),치매병리인자에 의한 전사체 변화 분석(뇌질환연구과)
[일반용역] 치쿤구니아 바이러스 감염 동물 조직 파라핀 블록 제작 및 병리학적 분석,치쿤구니아 바이러스 감염 동물 조직 파라핀 블록 제작
[일반용역] 치쿤구니아 백신 개발을 위한 인간화 마우스 제작,치쿤구니아 백신 개발을 위한 인간화 마우스 제작
[일반용역] 폐오가노이드 기반 미세먼지 노출 근육분비물질 영향 평가,폐오가노이드 기반 미세먼지 노출 근육분비물질 영향 평가
[일반용역] 헨드라 슈도바이러스를 이용한 헨드라 바이러스 백신 후보물질 면역원성 평가 및 분석,헨드라 슈도바이러스를 이용한 헨드라 바이러스 백신 후보
[일반용역] 혈중 치매 유관지표 Digital ELISA 정량 조사(뇌질환연구과),혈중 치매 유관지표 Digital ELISA 정량 조사
[일반용역] 협상_글로벌 팬데믹 대비·대응 100일 미션 도상훈련 운영 지원,협상_글로벌 팬데믹 대비·대응 100일 미션 도상훈련
[일반용역] 협상_첨단 기술 기반 미래의료 연구  현재와 미래 심포지엄 행사 운영,협상_첨단 기술 기반 미래의료 연구 현재와 미래 심포지
[일반용역](중앙/바이오빅데이터과) 2026년도 Osong PHRP 국제학술지 발간,2026년도 Osong PHRP 국제학술지 발간
[일반용역](통합발주)항바이러스 물질 평가를 위한 대조 화합물의 합성 및 생산,항바이러스 물질 평가를 위한 대조 화합물의 합성 · 생
[일반용역](협상공고) SFTS 백신 후보물질 비임상(non-GLP) 독성 평가,SFTS 백신 후보물질 비임상 독성 평가
[일반용역]2025년 질병관리청 국립보건연구원 유전자 염기서열 분석 단가계약,질병관리청 국립보건연구원 유전자 염기서열 분석 단가계약
[일반용역]2025년도 심부전 인체자원 활용 단백체 데이터 생산,심부전 인체자원 활용 단백체 데이터 생산
[일반용역]AI약물개발 플랫폼 기반 코로나19 치료제 후보물질 신규발굴 및 개선,AI약물개발 플랫폼 기반 코로나19 치료제 후보물질 신
[일반용역]Cryo EM을 통한 감염병 백신 항원 구조 시각화 및 특성 분석,Cryo EM을 통한 감염병 백신 항원 구조 시각화
[일반용역]Dabie바이러스 항원 생산 최적화 및 분석서비스,Dabie바이러스 항원 생산 최적화 · 분석서비스
[일반용역]T 세포 에피토프 분석 시스템 구축을 위한 유전자 합성 및 렌티바이러스 제작,T 세포 에피토프 분석 시스템 구축을 위한 유전자 합성
[일반용역]mRNA 백신 플랫폼의 핵심요소기술 개발을 위한 대조물질 대량 생산,mRNA 백신 플랫폼의 핵심요소기술 개발을 위한 대조물
[일반용역]가금류 및 인체 유래 살모넬라균 전장 유전체 분석 서비스,가금류 · 인체 유래 살모넬라균 전장 유전체 분석 서비
[일반용역]감염병 백신 핵심기술 관련 특허 및 동향 분석,감염병 백신 핵심기술 관련 특허 · 동향 분석
[일반용역]견적공고_SFTSV 성장조절 숙주인자 결핍 세포주 제작[업종코드:1169],견적공고_SFTSV 성장조절 숙주인자 결핍 세포주 제작
[일반용역]곤충세포 발현 시스템 기반 뎅기바이러스 재조합 범용항원 제작,곤충세포 발현 시스템 기반 뎅기바이러스 재조합 범용항원
[일반용역]공공백신개발지원센터 동물이용 생물안전 시설 환경관리 용역,공공백신개발지원센터 동물이용 생물안전 시설 환경관리
[일반용역]국내 고병원성 조류 인플루엔자 바이러스에 대한 항체 역가 분석,국내 고병원성 조류 인플루엔자 바이러스에 대한 항체 역
"[일반용역]국내 미개발 백신(신규 코로나19, RSV, SFTSV) 효능평가를 위한 표준물질 제작 및 검증",국내 미개발 백신 효능평가를 위한 표준물질 제작 · 검
[일반용역]국립의과학지식센터 전시콘텐츠 업데이트 및 공간 재구성,국립의과학지식센터 전시콘텐츠 업데이트 · 공간 재구성
[일반용역]만성감염질환코호트사업 동의서 검수 및 매트릭스 제작,만성감염질환코호트사업 동의서 검수 · 매트릭스 제작
[일반용역]미진단 희귀 유전성 심근병증 메틸레이션 데이터 생산-2,미진단 희귀 유전성 심근병증 메틸레이션 데이터 생산-2
[일반용역]바이러스 감염 오가노이드에서 공간 전사체 분석,바이러스 감염 오가노이드에서 공간 전사체 분석
[일반용역]바이러스 항원 특이 단일사슬항체 유전자 스크리닝 및 제작,바이러스 항원 특이 단일사슬항체 유전자 스크리닝 · 제
[일반용역]백신 접종자 대상 항원 특이적 면역세포 반응 분석,백신 접종자 대상 항원 특이적 면역세포 반응 분석
[일반용역]범용 니파바이러스 백신 후보물질 유효성 평가를 위한 니파바이러스 수용체 인간화 마우스 생산 및 유지,범용 니파바이러스 백신 후보물질 유효성 평가를 위한 니
[일반용역]병원성세균 외막단백질 클로닝 및 재조합단백질 정제 서비스,병원성세균 외막단백질 클로닝 · 재조합단백질 정제 서비
[일반용역]보렐리아 검출을 위한 항체생산정제 및 Epitope mapping 서비스,보렐리아 검출을 위한 항체생산정제 · Epitope m
[일반용역]보렐리아 등 국내분리주 전장 유전체 분석 서비스,보렐리아 등 국내분리주 전장 유전체 분석 서비스
[일반용역]분변 및 호흡기 검체에서 마이크로바이옴 NGS 분석,분변 · 호흡기 검체에서 마이크로바이옴 NGS 분석
[일반용역]분화된 장 세포의 종양원성 평가를 위한 동물 실험,분화된 장 세포의 종양원성 평가를 위한 동물 실험
[일반용역]슈퍼컴퓨터 기반 오믹스 빅데이터 활용연구 지원 서비스 운영,슈퍼컴퓨터 기반 오믹스 빅데이터 활용연구 지원 서비스
[일반용역]시계열 의료영상 자료를 활용한 인공지능 데이터셋 구축 용역,시계열 의료영상 자료를 활용한 인공지능 데이터셋 구축
[일반용역]신기술 기반 백신 플랫폼 개발 지원을 위한 Gaussia luciferase mRNA 생산,신기술 기반 백신 플랫폼 개발 지원을 위한 Gaussi
[일반용역]신종 감염병 대유행 대비 면역 특성분석을 위한 백신 접종자 장기 검체 수집,신종 감염병 대유행 대비 면역 특성분석을 위한 백신 접
[일반용역]신종 감염병 대유행 대비 인공지능(AI) 기반 백신 개발 시스템 구축,신종 감염병 대유행 대비 인공지능 기반 백신 개발 시스
[일반용역]심혈관질환 멀티모달 코호트 자료 정제 및 표준화,심혈관질환 멀티모달 코호트 자료 정제 · 표준화
[일반용역]알레르겐 복합 노출 기반 천식 마우스모델의 단일세포 전사체 분석,알레르겐 복합 노출 기반 천식 마우스모델의 단일세포 전
[일반용역]액체질소 공급시설 보수 및 저장시설 환경 개선,액체질소 공급시설 보수 · 저장시설 환경 개선
[일반용역]엠폭스 바이러스 백신 임상시험용 표준물질 개발을 위한 임상 검체(혈청) 수집,엠폭스 바이러스 백신 임상시험용 표준물질 개발을 위한
[일반용역]역분화줄기세포 분화특성 분석을 위한 RNA-seq 분석(난치성질환연구과),역분화줄기세포 분화특성 분석을 위한 RNA-seq 분석
[일반용역]유전자검사기관 지침 제정을 위한 제도 및 실태조사 연구,유전자검사기관 지침 제정을 위한 제도 · 실태조사 연구
[일반용역]인플루엔자 백신 접종자 대상 단일세포전사체 분석,인플루엔자 백신 접종자 대상 단일세포전사체 분석
[일반용역]재조합 단백질 플랫폼을 이용한 대량 생산 공정 개발 및 센터 인프라 최적화,재조합 단백질 플랫폼을 이용한 대량 생산 공정 개발
[일반용역]제브라피쉬에서의 희귀심혈관질환 연구를 위한 유전자 및 mRNA 합성,제브라피쉬에서의 희귀심혈관질환 연구를 위한 유전자
[일반용역]제한경쟁(협상공고_단독응찰)_수의_만성감염질환코호트 자료정제 표준화 및 고도화,제한경쟁_수의_만성감염질환코호트 자료정제 표준화 · 고
[일반용역]조류인플루엔자 바이러스 감염에 대한 in vitro 패턴 인식 수용체 및 면역 인자 분석,조류인플루엔자 바이러스 감염에 대한 in vitro 패
[일반용역]중증 열성 혈소판 감소 증후군 백신 비임상 지원을 위한 페럿 감염 동물 모델 구축,중증 열성 혈소판 감소 증후군 백신 비임상 지원을 위한
[일반용역]코로나19 백신접종자의 체액성·세포성 면역패턴 분석을 위한 항원 펩타이드 합성,코로나19 백신접종자의 체액성·세포성 면역패턴 분석을
[일반용역]코호트 조사자료 이미지문서 제작 및 동의내역 DB화,코호트 조사자료 이미지문서 제작 · 동의내역 DB화
[일반용역]파지 디스플레이 기반 뎅기바이러스 면역 라이브러리 제작 및 분석,파지 디스플레이 기반 뎅기바이러스 면역 라이브러리 제작
[일반용역]한국인칩 v2.0 정보생산 및 LCL 세포주 검증을 위한 karyotyping,한국인칩 v2.0 정보생산 · LCL 세포주 검증을 위
[일반용역]한탄 및 SFTS 유전자 인간화 마우스 모델 개발 및 기술 확보,한탄 · SFTS 유전자 인간화 마우스 모델 개발
[일반용역]항바이러스 물질 발굴을 위한 단백질 상호작용 평가 시스템 제작,항바이러스 물질 발굴을 위한 단백질 상호작용 평가 시스
[일반용역]혈액세포 분화 특성 분석을 위한 RNA-seq (난치성질환연구과),혈액세포 분화 특성 분석을 위한 RNA-seq
[일반용역]호흡기세포융합바이러스 백신 후보물질에 대한 마우스 면역원성 시험 검체 확보,호흡기세포융합바이러스 백신 후보물질에 대한 마우스 면역
[일반용역]호흡기세포융합바이러스(RSV) 백신 개발을 위한 후보물질 서열 합성,호흡기세포융합바이러스 백신 개발을 위한 후보물질 서열
"[임차,60번][자체,지명,정보]2026년 통계분석소프트웨어(SAS) 통합 임차","[자체,지명,정보]2026년 통계분석소프트웨어 통합 임"
"[임차,61번][자체,수의,정보]2026년 통계분석소프트웨어(SPSS) 통합 임차","[자체,수의,정보]2026년 통계분석소프트웨어 통합 임"
"[임차,61번][자체,지명,정보]2025년 통계분석소프트웨어(SAS) 통합임차","[자체,지명,정보]2025년 통계분석소프트웨어 통합임차"
[임차][중앙]2025년 통계분석 소프트웨어(SAS)구매,[중앙]2025년 통계분석 소프트웨어(SAS)구매
[입찰대행/긴급] 양돈 인공지능번식관리 시스템구축 시범사업,양돈 인공지능번식관리 시스템구축 시범사업
[입찰대행]  2025년 청년농업인 스마트팜 자립기반 구축 지원사업,청년농업인 스마트팜 자립기반 구축 지원사업
[입찰대행] 2025년 고품질 참깨 신품종 조기확산 단지조성 시범사업(농산물건조기),고품질 참깨 신품종 조기확산 단지조성 시범사업
[입찰대행] 2025년 공동브랜드 농산물 규격 포장재비 지원사업,공동브랜드 농산물 규격 포장재비 지원사업
[입찰대행] 2025년 기후 적응형 벼 안정생산 재배단지 조성 시범사업(농기계 구입),기후 적응형 벼 안정생산 재배단지 조성 시범사업
[입찰대행] 2025년 노동력 절감 벼 직파 재배단지 조성사업(농기계 구입),노동력 절감 벼 직파 재배단지 조성사업(농기계 구입)
[입찰대행] 2025년 소규모 스마트팜 모델 구축 시범사업(스마트팜 수경재배장치),소규모 스마트팜 모델 구축 시범사업
[입찰대행] 2025년 영농승계 청년농업인 육성 지원사업(농기계 구입),영농승계 청년농업인 육성 지원사업(농기계 구입)
[입찰대행] 2025년 이상기상 대응 다목적 공정육묘장 설치 시범사업,이상기상 대응 다목적 공정육묘장 설치 시범사업
[입찰대행] 2025년 청년4-H회원 우수과제 창업농 육성 사업(농업용 드론 구입),청년4-H회원 우수과제 창업농 육성 사업
[입찰대행] 2025년 청년농업인 맞춤형 창업 성공모델 지원사업,청년농업인 맞춤형 창업 성공모델 지원사업
"[입찰대행] 2025년 청년농업인 맞춤형 창업 성공모델 지원사업-자동사료급이기, CCTV, 환풍기 등",청년농업인 맞춤형 창업 성공모델 지원사업-자동사료급이기
[입찰대행] 2025년 청년농업인 스마트팜 자립기반 구축 지원사업,청년농업인 스마트팜 자립기반 구축 지원사업
[입찰대행] 2025년 파속채소 스마트 기계화 시범사업(농업기계 구입),파속채소 스마트 기계화 시범사업(농업기계 구입)
"[입찰대행] 기후변화 대응 복합기술 적용 콩 안정 생산단지 조성 농기계 구입(치즐쟁기, 퇴비살포기)",기후변화 대응 복합기술 적용 콩 안정 생산단지 조성 농
[입찰대행] 밥쌀용 고품질 신품종 생산 및 확대보급 시범사업 농기계 구입 (붐스프레이어),밥쌀용 고품질 신품종 생산 · 확대보급 시범사업 농기계
[입찰대행] 식량작물 신품종 종자 생산기반 단지 조성 시범사업(농기계 구입),식량작물 신품종 종자 생산기반 단지 조성 시범사업
[입찰대행] 제18회 한국후계농업경영인 강원도대회 행사기획 및 운영 용역,제18회 한국후계농업경영인 강원도대회 행사기획 · 운영
"[입찰대행] 특산자원 활용 중간소재(가루) 가공사업 건축,기계 공사","특산자원 활용 중간소재(가루) 가공사업 건축,기계 공사"
[입찰대행]2025년 가축 사료효율 및 생산성 향상 기술보급 시범사업 사료배합기 구매,가축 사료효율 · 생산성 향상 기술보급 시범사업 사료배
[입찰대행]2025년 고품질 참깨 신품종 조기확산 단지조성 시범사업(수확용건조기 구입),고품질 참깨 신품종 조기확산 단지조성 시범사업
[입찰대행]2025년 노동력 절감 벼 직파 재배단지 조성사업(농기계 구입),노동력 절감 벼 직파 재배단지 조성사업(농기계 구입)
[입찰대행]2025년 벼 소식재배 기술보급 시범사업 농기계 구입(소기업소상공인/충청북도제한),벼 소식재배 기술보급 시범사업 농기계 구입
[입찰대행]2025년 소규모 식품소재 및 반가공산업 육성사업 물품 구입(열성형진공포장기),소규모 식품소재 · 반가공산업 육성사업 물품 구입
[입찰대행]2025년 소규모 식품소재 및 반가공산업 육성사업 물품 구입(융복합 육류용 절단기),소규모 식품소재 · 반가공산업 육성사업 물품 구입
"[입찰대행]2025년 식량대전환 논이용이모작 생산시범사업 물품구입(밀콩이모작재배_농용콤바인, 콩파종기부착용 배토기)",식량대전환 논이용이모작 생산시범사업 물품구입
[입찰대행]2025년 식량작물 신품종 종자 생산 기반단지 조성 시범사업 물품 구입,식량작물 신품종 종자 생산 기반단지 조성 시범사업 물품
[입찰대행]2025년 이상 기상 대비 과수 시설재배 시범사업 공사,이상 기상 대비 과수 시설재배 시범사업 공사
[입찰대행]2025년 지역특화형 잡곡 신품종 원료곡 생산단지 조성 시범사업 농기계 구입(소기업소상공인/제천시제한),지역특화형 잡곡 신품종 원료곡 생산단지 조성 시범사업
[입찰대행]2025년 청년4-H회원 우수과제 창업농 육성 사업(농업용 드론구입),청년4-H회원 우수과제 창업농 육성 사업
[입찰대행]2025년 청년농업인 맞춤형 창업 성공모델 지원사업,청년농업인 맞춤형 창업 성공모델 지원사업
[입찰대행]2025년 탄소 저감 벼 재배기술 보급 시범사업 농기계 구입,탄소 저감 벼 재배기술 보급 시범사업 농기계 구입
[입찰대행]GAP인증 약초활용 다류 특산품 생산 시범사업 건축토목공사(제천시제한),GAP인증 약초활용 다류 특산품 생산 시범사업 건축토목
[입찰대행]기후 적응형 벼 안정생산 재배단지 조성 시범사업,기후 적응형 벼 안정생산 재배단지 조성 시범사업
[입찰대행]소비 다양화를 위한 가공기반 조성 지원사업 물품구입,소비 다양화를 위한 가공기반 조성 지원사업 물품구입
[입찰대행]소액공사 견적제출 안내공고_2025년 농촌자원복합산업화 지원사업_건축공사,소액공사 견적제출 안내공고_2025년 농촌자원복합산업화
[입찰대행]소액공사 견적제출 안내공고_2025년 농촌자원복합산업화 지원사업_전기공사,소액공사 견적제출 안내공고_2025년 농촌자원복합산업화
[입찰대행]소액공사 견적제출 안내공고_2025년 농촌자원복합산업화 지원사업_통신공사,소액공사 견적제출 안내공고_2025년 농촌자원복합산업화
[입찰대행]식량작물 신품종 종자생산 기반단지 조성 시범사업 물품구입(이식기),식량작물 신품종 종자생산 기반단지 조성 시범사업 물품구
[입찰대행]식량작물 신품종 종자생산 기반단지 조성 시범사업 물품구입[이식기],식량작물 신품종 종자생산 기반단지 조성 시범사업 물품구
[입찰대행]용도별 국내육성 보리품종 가공 연계 보급 활성화 시범사업(농기계 구입),용도별 국내육성 보리품종 가공 연계 보급 활성화 시범
[자산][입찰](바이오뱅크과-484)휴대용하드디스크저장장치(32),[입찰]휴대용하드디스크저장장치
[자산][입찰](생명과학연구기반과-905) 컴퓨터서버(7),[입찰](생명과학연구기반과-905) 컴퓨터서버(7)
[자산][입찰](생명과학연구기반과-980)컴퓨터서버(7),[입찰](생명과학연구기반과-980)컴퓨터서버(7)
[자산][입찰](심혈관질환연구과-824)컴퓨터서버(82),[입찰](심혈관질환연구과-824)컴퓨터서버(82)
"[자산][입찰](운영지원과-4483)SAN스위치(116,인수공통감염연구과)",[입찰]SAN스위치
"[자산][입찰](운영지원과-4483)컴퓨터서버(115,인수공통감염연구과)",[입찰]컴퓨터서버
"[자산][입찰](운영지원과-4483)하드디스크어레이(117,인수공통감염연구과)",[입찰]하드디스크어레이
"[자산][입찰]하드디스크어레이(117,인수공통감염연구과)","[입찰]하드디스크어레이(117,인수공통감염연구과)"
"[자산][중앙](운영지원과-1382)액체질소통(29,바이오뱅크과)",[중앙]액체질소통
"[자산][중앙](운영지원과-2361)형광현미경 (56, 심혈관질환연구과)",[중앙]형광현미경
"[자산][중앙](운영지원과-3138)시험관랙(29,바이오뱅크과)",[중앙]시험관랙
"[자산][중앙](운영지원과-3904)세포분석기(111,세균질환연구과)",[중앙]세포분석기
[자산수의] 양문형고압증기멸균기 부속(AQUAZERO VACUUM PUMP) 구매(생물안전평가과-572),양문형고압증기멸균기 부속 구매
[자산수의] 위험물방어의류(양압복) 8점_생물안전평가과-849,위험물방어의류(양압복) 8점_생물안전평가과-849
[자산수의](기후보건건강위해대비과-78) 회전형 흡연장치 풍속센서,(기후보건건강위해대비과-78) 회전형 흡연장치 풍속센서
[자산수의]Soap bubble flow meter 40-80ml(기후보건건강위해대비과-1210),Soap bubble flow meter 40-80ml
[자산수의]양문형고압멸균기 부속 2점_생물안전평가과-926,양문형고압멸균기 부속 2점_생물안전평가과-926
[자산입찰] 25년도 청주국제공항·제주국제공항 자동검역심사대 구축,25년도 청주국제공항·제주국제공항 자동검역심사대 구축
[장기계속] 경기남부경찰청 자치경찰사무 업무용 차량(36대) 임차 계약,경기남부경찰청 자치경찰사무 업무용 차량 임차 계약
[장기계속] 호소 수생태계 현황 조사 및 건강성 평가(2025-2027),호소 수생태계 현황 조사 · 건강성 평가
[재입찰]소액공사 견적제출 안내공고_하청면 서대마을 용수로(잔여구간) 정비공사,소액공사 견적제출 안내공고_하청면 서대마을 용수로 정비
[전자시담] 과학기술인 사회적 위상 확립 및 긍정 인식 확산 방안 연구,과학기술인 사회적 위상 확립 · 긍정 인식 확산 방안
[전자시담] 국제 협력 연구보안 특화교육 콘텐츠 개발·운영 연구,국제 협력 연구보안 특화교육 콘텐츠 개발·운영 연구
[전자시담] 새로운 환경변화에 대응하기 위한 해외센터 효율화 방안 연구,새로운 환경변화에 대응하기 위한 해외센터 효율화 방안
[전자시담] 첨단 과학기술기반의 전력분야 국가 에너지 안보 확립방안 연구,첨단 과학기술기반의 전력분야 국가 에너지 안보 확립방안
[전자시담] 호라이즌 유럽 추진현황 분석 및 개선방안 연구,호라이즌 유럽 추진현황 분석 · 개선방안 연구
"[정보,003] ’26년 질병관리청 정보화 공통기반 운영 및 유지관리 사업",’26년 질병관리청 정보화 공통기반 운영 · 유지관리
"[정보,009] 2026년 손상예방정책과 시스템 유지관리",손상예방정책과 시스템 유지관리
"[정보,012] 2026년 검역대 전산장비 및 소프트웨어 운영·유지관리 사업",검역대 전산장비 · 소프트웨어 운영·유지관리 사업
"[정보,018] 2026년 예방접종통합관리시스템 전산장비 유지관리 사업",예방접종통합관리시스템 전산장비 유지관리 사업
"[정보,019] 2026년 코로나19 예방접종시스템 유지관리 사업",코로나19 예방접종시스템 유지관리 사업
"[정보,032] 2026년 종합상황실 전산장비 유지관리 사업 ",종합상황실 전산장비 유지관리 사업
"[정보,033] 2026년 종합상황실 정보시스템 유지관리 사업",종합상황실 정보시스템 유지관리 사업
"[정보,035] 2026년 에이즈지원시스템 운영 및 유지관리사업",에이즈지원시스템 운영 · 유지관리사업
"[정보,038] 2026년 예방접종통합관리시스템 유지관리",예방접종통합관리시스템 유지관리
"[정보,039] 2026년 만성질환관리 정보시스템 유지관리",만성질환관리 정보시스템 유지관리
"[정보,041] 2026년 온열·한랭질환 감시관리 시스템 유지관리",온열·한랭질환 감시관리 시스템 유지관리
"[정보,042] 2026년 건강위해 통합정보시스템 유지관리",건강위해 통합정보시스템 유지관리
"[정보,044] 2026년 희귀질환통합정보관리시스템 운영 및 유지관리",희귀질환통합정보관리시스템 운영 · 유지관리
"[정보,048] 25년 희귀질환 통합정보관리시스템 운영 및 유지관리 (수의시담)",25년 희귀질환 통합정보관리시스템 운영 · 유지관리
"[정보,066] 2025년 정보보안 진단 및 취약점 점검 사업",정보보안 진단 · 취약점 점검 사업
"[정보,079] 2025년 손상예방정책과 시스템 유지관리 사업",손상예방정책과 시스템 유지관리 사업
"[정보,093] 2025년 방제지리정보시스템 유지관리 및 기능 최적화",방제지리정보시스템 유지관리 · 기능 최적화
"[정보,093] 2025년 방제지리정보시스템 유지관리 및 기능 최적화 (수의시담)",방제지리정보시스템 유지관리 · 기능 최적화 (수의시담)
"[정보,116] 2025년 에이즈지원시스템 기능개선 사업",에이즈지원시스템 기능개선 사업
"[정보,116] 2025년 에이즈지원시스템 기능개선 사업 (수의시담)",에이즈지원시스템 기능개선 사업 (수의시담)
"[정보,146] 2025 만성질환관리 정보시스템 기능개선",2025 만성질환관리 정보시스템 기능개선
"[정보,149] 감염병 병원체 유전정보 통합 관리분석 시스템 최적화 및 확대 구축",감염병 병원체 유전정보 통합 관리분석 시스템 최적화
"[정보,152] 2025년 만성질환관리국 정보시스템 기능개선 감리용역",만성질환관리국 정보시스템 기능개선 감리용역
"[정보,152] 2025년 만성질환관리국 정보시스템 기능개선 감리용역 (수의시담)",만성질환관리국 정보시스템 기능개선 감리용역 (수의시담)
"[정보,162] 2025년 결핵통합관리시스템 개인정보 영향평가",결핵통합관리시스템 개인정보 영향평가
"[정보,173] 항생제 적정 사용관리(ASP) 시스템 개발",항생제 적정 사용관리(ASP) 시스템 개발
"[정보,182] 차세대 예방접종통합관리시스템 구축 정보시스템 감리",차세대 예방접종통합관리시스템 구축 정보시스템 감리
"[정보,184] 생물안전관리 통합플랫폼 운영 및 유지관리 용역",생물안전관리 통합플랫폼 운영 · 유지관리 용역
[정보화/중앙/바이오빅데이터과] CODA 재해복구시스템(DR) 구축을 위한 정보화 컨설팅,[정보화/중앙/바이오빅데이터과] CODA 재해복구시스템
[정보화/중앙/바이오빅데이터과] OPENKOGES 연구자 활용 플랫폼 운영사업,[정보화/중앙/바이오빅데이터과] OPENKOGES 연구
[정보화/중앙/바이오빅데이터과] 보건의료바이오빅데이터 공유활용원격분석 플랫폼 운영,[정보화/중앙/바이오빅데이터과] 보건의료바이오빅데이터
[정보화/중앙/바이오빅데이터과] 보건의료연구자원정보센터(CODA) 클라우드 운영,[정보화/중앙/바이오빅데이터과] 보건의료연구자원정보센터
[정보화] 2025~2026년 의과학지식센터 인프라 운영지원 및 유지관리 사업,2025~2026년 의과학지식센터 인프라 운영지원
[정보화] 2025년 미래의료연구 코호트 운영시스템 유지관리,미래의료연구 코호트 운영시스템 유지관리
[정보화] 2025년 보건의료연구자원정보센터 정보관리실 인프라운영 및 유지관리,보건의료연구자원정보센터 정보관리실 인프라운영 · 유지관
[정보화] 2025년 의과학지식정보시스템 운영지원 및 유지관리,의과학지식정보시스템 운영지원 · 유지관리
[정보화] 2025년 임상연구관리시스템 유지관리 및 운영,임상연구관리시스템 유지관리 · 운영
[정보화] 2025년 헬스케어 인공지능 분석시스템 유지관리 및 운영,헬스케어 인공지능 분석시스템 유지관리 · 운영
[정보화] 2026년 생명윤리법 관련기관 관리시스템 유지관리,생명윤리법 관련기관 관리시스템 유지관리
[정보화] 2026년 연구과제종합관리시스템 유지관리 사업,연구과제종합관리시스템 유지관리 사업
[정보화] 2026년 재생의료 안전관리정보시스템 운영 및 유지관리,재생의료 안전관리정보시스템 운영·유지관리
[정보화] 2026년 헬스케어 인공지능 분석시스템 유지관리 및 운영 지원,헬스케어 AI 분석시스템 유지관리·운영
[정보화] 국립보건연구원 대표누리집 통합 및 개편(영문포함),국립보건연구원 대표누리집 통합·개편
[정보화] 보건의료연구자원정보시스템(CODA) 다중오믹스정보 등록·기탁·분양  기능개선,보건의료연구자원시스템 다중오믹스 기능개선
[정보화] 보건의료연구자원정보시스템(CODA) 및 다중오믹스 분석 운영.유지관리,보건의료연구자원시스템·다중오믹스 운영·유지관리
[정보화] 인체 마이크로바이옴 통합 데이터베이스 및 분석시스템 운영.유지관리,인체 마이크로바이옴 통합DB·분석시스템 운영
[정보화] 한국인체자원은행네트워크(KBN) 공유·개방플랫폼 고도화 정보화전략계획 수립,인체자원은행네트워크 플랫폼 고도화 ISP 수립
"[정책,007] 흡연 기인 사망 및 사회경제적부담 산출 연구(2026)",흡연 기인 사망·사회경제적부담 산출 연구
"[정책,021] 국민건강영양조사 제10기 2차년도(2026) 구강검사 질관리",국민건강영양조사 구강검사 질관리
"[정책,023] 국민건강영양조사 온라인 식품섭취조사 이해도 조사 및 가정식 식품재료량 조사 도구 제작",국민건강영양조사 식품섭취 조사도구 제작
"[정책,024] 2026년 국민건강영양조사 기반의 추적조사 ",국민건강영양조사 기반 추적조사
"[정책,025] 2026년 국민건강영양조사 음식업소 음식별 식품재료량 데이터베이스 구축",국민건강영양조사 음식별 식품재료량 DB 구축
"[정책,026] 국민건강영양조사 제10기 2차년도(2026) 신체활동량 측정조사 운영 및 질관리 ",국민건강영양조사 신체활동량 측정조사 질관리
"[정책,036] 국내 항균제 내성균 수집센터 운영 및 내성현황 조사",국내 항균제 내성균 수집센터 운영·조사
"[정책,037] 국내 항균제 내성균 분석센터 운영 및 특성 분석",국내 항균제 내성균 분석센터 운영·분석
"[정책,040] 2026 흡연폐해 조사·연구 성과 통합 연구",흡연폐해 조사·연구 성과 통합 연구
"[정책,043] 병원발생 패혈증 심층조사 및 중증 패혈증 관리기반 정립",병원발생 패혈증 심층조사·관리기반 정립
"[정책,049] 국민건강영양조사 제10기(2025-2027) 검진조사 현장수행 관리(수의시담)",국민건강영양조사 검진조사 현장수행 관리
"[정책,050] 국민건강영양조사 제10기(2025-2027) 폐기능검사 질관리 (수의시담)",국민건강영양조사 폐기능검사 질관리
"[정책,052] 패혈증 관리 프로그램 확대운영 및 관리방안 마련",패혈증 관리 프로그램 확대운영·방안 마련
"[정책,057] 국가관리대상 희귀질환 질병정보 컨텐츠 개발",국가관리 희귀질환 질병정보 컨텐츠 개발
"[정책,058] 유전상담 교육 교재 제작 및 교육 과정 운영 방안 마련",유전상담 교육교재 제작·과정 운영방안
"[정책,058] 유전상담 교육 교재 제작 및 교육 과정 운영 방안 마련 (수의시담)",유전상담 교육교재 제작·과정 운영방안
"[정책,059] 원인미상 건강위해사건 역학조사 심화 교육과정 개발 및 운영",원인미상 건강위해 역학조사 교육과정 개발
"[정책,059] 원인미상 건강위해사건 역학조사 심화 교육과정 개발 및 운영 (수의시담)",원인미상 건강위해 역학조사 교육과정 개발
"[정책,062] 2025년 다자기구 회의 감염병 분야 의제 대응 전략 연구 (수의시담)",다자기구 감염병 의제 대응전략 연구
"[정책,063] 제2차 기후보건영향평가 지표 개발, 평가체계 정립 및 정책 활용방안 연구",기후보건영향평가 지표 개발·정책 활용연구
"[정책,064] 건강위해 예방 및 관리를 위한 로드맵 구축 연구",건강위해 예방·관리 로드맵 구축 연구
"[정책,065] 신생아중환자실 의료관련감염 감시체계 자료 타당도 및 신뢰도 조사",신생아중환자실 의료관련감염 감시 타당도조사
"[정책,065] 신생아중환자실 의료관련감염 감시체계 자료 타당도 및 신뢰도 조사 (수의시담)",신생아중환자실 의료관련감염 감시 타당도조사
"[정책,068] 투시조영촬영 진단참고수준 마련 및 유효선량 평가",투시조영촬영 진단참고수준·유효선량 평가
"[정책,070] 아동건강행태조사 체계 구축 및 항목 개발",아동건강행태조사 체계 구축·항목 개발
"[정책,072] 2025년 국민건강영양조사 가정식 식품재료량 데이터베이스 구축",국민건강영양조사 가정식 식품재료량 DB 구축
"[정책,075] 희귀질환 안심출산 지원체계 구축 및 교육자료 개발 연구",희귀질환 안심출산 지원체계·교육자료 개발
"[정책,076] 원인불명 집단발병 대비 사건기반 및 증후군 감시 시범운영체계 마련",원인불명 집단발병 증후군 감시체계 마련
"[정책,077] 제3차 ｢국가 항생제 내성 관리 대책(2026～2030)｣ 수립을 위한 전략 및 지표 개발 연구",국가 항생제 내성 관리대책 전략·지표 개발
"[정책,084] 후천성면역결핍증 예방법 전면개정에 대한 연구",후천성면역결핍증 예방법 전면개정 연구
"[정책,084] 후천성면역결핍증 예방법 전면개정에 대한 연구 (수의시담)",후천성면역결핍증 예방법 전면개정 연구
"[정책,086] 모기·진드기매개감염병 예방홍보 콘텐츠 개발",모기·진드기매개감염병 예방홍보 콘텐츠 개발
"[정책,087] 말라리아 퇴치를 위한 고위험지역 관리방안 마련",말라리아 퇴치 고위험지역 관리방안 마련
"[정책,088] 한국형 원헬스 공동실행계획 세부 실행계획 마련",한국형 원헬스 공동실행 세부계획 마련
"[정책,089] 국내 소아청소년의 항생제 사용 적정성 및 적정사용 관리(ASP) 활동 현황 실태조사",소아청소년 항생제 사용 적정성 실태조사
"[정책,089] 국내 소아청소년의 항생제 사용 적정성 및 적정사용 관리(ASP) 활동 현황 실태조사 (수의시담)",소아청소년 항생제 사용 적정성 실태조사
"[정책,090] 항생제 적정사용 관리(ASP) 보수교육과정 개발",항생제 적정사용 관리 보수교육과정 개발
"[정책,090] 항생제 적정사용 관리(ASP) 보수교육과정 개발 (수의시담)",항생제 적정사용 관리 보수교육과정 개발
"[정책,091] SFTS 환자 조기인지를 위한 의료기관 종사자 교육·홍보",SFTS 환자 조기인지 의료종사자 교육·홍보
"[정책,092] 2025년 원헬스 기반의 인수공통감염병 연차보고서 발간 연구",원헬스 인수공통감염병 연차보고서 발간
"[정책,092] 2025년 원헬스 기반의 인수공통감염병 연차보고서 발간 연구 (수의시담)",원헬스 인수공통감염병 연차보고서 발간
"[정책,098] 표준화된 항생제 정보 관리·지원 프로그램 개발",표준화 항생제 정보 관리·지원 프로그램 개발
"[정책,098] 표준화된 항생제 정보 관리·지원 프로그램 개발 (수의시담)",표준화 항생제 정보 관리·지원 프로그램 개발
"[정책,100] 의인성 CJD 감시체계 구축 방안 연구 (수의시담)",의인성 CJD 감시체계 구축방안 연구
"[정책,101] 수술실 감염관리 자문도구 개발 연구 (수의시담)",수술실 감염관리 자문도구 개발 연구
"[정책,102] 효율적 암 역학조사를 위한 국가암검진 통계 활용 방안 마련 (수의시담)",암 역학조사 국가암검진 통계 활용방안
"[정책,103] 신종감염병 인포데믹 대응을 위한 디지털 플랫폼 협력 모델 연구",신종감염병 인포데믹 디지털 플랫폼 협력연구
"[정책,106] 다제내성결핵  치료 신약을 적용한 관리 체계 개선 연구",다제내성결핵 신약 적용 관리체계 개선연구
"[정책,106] 다제내성결핵  치료 신약을 적용한 관리 체계 개선 연구 (수의시담)",다제내성결핵 신약 적용 관리체계 개선연구
"[정책,107] 국내 일반인구의 잠복결핵감염률 모니터링을 위한 추정 모델 개발",일반인구 잠복결핵감염률 추정모델 개발
"[정책,107] 국내 일반인구의 잠복결핵감염률 모니터링을 위한 추정 모델 개발 (수의시담)",일반인구 잠복결핵감염률 추정모델 개발
"[정책,108] K-TB-N 코호트를 활용한 결핵 발생·사망 예측, 감시체계 및 경제성 평가",K-TB-N 코호트 결핵 발생·사망 예측 감시
"[정책,109] 희귀질환 등록지침 개정 및 교육자료 개발연구 (수의시담)",희귀질환 등록지침 개정·교육자료 개발
"[정책,110] 간호조무사 대상 감염관리 교육자료 개발 연구",간호조무사 감염관리 교육자료 개발 연구
"[정책,111] 한국형 예측 네트워크(Forecast Hub) 구축을 위한 기획연구",한국형 예측 네트워크 구축 기획연구
"[정책,112] 동물인플루엔자 인체 감염 대유행 대비를 위한 시공간 시뮬레이션 프로토타입 모델 개발",동물인플루엔자 인체감염 시뮬레이션 모델 개발
"[정책,112] 동물인플루엔자 인체 감염 대유행 대비를 위한 시공간 시뮬레이션 프로토타입 모델 개발 (수의시담)",동물인플루엔자 인체감염 시뮬레이션 모델 개발
"[정책,113] 국외사례 고찰을 통한 국내 표본감시 감염병 사망신고 체계 개선 방안 마련",표본감시 감염병 사망신고 체계 개선방안
"[정책,114] HIV 노출 전 예방요법(PrEP) 수요자 추계 타당도 검증 및 질병부담 연구",HIV 예방요법 수요자 추계·질병부담 연구
"[정책,114] HIV 노출 전 예방요법(PrEP) 수요자 추계 타당도 검증 및 질병부담 연구 (수의시담)",HIV 예방요법 수요자 추계·질병부담 연구
"[정책,115] 한국형 노인노쇠 예방사업 모델 개발 (수의시담)",한국형 노인노쇠 예방사업 모델 개발
"[정책,117] 예방접종 피해보상 기준 개선 연구 (수의시담)",예방접종 피해보상 기준 개선 연구
"[정책,118] 항생제 적정사용 구현을 위한 다빈도 감염증의 항생제 사용 현장 지침 개발",다빈도 감염증 항생제 사용 현장지침 개발
"[정책,118] 항생제 적정사용 구현을 위한 다빈도 감염증의 항생제 사용 현장 지침 개발 (수의시담)",다빈도 감염증 항생제 사용 현장지침 개발
"[정책,121] 감염관리 영역 평가 거버넌스 구축방안 연구",감염관리 영역 평가 거버넌스 구축방안 연구
"[정책,121] 감염관리 영역 평가 거버넌스 구축방안 연구 (수의시담)",감염관리 영역 평가 거버넌스 구축방안 연구
"[정책,123] 인플루엔자 유행기준 개선 및 코로나19 유행기준 마련",인플루엔자·코로나19 유행기준 개선·마련
"[정책,124] 바이오신기술 적용 유전자변형생물체의 인체위해성 평가ㆍ관리 대응 전략연구",유전자변형생물체 인체위해성 평가·관리 연구
"[정책,125] 우수 감염병 병원체 확인기관 시범평가 및 발전방향 연구",우수 감염병 병원체 확인기관 시범평가 연구
"[정책,125] 우수 감염병 병원체 확인기관 시범평가 및 발전방향 연구 (수의시담)",우수 감염병 병원체 확인기관 시범평가 연구
"[정책,126] 말라리아 위험지역 평가 도구 개발 및 표준화 대응 전략 방안 마련",말라리아 위험지역 평가도구 개발·표준화
"[정책,127] 말라리아 환자 조기진단을 위한 의료인 교육",말라리아 환자 조기진단 의료인 교육
"[정책,127] 말라리아 환자 조기진단을 위한 의료인 교육 (수의시담)",말라리아 환자 조기진단 의료인 교육
"[정책,131] 국제보건규칙 개정 이행을 위한 국내ㆍ외 사례조사 연구",국제보건규칙 개정 이행 국내외 사례조사
"[정책,134] 질병관리청 조직진단 및 중장기 조직 강화방안 연구",질병관리청 조직진단·중장기 강화방안 연구
"[정책,135] 2025년 국산 탄저백신 원가 산정 용역 (수의시담)",국산 탄저백신 원가 산정
"[정책,136] 몽골 감염병대응 공조강화 ODA 사업 중간평가",몽골 감염병대응 ODA 사업 중간평가
"[정책,141] 감염병 대응 인력 양성 및 정보시스템 개선의 사회경제적 효과 분석",감염병 대응 인력양성·시스템 효과 분석
"[정책,142] 국민건강영양조사 제10기 1차년도(2025) 구강검사 질관리",국민건강영양조사 구강검사 질관리
"[정책,142] 국민건강영양조사 제10기 1차년도(2025) 구강검사 질관리 (수의시담)",국민건강영양조사 구강검사 질관리
"[정책,143] 이상기후에 따른 전향적 건강조사 도구 개발",이상기후 전향적 건강조사 도구 개발
"[정책,148] 현장 중심의 항생제 적정사용 관리(ASP) 시범사업 평가 체계 구축",항생제 적정사용 관리 시범사업 평가체계 구축
"[정책,148] 현장 중심의 항생제 적정사용 관리(ASP) 시범사업 평가 체계 구축 (수의시담)",항생제 적정사용 관리 시범사업 평가체계 구축
"[정책,154] 2025년 두창 치료제 국가비축전략 연구용역",두창 치료제 국가비축전략 연구
"[정책,160] 지역사회기반 중증외상자료를 활용한 지역사회 예방가능 외상사망률 산출 및 감소 방안 연구",중증외상자료 예방가능 외상사망률 산출연구
"[정책,160] 지역사회기반 중증외상자료를 활용한 지역사회 예방가능 외상사망률 산출 및 감소 방안 연구 (수의시담)",중증외상자료 예방가능 외상사망률 산출연구
"[정책,163] 제1차 손상관리종합계획 ’26년 시행계획 수립 지원 및 정책컨설팅",손상관리종합계획 시행계획 수립 지원
"[정책,165] 코로나19로 인한 공중보건 위기 시 건강 취약계층(기저질환자)의 사망위험 및 의료비 증감 요인 분석",코로나19 건강취약계층 사망위험·의료비 분석
"[정책,165] 코로나19로 인한 공중보건 위기 시 건강 취약계층(기저질환자)의 사망위험 및 의료비 증감 요인 분석 (수의시담)",코로나19 건강취약계층 사망위험·의료비 분석
"[정책,167] 수인성ㆍ식품매개감염병 질병부담 평가체계 구축",수인성·식품매개감염병 질병부담 평가체계
"[정책,168] 침습성 A군 연쇄구균 감염증 교육·홍보 자료 개발",침습성 A군 연쇄구균 감염증 교육자료 개발
"[정책,169] 바이러스 간염(B형ㆍC형) 관리 강화를 위한 전략 개발 연구",바이러스 간염 관리 강화 전략 개발연구
"[정책,169] 바이러스 간염(B형ㆍC형) 관리 강화를 위한 전략 개발 연구 (수의시담)",바이러스 간염 관리 강화 전략 개발연구
"[정책,181] 미래 공중보건 인력을 위한 공중보건기관 실습 프로그램 개발 연구",공중보건기관 실습 프로그램 개발 연구
"[정책,183] 항생제 적정사용 관리(ASP) 활성화를 위한 협업 네트워크 마련",항생제 적정사용 관리 협업 네트워크 마련
"[정책,183] 항생제 적정사용 관리(ASP) 활성화를 위한 협업 네트워크 마련 (수의시담)",항생제 적정사용 관리 협업 네트워크 마련
[정책] 2025년 국립보건연구원 국가연구개발사업 성과조사 및 종합적 성과분석,국립보건연구원 R&D 성과조사·종합분석
[정책] 2025년 국립보건연구원 특허성과 분석 및 실용화 지원,국립보건연구원 특허성과 분석·실용화 지원
[정책] 2026년 국립보건연구원 국가연구개발사업 전략계획서수립 및 성과조사 등 종합적 성과분석,국립보건연구원 R&D 전략계획·성과분석
[정책] 2026년도 국립보건연구원 연구성과 실용화를 위한 맞춤형 전략마련 지원,국립보건연구원 연구성과 실용화 전략 지원
[정책] 결핵 코호트 연구 데이터 활용 제고를 위한 통합 데이터베이스 구축,결핵 코호트 연구 통합 데이터베이스 구축
[정책] 국립감염병연구소 국제협력 신규플랫폼 구축 및 이행전략 마련,국립감염병연구소 국제협력 플랫폼 구축
[정책] 뇌졸중 환자 재활분야 장기추적조사 2기 연구(2단계),뇌졸중 환자 재활 장기추적조사 2기 연구
[정책] 대용량 데이터 분석·활용을 위한 이용료 산출 연구,대용량 데이터 분석·활용 이용료 산출연구
[정책] 신종감염병 대유행 대비 임무중심 R&D 총괄기획 및 다부처 협력방안연구,신종감염병 대유행 R&D 총괄기획·협력연구
[정책] 유형별 만성신장병 환자 장기 추적 코호트 연구(3기),만성신장병 환자 장기추적 코호트 연구
[정책] 임상연구정보서비스(CRIS)의 활성화 및 중장기 계획 마련,임상연구정보서비스 활성화·중장기 계획
[정책] 제2차 질병관리R&D 중장기 계획(23-27) 이행을 위한 2026년도 세부실행방안 마련,질병관리R&D 중장기계획 세부실행방안 마련
[정책] 제4차 국가 감염병 위기대응 기술개발 추진전략(`27~`31) 수립 연구,국가 감염병 위기대응 기술개발 추진전략
[정책] 첨단재생의료 임상연구 이상반응 관리체계 개선방안 연구,첨단재생의료 임상연구 이상반응 관리 개선
[정책] 첨단재생의료 임상연구 장기추적 실행방안 시범사업,첨단재생의료 임상연구 장기추적 시범사업
[정책] 첨단재생의료 임상연구 장기추적 체계 개선방안 연구,첨단재생의료 임상연구 장기추적 개선연구
[정책] 첨단재생의료실시기관 관리·감독을 위한 현장 실태조사 및 개선방안 연구(2024년도),첨단재생의료실시기관 실태조사·개선연구
[정책] 첨단재생의료실시기관 관리‧감독을 위한 실태조사 및 관리방안 연구(2026년도),첨단재생의료실시기관 실태조사·관리방안
[정책] 한국인 유전자발현조절 연구를 위한 단백체정보 생산,한국인 유전자발현조절 단백체정보 생산
[정책]뇌졸중 환자 재활분야 장기추적조사 2기 연구(2단계),뇌졸중 환자 재활 장기추적조사 2기 연구
[정책]한국인 유전자발현조절 연구를 위한 단백체정보 생산 (II),한국인 유전자발현조절 단백체정보 생산
[조달수의] 공항만 오하수 기반 감염병 감시사업 검사장비 구매,공항만 오하수 감염병 감시 검사장비 구매
[조합추천 소액수의] 서울지방우정청 주소용 라벨지 연간 단가 구매 계약(2025년도),서울지방우정청 주소용 라벨지 구매
[중개] 뇌병변 장애인의 상지 기능 향상을 위한 모듈형 상지 재활로봇 중개연구,뇌병변 장애인 모듈형 상지 재활로봇 연구
[중개] 뇌졸중 대상 상지재활에 있어 고유수용성 및 생체정보 기반 재활로봇 중개연구,뇌졸중 상지재활 재활로봇 중개연구
[중개] 상지 또는 하지 재활로봇의 임상적 효과에 대한 중개연구,상지·하지 재활로봇 임상효과 중개연구
[중개] 장애인의 보행을 지원하는 재활로봇 고도화 및 인허가,장애인 보행지원 재활로봇 고도화·인허가
[중개] 전기자극을 이용한 재활로봇 기술 고도화 및 인허가를 위한 중개연구,전기자극 재활로봇 기술 고도화·인허가
[중개] 중추신경계 손상장애인을 위한 손 재활로봇 및 손 보조로봇의 중개연구,중추신경계손상 손 재활·보조로봇 중개연구
[중개] 지역사회에서 활용 가능한 하지 또는 체간 재활로봇 고도화 및 인허가를 위한 중개연구,지역사회 하지·체간 재활로봇 고도화
[중개] 파킨슨병 환자를 위한 하지 보행재활로봇의 임상적 효과에 대한 중개연구,파킨슨병 하지보행재활로봇 임상효과 연구
[중개] 평가·측정이 가능한 신경재활 및 운동학습 모델 기반 상지재활로봇의 고도화 및 시험검사,신경재활 모델 기반 상지재활로봇 고도화
[지원] ICF 기반 재활 평가도구 선정 프로토콜의 임상현장 적용을 위한 검증 연구,ICF 기반 재활 평가도구 임상적용 검증연구
[지원] 건강정보 취약 장애인을 위한 동영상 콘텐츠 및 교육 지도안 개발 연구,건강정보 취약 장애인 동영상 콘텐츠 개발
[지원] 사용자 데이터를 기반으로 하는 허리통증 완화를 위한 재활운동용 의자 개발,허리통증 완화 재활운동용 의자 개발
[지원] 사용자의 재활과 일상적 활용성을 고려한 탈부착형 이원추진장치 기술 개발,탈부착형 이원추진장치 기술 개발
[지원] 장애인 가산을 위한 의료서비스 수가 개선 방안 연구,장애인 가산 의료서비스 수가 개선방안
[지원] 증강현실(AR) 기술을 활용한 신경계 질환 대상자 재활 훈련 콘텐츠 개발 연구,AR 활용 신경계질환 재활훈련 콘텐츠 개발
[지원]사용자의 재활과 일상적 활용성을 고려한 장치 개발 (휠체어 사용자를 위한 이원추진장치 부착 범용 휠 개발),휠체어용 이원추진장치 부착 범용 휠 개발
[추경 2차] 2025년 산불진화임도 설치사업 시공감리용역(남해삼동봉화 4지구),산불진화임도 설치 시공감리(남해삼동봉화)
[추경2차] 2025년 산불진화임도 설치사업(남해삼동봉화 4지구),산불진화임도 설치(남해삼동봉화 4지구)
[추경] 2025년 임도구조개량사업 시공감리용역(거창남하양항_추경2차),임도구조개량 시공감리(거창남하양항)
[추경] 2025년 임도구조개량사업 시공감리용역(함양휴천월평),임도구조개량 시공감리(함양휴천월평)
[품질]2025년 1분기 안전성 분석(잔류농약 등)소모품 조달 구매,안전성 분석 소모품 조달 구매
"[학부]전통조경학과 실험실습기자재(1차, 실험실용배기기)",전통조경학과 실험실습기자재(배기기)
"[학부]전통조경학과 실험실습기자재(3차, 초정밀 3D스캐너)",전통조경학과 실험실습기자재(3D스캐너)
[학술] 감염병 국가지원 연구자 임상시험 수요조사 및  발전 방향 등 기획연구,감염병 연구자 임상시험 수요조사 기획연구
[학술] 결핵 국제협력연구 네트워크 기반 구축 전략 연구,결핵 국제협력연구 네트워크 구축 전략연구
[학술] 고위험 바이러스 치료제 개발을 위한 핵산치료제 후보물질 효능 평가,고위험 바이러스 핵산치료제 후보물질 평가
[학술] 고효능 치료용 항체 개발을 위한 AI 기반 호흡기바이러스 항원 발굴 및 평가법 확립 연구,AI 기반 호흡기바이러스 항원 발굴 연구
[학술] 국립노화연구소 설립 및 운영을 위한 기본계획 수립,국립노화연구소 설립·운영 기본계획 수립
[학술] 국립보건연구원 R&D 관련 현행 법률 분석 및 제.개정안 마련 연구,국립보건연구원 R&D 법률 분석·제개정 연구
[학술] 나노기반 항체-약물 접합체 항바이러스 후보물질 개발,나노기반 항체-약물접합체 항바이러스 개발
[학술] 만성 코로나19증후군 극복을 위한 후속사업 기획 연구,만성 코로나19증후군 후속사업 기획연구
[학술] 메르스 치료용 항체의 비임상 안전성 확보를 위한 독성동태학 및 항약물항체 평가,메르스 치료용 항체 비임상 안전성 평가
[학술] 보건 빅데이터 활용 간염 바이러스 환자 특성 분석 연구,보건 빅데이터 간염 환자 특성 분석연구
[학술] 산불피해 이재민의 장단기 건강 영향조사 모델 개발 및 시범 연구,산불피해 이재민 건강영향조사 모델 개발
[학술] 생애전주기 비만 예방관리연구 로드맵 구축 및 전문가 포럼 운영,생애전주기 비만 예방관리 로드맵·포럼
[학술] 소아 마크로라이드 내성 마이코플라스마 폐렴 치료제의 다기관 임상시험 기획연구,소아 마이코플라스마 폐렴 치료제 임상기획
[학술] 한국형 치매 뇌조직 RNA Data 생산 및 분석연구,한국형 치매 뇌조직 RNA Data 생산·분석
[학술] 희귀심혈관질환 원인 후보 유전자 조작 제브라피쉬 모델 제작 및 표현형 분석,희귀심혈관질환 유전자 제브라피쉬 모델 분석
[협상에의한 계약]안성맞춤 신활력플러스 아카데미 3기용역,안성맞춤 신활력플러스 아카데미 3기
`25~`27년도 환경방사선/능 감시망 연구기자재 유지보수,환경방사선능 감시망 연구기자재 유지보수
`25~`27년도 환경방사선/능 감시망 운영 정보시스템 통합 유지관리,환경방사선능 감시망 정보시스템 유지관리
`25년 야생조류 조류인플루엔자(AI) 진단을 위한 소모품 구매,야생조류 조류인플루엔자 진단 소모품 구매
`25년 행정타운 흡수식 냉동기 등 세관 및 일반정비 공사(견적입찰),행정타운 흡수식 냉동기 세관·정비 공사
dsDNA HS and BR assay kit 등 총 62종,dsDNA HS·BR assay kit 등 62종
mRNA 백신의 선천면역 제어를 위한 RNA 비번역부위(UTR) 최적화 연구,mRNA 백신 RNA 비번역부위 최적화 연구
mSLC25A46 발현 AAV vector 제작 및 바이러스 패킹/정제,mSLC25A46 발현 AAV vector 제작·정제
macOS 환경에서 통합 로그 데이터(ULD) 분석기법 연구,macOS 통합 로그 데이터 분석기법 연구
‘24년도 원자력기금 원자력안전규제계정 사업비 위탁정산 용역,원자력안전규제계정 사업비 위탁정산
‘25년 국도77호선 해남 화산 해창 등 11개소 절토사면 정밀안전점검용역,국도77호선 해남 등 11개소 사면 점검
‘25년 야생동물 질병 검사기법 표준화를 위한 표준물질 확보 용역,야생동물 질병 검사기법 표준물질 확보
‘25년도 특사경 디지털포렌식 SW 및 전문장비 유지보수 사업,특사경 디지털포렌식 SW·장비 유지보수
‘26년 교정공무원 심리상담(마음나래) 프로그램 운영 용역 ,교정공무원 심리상담 프로그램 운영
’25년 국도13호선 나주 장산지구 등 6개소 절토사면 정밀점검용역,국도13호선 나주 등 6개소 사면 점검
’25년 국도1호선 무안 평용지구 등 7개소 절토사면 정밀점검용역,국도1호선 무안 등 7개소 사면 점검
’25년 국도77호선 영광 상계지구 등 5개소 옹벽 정밀점검 및 성능평가용역,국도77호선 영광 등 5개소 옹벽 점검
’25년 디지털포렌식 필수장비(분석용 워크스테이션) 구매,디지털포렌식 분석용 워크스테이션 구매
’26년 역량평가 과제개발 및 업무실적 평가도구 개발 운영,역량평가 과제·업무실적 평가도구 개발
〈2025 국보순회전 모두의 곁으로〉전시품 포장 및 운송 용역,국보순회전 모두의 곁으로 포장·운송
〈2025 국보순회전: 모두의 곁으로〉 전시 행사 개최 용역,국보순회전 모두의 곁으로 전시 개최
〈2025 국보순회전: 모두의 곁으로〉전시품 포장 및 운송 용역,국보순회전 모두의 곁으로 포장·운송
"《광복80주년 기념 향수, 고향을 그리다》 작품 운송 및 설치 철거",광복80주년 향수 작품 운송·설치 철거
《대한민국예술원 LA 특별전》 전시품 포장·운송·설치 용역,대한민국예술원 LA 특별전 포장·운송·설치
《올해의 작가상 2025》영상장비 대여 및 설치 철거 유지보수,올해의 작가상 2025 영상장비 대여·설치
"《초현실주의와 한국근대미술》 작품 운송 및 설치, 철거‧반출",초현실주의와 한국근대미술 작품 운송·설치
「2025 춘천 반려동물 페스티벌」대행 용역(협상에 의한 계약),춘천 반려동물 페스티벌 대행 용역
「2025. 춘천 술 페스타」 행사기획 및 운영 용역[협상에 의한 계약],춘천 술 페스타 행사기획·운영
「2025년 국내육성 신품종 채종기술 보급 시범사업」 저온저장고 구입(입찰대행),신품종 채종기술 시범 저온저장고 구입
「2025년 국내육성 신품종 채종기술 보급 시범사업」관리기 구입,신품종 채종기술 시범 관리기 구입
"「2025년 병해충(탄저병,토마토뿔나방) 약제 지원사업」약제구입 입찰공고(입찰대행)",병해충 약제 지원사업 약제구입
「2025년 업종별 임금체계 개선 확산지원 사업」 운영기관 모집공고,업종별 임금체계 개선 운영기관 모집
「2025년 제2회 춘천 복숭아 페스티벌」행사기획 및 운영 용역,춘천 복숭아 페스티벌 행사기획·운영
「2025년 제7차 한-아세안 싱크탱크 전략대화」 행사 대행업체 입찰,한-아세안 싱크탱크 전략대화 행사 대행
「2025년 춘천시 농부의 장터(아파트단지 편)」행사기획 및 운영용역,춘천시 농부의 장터 행사기획·운영
「2025년 한우 배합사료 화식기술 시범사업」 TMF 화식 사료배합기 구입(민간대행),한우 배합사료 화식 사료배합기 구입
「2026년 신문·방송뉴스 저작권 이용 및 스크랩 대행」용역사업,신문·방송뉴스 저작권 이용·스크랩 대행
「AI 기반 위험선별시스템」 성과분석 및  고도화 방안 연구,AI 위험선별시스템 성과분석·고도화 연구
「BIO KOREA 2025」 국립보건연구원 전시부스 설치 및 운영,BIO KOREA 2025 국립보건연구원 전시부스 운영
「강진 만덕산 백련사와 다산초당 일원」 명승 지정 기념행사 용역,강진 만덕산 백련사·다산초당 명승지정 기념행사
「광복 이후 한국 건축유산 보존의 흐름과 과제」 학술대회 대행,광복 이후 한국 건축유산 보존 학술대회
「국내육성 신품종 채종기술 보급 시범사업」 채종하우스 설치공사 변경공고(입찰대행),신품종 채종하우스 설치공사
「납북자·억류자·국군포로 문제 국제 공감대 확산」프로그램 및 행사위탁 용역,납북자·억류자·국군포로 국제공감대 프로그램
「라오스 문화자원 관리 및 문화콘텐츠 개발 역량강화 지원」 사업 운영 용역 계약,라오스 문화자원 관리·콘텐츠 역량강화 운영
「미래해양과학관 건립사업」 관급자재(화물용 승강기) 구매,미래해양과학관 화물용 승강기 구매
「벼 무논직파 확대 기술보급 시범사업 로타베이터 구입」수의견적 제출 안내 공고(입찰대행),벼 무논직파 로타베이터 구입
「스마트 농업기계 실습교육장 운영 농업기계 구입(무선조종 굴착기)」,스마트농업 실습교육장 무선조종 굴착기 구입
「야생조류 집단 서식지 위협요인 연구」미생물 매개 질병 분석,야생조류 서식지 위협 미생물 질병 분석
「오미자 원료 안정공급 모델화 구축사업」추출음료 자동화 생산설비 제작 및 설치 입찰공고(입찰대행)(협상에 의한 계약),오미자 추출음료 자동화 생산설비 제작·설치
「오미자원료 안정공급 모델화 구축사업」오미자 전처리시설 설치공사 입찰 변경공고(입찰대행),오미자 전처리시설 설치공사
「외국인 계절근로 통합관리플랫폼」구축용역 사업(1차년도),외국인 계절근로 통합관리플랫폼 구축
「외부사업 타당성평가 및 감축량 인증에 관한 지침」개정(안) 마련 및 규제분석 ,외부사업 타당성평가·인증지침 개정·규제분석
「장애인평생교육법」 하위법령 제정안 마련을 위한 기초연구,장애인평생교육법 하위법령 제정 기초연구
「전통사찰의 문화적 가치 제고 및 활용방안」정책 연구 용역,전통사찰 문화적 가치·활용방안 정책연구
「태실」의 국가지정문화유산(사적) 지정 확대를 위한 조사연구,태실 국가지정문화유산 지정확대 조사연구
「통일인식·북한이해 제고 유튜브 콘텐츠 제작 및 채널 운영」용역 계약 의뢰,통일인식 유튜브 콘텐츠 제작·채널 운영
「평가자 역량제고를 위한 교육프로그램 개발 연구」연구용역,평가자 역량제고 교육프로그램 개발연구
「한·일 문화유산 국제교류 회고와 전망」 학술대회 대행 용역,한일 문화유산 국제교류 학술대회 대행
『경주 동궁과 월지 방문자센터 건립예정부지 시굴조사 보고서』 발간 ,경주 동궁과 월지 방문자센터 시굴조사 보고서
『경주 쪽샘지구 신라고분유적ⅩⅨ- 황오·인왕 A지구 분포·발굴조사 보고서』 발간,경주 쪽샘지구 신라고분유적 발굴조사 보고서
『동아시아 고대 도성의 원지』동궁과 월지 발굴 50주년 기념 국제학술대회 발표자료집 등 발간,동아시아 고대 도성 원지 국제학술대회 자료집
"『발굴, 기록, 과학의 만남: 김해 봉황동 유적을 바라보는 다양한 시선』학술심포지엄 행사",김해 봉황동 유적 학술심포지엄 행사
"『평창군 특용작물산업화지원센터 가공시설 (GMP 추출·농축 시스템 제작 설치) 구축 사업』 민간사업자 입찰공고(협상에 의한 계약, 긴급)",평창 특용작물 GMP 추출·농축시설 구축
"『한국 괘불의 미 2, 3, 4』 영문판 등 영문 번역 및 감수",한국 괘불의 미 영문 번역·감수
慶州 쪽샘地區 新羅古墳遺蹟ⅩⅦ- K지구 분포조사 보고서 발간,경주 쪽샘지구 신라고분유적 분포조사 보고서
가격입찰공고[안성시 먹거리통합지원센터 건립공사 감독권한대행 등 건설사업관리용역],안성 먹거리통합지원센터 건설사업관리용역
가막만 빈산소수괴 시공간변동 예측 3차원 수치모델 개발( II ) ,가막만 빈산소수괴 3차원 수치모델 개발
가뭄대비 용수개발사업(보광지구) 간이흡수정 긴급설치공사 관급자재(심정펌프) 구입,보광지구 간이흡수정 심정펌프 구입
가뭄대비 용수개발사업(보광지구) 전기 인입공사 관급자재 구입(수배전반),보광지구 전기인입 수배전반 구입
가뭄대비 용수개발사업(보광지구) 펌프제어반 긴급설치공사 관급자재(펌프제어반) 구입,보광지구 펌프제어반 구입
가상자산 2단계법 입법 및 스테이블코인 관련 AML 제도 보완 방안 연구,가상자산 2단계법·스테이블코인 AML 연구
가상자산 교차분석 프로그램(QLUE) 라이선스 갱신(4-나),가상자산 교차분석 프로그램 라이선스 갱신
가상화폐를 이용한 해외 유출 범죄수익 동결 환수 제도 연구,가상화폐 해외 범죄수익 동결·환수 제도연구
가스열펌프(GHP) 저감장치 성능유지 사후관리(II) 용역,가스열펌프 저감장치 성능유지 사후관리
가축분뇨 기원 추적을 위한 오염원 시료채취 및 유기물 성상 분석(III),가축분뇨 오염원 시료채취·유기물 분석
가축유전자원센터 한국형 염소 신품종 검정축사 신축공사(건축),가축유전자원센터 염소 검정축사 신축(건축)
가축유전자원센터 한국형 염소 신품종 검정축사 신축공사(전기),가축유전자원센터 염소 검정축사 신축(전기)
"가평경찰서 자율방범대 개인피복류 5종(모자, 조끼, 신발, 우의) 구매",가평서 자율방범대 개인피복류 5종 구매
간 발생 미세환경 모사 줄기세포 유래 간세포 분화기술 고도화,간 미세환경 줄기세포 간세포 분화기술 고도화
"간이형 기상측기(기압계, 일사계, 일조계) 성능인증 기준 및 시험방법 개발",간이형 기상측기 성능인증 기준·시험방법 개발
감시정 인천101호 개방검사 대비 주기관 등 수리용역 중앙조달계약,감시정 인천101호 주기관 수리용역
감염병 임상 데이터 유용성 연구를 통한 빅데이터 연구 기반 마련,감염병 임상데이터 빅데이터 연구기반 마련
감호실무관 휴게실 개선 및 검신실 조성 공사 (건축·기계) 수의시담 공고,감호실무관 휴게실·검신실 조성공사
갑각류양식시험장 해수공급시설 정비공사 관급자재 구매(자연 여과식 여과기),갑각류양식장 해수공급시설 여과기 구매
강동세무서 청사 신축공사 감독 권한대행 등 건설사업관리용역,강동세무서 청사 신축 건설사업관리용역
강릉 농산물도매시장 수변전설비 교체(2차)공사 관급자재 구입,강릉 농산물도매시장 수변전설비 교체자재
강릉국토 관내 교량 및 터널보수공사 폐기물처리용역(폐아스콘),강릉 교량·터널보수 폐아스콘 처리용역
강릉국토 관내 제설지원 시설 개축 등 건축설계 실시설계용역,강릉 제설지원시설 개축 실시설계
강릉서 해양오염사고 대응 방제장비(기름이송펌프 등) 구매,강릉서 해양오염 방제장비 구매
"강릉시 펫파크 조성사업 공사 관급자재(강아지수전,배변쓰레기통) 구입",강릉 펫파크 조성 관급자재 구입
강릉해양경찰서 구조대 수중탐색장비(사이드 스캔 소나) 구매계약,강릉해경 수중탐색장비 사이드스캔소나 구매
강우레이더 기반 영산강권역 돌발홍수예보 실증 기술 개발 용역(1차),영산강권역 강우레이더 돌발홍수예보 기술개발
강원권 국도터널 방재시설 설치공사(2차) 1~2권역 관급자재-환기제어장치,강원권 국도터널 방재 환기제어장치
강원권 국도터널 전기시설 설치공사(2차) 1~2권역 관급자재-전력감시제어장치,강원권 국도터널 전력감시제어장치
강원지방우정처 2025년 제3종시설물 정기안전점검 위탁용역 소액수의 입찰 공고 ,강원우정처 제3종시설물 정기안전점검 위탁
강원지방우정청  전기안전관리대행 위탁용역(영동권역) 소액수의 입찰 공고,강원우정청 전기안전관리대행(영동권역)
강원지방우정청 승강기 안전점검 위탁용역(영동권역) 소액수의 입찰 공고,강원우정청 승강기 안전점검(영동권역)
강원지방우정청 승강기 안전점검 위탁용역(영서권) 소액수의 입찰 공고,강원우정청 승강기 안전점검(영서권)
강원지방우정청 전기안전관리대행 위탁용역(영서권역) 소액수의 입찰 공고,강원우정청 전기안전관리대행(영서권역)
강원지방우정청 총포용 분사기 구매 및 약제충약 소액수의 입찰 공고,강원우정청 총포용 분사기 구매·충약
강원지역 비점오염 정보시스템을  활용한 경작지 현황분석 및 모니터링,강원 비점오염 경작지 현황분석·모니터링
강원지청 춘천고용센터 공무용차량 임차계약 견적서 제출 안내 공고,춘천고용센터 공무용차량 임차
강원특별자치도농업기술원 치유농업센터 신축공사(건축·기계),강원농업기술원 치유농업센터 신축(건축·기계)
강제동원 희생자 및 유족 유전자 검사용 시약 및 재료 26종,강제동원 희생자·유족 유전자 검사용 시약 26종
강진만 해역 위생조사정점 평가 및 오염물질 확산 예측모델 연구,강진만 위생조사정점·오염물질 확산모델 연구
강화 로컬 팜 빌리지(임대형 스마트팜) 냉난방시설 설치공사,강화 임대형 스마트팜 냉난방시설 설치공사
강화첨단농업육성사업 비닐하우스 설치공사(민간입찰대행)- 2025년 강화첨단농업육성 지원사업,강화첨단농업 비닐하우스 설치공사
"개 사육농장[1구간] 건축물 철거공사 [영파, 정우, 북면] 불연성폐기물 처리 용역",개 사육농장 철거 불연성폐기물 처리(영파외)
"개 사육농장[1구간] 건축물 철거공사[감곡,입암면] 불연성폐기물 처리 용역",개 사육농장 철거 불연성폐기물 처리(감곡외)
개 사육농장[1구간] 건축물 철거공사[덕천면] 불연성폐기물 처리 용역,개 사육농장 철거 불연성폐기물 처리(덕천면)
개 사육농장주 전·폐업지원사업(도고·선장 권역) 폐기물 처리 용역,개 사육농장 전폐업 폐기물 처리(도고·선장)
개관 10주년 특별기획 2025 ACC 인문강좌 운영 용역,개관 10주년 2025 ACC 인문강좌 운영
개사육농가 전폐업 지원 정비사업(1구간) 폐기물 처리 용역,개사육농가 전폐업 폐기물 처리(1구간)
개인 맞춤형 심부전 관리 모델 개발을 위한 인공지능 학습용 데이터 구축,심부전 관리 AI 학습용 데이터 구축
개인정보 유출·침해 분야 디지털 포렌식 조사·분석 운영 방안 연구,개인정보 유출·침해 디지털포렌식 운영방안
개화IC 확장공사 건설사업관리(설계단계) 및 설계VE용역,개화IC 확장 건설사업관리·설계VE
거문도항 이안방파제 및 제4동방파제  건설공사 건설사업관리용역,거문도항 방파제 건설사업관리용역
거문도항 이안방파제 및 제4동방파제 건설공사 기본 및 실시설계 경제성 검토(설계VE) 용역,거문도항 방파제 설계 설계VE 용역
거제 산촌지구 등 2개소 재해예방 건설엔지니어링(기술지도),거제 산촌지구 등 재해예방 건설엔지니어링
거제 아주동 1지구 등 2개소 재해예방 건설엔지니어링(기술지도),거제 아주동 등 재해예방 건설엔지니어링
거제-마산 해상구간 국도건설공사 등 2건 전략 및 소규모환경영향평가 건설엔지니어링,거제-마산 국도 환경영향평가 엔지니어링
거창 마리면 하고리 군관리계획(지구단위계획) 결정(변경) 용역(긴급),거창 하고리 군관리계획 결정변경 용역
거창구치소 급식용 농·공·수산물 구매 2단계[규격·가격동시] 입찰 공고,거창구치소 급식용 농공수산물 구매
"거창구치소 급식용 농공수산물 구매 2단계[가격, 규격동시] 입찰공고",거창구치소 급식용 농공수산물 구매
거창구치소 급식용 축산물 구매 2단계(규격·가격 동시) 입찰 공고,거창구치소 급식용 축산물 구매
거창구치소 급식용 축산물 구매 2단계[규격·가격동시] 입찰 공고,거창구치소 급식용 축산물 구매
거창군축산종합방역소 생축·분뇨차량소독시설 소독설비 공법 선정을 위한 기술제안,거창 축산방역소 차량소독설비 공법 기술제안
거창읍 대동지구 농촌공간 정비사업 가연성 폐기물 처리용역,거창 대동지구 농촌공간 가연성폐기물 처리
거창읍 대동지구 농촌공간 정비사업 석면 비산농도 측정 용역,거창 대동지구 농촌공간 석면 비산농도 측정
거창읍 대동지구 농촌공간 정비사업 석면해체 제거 감리용역,거창 대동지구 농촌공간 석면해체 감리
거창읍 대동지구 농촌공간 정비사업 지정폐기물(석면) 처리용역,거창 대동지구 농촌공간 석면 처리용역
거창읍 대동지구 농촌공간정비사업 공동이용시설 신축공사 실시설계용역,거창 대동지구 공동이용시설 신축 실시설계
거창읍 대동지구 농촌공간정비사업 석면해체 및 건축물 철거공사,거창 대동지구 석면해체·건축물 철거공사
거창읍 대동지구(동산마을) 농촌공간 정비사업 세부설계용역,거창 대동지구 동산마을 농촌공간 세부설계
거창읍 대동지구(동산마을) 농촌공간 정비사업 세부설계용역(가격입찰후 pq)(긴급공고),거창 대동지구 동산마을 세부설계용역
거창읍 대동지구(동산마을) 농촌공간 정비사업 재해영향 평가 용역(긴급),거창 대동지구 동산마을 재해영향평가
건강기능식품 기능성 원료의 제외국 유해물질 기준·규격 조사(24191영양안064),건강기능식품 원료 제외국 유해물질 기준조사
건강위해가능영양성분 저감화 등을 위한 식품영양성분 DB 산업적·정책적 활용 가치 확산,식품영양성분 DB 산업·정책 활용가치 확산
건설공사 안전점검 수행기관 지정 계획[(주)엠에스엘테크놀로지 공장 신축공사],엠에스엘테크놀로지 공장 안전점검기관 지정
건설공사 안전점검 수행기관 지정 공고 [명지동 3317-1번지],건설공사 안전점검기관 지정(명지동3317-1)
건설공사 안전점검 수행기관 지정 공고(두동 1882외 1필지),건설공사 안전점검기관 지정(두동1882외1)
건설공사 안전점검 수행기관 지정 공고(신호동 185번지),건설공사 안전점검기관 지정(신호동185)
건설공사 안전점검 수행기관 지정 공고(지역목재 이용 야외공연장 조성공사),지역목재 야외공연장 안전점검기관 지정
건설공사 안전점검 수행기관 지정 공고[(디오션cc클럽하우스 신축공사],디오션cc클럽하우스 안전점검기관 지정
건설공사 안전점검 수행기관 지정 공고[두동 1882외 1필지],건설공사 안전점검기관 지정(두동1882외1)
건설공사 안전점검 수행기관 지정 공고[명지동 3380-5번지],건설공사 안전점검기관 지정(명지동3380-5)
건설공사 안전점검 수행기관 지정공고(씨아이에스케미칼 광양 공장 증축공사),씨아이에스케미칼 광양공장 안전점검기관 지정
건설공사(건축분야) 안전점검 수행기관 지정 공고-변경(귀농귀촌 웰컴팜 교육연구지원센터),귀농귀촌 웰컴팜 안전점검기관 지정 변경
건설산업 진단 및 정책 대응 강화를 위한 통계 고도화 연구,건설산업 진단·정책대응 통계 고도화 연구
건설산업 진단 및 정책대응 강화를 위한 통계 고도화 연구,건설산업 진단·정책대응 통계 고도화 연구
건설현장 점검장비(틈새 또는 부식검출기) 소액 수의계약(총액) 견적제출 공고,건설현장 점검장비 틈새·부식검출기 구매
건설현장 점검장비【다중가스검출기 등 3종】 소액 수의계약(총액) 견적제출 공고,건설현장 점검장비 다중가스검출기 등 3종
건설현장 점검장비【초음파검사장치】 소액 수의계약(총액) 견적제출 공고,건설현장 점검장비 초음파검사장치 구매
건축·통신·소방 설계용역 계약(대구청 제1기동대 통합신축사업),대구청 제1기동대 건축·통신·소방 설계용역
건축공사 안전점검 수행기관 지정 공고(구랑동 1278-8번지),건축공사 안전점검기관 지정(구랑동1278-8)
건축공사 안전점검 수행기관 지정 공고(구랑동 1279-1번지 외 3필지),건축공사 안전점검기관 지정(구랑동1279-1외)
건축공사 안전점검 수행기관 지정 공고(생곡동 1634번지),건축공사 안전점검기관 지정(생곡동1634)
건축공사 안전점검 수행기관 지정 공고-변경(과학영농실증교육관 건립),과학영농실증교육관 안전점검기관 지정 변경
건축공사 안전점검 수행기관 지정 공고[지사동 1276번지],건축공사 안전점검기관 지정(지사동1276)
건축물해체공사 감리용역(울주군 서생면 신암리 427-4),건축물해체 감리용역(울주 신암리427-4)
검사의 민사법상 공익대표 직무 관련 외국 법무·검찰의 조직운영 및 교육현황 비교 연구,검사 공익대표 직무 외국 법무검찰 비교연구
검암역 셔틀버스 임차운행(2026~2027년)(장기계속 1차),검암역 셔틀버스 임차운행(2026~2027)
겨울철 산양 먹이급이대 실시간 모니터링을 위한 무선통신카메라 구매,산양 먹이급이대 모니터링 무선통신카메라 구매
격포항 정비공사 및 여객선 부잔교 설치공사 해양환경영향조사용역,격포항 정비·부잔교 설치 해양환경영향조사
결핵 발병 의학적 고위험군의 잠복결핵 치료 안전성 평가 연구,결핵 고위험군 잠복결핵 치료 안전성 평가
결핵 빅데이터를 활용한 long-term TB 평가 연구,결핵 빅데이터 long-term TB 평가 연구
경기·강원·황해도 의병운동 참여자에 대한 조사 연구 용역,경기·강원·황해도 의병운동 참여자 조사연구
경기남부경찰청 교통안전계 모범운전자회 동계 형광점퍼 구매,경기남부청 모범운전자회 동계 형광점퍼 구매
경기남부경찰청 교통안전계 무인교통단속장비 공인검사 반사판 구매,경기남부청 무인교통단속장비 반사판 구매
"경기남부경찰청 수사동 증축공사 [건설폐기물(폐콘크리트, 혼합폐기물 등) 처리용역]",경기남부청 수사동 증축 폐콘크리트 처리
경기남부경찰청 수사동 증축공사 건설사업관리용역(감독권한대행),경기남부청 수사동 증축 건설사업관리용역
"경기남부경찰청 수사동 증축공사[건설폐기물(폐보드,폐목재) 처리용역]",경기남부청 수사동 증축 폐보드·폐목재 처리
경기도북부경찰청 112치안종합상황실 환경개선사업 건축공사,경기북부청 112상황실 환경개선 건축공사
"경기도북부경찰청 112치안종합상황실 환경개선사업 소방공사(전기,기계)",경기북부청 112상황실 환경개선 소방공사
경기북부경찰청 112치안종합상황실 상황관제시스템 구축 사업,경기북부청 112상황실 상황관제시스템 구축
경기지청 산재예방지도과 등 이전 및 사무공간 재배치 공사,경기지청 산재예방지도과 이전·재배치 공사
경남 고성경찰서 본관 외 2개소에 대한 내진성능평가 용역,경남 고성서 본관 외 2개소 내진성능평가
"경남경찰청 산하 경찰서(마산동부서, 김해중부서, 진해서) IP교환기 교체 사업",경남청 산하 경찰서 IP교환기 교체
경남경찰청 어린이집 2025학년도 식자재납품 업체선정 입찰공고,경남청 어린이집 식자재납품 업체선정
경도인지장애진단자 운동 지원 교육자료 개발 및 시범적용 연구,경도인지장애 운동지원 교육자료 개발·시범
경도지구 진입도로(연륙교) 개설공사 관급자재(레미콘) 구매 전자입찰 공고,경도지구 진입도로 연륙교 레미콘 구매
경복궁 내 일제강점기 건축물의 건립과 철거에 대한 연구 용역,경복궁 일제강점기 건축물 건립·철거 연구
경복궁 칠궁 권역 모두를 위한(무장애) 공간 조성 실시설계 용역,경복궁 칠궁권역 무장애 공간조성 실시설계
경부선(부산진역∼부산역) 철도지하화사업 타당성평가 및 기본계획 수립 용역,경부선 부산진역~부산역 철도지하화 기본계획
경북 실내라돈 측정을 위한 라돈 검출기 회수 및 계절별 조사,경북 실내라돈 검출기 회수·계절별 조사
경북 육성 신품종 벼 재배 및 저탄소단지 육성사업 이앙기 구입(민간입찰대행),경북 신품종 벼 저탄소단지 이앙기 구입
경북북부교정기관 급식용 농산물 구매 2단계(규격/가격 동시) 입찰 공고,경북북부교정 급식용 농산물 구매
경북북부교정시설  급식용 절임류 구매 2단계(규격가격 동시) 입찰 공고,경북북부교정 급식용 절임류 구매
경북북부교정시설 급식용 공산품 구매 2단계(규격 가격 동시) 입찰 공고,경북북부교정 급식용 공산품 구매
경북북부교정시설 급식용 공산품 구매 2단계(규격.가격 동시) 입찰 공고,경북북부교정 급식용 공산품 구매
경북북부교정시설 급식용 공산품 구매 2단계(규격가격동시) 입찰 ,경북북부교정 급식용 공산품 구매
경북북부교정시설 급식용 공산품 구매 2단계(규격가격동시) 입찰 공고,경북북부교정 급식용 공산품 구매
경북북부교정시설 급식용 농산물 구매 2단계(규격/가격 동시) 입찰 공고,경북북부교정 급식용 농산물 구매
"경북북부교정시설 급식용 수산물 구매 2단계 입찰(규격, 가격 동시)",경북북부교정 급식용 수산물 구매
경북북부교정시설 급식용 수산물 구매 2단계(규격 가격 동시) 입찰 공고,경북북부교정 급식용 수산물 구매
"경북북부교정시설 급식용 양곡류 구매 2단계 입찰 공고(규격, 가격동시)",경북북부교정 급식용 양곡류 구매
경북북부교정시설 급식용 절임류 구매 2단계(규격가격동시) 입찰 공고,경북북부교정 급식용 절임류 구매
경북북부교정시설 급식용 축산물 구매 2단계(규격 가격 동시) 입찰 공고,경북북부교정 급식용 축산물 구매
"경북북부교정시설 급식용 축산물 구매 2단계(규격, 가격 동시) 입찰 공고",경북북부교정 급식용 축산물 구매
경북북부교정시설 비상대기숙소 액화석유가스(LPG) 집단공급 및 관리,경북북부교정 비상대기숙소 LPG 집단공급
경북북부제1교도소 급식용 공산품 구매 2단계(규격·가격 동시) 입찰 공고,경북북부제1교도소 급식용 공산품 구매
경북북부제1교도소 급식용 농산물 구매 2단계(규격·가격 동시) 입찰 공고,경북북부제1교도소 급식용 농산물 구매
경북북부제1교도소 급식용 수산물 구매 2단계(규격·가격 동시) 입찰 공고,경북북부제1교도소 급식용 수산물 구매
경북북부제1교도소 급식용 축산물 구매 2단계(규격·가격 동시) 입찰 공고,경북북부제1교도소 급식용 축산물 구매
경북북부제1교도소 김치류 (배추김치 등 4종)구매 입찰공고,경북북부제1교도소 김치류 4종 구매
경북북부제1교도소 및 경북직업훈련교도소 액화석유가스(LPG)구매단가 계약 공고,경북북부제1교도소 등 LPG 구매단가 계약
경북북부제2교도소 2026년 중 수용자 자비부담구입 도서 공급업자 선정을 위한 전자공개 입찰(연간 단가계약),경북북부제2교도소 수용자 자비부담 도서 공급
경북북부제2교도소 2026년 중 수용자 자비부담구입 도서 공급업자 선정을 위한 전자공개 입찰(연간 단가계약) ,경북북부제2교도소 수용자 자비부담 도서 공급
"경북북부제2교도소 3, 4 수용동 스프링클러 관련 천장 공사",경북북부제2교도소 수용동 스프링클러 천장공사
"경북북부제2교도소 3, 4수용동 스프링클러 관련 천장 철거 및 설치 공사",경북북부제2교도소 스프링클러 천장 철거·설치
"경북북부제2교도소 3, 4수용동 스프링클러 설치 소방 공사",경북북부제2교도소 스프링클러 설치 소방공사
경북북부제2교도소 취사 및 난방용 유류구매 단가계약 입찰공고,경북북부제2교도소 취사·난방용 유류구매
경북북부제3교도소 심리치료 교육실 추가 조성 등 환경개선 공사 ,경북북부제3교도소 심리치료실 환경개선 공사
경북지방우정청 소속국 기계설비 성능점검 위탁용역업체 선정,경북우정청 기계설비 성능점검 위탁업체 선정
경북직업훈련교도소 수용자 자비부담 도서 구입 전자공개입찰 공고,경북직업훈련교도소 수용자 자비부담 도서 구입
경비함정 수리부속(INJECTOR 등 10종) 예비품 구매(특수조건 필독),경비함정 수리부속 INJECTOR 등 10종 구매
"경비함정 주기관, 발전기관 수리자재 예비품(ROLLER TAPPET 등 7종) 구매(특수조건 필독)",경비함정 주기관·발전기관 수리자재 7종 구매
"경비함정(3009함, 1509함) 주기관 기기부속(CYLINDER HEAD 등 7종) 구매(특수조건필독)",경비함정 주기관 CYLINDER HEAD 등 7종
경산고용센터 원상복구 및 이전설치 공사 견적 제출(수의시담) 공고,경산고용센터 원상복구·이전설치 공사
경산시 국도대체우회도로(남산-하양) 건설공사 국가유산 정밀발굴조사 용역,경산 국도대체우회도로 정밀발굴조사 용역
경산시 농업인회관 농산물판매장 리모델링 공사(건축) 수의계약 견적 제출 안내 공고,경산 농업인회관 판매장 리모델링(건축)
경산지식산업지구진입도로 개설공사(6차) 레미콘(비규격)구입,경산지식산업지구 진입도로 레미콘 구입
경산지식산업지구진입도로개설공사(6차) 관급자재(레미콘)구입,경산지식산업지구 진입도로 레미콘 구입
경상남도경찰청 무인교통단속장비 무선망 이동통신 사업자 선정,경남청 무인교통단속 무선망 이동통신 선정
경인지방우정청 도서지역(백령 및 덕적우체국) 부설숙사 싱크대 제작 설치,경인우정청 도서지역 부설숙사 싱크대 설치
경인지방우정청 집배 순로구분대 제작 설치(소액수의 안내공고),경인우정청 집배 순로구분대 제작 설치
경주 감포 대본-나정 국도건설공사 설계의 경제성 검토(설계VE) 건설엔지니어링 ,경주 대본-나정 국도 설계VE 엔지니어링
경주 감포 대본-나정 국도건설공사 소규모환경영향평가 건설엔지니어링 ,경주 대본-나정 국도 소규모환경영향평가
경주 감포 대본-나정 국도건설공사 재해영향평가 건설엔지니어링 ,경주 대본-나정 국도 재해영향평가
경주 감포 대본~나정 국도건설공사 매장유산 지표조사 건설엔지니어링,경주 대본~나정 국도 매장유산 지표조사
경주 금척리 고분군 분포 및 발굴조사 A지구 및 42호분 주변현장 토사 정리,경주 금척리 고분군 A지구 42호분 토사정리
"경주 금척리 고분군 분포 및 발굴조사 현장 A, D, E지구 예·제초",경주 금척리 고분군 A·D·E지구 예·제초
경주 금척리 고분군 주변 일대 고지형 복원 자료수집을 위한 항공 LiDAR 측량 분석,경주 금척리 고분군 항공 LiDAR 측량분석
경주 대릉원 일원 신라 고분군 입지 환경 및 경관 복원 연구,경주 대릉원 신라고분군 입지·경관 복원연구
경주 동궁과 월지 발굴조사 현장 울타리 전시형 현수막 제작,경주 동궁과 월지 발굴현장 현수막 제작
경주 분황사지 고증 연구로드맵 수립을 위한 중장기 연구계획 타당성 검토,경주 분황사지 연구로드맵 타당성 검토
경주 양남-감포 국도건설공사 건설폐기물(폐아스콘) 처리용역,경주 양남-감포 국도 폐아스콘 처리
경주 양남-감포 국도건설공사 소규모환경영향평가 모니터링 용역,경주 양남-감포 국도 환경영향 모니터링
경주 양남-문무대왕 등 3건 매장유산 지표조사 건설엔지니어링,경주 양남-문무대왕 등 매장유산 지표조사
경주 월성 사로국 시기 건물지 출토 유기질 자료 분석 연구,경주 월성 사로국 건물지 유기질 분석
경주 월성 서성벽 축조방법 연구를 위한 식물규소체 분석 ,경주 월성 서성벽 식물규소체 분석
경주 쪽샘 41호분 부곽 출토 유기물 분석 및 마구 복원 연구,경주 쪽샘 41호분 유기물 분석·마구 복원
경주 쪽샘 44호분 출토 비단벌레(딱지날개)에 관한 생물학적 연구 용역,경주 쪽샘 44호분 비단벌레 생물학 연구
경주 쪽샘지구 유적 발굴조사 수장고 및 사무동 방수 공사,경주 쪽샘 발굴조사 수장고·사무동 방수
경주 황룡사지 서회랑 서편지구(가구역) 발굴조사 출토유물 3D스캔,경주 황룡사지 서회랑 출토유물 3D스캔
경주 황오·인왕A지구 및 쪽샘K지구 분포·발굴조사 출토유물 3D 스캔(2차),경주 황오·인왕·쪽샘 출토유물 3D스캔
경주 흥륜사지 서편 출토 금속유물 보존처리•분석 보고서 발간,경주 흥륜사지 금속유물 보존처리 보고서
경주 흥륜사지 출토 불교공양구의 가치와 의미 발표자료집 발간,경주 흥륜사지 불교공양구 발표자료집
"경주교도소 급식용 축산물 구매 2단계(규격,가격동시) 입찰공고",경주교도소 급식 축산물 구매
"경주교도소 부식물(농수산물)구매 2단계 [규격,가격 동시]입찰공고",경주교도소 부식물 농수산물 구매
경주교도소 부식물(농수산물)구매 2단계(규격가격동시)입찰공고,경주교도소 부식물 농수산물 구매
경주우체국 건립공사 안전관리계획서 검토 및 정기안전점검 수행기관 지정 공고,경주우체국 건립 안전점검 기관 지정
경찰 형사사법정보시스템(KICS) 상용소프트웨어 구매(26년),경찰 형사사법정보시스템 SW 구매
경찰관 암 질환 발생과 직업적 요인 상관관계 등에 관한 연구용역,경찰관 암질환과 직업요인 연구
경찰대학 2026년 신임경찰 경위 경감 임용식 행사대행 용역,경찰대학 신임경찰 임용식 행사대행
경찰대학 2026년 영상정보처리기기(CCTV) 유지보수 용역,경찰대학 CCTV 유지보수
경찰대학 2026년 치안대학원 학사정보시스템 유지관리 용역,경찰대학 치안대학원 학사시스템 유지
경찰대학 국제경찰교육훈련센터 증축공사 관급자재(GHP 실외기) 구매 ,경찰대학 국제교육센터 GHP 실외기
경찰대학 법과학전문실험실 구축을 위한 포렌식 현장분석 실시시스템( 휴대용 라만분광기) 구매,경찰대학 휴대용 라만분광기 구매
경찰대학 산책로 주변 하천 법면 유실방지 공사 소액수의 견적입찰 공고,경찰대학 하천 법면 유실방지 공사
경찰대학 장애인 편의시설(보도블럭 철거 및 신규 설치) 개선 공사,경찰대학 장애인 편의시설 개선 공사
경찰대학 치안데이터과학 분야 학술연구 인프라 활성화 용역,경찰대학 치안데이터과학 연구 인프라
경찰대학 치안정책연구소 AI언어모델 고도화용 GPU 서버 구매,경찰대학 AI모델 GPU 서버 구매
경찰대학 치안정책연구소 냄새 DNA 및 기체증거분석 연구장비 구입,경찰대학 냄새DNA·기체증거분석 장비
경찰대학 치안정책연구소 스마트치안 빅데이터 플랫폼 유지보수 용역,경찰대학 스마트치안 빅데이터 유지보수
경찰대학 치안정책연구소 치안AI연구센터 전산장비 유지보수 용역 (수의시담),경찰대학 치안AI 전산장비 유지보수
경찰대학 포렌식사이언스랩센터 실험 재료 구입 (검사키트 등 19종),경찰대학 포렌식랩 검사키트 등 구입
경찰대학 포렌식사이언스랩센터 실험 재료 구입 (소모품 등 60종),경찰대학 포렌식랩 소모품 등 구입
경찰대학 포렌식사이언스랩센터 포렌식 증거물 검색레이저 구매,경찰대학 포렌식 증거물 검색레이저
"경찰병원 냉난방 순환장비, 자동제어 등 교체공사(3/4년) 기계설비공사",경찰병원 냉난방장비 교체 기계설비
경찰병원 본관 및 별관 방수 등 시설개선공사 실시설계용역,경찰병원 본관·별관 방수 실시설계
경찰수사연수원 수사교육동 증축사업 건설사업관리용역(감독권한대행),경찰수사연수원 교육동 증축 사업관리
경찰수사연수원 수사교육동 증축사업 맹꽁이 정밀조사·포획·이주 및 모니터링 용역,경찰수사연수원 맹꽁이 포획·이주
경찰차량 정수기준 및 친환경 차량 총정수 로드맵 정책연구용역,경찰차량 친환경 차량 정수 정책연구
경찰청 교육장(한남동) 리모델링 건축공사 (청사시설관리),경찰청 한남동 교육장 리모델링
경찰청 교육정책담당관실 일반물품 구매(순환식 체력검사 장비),경찰청 순환식 체력검사 장비 구매
경찰청 노후주차장 개선공사 건설폐기물 운반 및 처리 용역,경찰청 노후주차장 폐기물 처리
경찰청 대변인실 및 미래치안정책국 복도 환경개선 전기공사,경찰청 대변인실 등 복도 전기공사
경찰청 방호 주무관 휴게실 및 임시 숙직실 이전 건축공사,경찰청 방호 휴게실·숙직실 이전
경찰청 정보시스템 통폐합 및 과학치안스테이션 구축 ISP사업,경찰청 정보시스템 통폐합 ISP
계룡산 자연학습장 환경저해시설 해체 및 생태복원 조경공사,계룡산 자연학습장 해체·생태복원 조경
"계룡산국립공원 갑사분소 신축사업 본인증(BF, ZEB) 용역",계룡산 갑사분소 신축 본인증
"계룡산국립공원 갑사분소 신축사업 예비인증(BF, ZEB) 용역",계룡산 갑사분소 신축 예비인증
계룡산국립공원 수통골지구 무장애탐방로 정비공사 기본 및 실시설계용역,계룡산 수통골 무장애탐방로 설계
고) 2025학년도 국립전통예술고등학교 아리랑예술단 스페인국제문화교류 계약 요청,전통예술고 아리랑예술단 스페인 교류
고구마 유통 일원화 생산·유통단지 조성사업(민간입찰대행),고구마 생산·유통단지 조성
고농도 오존 발생유형 진단 및 관리시나리오별 개선효과 분석(II) 용역 계약요청,고농도 오존 진단·개선효과 분석
고대 제철기술 복원실험(12-14차) 결과보고서 발간 계약,고대 제철기술 복원실험 보고서
고등교육 질 제고를 위한 평가인증 인정기관 역량강화 및 관리체계 강화 방안,고등교육 평가인증 인정기관 역량강화
고등학교 인정교과 「식품안전과 건강」 출판 및 교사 직무 연수 운영,식품안전과 건강 교과 출판·연수
고랭지작물시험장 기후변화 대비 연구장비(식물생장예측장비 등 3종) 구입,고랭지작물 연구장비 3종 구입
고령층 삶의 질 개선을 위한 수산바이오 소재 개발 기획연구,고령층 수산바이오 소재 개발 기획
고밀도 지진관측에 의한 진도분포 및 지진발생 신속결정 기술 개선,고밀도 지진관측 진도분포 기술 개선
고병원성 AI 대응을 위한 야생조류 AI 검사 위탁(25~26),고병원성 AI 야생조류 검사 위탁
고부천 홍수방지대책사업 전기공사 관급자재(원격감시) 구매,고부천 홍수방지 원격감시 자재 구매
고부천유역(1공구) 홍수방지대책사업 관급자재(철제교량난간) 구매,고부천 홍수방지 철제교량난간 구매
고성 동해 장좌-양촌 등 2건 지하안전영향평가 건설엔지니어링,고성 동해 장좌-양촌 지하안전평가
고성 동해 장좌-양촌 등 3건 매장유산 지표조사 건설엔지니어링 ,고성 동해 장좌-양촌 매장유산 지표조사
고성읍 농촌중심지 활성화사업(거류 커뮤니티센터) 건축설계 용역 견적 제출 공고,고성 거류 커뮤니티센터 건축설계
고성읍 농촌중심지 활성화사업(하이 커뮤니티센터) 건축설계 용역 견적 제출 공고,고성 하이 커뮤니티센터 건축설계
고성읍 농촌중심지활성화 건강피움센터 인테리어 정비사업 견적 제출 공고,고성 건강피움센터 인테리어 정비
고성읍 농촌중심지활성화 문화피움센터 인테리어 정비사업 견적 제출 공고,고성 문화피움센터 인테리어 정비
고성읍 농촌중심지활성화사업(거류 커뮤니티센터) 증축공사(소방) 견적 제출 공고,고성 거류센터 증축 소방공사
고성읍 농촌중심지활성화사업(거류 커뮤니티센터) 증축공사(전기) 견적 제출 공고,고성 거류센터 증축 전기공사
고성읍 농촌중심지활성화사업(하이  커뮤니티센터) 건립공사(통신) 견적 제출 공고,고성 하이센터 건립 통신공사
고성읍 농촌중심지활성화사업(하이 커뮤니티센터) 건립공사(전기) 견적 제출 공고,고성 하이센터 건립 전기공사
고압가스 분배장치 사고발생 시 유해화학물질 확산거동 위험분석 연구,고압가스 분배장치 유해물질 확산 분석
고양 소경원 역사경관림 정비 사업 관련 폐기물 처리 용역,고양 소경원 역사경관림 폐기물 처리
고양경찰서 자치경찰 범죄예방 순찰로봇 구매  및 운영 사업,고양경찰서 순찰로봇 구매·운영
고양경찰서어린이집 2025년 식자재 납품업체 선정 입찰공고,고양경찰서어린이집 식자재 납품
"고양고용센터 통합네트워크 1층, 2층 시설공사(실내건축)",고양고용센터 1·2층 실내건축
"고양고용센터 통합네트워크 3층, 4층 시설공사(실내건축)",고양고용센터 3·4층 실내건축
고용노동부 2025년 장애인고용기업 추가비용조사 정책연구과제 입찰 공고,고용부 장애인고용 추가비용 연구
고용노동부 2025년 정규 제1차 정책연구과제 입찰 공고(23건),고용부 정규 제1차 정책연구 23건
고용노동부 2025년 정규 제2차 정책연구과제 입찰 공고(16건) ,고용부 정규 제2차 정책연구 16건
고용노동부 2025년 정규 제3차 정책연구과제 입찰공고(8건) ,고용부 정규 제3차 정책연구 8건
고용노동부 2025년 정규 제4차 정책연구과제 입찰공고(23건) ,고용부 정규 제4차 정책연구 23건
고용노동부 2025년 정규 제5차 정책연구과제 입찰공고(9건) ,고용부 정규 제5차 정책연구 9건
고용노동부 안산지청 지역협력과 등 재배치 및 원상복구 공사,고용부 안산지청 재배치·원상복구
고용노동부고객상담센터 1350전화 등 회선서비스 사업자 선정,고용부 상담센터 1350 회선서비스
고위험 바이러스 치료제 개발을 위한 핵산치료제 후보물질 효능 평가,고위험 바이러스 핵산치료제 효능평가
고정밀·고효율 김 출원품종 확인 마커 및 진단 키트 개발 Ⅱ,고정밀 김 품종 확인 마커·키트 개발
고주파 대역 신규 전자파 인체노출량(APD) 등 전자파 인체영향 평가기술 연구,고주파 전자파 인체영향 평가기술
고준위방사성폐기물 관련 시설 인허가 등 안전규제체계 개선방안 연구,고준위방폐물 시설 안전규제체계 연구
고준위방사성폐기물 관련 시설 인허가 등 안전규제체계 개선방안 연구(수의시담),고준위방폐물 안전규제체계 연구
고창 죽림리 지석묘군(Ⅱ지구 6군) 발굴조사 보고서 발간,고창 죽림리 지석묘군 발굴 보고서
고창 흥덕-부안 행안(1공구) 도로확장공사 건설사업관리용역,고창 흥덕-부안 1공구 도로확장 관리
고창 흥덕-부안 행안(2공구) 도로확장공사 건설사업관리용역,고창 흥덕-부안 2공구 도로확장 관리
고품질 증류식 소주 공정 간소화 기술시범사업 물품 구입 공고 (민간입찰대행),증류식 소주 공정 간소화 물품 구입
고해상도 해양기후모델 예측자료 기반 수산양식 분야 기후변화 위험도 평가,해양기후모델 수산양식 위험도 평가
고향사랑기부제 활성화를 위한 중장기 발전 전략 수립 연구,고향사랑기부제 중장기 발전 전략
고혈압 위험 성인 등 영양취약계층 맞춤형 영양관리 서비스 모델 제공,영양취약계층 맞춤형 영양관리 모델
곡교천 소정지구 등 3개소 하천환경정비사업 사후환경영향조사용역,곡교천 소정지구 하천정비 사후조사
곡물자급률 향상 조사료 전문생산단지 조성 시범사업 입찰대행,조사료 전문생산단지 조성 시범
곡성 석곡IC-겸면(2공구) 도로시설개량공사 건설폐기물(혼합폐기물) 위탁처리용역,곡성 석곡IC-겸면 혼합폐기물 처리
곡성 석곡IC-겸면(2공구) 도로시설개량공사 지정폐기물(폐석면) 위탁처리용역,곡성 석곡IC-겸면 폐석면 처리
곡성서 청사 신축공사[관급] 냉난방기 중 GHP실외기 구매,곡성서 청사 신축 GHP실외기 구매
곤충 및 양잠산업 가치사슬 분야 연계체계 구축 및 지속적 발전방안 마련을 위한 정책연구,곤충·양잠산업 가치사슬 정책연구
곰팡이 오염 여부 확인을 위한 분광 데이터 수집 및 모델 개발 용역,곰팡이 오염 분광데이터·모델 개발
공간 바이오마커 개발을 위한 디지털병리 기반 인공지능 학습용 데이터 구축,디지털병리 AI 학습데이터 구축
공공·대학도서관 장애인 전자책 서비스 구독 모델 시범 운영 사업,공공도서관 장애인 전자책 시범 운영
공공건축물 탄소중립 실현을 위한 설계검토 기준 마련 연구,공공건축물 탄소중립 설계검토 기준
공공기관 신뢰도 측정모형 개발 정책연구[일반경쟁(확대공고)],공공기관 신뢰도 측정모형 개발
공공기관 신뢰도 측정모형 개발 정책연구[중기업 참여(확대공고)],공공기관 신뢰도 측정모형 중기업
공공부문 감축설비 지원사업[한국보훈복지의료공단(대전보훈병원)- 노통연관식 보일러 교체공사(기계) 입찰],대전보훈병원 노통연관식 보일러 교체
공공성·활용성을 고려한 교통수단 요금환승 등 데이터 수집·관리체계 개선 방안 연구 용역,교통수단 요금환승 데이터 관리 연구
공공수사관리시스템 고도화를 위한 정보화전략계획(ISP) 수립 사업,공공수사관리시스템 고도화 ISP
공공언어 평가 감수 통합 지원 시스템 고도화 및 운영관리,공공언어 평가감수 지원시스템 고도화
공공하수도 자산관리체계 구축 선도사업 성과분석 및 확대방안 연구,공공하수도 자산관리 성과분석 연구
공기압축기 예비품(콘로드 등 8종) 구매(특수조건 필독),공기압축기 예비품 콘로드 등 구매
공무상 재해 후유증상 관리를 위한 급여 신설 등 도입가능성 연구,공무상 재해 후유증상 급여 신설 연구
공무원 자기주도 학습 활성화를 위한 자기개발 학습 제도 발전방안 연구,공무원 자기개발 학습 제도 연구
공사 수의계약 견적제출 안내 공고(2025년 시설과채류 순환식수경재배 양액 재활용 기술보급 시범 사업  - 민간입찰대행),채소류 순환식수경재배 양액 재활용
공사 수의계약 견적제출 안내공고(농업기술센터 건축물 철거공사),농업기술센터 건축물 철거공사
"공사 수의계약 견적제출 안내공고(지역특화품목 육성단지 조성, 민간입찰대행)",지역특화품목 육성단지 조성
공사 입찰공고(시설채소 양액재배 확대 기술지원 시범사업 입찰대행),시설채소 양액재배 확대 기술지원
공사(긴급)입찰공고 [충남형 스마트팜사관학교 조성 공사],충남형 스마트팜사관학교 조성
공사수의견적제출공고(2025년 잎들깨 양액재배기술 고도화 시범사업 민간입찰대행-김OO),잎들깨 양액재배 고도화 시범
공사유림 산림경영활동 실적정보에 대한 통계 정합성 기초연구,공사유림 산림경영 통계 정합성 연구
공연예술박물관 상설전시실 전시연출 설계 및 제작 설치 용역,공연예술박물관 상설전시 연출 설치
공원문화유산지구 보행자 친화형 스마트 교통알리미 설치사업,공원문화유산 스마트 교통알리미 설치
공장건축물 화재 학산 대응을 위한 최적 수막설비 노즐 개발 연구,공장건축물 화재대응 수막노즐 개발
공주 무령왕릉과 왕릉원 1~4호분 석실 내외부 3D스캔 용역,공주 무령왕릉 1~4호분 석실 3D스캔
공주 무령왕릉과 왕릉원 1~4호분 출토 금속유물 보존처리와 재료분석,공주 무령왕릉 금속유물 보존처리·분석
공주 무령왕릉과 왕릉원 1~4호분 출토 금속유물 보존처리와 재료분석 용역,공주 무령왕릉 금속유물 보존처리·분석
공주 무령왕릉과 왕릉원 2호분 석실 및 주요유물 CG제작,공주 무령왕릉 2호분 석실 CG제작
공주 무령왕릉과 왕릉원 발굴성과 공개회 영상 및 발표자료 제작,공주 무령왕릉 발굴성과 영상 제작
공주 무령왕릉과 왕릉원 발굴조사(4차) 측량기기 및 카메라 임차,공주 무령왕릉 발굴 측량기기 임차
공주 무령왕릉과 왕릉원 발굴조사(4차)를 위한 인허가 실시설계 용역,공주 무령왕릉 발굴 인허가 실시설계
공주 왕릉원 1~4호분과 무령왕릉 출토 유리구슬 등 출토유물 과학적 분석조사,공주 왕릉원 유리구슬 과학적 분석
공주교도소 사업장 생활폐기물 처리용역 소액수의 견적제출 공고,공주교도소 생활폐기물 처리
"공주교도소 수용자 자비부담 안경류(렌즈, 안경테 등) 소액수의(견적입찰)",공주교도소 수용자 안경류 구매
공주교도소 양말생산용   멜란지사 구매 소액 수의 견적제출 안내공고,공주교도소 양말용 멜란지사 구매
공주교도소 양말생산용 스판텍스 폴리에스터사 구매 소액수의 견적제출 안내공고,공주교도소 양말용 스판텍스사 구매
공주교도소 음식물 폐기물 위탁처리 용역 소액 수의 견적 공고,공주교도소 음식물폐기물 처리
공주교도소 장류생산용  물엿 구매 소액수의 견적제출 안내 공고,공주교도소 장류용 물엿 구매
공주교도소 장류생산용  사각용기 구매 소액수의 견적제출 안내 공고,공주교도소 장류용 사각용기 구매
공주교도소 장류생산용  소맥분 구매 소액수의 견적제출 안내 공고,공주교도소 장류용 소맥분 구매
공주교도소 장류생산용 고추양념 구매 소액수의 견적제출 안내공고,공주교도소 장류용 고추양념 구매
공주교도소 장류생산용 탈지대두분 구매 소액수의 견적제출 안내공고,공주교도소 장류용 탈지대두분 구매
공주교도소 장류생산용 한식된장 구매 소액수의 견적제출 안내공고 ,공주교도소 장류용 한식된장 구매
공주교도소 장류제품  택배운송용역 소액수의 견적제출 안내 공고,공주교도소 장류제품 택배운송
공주교도소 풋살장 조성 공사 수의(소액) 견적 제출 공고[건축],공주교도소 풋살장 조성 건축
공주교도소 풋살장 조성 공사 수의(소액) 견적 제출 공고[전기] ,공주교도소 풋살장 조성 전기
공직의 잠재적 위험요인 진단을 위한 직무 위험 분석 도구 개발,공직 직무 위험 분석 도구 개발
공항 조류충돌 예방 강화를 위한 첨단장비 도입 방안 마련 연구,공항 조류충돌 예방 첨단장비 연구
공항만 여행자 호흡기 감염병 검사 서비스 시약소모품 구매(2025년 2차) ,공항만 감염병 검사 시약소모품 구매
공항서로~남북로 간 도로개설공사-아스팔트콘크리트(저소음),공항서로~남북로 도로 저소음 아스콘
공항항만 방사선감시기 운영자 2차검색용 휴대용 핵종분석기,공항만 방사선 휴대용 핵종분석기
과기정통부 정보시스템의 효율적 재난 예방·대응 방안 연구,과기정통부 정보시스템 재난대응 연구
과도한 영업정지처분 부담 완화를 위한 법령 정비방안 연구용역,영업정지처분 부담 완화 법령 연구
과수분야 시설포장  현대화 사업(방충망 설치 등 3건) 공사,과수 시설포장 현대화 방충망 등 공사
과채류연구소 수박시험장 지역특화작목 기술개발 연구장비(동결건조기) 구입,과채류연구소 동결건조기 구입
과학기술사업화 촉진을 위한 글로벌 거점 내실화 방안 연구,과학기술사업화 글로벌 거점 연구
과학기술인 사회적 위상 확립 및 긍정 인식 확산 방안 연구,과학기술인 사회적 위상 인식 연구
과학수사 국제표준(ISO 21043-2) 인증 프로그램 개발 연구,과학수사 ISO 21043-2 인증 개발
과학수사 기초자료 통합 시스템 구축 사업(2차년도) 감리 등 용역,과학수사 통합시스템 구축 감리
과학어탐과 환경DNA를 결합한 주요 부어류의 분포 및 현존량 산정,과학어탐·환경DNA 부어류 분포 산정
과학영농기반 현장지도 활동장비 구입(물품-수의견적 제출),과학영농 현장지도 활동장비 구입
"관공선(강원해양호,해파랑3호,동해누리호) 선박공제 보험(긴급)",강원 관공선 3척 선박공제 보험
"관공선(울산순찰호, 해청1호, 울산등대호) 선주배상 책임보험",울산 관공선 3척 선주배상 책임보험
관급(PSMA)국도43호선 길음졸음쉼터 일원 포장보수공사,국도43호선 길음졸음쉼터 포장보수
관급(PSMA)국도43호선 숙성1교A2~평택대교A1 등 3개소 포장보수공사,국도43호선 숙성1교 등 포장보수
관급(PSMA)국도43호선 오성2교A2~숙성1교A1 등 5개소 포장보수공사,국도43호선 오성2교 등 포장보수
"관급(PSMA)국도43호선 오성IC-RAMP(B,D) 등 포장(응급)보수공사",국도43호선 오성IC 등 포장 응급보수
관급(PSMA)국도43호선 평택대교A2~길음1교A2 등 4개소 포장보수공사,국도43호선 평택대교 등 포장보수
관급(개질아스콘)국도17호선 능교A2+0.180~능교A2+3.477 등 6개소 포장보수공사,국도17호선 능교 등 포장보수
관급(개질아스콘)국도17호선 백암교A2+0.410~백암교A2+4.610 포장보수공사,국도17호선 백암교 포장보수
관급(개질아스콘)국도17호선 용설1교A2~용설1교A2+1.374 등 5개소 포장보수공사,국도17호선 용설1교 등 포장보수
관급(개질아스콘)국도17호선 한평교A2~한평교A2+0.598 등 3개소 포장보수공사,국도17호선 한평교 등 포장보수
관급(개질아스콘)국도38호선 양복육교A1~양복육교A1+0.299 등 5개소 포장보수공사,국도38호선 양복육교 등 포장보수
관급(개질아스콘)국도38호선 우경삼거리+2.354~우경삼거리+2.858 등 3개소 포장보수공사,국도38호선 우경삼거리 등 포장보수
관급(개질아스콘)국도39호선 발안교A2~제암육교A1 등 5개소 포장보수공사,국도39호선 발안교 등 포장보수
관급(개질아스콘)국도39호선 서부두입구삼거리+1.167~서부두입구삼거리+2.870 등 2개소 포장보수공사,국도39호선 서부두입구 등 포장보수
관급(개질아스콘)국도39호선 쌍학3육교A2~숙곡교A1 등 9개소 포장보수공사,국도39호선 쌍학3육교 등 포장보수
관급(개질아스콘)국도39호선 쌍학교차로+0.012~쌍학교차로+2.313 등 4개소 포장보수공사,국도39호선 쌍학교차로 등 포장보수
관급(개질아스콘)국도42호선 이치1교A2~이치1교A2+1.104 등 2개소 포장보수공사,국도42호선 이치1교 등 포장보수
관급(개질아스콘)국도42호선 추계1교A2+0.982~추계1교A2+2.190 등 3개소 포장보수공사,국도42호선 추계1교 등 포장보수
관급(개질아스콘)국도43호선 교포천교A2~오성IC 등 5개소 포장보수공사,국도43호선 교포천교 등 포장보수
관급(개질아스콘)국도43호선 신왕삼거리~신왕삼거리+0.795 등 3개소 포장보수공사,국도43호선 신왕삼거리 등 포장보수
관급(개질아스콘)국도43호선 오성2교A2~교포천교A1 등 3개소 포장보수공사,국도43호선 오성2교 등 포장보수
관급(개질아스콘)국도43호선 진안1지하차도A2~진안1육교A1 등 7개소 포장보수공사,국도43호선 진안1지하차도 포장보수
관급(개질아스콘)국도43호선 태안지하차도A2~진안3지하차도A1 등 4개소 포장보수공사,국도43호선 태안지하차도 포장보수
관급(개질아스콘)국도43호선 팔탄입구삼거리+1.406~가재교차로 등 5개소 포장보수공사,국도43호선 팔탄입구 등 포장보수
관급(개질아스콘)국도43호선 향남2교A2+0.733~향남2교A2+1.598 등 4개소 포장보수공사,국도43호선 향남2교 등 포장보수
관급(개질아스콘)국도45호선 덕성1교A2~시미육교A1 등 9개소 포장보수공사,국도45호선 덕성1교 등 포장보수
관급(개질아스콘)국도45호선 만세터널A2~칠곡교A1 등 5개소 포장보수공사,국도45호선 만세터널 등 포장보수
관급(개질아스콘)국도45호선 칠곡교(하) 등 시설물 보수공사,국도45호선 칠곡교 시설물 보수
관급(개질아스콘)국도45호선 평택시(뒤)~궁논교A2 등 7개소 포장보수공사,국도45호선 평택시~궁논교 포장보수
관급(개질아스콘)국도77호선 남양대교A2~노진2사거리 등 3개소 포장보수공사,국도77호선 남양대교 등 포장보수
관급(개질아스콘)국도77호선 봉화교A2~조암교A1 등 4개소 포장보수공사,국도77호선 봉화교 등 포장보수
관급(개질아스콘)국도77호선 석천사거리~남양대교A1 등 4개소 포장보수공사,국도77호선 석천사거리 등 포장보수
관급(개질아스콘)국도77호선 수화교차로~수화2교A1 등 6개소 포장보수공사,국도77호선 수화교차로 등 포장보수
관급(개질아스콘)국도77호선 조암교A2~조암교A2+0.602 등 5개소 포장보수공사,국도77호선 조암교 등 포장보수
관급(개질아스콘)국도82호선 향남교A2+0.900~요당교차로 등 2개소 포장보수공사,국도82호선 향남교 등 포장보수
관급(교면포장재)국도43호선 기산1교(상) 등 시설물 보수공사,국도43호선 기산1교 시설물 보수
"관급(방초커버링)2025년도 관내 이천,여주,광주지역 예초공사",관급(방초커버링) 이천·여주·광주 예초공사
"관급(방초커버링)관내 동부지역(여주,이천,광주,용인) 2차 예초공사",관급(방초커버링) 동부지역 2차 예초공사
관급(수밀성SMA)국도43호선 길음졸음쉼터 일원 포장보수공사,관급(수밀성SMA) 국도43호선 길음 포장보수
관급(승강기에어컨)국도38호선 내리보도육교 승강기 설치공사,관급(승강기에어컨) 국도38호선 내리보도육교 승강기설치
관급(신축이음장치)국도45호선 양성교(상) 등 시설물 보수공사,관급(신축이음장치) 국도45호선 양성교 등 보수
관급(아스팔트개질제)국도45호선 비룡2교 등 시설물 보수공사,관급(아스팔트개질제) 국도45호선 비룡2교 등 보수
관급(유리알)국도38호선 관내 차선도색 정비공사 등 25개 공사,관급(유리알) 국도38호선 차선도색 등 25건
관급(자동염수분사장치)국도17호선 안성 당목리 등 2개 구간 설해대책시설 설치공사 관급자재 구매,관급(자동염수분사) 국도17호선 설해대책시설 설치
관급(자동염수분사장치)국도42호선 용인 역북동 등 2개 구간 설해대책시설 설치공사 관급자재 구매,관급(자동염수분사) 국도42호선 설해대책시설 설치
"관급자재 구매 요청(가동보, 황룡강 황룡2지구 하천환경정비사업(2차))",관급자재(가동보) 황룡강 황룡2지구 하천정비
"관급자재 구매(4-2복컴_전력, 조명제어, 원격검침, BEMS)",관급자재 4-2복컴 전력·조명제어·원격검침·BEMS
"관급자재 구매(개질아스콘, 국도17호선 진천 진천 벽암리 등 5개소 도로포장 보수공사)",관급(개질아스콘) 국도17호선 진천 등 5개소 포장
"관급자재 구매(개질아스콘, 국도17호선 청주 흥덕 강내 학천리 등 7개소 도로포장 보수공사)",관급(개질아스콘) 국도17호선 청주 등 7개소 포장
"관급자재 구매(개질아스콘, 국도4호선 옥천 동이 세산리 등 5개소 도로포장 보수공사)",관급(개질아스콘) 국도4호선 옥천 등 5개소 포장
"관급자재 구매(개질아스콘, 보은국토 관내 남부1권역 도로포장 보수공사)",관급(개질아스콘) 보은 남부1권역 도로포장보수
"관급자재 구매(개질아스콘, 보은국토 관내 남부2권역 도로포장 보수공사)",관급(개질아스콘) 보은 남부2권역 도로포장보수
"관급자재 구매(개질아스콘, 보은국토 관내 북부권역 도로포장 보수공사)",관급(개질아스콘) 보은 북부권역 도로포장보수
"관급자재 구매(개질아스콘, 보은국토 관내 중부1권역 도로포장 보수공사)",관급(개질아스콘) 보은 중부1권역 도로포장보수
"관급자재 구매(개질아스콘, 보은국토 관내 중부2권역 도로포장 보수공사)",관급(개질아스콘) 보은 중부2권역 도로포장보수
"관급자재 구매(국립도시건축박물관_도시건축, 화물용엘리베이터)",관급자재 국립도시건축박물관 화물용엘리베이터
"관급자재 구매(국립도시건축박물관_통합2차, 연료전지설비)",관급자재 국립도시건축박물관 연료전지설비
관급자재 구매(국립도시건축박물관_화물용 엘리베이터[유압]),관급자재 국립도시건축박물관 유압화물엘리베이터
관급자재 구매(국립박물관단지 통합시설(2차)_전력조명제어),관급자재 국립박물관단지 통합시설 전력조명제어
"관급자재 구매(충청내륙1-1~3 국도ITS 구축공사, 금속지주 총액)",관급자재 충청내륙 국도ITS 금속지주
"관급자재 구매[방수아스콘, 국도37호선 백석2교 등 2개소 교면포장공사]",관급(방수아스콘) 국도37호선 백석2교 등 교면포장
"관급자재 구매[확장형인도교, 국도34호선 반탄교(구) 내하력보강 및 보도설치공사]",관급(확장형인도교) 국도34호선 반탄교 보강·보도
"관급자재 국도3호선 차선도색 정비공사 등 3건, 유리알 구매",관급(유리알) 국도3호선 차선도색 등 3건
관급자재 국도48호선 강화 하점 이강 오르막차로 설치공사,관급자재 국도48호선 강화 하점 오르막차로
"관급자재 혁신제품(가드레일지주지지력보강재, 국도30호선임실성수월평등10개소방호울타리정비공사)",관급 혁신제품(가드레일보강재) 국도30호선 방호울타리
관급자재(PC암거)국도14호선 고성 월평지구 교차로 개선공사,관급(PC암거) 국도14호선 고성 월평 교차로개선
관급자재(개질아스콘)-공주1권역 도로포장보수 등 2개공사,관급(개질아스콘) 공주1권역 도로포장보수 등 2건
관급자재(개질아스콘)-세종1권역 도로포장보수 등 2개공사,관급(개질아스콘) 세종1권역 도로포장보수 등 2건
관급자재(개질아스콘)-세종3권역 도로포장보수 등 2개공사,관급(개질아스콘) 세종3권역 도로포장보수 등 2건
관급자재(개질아스콘)국도14호선 거제권역 포장도 보수공사 외 1건,관급(개질아스콘) 국도14호선 거제권역 포장 외1
"관급자재(개질아스콘)국도2,3,19호선 남해,진주권역 포장도 보수공사","관급(개질아스콘) 국도2,3,19호선 남해·진주 포장"
"관급자재(개질아스콘)국도2호선 진주,창원,고성권역 포장도 보수공사",관급(개질아스콘) 국도2호선 진주·창원·고성 포장
"관급자재(개질아스콘)국도3,20,33호선 진주,의령,산청,합천권역 포장도 보수공사","관급(개질아스콘) 국도3,20,33호선 진주 등 포장"
"관급자재(개질아스콘)국도3,24호선 함양,거창,합천권역 포장도 보수공사","관급(개질아스콘) 국도3,24호선 함양·거창·합천 포장"
관급자재(개질아스콘-국도17호선 갈마육교A2+2.995-갈마육교A2+3.872 등 10개소 포장도 보수공사),관급(개질아스콘) 국도17호선 갈마육교 등 10개소
관급자재(개질아스콘-국도17호선 금곡교A2-금곡교A2 등 6개소 포장도 보수공사),관급(개질아스콘) 국도17호선 금곡교 등 6개소
관급자재(개질아스콘-국도17호선 남원 사매지구 포장도 보수공사),관급(개질아스콘) 국도17호선 남원 사매 포장보수
관급자재(개질아스콘-국도17호선 병암지하차도 포장보수공사),관급(개질아스콘) 국도17호선 병암지하차도 포장
관급자재(개질아스콘-국도19호선 싸리재지하차도 등 3개소 포장보수공사),관급(개질아스콘) 국도19호선 싸리재 등 3개소
관급자재(개질아스콘-국도27호선 운암터널(상) 등 6개소 포장보수공사),관급(개질아스콘) 국도27호선 운암터널 등 6개소
관급자재(국유관사 주방 보수용 싱크대 등) 구매(제조 및 설치),관급자재 국유관사 주방 싱크대 제조·설치
관급자재(냉난방기)[문막읍 후용2리 마을만들기(자율개발) 마을회관 리모델링공사(기계)],관급(냉난방기) 후용2리 마을회관 리모델링(기계)
"관급자재(눈및얼음융해장치, 국도19호선무주적상등도로유지보수공사)",관급(얼음융해장치) 국도19호선 무주 적상 유지보수
관급자재(대형냉장고) - 강원도 사과유통시설(저온저장고) 설치공사,관급(대형냉장고) 강원 사과 저온저장고 설치
관급자재(돌망태블록)-양안지하차도 등 7개소 수해복구공사,관급(돌망태블록) 양안지하차도 등 7개소 수해복구
관급자재(레미콘(총액)-국도30호선 임실 강진교 개축공사 1차분),관급(레미콘) 국도30호선 임실 강진교 개축 1차
관급자재(레미콘2종)구입(경산지식산업지구진입도로개설공사(6차)),관급(레미콘2종) 경산지식산업지구 진입도로 6차
관급자재(배수성아스콘-국도26호선 구룡육교A2-진안육교A1 등 2개소 포장도 보수공사),관급(배수성아스콘) 국도26호선 구룡육교 등 2개소
관급자재(배수성아스콘-국도26호선 진안육교A2-진안육교A2 등 2개소 포장도 보수공사),관급(배수성아스콘) 국도26호선 진안육교 등 2개소
관급자재(보안등 설비)-백운산 농촌테마공원(근린공원) 조성공사(전기),관급(보안등설비) 백운산 농촌테마공원 조성(전기)
관급자재(수배전반)-국도4호선 사비터널 방재시설 설치공사[전기],관급(수배전반) 국도4호선 사비터널 방재시설(전기)
관급자재(순환골재)구입(경산지식산업지구 진입도로 개설공사 6차),관급(순환골재) 경산지식산업지구 진입도로 6차
"관급자재(스톤네트, 지석천 오계지구 하천환경정비사업 2차)",관급(스톤네트) 지석천 오계지구 하천정비 2차
"관급자재(유리알)-공주시계,유천교차로간 차선도색 등 3개공사",관급(유리알) 공주 유천교차로 차선도색 등 3건
관급자재(잡석 및 망태석)소액수의 견적서 제출 안내[국가하천 배수영향구간(둔포천) 하천환경정비사업],관급(잡석·망태석) 둔포천 하천환경정비
"관급자재(잡석, 황룡강 황룡1지구 하천환경정비사업 2차)",관급(잡석) 황룡강 황룡1지구 하천정비 2차
"관급자재(잡석, 황룡강 황룡2지구 하천환경정비사업 2차)",관급(잡석) 황룡강 황룡2지구 하천정비 2차
관급자재(철제도로중앙분리대)-양안지하차도 비상회차시설 설치공사,관급(철제중앙분리대) 양안지하차도 비상회차시설
관급자재(혼합골재)구입(경산지식산업지구진입도로개설공사6차),관급(혼합골재) 경산지식산업지구 진입도로 6차
관급자재(확장형인도교)국도2호선 진주 독산지구 교차로 개선공사,관급(확장형인도교) 국도2호선 진주 독산 교차로개선
관급자재(흙먼지털이기) - 백운산 농촌테마공원(근린공원) 조성공사,관급(흙먼지털이기) 백운산 농촌테마공원 조성
관급자재-(개질아스콘-국도17호선 오리정교차로+1.346-춘향터널A1 등 11개소 포장도 보수공사),관급(개질아스콘) 국도17호선 오리정 등 11개소
관급자재-드럼스크린필터 1종(2025년 남해수산연구소 생물사육동 순환여과설비 구축공사),관급 드럼스크린필터 남해수산 순환여과설비
"관급자재-혁신제품(가드레일지주보강재, 국도26호선장수장계명덕등10개소)",관급 혁신제품(가드레일보강재) 국도26호선 장수 등
"관급자재-혁신제품(눈및얼음융해장치, 무주가옥교차로등도로유지보수공사)",관급 혁신제품(얼음융해장치) 무주 가옥교차로 유지보수
관급자재-히터펌프 등 2종(2025년 남해수산연구소 생물사육동 순환여과설비 구축공사),관급 히터펌프 등 남해수산 순환여과설비
관급자재[국도21호선 보령시 관창교차로 램프 포장도 보수공사-개질아스콘],관급(개질아스콘) 국도21호선 보령 관창 포장보수
관급자재[국도21호선 보령시 진죽사거리+0.513~정전교A1(하행) 등 3개소 포장도 보수공사-개질아스콘],관급(개질아스콘) 국도21호선 보령 진죽 등 3개소
관급자재[국도21호선 보령시계~마온교차로간 등 2개 구간 차선도색공사-질감조성물질],관급(질감조성물질) 국도21호선 보령 차선도색 등 2건
관급자재[국도29호선 홍성군 금당1교A2~대영교차로(하행) 등 2개소 포장도 보수공사-배수성아스콘],관급(배수성아스콘) 국도29호선 홍성 금당1교 등
관급자재[국도29호선 홍성군 금당2교A2~입암교A2+2.160(상행) 포장도 보수공사-배수성아스팔트],관급(배수성아스팔트) 국도29호선 홍성 금당2교 포장
관급자재[국도29호선 홍성군 대영교차로~금당1교A2(상행) 포장도 보수공사-배수성아스콘],관급(배수성아스콘) 국도29호선 홍성 대영교차로 포장
관급자재[국도29호선 홍성군 신기교A2+1.050~입암교A1 포장도 보수공사-개질아스콘],관급(개질아스콘) 국도29호선 홍성 신기교 포장
관급자재[국도29호선 홍성군 쌍천교A2~동산사거리(상행) 포장도 보수공사-개질아스콘],관급(개질아스콘) 국도29호선 홍성 쌍천교 포장
관급자재[국도29호선 홍성군 입암교A2+2.168~금당2교A1(하행) 포장도 보수공사-배수성아스팔트],관급(배수성아스팔트) 국도29호선 홍성 입암교 포장
관급자재[국도32호선 당진1권역 도로포장 보수공사-SMA아스콘],관급(SMA아스콘) 국도32호선 당진1권역 도로포장
관급자재[국도32호선 당진2권역 도로포장 보수공사-SMA아스콘],관급(SMA아스콘) 국도32호선 당진2권역 도로포장
관급자재[국도32호선 당진권역 도로포장 보수공사-PSMA아스콘],관급(PSMA아스콘) 국도32호선 당진권역 도로포장
관급자재[국도32호선 당진권역 도로포장 보수공사-개질아스콘],관급(개질아스콘) 국도32호선 당진권역 도로포장
관급자재[국도32호선 당진권역(하반기) 도로포장 보수공사-개질아스콘],관급(개질아스콘) 국도32호선 당진권역 하반기포장
관급자재[국도32호선 부장교차로~당진시계 간 차선도색공사 등 12건-질감조성물질],관급(질감조성물질) 국도32호선 당진 차선도색 12건
관급자재[국도32호선 사관교 등 2개소 교면포장 보수공사-방수아스콘],관급(방수아스콘) 국도32호선 사관교 등 교면포장
관급자재[국도32호선 상오교 교면포장 보수공사-방수아스콘],관급(방수아스콘) 국도32호선 상오교 교면포장
"관급자재[국도32호선 예산,당진권역 도로포장 보수공사-개질아스콘]",관급(개질아스콘) 국도32호선 예산·당진 도로포장
"관급자재[국도32호선 태안,서산권역 도로포장 보수공사-개질아스콘]",관급(개질아스콘) 국도32호선 태안·서산 도로포장
관급자재[국도34호선 아산1권역 도로포장 보수공사-개질아스콘],관급(개질아스콘) 국도34호선 아산1권역 도로포장
관급자재[국도34호선 아산권역(하반기) 도로포장 보수공사-개질아스콘],관급(개질아스콘) 국도34호선 아산권역 하반기포장
관급자재[국도34호선 천안권역 도로포장 보수공사-개질아스콘],관급(개질아스콘) 국도34호선 천안권역 도로포장
"관급자재[국도38호선 서산,당진권역 도로포장 보수공사-개질아스콘]",관급(개질아스콘) 국도38호선 서산·당진 도로포장
관급자재[국도39호선 남동지하차도 포장보수공사-친환경교면포장재(혁신제품)],관급 친환경교면포장재 국도39호선 남동지하차도
관급자재[국도43호선 아산1권역 도로포장 보수공사-SMA아스콘],관급(SMA아스콘) 국도43호선 아산1권역 도로포장
관급자재[국도43호선 아산1권역 도로포장 보수공사-아스콘SMA],관급(아스콘SMA) 국도43호선 아산1권역 도로포장
관급자재[국도43호선 아산2권역 도로포장 보수공사-SMA아스콘],관급(SMA아스콘) 국도43호선 아산2권역 도로포장
관급자재[국도43호선 아산2권역 도로포장 보수공사-개질아스콘],관급(개질아스콘) 국도43호선 아산2권역 도로포장
관급자재[국도43호선 아산2권역 도로포장 보수공사-아스콘SMA],관급(아스콘SMA) 국도43호선 아산2권역 도로포장
관급자재[국도43호선 아산3권역 도로포장 보수공사-개질아스콘],관급(개질아스콘) 국도43호선 아산3권역 도로포장
관급자재[국도43호선 아산4권역 도로포장 보수공사-개질아스콘],관급(개질아스콘) 국도43호선 아산4권역 도로포장
관급자재[국도43호선 아산권역 도로포장 보수공사-PSMA아스콘],관급(PSMA아스콘) 국도43호선 아산권역 도로포장
"관급자재[긴급,국도34호선 당진 졸음쉼터 설치공사(1차)-토목용보강재]",관급(토목용보강재) 국도34호선 당진 졸음쉼터 1차
관급자재[아산 탕정테크노 일반산업단지 진입도로 개설공사-DL거더],관급(DL거더) 아산 탕정테크노산단 진입도로
관급자재[아산 탕정테크노 일반산업단지 진입도로 개설공사-레미콘],관급(레미콘) 아산 탕정테크노산단 진입도로
"관내 남부권역(경산, 청도, 달성, 고령)일상유지 보수공사",남부권역(경산·청도·달성·고령) 일상유지보수
"관내 동부지역(국도17,38,45호선) 배수시설 준설공사","동부지역(국도17,38,45호선) 배수시설 준설"
관내 버스정차대 보도정비 등 환경개선 공사 폐기물처리용역,버스정차대 보도정비 환경개선 폐기물처리
"관내 서부지역(국도38,43,82호선) 배수시설 준설공사","서부지역(국도38,43,82호선) 배수시설 준설"
관내 전기·소방·통신분야 재해예방 기술지도 용역(경남지역),전기·소방·통신 재해예방 기술지도(경남)
관내 터널 전기 및 방재설비 보수공사 실시설계 건설엔지니어링,터널 전기·방재설비 보수 실시설계 엔지니어링
관세청 서울세관 이사화물 장치장 관급자재구매(엘리베이터),관세청 서울세관 이사화물 장치장 엘리베이터
관측자료를 이용한 태풍 분석 및 태풍예보지원 기술 개발 ,관측자료 활용 태풍분석·태풍예보지원 기술개발
광명경찰서 신축공사 관급자재 자동제어시스템 구매 - 우수조달물품,광명경찰서 신축 자동제어시스템(우수조달)
광복 80년 기념 나라꽃 무궁화 대축제(중앙행사) 위탁 용역,광복80년 나라꽃 무궁화 대축제 위탁
광복 80주년 기념 독립운동 교육 콘텐츠 개발.보급 용역,광복80주년 독립운동 교육콘텐츠 개발·보급
광복 80주년 기념 역사되찾기 특별전 전시연출 설계 및 제작 설치 용역,광복80주년 역사되찾기 특별전 전시연출 설계·제작
광복 80주년 기념 태극기 특별전 국외자료 포장 운송 및 설치,광복80주년 태극기 특별전 국외자료 포장·운송
광복 80주년 기념 태극기 특별전 전시연출 설계 및 제작·설치 용역,광복80주년 태극기 특별전 전시연출 설계·제작
광복80주년 KTV대기획 시리즈 외주프로그램 (다큐멘터리2) 제작,광복80주년 KTV 다큐멘터리2 제작
광복80주년 KTV대기획 시리즈 외주프로그램(다큐멘터리3) 제작,광복80주년 KTV 다큐멘터리3 제작
광복80주년 KTV대기획 시리즈 외주프로그램(토크쇼1) 제작,광복80주년 KTV 토크쇼1 제작
광복80주년 계기 불빛공연(드론 라이트 쇼) 행사 대행 용역,광복80주년 불빛공연(드론 라이트쇼) 대행
광복80주년 계기 코리아 메모리얼 광복라이트 기획 및 운영 용역,광복80주년 코리아 메모리얼 광복라이트 운영
광복80주년 계기 패션콘텐츠 기획 및 이벤트 운영 대행 용역,광복80주년 패션콘텐츠 기획·이벤트 운영대행
광복80주년?광복군 창설 85주년 기념 프로그램 개발 및 운영 용역,광복80주년·광복군 85주년 프로그램 개발·운영
광양만권 근로자 가족 야외 물놀이장 운영·관리 용역(긴급),광양만권 근로자 물놀이장 운영·관리(긴급)
광양만권경제자유구역 개발계획 변경 수립 용역 입찰 공고(협상에 의한 계약),광양만권경제자유구역 개발계획 변경 수립
광양세관 천정형 시스템 냉난방기(세관장실외) 교체 GHP실외기 구매,광양세관 시스템냉난방기 교체 GHP실외기
광역수사단(마포청사) GHP 배출가스 저감장치 설치(Nu엔진),광역수사단 GHP 배출가스 저감장치 설치
광자극발광선량계 판독시스템(OSL Dosimeter Reading System),광자극발광선량계 판독시스템(OSL)
광주경찰청 경찰특공대 탐지견사 환경개선사업 증축 건축공사,광주경찰청 특공대 탐지견사 증축 건축
광주과학수사연구소 가스열펌프(GHP) 저감장치 구매 설치 소액수의 안내 공고,광주과수연 GHP 저감장치 구매·설치
광주과학수사연구소 가스열펌프(GHP) 저감장치 설치 소액수의 안내 공고,광주과수연 GHP 저감장치 설치
광주광산경찰서 파출소(13개소) 청소용역업체 선정 입찰 공고,광주광산서 파출소13개소 청소용역업체 선정
광주교도소 신입수용자 등 혈액검사 용역 소액수의 견적제출,광주교도소 신입수용자 혈액검사
광주교도소 양곡류(일반쌀 등 6종) 구매 소액수의 견적제출,광주교도소 양곡류(일반쌀 등 6종) 구매
광주국토 관내 낙석산사태 등 도로유지보수 정비사업 실시설계용역,광주국토 낙석·산사태 도로유지보수 실시설계
광주국토 관내 남부권 통로암거 현황조사 및 정기안전점검용역,광주국토 남부권 통로암거 조사·정기안전점검
광주국토 관내 동부권 통로암거 현황조사 및 정기안전점검용역,광주국토 동부권 통로암거 조사·정기안전점검
광주국토 관내 배수시설 등 도로유지보수 정비사업 실시설계용역,광주국토 배수시설 도로유지보수 실시설계
광주국토 관내 서부권 통로암거 현황조사 및 정기안전점검용역,광주국토 서부권 통로암거 조사·정기안전점검
광주국토관리사무소 관내 영광제설분소 개설공사 폐기물처리용역,광주국토 영광제설분소 개설 폐기물처리
광주무등로우체국 건립공사 건설재해예방 기술지도용역(건설분야),광주무등로우체국 건립 재해예방 기술지도(건설)
광주무등로우체국 건립공사 건설재해예방 기술지도용역(전기분야),광주무등로우체국 건립 재해예방 기술지도(전기)
광주보훈병원 GHP 실외기 배출가스 저감장치(9대)설치 소액수의견적 변경공고,광주보훈병원 GHP 저감장치 9대 설치
광주보훈병원 의료기기 구매(신경외과 전동식 의료용 핸드피스 등 3그룹),광주보훈병원 의료기기 핸드피스 등 3그룹
"광주북부경찰서 직장어린이집 개원 물품(교재,교구) 구입 ",광주북부서 어린이집 교재·교구 구입
광주비아동우체국 및 광주월곡동우체국 내진성능평가 검증 용역,광주비아동·월곡동우체국 내진성능평가 검증
광주지방고용노동청 별관 실내건축공사(인테리어) 견적 제출 공고,광주고용노동청 별관 실내건축(인테리어)
광주지방교정청 소속 교정시설 방역소독 용역 소액수의 견적제출 공고,광주교정청 교정시설 방역소독
"광주청 경찰서(서부,남부,북부) 노후 IP 교환기 리스 구매",광주청 서·남·북부서 노후 IP교환기 리스
광주풍암마재우체국 및 광주본량동우체국 내진성능평가 검증 용역,광주풍암마재·본량동우체국 내진성능평가 검증
괴산군 소수면 아성리 등 2개소 낙석정비공사 임목폐기물 처리용역,괴산 소수면 아성리 등 낙석정비 임목폐기물처리
교량 및 터널 전기·방재설비 개선공사 실시설계 건설엔지니어링,교량·터널 전기·방재설비 개선 실시설계 엔지니어링
교육시설안전 인증 제도 성과분석 및 제도 개선을 위한 정책연구,교육시설안전 인증제도 성과분석·개선 정책연구
교육시설의 안전·유지·개방 등 효율적 관리 방안에 관한 연구,교육시설 안전·유지·개방 효율적 관리방안 연구
교육운영과-95(2025.2.12.) 국세공무원교육원 교육과정 직무교재 조달 의뢰,국세공무원교육원 교육과정 직무교재 조달
교육원 3011함 등 2척 MGPS(CU ANODE ASS Y등 12종 24점)구매,교육원 3011함 등 2척 MGPS 12종 구매
교육정책담당관실 25년 1차 경찰청 사이버교육 콘텐츠 제작사업,경찰청 사이버교육 콘텐츠 제작 1차
교육정책담당관실 25년 2차 경찰청 사이버교육 콘텐츠 제작사업,경찰청 사이버교육 콘텐츠 제작 2차
"교육정책담당관실 맞춤형 석사과정(경찰 행정,기획 전문가 양성) 위탁교육",경찰 행정·기획 전문가 맞춤형 석사 위탁교육
구급의료 발전을 위한 제도개선에 관한 연구용역(수의시담),구급의료 발전 제도개선 연구(수의시담)
구례 섬진강 수달서식지 생태·경관보전지역 관리기본계획 수립 연구용역,구례 섬진강 수달서식지 보전지역 관리기본계획
구미경찰서어린이집 2025학년도 식자재납품업체 선정 입찰공고,구미경찰서 어린이집 식자재납품업체 선정
구미우체국 집배용 이륜차 단가계약 업체 선정을 위한 입찰,구미우체국 집배용 이륜차 단가계약 업체선정
구미전자공고 실습기자재 구입(CAM 밀링 및 선반 프로그램),구미전자공고 실습기자재(CAM 밀링·선반)
구미전자공고 실습장비(라즈베리파이) 구입 견적 제출 재안내 공고,구미전자공고 실습장비(라즈베리파이) 구입
구시장 주차타워 외 1개소 통합 건설사업관리용역 사업수행능력평가서 제출안내 공고,구시장 주차타워 외1 통합 건설사업관리
구시포항 준설토 투기장 축조공사 사후환경영향조사용역(공사시),구시포항 준설토 투기장 축조 사후환경영향조사
구제역진단과 의료용효소분석기(ELISA자동화시스템) 1대 구입,구제역진단과 의료용효소분석기(ELISA) 구입
구제역진단과 중합효소연쇄반응(PCR)최적화제품 1대 구입,구제역진단과 PCR최적화제품 구입
국가 배터리 순환 클러스터 사용후 배터리 에너지저장장치 구매설치,국가 배터리순환 사용후배터리 ESS 구매설치
국가 온실가스 감축목표 달성을 위한 수소 산업 활성화 방안,국가 온실가스 감축 수소산업 활성화 방안
국가 온실가스 감축목표 산림부문 흡수 잠재량 추정 개선 및 고도화 방안 연구 ,국가 온실가스 산림부문 흡수잠재량 추정 고도화
국가 탄소중립 통합 플랫폼 구축 정보화전략계획(ISP) 수립,국가 탄소중립 통합플랫폼 구축 ISP 수립
국가 통합물관리정보플랫폼 구축(2025~2028) 1차사업 감리 ,국가 통합물관리정보플랫폼 1차사업 감리
국가공간정보자산(기본측량성과) 국외반출 대응방안 수립 연구,국가공간정보자산 국외반출 대응방안 수립
국가기본도 등 공간정보 글로벌화를 위한 UN-GGIM-AP 총회 개최,국가기본도 공간정보 글로벌화 UN-GGIM-AP 총회
국가기상슈퍼컴퓨터센터 노후 순환펌프(인라인펌프) 구매·설치,국가기상슈퍼컴센터 노후 순환펌프 구매·설치
국가기상슈퍼컴퓨터센터 무정전전원장치(UPS) 노후부품 구매 교체,국가기상슈퍼컴센터 UPS 노후부품 구매·교체
국가기상슈퍼컴퓨터센터 무정전전원장치(UPS)용 납축전지 구매 교체,국가기상슈퍼컴센터 UPS용 납축전지 구매·교체
국가기상슈퍼컴퓨터센터 저압반 기중차단기(ACB) 교체 및 전기공사,국가기상슈퍼컴센터 저압반 ACB 교체 전기
국가기상위성센터 2025년 지상 GNSS(전지구위성항법시스템) 수신기 구매 및 교체,국가기상위성센터 지상 GNSS 수신기 구매·교체
국가기준측정시스템 및 미세먼지측정기 유지보수(2026년),국가기준측정시스템·미세먼지측정기 유지보수
국가대기오염물질 배출량 산정 및 기초 자료 DB구축 -2023~2024년 기준(Ⅱ)-,국가대기오염물질 배출량 산정·DB구축
국가등록문화유산 수리 사례집(석조∙철근콘크리트조) 및 기술서 정비 연구용역,국가등록문화유산 수리 사례집·기술서 정비
국가무형유산 전승자 인정 체계 개선 및 예우 확대 방안 마련 연구,국가무형유산 전승자 인정체계 개선·예우 연구
국가문헌보존관 AI기반 자동화서고 모델 연구 용역 계약 의뢰,국가문헌보존관 AI 자동화서고 모델 연구
국가생물다양성융복합센터 사전타당성 검토 및 기본구상 마련 연구,국가생물다양성융복합센터 사전타당성 검토
국가생물다양성전략 이행점검을 위한 지표 개발 연구(2차년도),국가생물다양성전략 이행점검 지표개발 2차
국가생물종목록 현행화 및 종정보 관리 기반 강화 연구(2025년),국가생물종목록 현행화·종정보 관리 연구
국가선량관리체계 확대 및 의료방사선 최적화 관리 방안 마련,국가선량관리체계 확대 의료방사선 최적화
국가안전정보 통합공개시스템 시설물 안전정보 현행화 감리 용역,국가안전정보 통합공개시스템 현행화 감리
국가어업지도선(무궁화25호) 정기수리(간소화) 용역(선체·기관),국가어업지도선 무궁화25호 정기수리(선체·기관)
국가어업지도선(무궁화38호) 정기수리용 자재(주발전기관),국가어업지도선 무궁화38호 정기수리 주발전기관
국가어업지도선(무궁화4호) 정기수리용역 관급자재(주기관),국가어업지도선 무궁화4호 정기수리 주기관
국가어항 금진항 외 2개소 퇴적방지 시설사업 통합 건설사업관리용역,국가어항 금진항 외2 퇴적방지 통합 건설사업관리
국가온실가스감축목표 산림부문 흡수 잠재량 추정 개선 및 고도화 방안연구,국가온실가스 산림부문 흡수잠재량 추정 고도화
국가유공자  보철구 적정수가 산정기준 및 품질관리 방안 연구 용역,국가유공자 보철구 적정수가 산정·품질관리 연구
국가유공자 휴식지원을 위한 민간휴양원 활용 및 운용모형 개발 연구 용역,국가유공자 민간휴양원 활용 운용모형 개발
국가유산 글로벌 위기대응을 위한 포괄적 관리체계 구축 연구 용역,국가유산 글로벌 위기대응 관리체계 구축
국가유산 디지털 정보자원(데이터) 백업용 전산소모품 구매,국가유산 디지털 정보 백업용 전산소모품
국가유산 조직 현안 대응 및 역량강화 방안 모색을 위한 용역,국가유산 조직 현안 대응·역량강화 방안
국가유산 지방소멸 위기대응 기본계획 및 지속가능한 전략 마련 연구,국가유산 지방소멸 위기대응 기본계획 연구
국가유산감리 업무수행지침 및 대가기준 개선 방안 연구용역,국가유산감리 업무지침·대가기준 개선
"국가유산기본법 시대, 국가유산 수리의 개념과 원칙 공동 심포지엄 개최 대행 용역",국가유산 수리 개념·원칙 심포지엄 대행
국가유산수리 책임설계제도 마련을 위한 시범사업 분석연구 용역,국가유산수리 책임설계제도 시범사업 분석
국가유산수리기능인 양성과정 교수법 및 평가방법 개발 용역,국가유산수리기능인 교수법·평가방법 개발
국가의 국가유산 보호 책무에 관한 규범적 강화 방안 연구,국가의 국가유산 보호 책무 규범 강화 연구
국가정보자원관리원 광주센터 UPS용 리튬배터리 구축 장기계속사업,광주센터 UPS용 리튬배터리 구축
국가정보자원관리원 국가정보통신망 백본전송망 구축·운영사업(2026년~2030년),국가정보통신망 백본전송망 구축·운영
"국가정보자원관리원 대구센터 비상발전기 연료(경유, 99,000L) 구입",대구센터 비상발전기 연료(경유) 구입
국가정보자원관리원 사이버위협분석대응(2025년~2026년),국정원 사이버위협분석대응
"국가정보자원관리원 전산실 화재피해 복구 건축공사(건축,기계)",정보자원관리원 전산실 화재복구 건축공사
국가정보자원관리원 통합운영환경 운영유지관리(2025년~2026년),통합운영환경 운영유지관리
국가정신건강정보포털 시스템 운영 소프트웨어 라이선스 구매,국가정신건강정보포털 SW 라이선스
국가정황정보(COI) DB 및 통합관리시스템 구축(1차) 사업 감리 ,국가정황정보 DB·통합관리시스템 구축 감리
국가지원지방도32호선(문경 농암 화산-사현)건설공사교통시설안전진단 건설엔지니어링,지방도32호선 문경 교통시설안전진단
국가지원지방도32호선(문경 농암 화산-사현)건설공사매장유산 지표조사 건설엔지니어링,지방도32호선 문경 매장유산 지표조사
국가지원지방도69호선 온정-원남 건설공사 실시설계(보완) 건설엔지니어링,지방도69호선 온정-원남 실시설계
국가지정문화유산(사적) 가치 구체화 위한 지정 조사 서식 개선방안 연구용역,국가지정문화유산 지정 조사 서식 개선
"국가출하승인시설 밸리데이션(생물안전 2,3등급 연구시설 및 무균실험실)",국가출하승인시설 밸리데이션
국가출하승인시설 밸리데이션(생물안전 2·3등급 연구시설 및 무균실험실),국가출하승인시설 밸리데이션
국가하천 배수영향구간(둔포천) 하천환경정비사업 3차 관급자재(보조기층재) 구매,둔포천 하천환경정비 관급자재(보조기층재)
국가하천 배수영향구간(둔포천) 하천환경정비사업 건설폐기물처리용역,둔포천 하천환경정비 건설폐기물처리
국가하천 배수영향구간(진위2지구) 하천환경정비사업 건설폐기물처리용역,진위2지구 하천환경정비 건설폐기물처리
국가하천 배수영향구간(진위2지구) 하천환경정비사업 관급자재(SC복합말뚝) 구매,진위2지구 관급자재(SC복합말뚝)
국가하천 승격에 따른 낙동강권역 물리기반 홍수예보 쳬계 개선,낙동강권역 물리기반 홍수예보체계 개선
국가하천 유지보수 예산 산정기준 및 하천수입금 관리 개선방안,국가하천 유지보수 예산 산정기준 개선
국가하천 한강(원주·충주주지역) 제방 예초 및 잡목 제거 공사 임목 폐기물 처리 용역,한강(원주·충주) 제방 예초 임목폐기물처리
국가하천 한강(원주·충주지역) 제방 예초 및 잡목 제거 공사,한강(원주·충주) 제방 예초·잡목 제거
국가하천 한강(정선·단양·영월지역) 제방 예초 및 잡목 제거 공사,한강(정선·단양·영월) 제방 예초·잡목 제거
국가하천 한강(정선·단양·영월지역) 제방 예초 및 잡목 제거 공사 임목 폐기물 처리 용역,한강(정선·단양·영월) 예초 임목폐기물처리
국가하천 한강(정선지역) 하천시설물 유지보수공사 폐기물 처리 용역,한강(정선) 하천시설물 유지보수 폐기물처리
국내 C형 간염 고위험군의 임상 특성 분석 및 치료 효과 연구,국내 C형 간염 고위험군 임상·치료효과 연구
국내 고체연료 통계 검증 및 최신 MRV를 반영한 검증방법론 연구,고체연료 통계 검증·MRV 검증방법론 연구
국내 극소저체중아 관리지표 생산을 위한 레지스트리 운영(13~16차년도) 및 질 향상 프로그램 개발,극소저체중아 레지스트리 운영·질향상 개발
국내 동물 의료의 현황 진단 및 의료 서비스의 체계적인 육성.발전 방안 연구,국내 동물의료 현황 진단·육성발전 방안
국내 반려동물 사료 영양표준 제도화에 따른 경제사회적 파급효과 분석,반려동물 사료 영양표준 파급효과 분석
"국내 산림의 가치를 제고하기 위한 침엽수, 산불 피해목 산업화 방안 마련 연구",침엽수·산불 피해목 산업화 방안 연구
국내 우주과학 분야 중립적 전문조직 역량 기반 지속가능한 인적 네트워크 구축 기획 연구,우주과학 전문조직 인적네트워크 기획 연구
국내 유입 돌비늘백합과 토착종 간 교잡 가능성 확인 연구,돌비늘백합·토착종 교잡 가능성 연구
국내 의료기관 Candida auris 발생 현황 및 분자역학적 특성 연구,Candida auris 발생 현황·분자역학 연구
국내 인공지능(AI) 기술 도입·활용 조사 및 프라이버시 이슈 선제 분석,AI 도입·활용 조사 및 프라이버시 분석
국내 전문농업인 교육 현황 분석 및 청년 농업인 양성을 위한 전략 수립 용역,전문농업인 교육 현황·청년농 양성 전략
국내외 조사료 및 종자 유통체계 기반 가격 형성 구조 분석 연구용역,조사료·종자 유통체계 가격구조 분석
국내외 조사료 및 종자 유통체계 기반 가격 형성 구조 분석 연구용역 수의시담,조사료·종자 유통 가격구조 분석 수의시담
국내육성 사료용 맥류 종자생산 및 이용확대 기반 구축 시범사업 추진을 위한 모우어 구입(민간입찰대행),사료용 맥류 종자생산 모우어 구입
국내육성 사료용 맥류 종자생산 및 이용확대 기반 구축 시범사업 추진을 위한 지게차 구입(민간입찰대행),사료용 맥류 종자생산 지게차 구입
국내육성 사료용 맥류 종자생산 및 이용확대 기반 구축 시범사업 추진을 위한 콤바인 구입(민간입찰대행),사료용 맥류 종자생산 콤바인 구입
국도 38호선 평택 안중 금곡리 등 3개소 보도설치공사 폐기물처리용역,국도38호선 평택 보도설치 폐기물처리
국도 39호선 청북IC-요당IC 도로확장공사 외 2건 안전점검 수행기관 지정 공고,국도39호선 청북IC 도로확장 안전점검 지정
국도 5호선 군위 효령 장군지구 등 2개소 도로시설물 정비공사,국도5호선 군위 도로시설물 정비
"국도1,22,29,30호선 김제-부안-정읍지내 풀베기용역",국도1·22·29·30호선 김제-부안 풀베기
국도12호선 군산 신시해안교 등 10개교 정기안전점검 및 하자검사용역,국도12호선 군산 신시해안교 등 안전점검
국도12호선 선유터널 등 13개소 정기안전(하자)점검용역,국도12호선 선유터널 등 정기안전점검
국도12호선 신시교 등 2개교 정밀안전진단 및 내진성능평가용역,국도12호선 신시교 등 정밀안전진단
국도13호선 강진 월남지구 등 2개소 포장도 보수공사 폐기물처리용역,국도13호선 강진 포장도 보수 폐기물처리
국도13호선 강진 월남지구 등 2개소 포장도 보수공사_개질아스콘,국도13호선 강진 포장도 보수 개질아스콘
국도13호선 곡성 계산1교(상) 등 2개소 점검로 설치공사,국도13호선 곡성 계산1교 점검로 설치
국도13호선 곡성 계산1교(상) 등 5개소 시설물 보수공사,국도13호선 곡성 계산1교 등 시설물 보수
국도13호선 곡성 입면 버스정차대 설치공사 폐기물처리용역,국도13호선 곡성 버스정차대 폐기물처리
국도13호선 곡성 황산교(상) 등 2개소 점검로 설치공사,국도13호선 곡성 황산교 등 점검로 설치
국도13호선 나주 장산고가교 등 30개소 정기안전점검용역,국도13호선 나주 장산고가교 등 안전점검
국도13호선 담양 담양교 등 5개소 정밀안전점검용역(내진성능평가 포함),국도13호선 담양 담양교 등 정밀안전점검
국도13호선 담양 무정 평지지구 폭원부족 정비공사 건설폐기물처리용역,국도13호선 담양 폭원부족 정비 폐기물처리
국도13호선 담양 백동지구 등 4개소 도로시설물 정비공사,국도13호선 담양 백동 등 도로시설물 정비
국도13호선 담양 백동지구 등 4개소 도로시설물 정비공사 폐기물처리용역,국도13호선 담양 백동 정비 폐기물처리
국도13호선 담양 봉안지구 등 6개소 도로시설물 정비공사,국도13호선 담양 봉안 등 도로시설물 정비
국도13호선 담양 봉안지구 등 6개소 도로시설물 정비공사 폐기물처리용역,국도13호선 담양 봉안 정비 폐기물처리
국도13호선 담양 봉안지구 등 6개소 도로시설물 정비공사_결빙방지표면처리재,국도13호선 담양 봉안 결빙방지표면처리재
국도13호선 담양 안평지구 등 5개소 도로시설물 정비공사,국도13호선 담양 안평 등 도로시설물 정비
국도13호선 영암 금강지구 등 4개소 배수시설 정비공사 폐기물처리용역,국도13호선 영암 금강 배수시설 폐기물처리
국도13호선 영암 금수지구 등 5개소 포장도 보수공사 폐기물처리용역,국도13호선 영암 금수 포장도 폐기물처리
국도13호선 영암 덕진교 통수단면 개선공사 소규모 재해영향평가용역,국도13호선 영암 덕진교 재해영향평가
국도13호선 영암 덕진지구 교통사고 잦은곳 개선공사(전기),국도13호선 영암 덕진 사고잦은곳 개선(전기)
국도13호선 영암 덕진지구 교통사고 잦은곳 개선공사_개질아스콘,국도13호선 영암 덕진 개선 개질아스콘
국도13호선 영암 덕진초교사거리 ~ 영암 신북면소재지교차로 등 5개소 차선도색공사,국도13호선 영암 덕진초교 등 차선도색
국도13호선 영암 성산지구 등 5개소 도로시설물 정비공사,국도13호선 영암 성산 등 도로시설물 정비
국도13호선 영암 유곡지구 등 6개소 도로시설물 정비공사,국도13호선 영암 유곡 등 도로시설물 정비
국도13호선 영암 학송1지구 외 3개소 절토사면 정비공사,국도13호선 영암 학송1지구 절토사면 정비
국도13호선 영암 학송지구 등 3개소 도로시설물 정비공사,국도13호선 영암 학송 등 도로시설물 정비
국도13호선 영암 학송지구 절토사면 보수공사 폐기물처리용역,국도13호선 영암 학송 절토사면 폐기물처리
국도13호선 완도 영풍교(상) 등 13개소 정밀안전점검용역(성능평가 포함),국도13호선 완도 영풍교 등 정밀안전점검
국도13호선 완도 죽청지구 등 6개소 절토사면 정밀안전점검 및 성능평가용역,국도13호선 완도 죽청 절토사면 정밀점검
국도13호선 임실 삼계지구 위험도로 개선공사 실시설계용역,국도13호선 임실 삼계 위험도로 실시설계
국도13호선 임실 오수 대명지구 위험도로 개선공사 실시설계용역,국도13호선 임실 오수 위험도로 실시설계
국도13호선 해남 남창IC교 등 43개소 정기안전점검용역,국도13호선 해남 남창IC교 등 안전점검
국도13호선 해남 성하교 등 8개소 시설물 보수공사 폐기물처리용역,국도13호선 해남 성하교 등 보수 폐기물처리
국도13호선 해남 영신지구 등 7개소 포장도 보수공사 폐기물처리용역,국도13호선 해남 영신 포장도 폐기물처리
국도13호선 해남 영신지구 등 7개소 포장도 보수공사_개질아스콘,국도13호선 해남 영신 포장도 개질아스콘
국도13호선 해남 해리지구 교차로 개선공사 폐기물처리용역,국도13호선 해남 해리 교차로 폐기물처리
국도13호선 해남 현산 고현지구 교차로 개선공사 실시설계용역,국도13호선 해남 현산 교차로 실시설계
국도14호선 거제 사등 성포지구 폭원부족구간 정비공사 폐기물처리용역,국도14호선 거제 성포 폭원부족 폐기물처리
국도14호선 거제 상동동 1지구 교차로 개선공사 폐기물처리용역,국도14호선 거제 상동동 교차로 폐기물처리
국도14호선 거제 아주동 1지구 교차로 개선공사 폐기물처리용역,국도14호선 거제 아주동 교차로 폐기물처리
국도14호선 고성 월평지구 교차로 개선공사 폐기물처리용역,국도14호선 고성 월평 교차로 폐기물처리
국도14호선 기장 만화 등 3개소 포장도 보수공사 건설폐기물처리용역,국도14호선 기장 만화 포장도 폐기물처리
국도14호선 기장 만화 등 3개소 포장도 보수공사-개질아스콘,국도14호선 기장 만화 포장도 개질아스콘
국도14호선 기장 일광 삼성리 등 3개소 병목지점 개선공사,국도14호선 기장 삼성리 등 병목지점 개선
국도14호선 기장 일광 삼성리 등 3개소 병목지점 개선공사 폐기물처리용역,국도14호선 기장 삼성리 병목 폐기물처리
국도14호선 기장 철마 안평교차로 개선공사 폐기물처리용역,국도14호선 기장 철마 안평교차로 개선
국도14호선 기장군 서부리 등 3개소 사고잦은곳 개선공사,국도14호선 기장 서부리 등 사고잦은곳 개선
국도14호선 기장군 서부리 등 3개소 사고잦은곳 개선공사 신호등 이설 전기공사,국도14호선 기장 서부리 신호등 이설 전기
국도14호선 기장군 서부리 등 3개소 사고잦은곳 개선공사 폐기물처리용역,국도14호선 기장 서부리 개선 폐기물처리
국도14호선 김해 주촌 덕암 등 5개소 포장도(야간) 보수공사,국도14호선 김해 주촌 야간 포장도 보수
국도14호선 김해 주촌 덕암 등 5개소 포장도(야간) 보수공사 건설폐기물처리용역,국도14호선 김해 주촌 포장도 폐기물처리
국도14호선 김해 주촌 덕암 등 5개소 포장도(야간) 보수공사-개질아스콘,국도14호선 김해 주촌 포장도 개질아스콘
국도14호선 김해 주촌교차로 등 3개소 상습침수구간 정비공사-GPR맨홀,국도14호선 김해 주촌 상습침수 GPR맨홀
국도14호선 김해 진영 진영 등 3개소 포장도(야간) 보수공사,국도14호선 김해 진영 야간 포장도 보수
국도14호선 김해 진영 진영 등 3개소 포장도(야간) 보수공사 건설폐기물처리용역,국도14호선 김해 진영 포장도 폐기물처리
국도14호선 김해 진영 진영 등 3개소 포장도(야간) 보수공사-개질아스콘,국도14호선 김해 진영 포장도 개질아스콘
국도14호선 김해 진영~부산 강서 등 2개노선 국도변 환경정비 용역,국도14호선 김해-부산 국도변 환경정비
국도14호선 김해 한림 병동 긴급 야간 포장도 보수공사 건설폐기물처리용역,국도14호선 김해 한림 야간 포장도 폐기물
국도14호선 김해 한림 병동 등 5개소 포장도(야간) 보수공사,국도14호선 김해 한림 등 야간 포장도 보수
국도14호선 김해 한림 병동 등 5개소 포장도(야간) 보수공사 건설폐기물처리용역,국도14호선 김해 한림 포장도 폐기물처리
국도14호선 김해 한림 병동 등 5개소 포장도(야간) 보수공사-개질아스콘,국도14호선 김해 한림 포장도 개질아스콘
국도14호선 김해 흥동 등 서부권 포장도 소파보수공사 건설폐기물처리용역,국도14호선 김해 흥동 소파보수 폐기물처리
국도14호선 김해1터널(하) 등 5개소 정밀안전점검 건설엔지니어링 용역,국도14호선 김해1터널 등 정밀안전점검
국도14호선 김해2터널(상) 등 7개소 정밀안전점검 건설엔지니어링 용역,국도14호선 김해2터널 등 정밀안전점검
국도14호선 두현1교(상) 교면포장 보수공사 폐기물처리용역,국도14호선 두현1교 교면포장 폐기물처리
국도14호선 두현1교(하) 등 2개소 시설물 정비공사 폐기물처리용역,국도14호선 두현1교 등 시설물 폐기물처리
국도14호선 무점터널(상) 등 10개소 정량적 위험도 평가(QRA) 용역,국도14호선 무점터널 등 위험도 평가(QRA)
국도14호선 송학교 등 3개소 시설물 보수공사 폐기물처리용역,국도14호선 송학교 등 보수 폐기물처리
국도14호선 식만JCT램프B교 시설물 정비공사 폐기물처리용역,국도14호선 식만JCT램프B교 폐기물처리
국도14호선 압곡교 등 24개소 건설엔지니어링사업(정밀안전진단 및 성능평가),국도14호선 압곡교 등 정밀안전진단
국도14호선 용덕교 등 9개소 정밀안전점검 등 건설엔지니어링 용역,국도14호선 용덕교 등 정밀안전점검
국도14호선 울주 온양 등 동부권 포장도 소파보수공사 건설폐기물처리용역,국도14호선 울주 온양 소파보수 폐기물처리
국도14호선 울주 청량 덕하 등 2개노선 야간 포장도 보수공사,국도14호선 울주 청량 덕하 야간 포장도 보수
국도14호선 울주 청량 덕하 등 2개노선 야간 포장도 보수공사 건설폐기물처리용역,국도14호선 울주 청량 덕하 포장도 폐기물
국도14호선 울주 청량 율리 등 포장도 보수공사 건설폐기물처리용역,국도14호선 울주 청량 율리 포장도 폐기물
국도14호선 일광과선교 등 3개소 정밀안전진단 및 신덕산교 등 174개소 정기안전점검 건설엔지니어링 용역,국도14호선 일광과선교 등 정밀안전진단
국도14호선 장평2교 등 7개소 건설엔지니어링 사업(정밀안전진단 및 성능평가),국도14호선 장평2교 등 정밀안전진단
국도14호선 장평3교(상) 등 5개소 건설엔지니어링 사업(정밀안전진단 및 성능평가),국도14호선 장평3교 등 정밀안전진단
국도14호선 창원 동읍 덕산 등 2개소 야간 포장도 보수공사,국도14호선 창원 덕산 야간 포장도 보수
국도14호선 창원 동읍 덕산 등 2개소 야간 포장도 보수공사 건설폐기물처리용역,국도14호선 창원 덕산 포장도 폐기물처리
국도14호선 창원 동읍 용강 등 5개소 포장도(야간) 보수공사,국도14호선 창원 용강 야간 포장도 보수
국도14호선 창원 동읍 용강 등 5개소 포장도(야간) 보수공사 건설폐기물처리용역,국도14호선 창원 용강 포장도 폐기물처리
국도14호선 창원 동읍 용강 등 5개소 포장도(야간) 보수공사-개질아스콘,국도14호선 창원 용강 포장도 개질아스콘
국도14호선 창원 용전 졸음쉼터 등 6개소 도로시설물 정비공사,국도14호선 창원 용전 등 도로시설물 정비
국도14호선 통영 광도 원문교차로 개선공사 문화재 지표조사용역,국도14호선 통영 원문교차로 문화재 지표조사
국도14호선 통영 광도 원문교차로 개선공사 소규모 재해영향평가 용역,국도14호선 통영 원문교차로 재해영향평가
국도14호선 통영 광도 원문교차로 개선공사 소규모 환경영향평가 용역,국도14호선 통영 원문교차로 환경영향평가
국도14호선 풍류1교 등 7개소 정밀안전점검 등 건설엔지니어링 용역,국도14호선 풍류1교 등 정밀안전점검
국도15호선 고흥 고읍지구 등 6개소 포장도 보수공사 폐기물처리용역,국도15호선 고흥 고읍 포장도 폐기물처리
국도15호선 고흥 고흥 남계 등 4개소 소구조물 보수공사,국도15호선 고흥 남계 등 소구조물 보수
국도15호선 고흥 남양지구 등 10개소 낙석산사태 정비공사,국도15호선 고흥 남양 등 낙석산사태 정비
국도15호선 고흥 동강 대강 등 2개소 배수시설 정비공사,국도15호선 고흥 대강 등 배수시설 정비
국도15호선 고흥 동강 유둔 등 5개소 배수시설 정비공사,국도15호선 고흥 유둔 등 배수시설 정비
국도15호선 고흥 동강지구 등 2개소 포장도 보수공사 폐기물처리용역,국도15호선 고흥 동강 포장도 폐기물처리
국도15호선 고흥 두원지구 등 3개소 포장도 보수공사 폐기물처리용역,국도15호선 고흥 두원 포장도 폐기물처리
국도15호선 고흥 등암교 등 5개소 정밀안전점검 및 내진성능평가용역,국도15호선 고흥 등암교 등 정밀안전점검
국도15호선 고흥 봉래 신금 등 3개소 소구조물 정비공사,국도15호선 고흥 신금 등 소구조물 정비
국도15호선 고흥 사정육교 등 2개소 시설물 보수공사 폐기물처리용역,국도15호선 고흥 사정육교 보수 폐기물처리
국도15호선 고흥 석봉지구 등 2개소 병목지점 개선공사 실시설계용역,국도15호선 고흥 석봉 병목지점 실시설계
국도15호선 고흥 장덕지구 등 관내 소파보수 연간단가공사,국도15호선 고흥 장덕 소파보수 연간단가
국도15호선 고흥 장덕지구 등 관내 소파보수 연간단가공사 폐기물처리용역,국도15호선 고흥 장덕 소파보수 폐기물처리
국도15호선 고흥 점암지구 등 3개소 포장도 보수공사 폐기물처리용역,국도15호선 고흥 점암 포장도 폐기물처리
국도15호선 고흥 포두지구 등 4개소 낙석산사태 정비공사,국도15호선 고흥 포두 등 낙석산사태 정비
국도15호선 고흥 호형교차로 병목지점 개선공사 폐기물처리용역,국도15호선 고흥 호형교차로 병목 폐기물
국도15호선 곡성 오산 선세지구 등 2개소 위험도로 개선공사 소규모환경영향평가용역,국도15호선 곡성 선세 위험도로 환경영향평가
국도15호선 곡성 오산 선세지구 등 2개소 위험도로 개선사업 소규모 재해영향평가용역,국도15호선 곡성 선세 위험도로 재해영향평가
국도15호선 곡성 옥과지구 등 6개소 낙석산사태 정비공사,국도15호선 곡성 옥과 등 낙석산사태 정비
국도15호선 보성 낙성IC교 등 13개소 정밀안전점검용역,국도15호선 보성 낙성IC교 등 정밀안전점검
국도15호선 보성 동산교(상) 등 7개소 정밀안전점검용역,국도15호선 보성 동산교 등 정밀안전점검
국도15호선 보성 문덕지구 등 6개소 낙석산사태 정비공사,국도15호선 보성 문덕 등 낙석산사태 정비
국도15호선 보성 벌교 전동 등 2개소 야생동물 유도울타리 정비공사,국도15호선 보성 벌교 야생동물 유도울타리
국도15호선 보성 벌교지구 등 4개소 낙석산사태 정비공사,국도15호선 보성 벌교 등 낙석산사태 정비
국도15호선 보성 벌교터널(상) 등 5개소 시설물 보수공사,국도15호선 보성 벌교터널 등 시설물 보수
"국도15호선 보성 석거리재터널(상, 하) 등 6개소 정밀안전점검 및 성능평가용역",국도15호선 보성 석거리재터널 등 정밀점검
국도15호선 보성 전동지구 등 2개소 포장도 보수공사 폐기물처리용역,국도15호선 보성 전동 포장도 폐기물처리
국도15호선 보성 추동1교(상) 등 6개소 정밀안전점검용역,국도15호선 보성 추동1교 등 정밀안전점검
국도15호선 순천 구룡IC1교 등 4개소 시설물 보수공사,국도15호선 순천 구룡IC1교 등 시설물 보수
국도15호선 순천 송광-보성 벌교(하) 방호울타리 지주보강공사,국도15호선 순천 송광-벌교 방호울타리 보강
국도15호선 순천 송광지구 등 8개소 낙석산사태 정비공사,국도15호선 순천 송광 등 낙석산사태 정비
국도15호선 순천 신구룡교(상) 등 2개소 점검로 설치공사,국도15호선 순천 신구룡교 등 점검로 설치
국도15호선 순천 외서 장산 등 3개소 배수시설 정비공사,국도15호선 순천 장산 등 배수시설 정비
국도15호선 순천 외서1C교 등 17개소 정밀안전점검용역,국도15호선 순천 외서IC교 등 정밀안전점검
국도15호선 임실 덕치 천담 등 낙석산사태 정비공사 폐기물처리용역,국도15호선 임실 천담 낙석산사태 폐기물처리
국도15호선 임실 덕치 회문리~순창 동계 관전리 차선도색공사,국도15호선 임실 회문리-순창 관전리 차선도색
국도15호선 화순 벽송지구 등 9개소 절토사면 정밀안전점검 및 성능평가용역,국도15호선 화순 벽송 절토사면 정밀점검
국도15호선 화순 사수지구 등 5개소 배수시설 정비공사 폐기물처리용역,국도15호선 화순 사수 배수시설 폐기물처리
국도15호선 화순 사평터널(상) 등 18개소 정기안전점검용역,국도15호선 화순 사평터널 등 정기안전점검
국도15호선 화순 읍애지구 외 1개소 낙석산사태 등 도로정비공사 폐기물처리용역,국도15호선 화순 읍애 낙석산사태 폐기물처리
"국도15호선 화순 주산1교 등 8개소 정밀안전점검용역(성능평가, 내진성능평가 포함)",국도15호선 화순 주산1교 등 정밀안전점검
국도15호선 화순 주산지구 등 5개소 도로시설물 정비공사,국도15호선 화순 주산 등 도로시설물 정비
국도15호선 화순 주산지구 등 5개소 도로시설물 정비공사 폐기물처리용역,국도15호선 화순 주산 정비 폐기물처리
국도16호선 의성군 가음면 지내 등 2개노선 도로표지판 정비공사,국도16호선 의성 가음면 도로표지판 정비
국도17호선  여수 금봉지구 위험도로 개선공사 폐기물처리용역,국도17호선 여수 금봉 위험도로 폐기물처리
국도17호선 갈마육교 A2+2.995~갈마육교A2+3.872 등 10개소 포장도 보수공사 폐기물처리용역,국도17호선 갈마육교 등 포장도 폐기물처리
국도17호선 갈마육교A2+2.995~갈마육교A2+3.872 등 10개소 포장도 보수공사,국도17호선 갈마육교 등 포장도 보수공사
국도17호선 구례 구례1교 교면포장 보수공사 폐기물처리용역,국도17호선 구례1교 교면포장 폐기물처리
국도17호선 구례 서시교 개축공사 실시설계용역 등 4건 건설사업관리(설계단계) 및  설계VE용역,국도17호선 구례 서시교 개축 건설사업관리
국도17호선 구례 서시교 개축공사 실시설계용역 등 4건 건설사업관리(설계단계) 및 설계VE용역,국도17호선 구례 서시교 개축 건설사업관리
국도17호선 금곡교A2+0.300 ~금곡교A2+1.396 등 6개소 포장도 보수공사 폐기물처리용역,국도17호선 금곡교 등 포장도 폐기물처리
국도17호선 금곡교A2+0.300~금곡교A2+1.396 등 6개소 포장도 보수공사,국도17호선 금곡교 등 포장도 보수공사
국도17호선 금산 추부 요광 병목지점개선 등 2개소 건설사업관리(설계단계) 및 설계VE ,국도17호선 금산 요광 병목지점 건설사업관리
국도17호선 금산 추부 요광리 병목지점개선 등 3개소 소규모재해영향평가,국도17호선 금산 요광리 병목 재해영향평가
국도17호선 금산 추부 요광리 병목지점개선 등 3개소 소규모환경영향평가,국도17호선 금산 요광리 병목 환경영향평가
국도17호선 남원 사매 대율리~임실 오수 대정리 차선도색공사,국도17호선 남원 사매 대율리~임실 오수 대정리 차선도
국도17호선 남원 사매지구 포장도 보수공사 폐기물처리용역,국도17호선 남원 사매지구 포장도 보수공사 폐기물처리
국도17호선 남원 요천2교(상) 등 6개교 시설물 보수공사,국도17호선 남원 요천2교 등 6개교 시설물 보수공사
국도17호선 남원 조산지하차도 침수사고 방지시설 개선공사,국도17호선 남원 조산지하차도 침수사고 방지시설 개선공
국도17호선 남원 주생 과적검문소 등 2개소 정비공사 폐기물처리용역,국도17호선 남원 주생 과적검문소 정비공사 폐기물처리
국도17호선 능교A2+0.180~능교A2+3.477 등 6개소 포장보수공사,국도17호선 능교A2+0.180~능교A2+3.477 포
국도17호선 능교A2+0.180~능교A2+3.477 등 6개소 포장보수공사 폐기물처리용역,국도17호선 능교A2+0.180~능교A2+3.477 포
국도17호선 두교교 등 8개소 내진보강설계 건설엔지니어링 사업,국도17호선 두교교 내진보강설계 건설엔지니어링
국도17호선 백암교A2+0.410~백암교A2+4.610  포장보수공사 폐기물처리용역,국도17호선 백암교A2+0.410~백암교A2+4.610
국도17호선 백암교A2+0.410~백암교A2+4.610 포장보수공사,국도17호선 백암교A2+0.410~백암교A2+4.610
국도17호선 봉죽1교 등 6개소 내진보강설계 건설엔지니어링 사업,국도17호선 봉죽1교 내진보강설계 건설엔지니어링
국도17호선 사곡IC교 등 6개소 건설엔지니어링 사업(내진성능평가),국도17호선 사곡IC교 등 6개소 건설엔지니어링 사업
국도17호선 서면(상) 등 5개소 과적검문소 CCTV 설치공사,국도17호선 서면 과적검문소 CCTV 설치공사
국도17호선 송치터널(상) 등 7개소 시설물 위탁관리용역,국도17호선 송치터널(상) 등 7개소 시설물 위탁관리
국도17호선 순천 매안교차로 병목지점 개선공사 폐기물(폐아스콘)처리용역,국도17호선 순천 매안교차로 병목지점 개선공사 폐기물처
국도17호선 순천 매안교차로 병목지점 개선공사 폐기물(폐콘크리트)처리용역,국도17호선 순천 매안교차로 병목지점 개선공사 폐기물처
국도17호선 순천 서면 동산 등 5개소 배수시설 정비공사,국도17호선 순천 서면 동산 배수시설 정비공사
국도17호선 순천 서면 학구 등 4개소 낙석산사태 정비공사,국도17호선 순천 서면 학구 낙석산사태 정비공사
국도17호선 순천 서면~구례 산동 등 2개노선 풀베기용역,국도17호선 순천 서면~구례 산동 등 2개노선 풀베기
국도17호선 순천 송치3교(상) 등 2개소 시설물 내진보강공사,국도17호선 순천 송치3교 시설물 내진보강공사
국도17호선 순천 송치3교(상) 시설물 보수공사 등 2건 폐기물처리용역,국도17호선 순천 송치3교 시설물 보수공사 등 2건 폐
국도17호선 순천 월등 계월지구 도로정비공사 폐기물처리용역,국도17호선 순천 월등 계월지구 도로정비공사 폐기물처리
국도17호선 순천 해룡교차로-순천 신대교차로 등 2개소 차선도색공사,국도17호선 순천 해룡교차로-순천 신대교차로 차선도색공
국도17호선 순천 황전 괴목 등 4개소 배수시설 정비공사,국도17호선 순천 황전 괴목 배수시설 정비공사
국도17호선 순천 황전 괴목 등 4개소 배수시설 정비공사 폐기물처리용역,국도17호선 순천 황전 괴목 배수시설 정비공사 폐기물처
국도17호선 순천 황전지구 등 2개소 낙석산사태 정비공사,국도17호선 순천 황전지구 낙석산사태 정비공사
국도17호선 순천 황전지구 등 4개소 낙석산사태 정비공사,국도17호선 순천 황전지구 낙석산사태 정비공사
국도17호선 순천 황전철도육교(하) 시설물 보수공사 폐기물처리용역,국도17호선 순천 황전철도육교 시설물 보수공사 폐기물처
국도17호선 순천 황전철도육교(하) 시설물 보수공사-개질아스콘,국도17호선 순천 황전철도육교 시설물 보수공사-개질아스
국도17호선 신정교 등 2개교 포장보수공사 폐기물처리용역,국도17호선 신정교 등 2개교 포장보수공사 폐기물처리
국도17호선 엑스포지하차도 등 2개소 배수펌프 시스템 개선공사,국도17호선 엑스포지하차도 배수펌프 시스템 개선공사
국도17호선 여수 굴전교차로 병목지점 개선공사 폐기물처리용역,국도17호선 여수 굴전교차로 병목지점 개선공사 폐기물처
국도17호선 여수 내동교(상) 등 5개소 정밀안전점검용역,국도17호선 여수 내동교(상) 등 5개소 정밀안전점검
국도17호선 여수 내청2교 교면포장 보수공사 폐기물처리용역,국도17호선 여수 내청2교 교면포장 보수공사 폐기물처리
국도17호선 여수 덕양RAMP1교 등 3개소 시설물 보수공사,국도17호선 여수 덕양RAMP1교 시설물 보수공사
국도17호선 여수 덕양~순천 선평 등 2개노선 풀베기용역,국도17호선 여수 덕양~순천 선평 등 2개노선 풀베기
국도17호선 여수 덕흥지구 등 11개소 낙석산사태 정비공사,국도17호선 여수 덕흥지구 낙석산사태 정비공사
국도17호선 여수 도실교차로 병목지점 개선공사 폐기물처리용역,국도17호선 여수 도실교차로 병목지점 개선공사 폐기물처
국도17호선 여수 돌산 월암교차로-여수 돌산 상동삼거리 등 2개소 차선도색공사,국도17호선 여수 돌산 월암교차로-여수 돌산 상동삼거리
국도17호선 여수 돌산터널 등 7개소  정밀안전점검 및 성능평가용역,국도17호선 여수 돌산터널 정밀안전점검·성능평가
국도17호선 여수 만흥1교(상) 등 6개소 정밀안전점검용역,국도17호선 여수 만흥1교(상) 등 6개소 정밀안전점검
국도17호선 여수 만흥지구 등 3개소 낙석산사태 정비공사,국도17호선 여수 만흥지구 낙석산사태 정비공사
국도17호선 여수 미평지구 절토사면 등 9개소 정밀안전점검용역,국도17호선 여수 미평지구 절토사면 정밀안전점검
국도17호선 여수 소라 덕양교차로 개선공사 등 2건 소규모재해영향평가용역,국도17호선 여수 소라 덕양교차로 개선공사 등 2건 소
국도17호선 여수 소라 덕양교차로 개선공사 등 2건 소규모환경영향평가용역,국도17호선 여수 소라 덕양교차로 개선공사 등 2건 소
국도17호선 여수 소라 덕양교차로 개선공사 문화재지표조사용역,국도17호선 여수 소라 덕양교차로 개선공사 문화재지표조
국도17호선 여수 소라교 등 2개소 시설물 보수공사 폐기물처리용역,국도17호선 여수 소라교 시설물 보수공사 폐기물처리
국도17호선 여수 소라육교 교면포장 보수공사 폐기물처리용역,국도17호선 여수 소라육교 교면포장 보수공사 폐기물처리
국도17호선 여수 소라지구 절토사면 등 7개소 정밀안전점검용역,국도17호선 여수 소라지구 절토사면 정밀안전점검
국도17호선 여수 신기교(상) 등 40개소 정기안전점검용역,국도17호선 여수 신기교(상) 등 40개소 정기안전점검
국도17호선 여수 엑스포터널(상) 등 5개소 시설물 보수공사,국도17호선 여수 엑스포터널 등 5개소 시설물 보수공사
국도17호선 여수 제2산단IC2교 교면포장 보수공사 폐기물처리용역,국도17호선 여수 제2산단IC2교 교면포장 보수공사 폐
국도17호선 여수 주삼고가교(상행) 교면포장 보수공사 폐기물처리용역,국도17호선 여수 주삼고가교 교면포장 보수공사 폐기물처
국도17호선 여수 주삼고가교(하행) 교면포장 보수공사 폐기물처리용역,국도17호선 여수 주삼고가교 교면포장 보수공사 폐기물처
국도17호선 여수 죽포교차로 병목지점 개선공사 폐기물처리용역,국도17호선 여수 죽포교차로 병목지점 개선공사 폐기물처
국도17호선 여수 취적터널(상) 등 5개소 시설물 보수공사,국도17호선 여수 취적터널 등 5개소 시설물 보수공사
국도17호선 여수 평여1교(하) 등 2개소 시설물 보수공사,국도17호선 여수 평여1교 등 2개소 시설물 보수공사
국도17호선 여수 화양지구 옹벽 등 9개소 정밀안전점검용역,국도17호선 여수 화양지구 옹벽 등 9개소 정밀안전점검
"국도17호선 오동과선교 등 4개소 건설엔지니어링 사업(정밀안전점검, 성능평가)",국도17호선 오동과선교 등 4개소 건설엔지니어링 사업
국도17호선 오리정교차로+1.346~춘향터널A1 둥 11개소 포장도 보수공사 폐기물처리용역,국도17호선 오리정교차로+1.346~춘향터널A1 둥 1
국도17호선 오리정교차로+1.346~춘향터널A1 등 11개소 포장도 보수공사,국도17호선 오리정교차로+1.346~춘향터널A1 포장도
국도17호선 오창지하차도 수위감시 시스템 설치공사(통신),국도17호선 오창지하차도 수위감시 시스템 설치공사
국도17호선 완주 경천 배수로 및 도로시설물 정비공사 폐기물처리용역,국도17호선 완주 경천 배수로·도로시설물 정비공사 폐기
국도17호선 완주 경천 배수로 정비공사 등 재해예방 기술지도용역,국도17호선 완주 경천 배수로 정비공사 등 재해예방 기
국도17호선 완주 봉동 등 배수로 정비공사 폐기물처리용역,국도17호선 완주 봉동 등 배수로 정비공사 폐기물처리
국도17호선 완주 상관 등 제설창고 신축공사 폐기물처리용역,국도17호선 완주 상관 등 제설창고 신축공사 폐기물처리
국도17호선 완주 용진 용흥 용진교차로 개서공사 건설폐기물(폐아스콘)처리,국도17호선 완주 용진 용흥 용진교차로 개서공사 건설폐
국도17호선 완주 용진 용흥 용진교차로 병목지점 개선공사 정기안전점검용역,국도17호선 완주 용진 용흥 용진교차로 병목지점 개선공
국도17호선 완주 운주 장선 등 보도 정비공사 폐기물처리용역,국도17호선 완주 운주 장선 등 보도 정비공사 폐기물처
국도17호선 완주 화산 종리지구 등 4개소 배수로 정비공사,국도17호선 완주 화산 종리지구 배수로 정비공사
"국도17호선 요광IC교(상, 하) 등 5개교 시설물 보수공사",국도17호선 요광IC교 등 5개교 시설물 보수공사
국도17호선 용설1교A2~용설1교A2+1.374 등 5개소 포장보수공사,국도17호선 용설1교A2~용설1교A2+1.374 포장보
국도17호선 용설1교A2~용설1교A2+1.374 등 5개소 포장보수공사 폐기물처리용역,국도17호선 용설1교A2~용설1교A2+1.374 포장보
국도17호선 임실 관촌 덕천지구 위험도로 개선공사 폐기물처리용역,국도17호선 임실 관촌 덕천지구 위험도로 개선공사 폐기
국도17호선 임실 관촌 병암리~임실 관촌 슬치리 차선도색공사,국도17호선 임실 관촌 병암리~임실 관촌 슬치리 차선도
국도17호선 임실 병암지하차도 침수사고 방지시설 개선공사,국도17호선 임실 병암지하차도 침수사고 방지시설 개선공
국도17호선 임실 성수 오류 등 안전시설 정비공사 폐기물처리용역,국도17호선 임실 성수 오류 등 안전시설 정비공사 폐기
국도17호선 임실 오수 금암 병목지점 개선공사 실시설계용역,국도17호선 임실 오수 금암 병목지점 개선공사 실시설계
국도17호선 임실 오수 내동교차로 개선공사 폐기물처리용역,국도17호선 임실 오수 내동교차로 개선공사 폐기물처리
국도17호선 임실 오수 대명리~임실 성수 오류리 차선도색공사,국도17호선 임실 오수 대명리~임실 성수 오류리 차선도
국도17호선 임실 오수 대정리~임실 오수 대명리 차선도색공사,국도17호선 임실 오수 대정리~임실 오수 대명리 차선도
국도17호선 자산터널(상) 등 6개소 정량적 위험도평가 용역,국도17호선 자산터널(상) 등 6개소 정량적 위험도평가
국도17호선 진천 문백 옥성리 계단식옹벽 설치공사 폐기물처리용역,국도17호선 진천 문백 옥성리 계단식옹벽 설치공사 폐기
국도17호선 진천 문백 태락리 절토사면 및 옹벽 등 18개소 정밀안전점검용역,국도17호선 진천 문백 태락리 절토사면·옹벽 정밀안전점
국도17호선 진천 진천 교성리 절토사면 등 7개소 성능평가용역,국도17호선 진천 진천 교성리 절토사면 성능평가
국도17호선 진천 진천 벽암리 등 5개소 도로포장 보수공사,국도17호선 진천 진천 벽암리 도로포장 보수공사
국도17호선 진천 진천 벽암리 등 5개소 도로포장 보수공사 폐기물처리용역,국도17호선 진천 진천 벽암리 도로포장 보수공사 폐기물
국도17호선 청주 현도 죽암리 등 3개소 과적검문소 진입도로 보수공사,국도17호선 청주 현도 죽암리 과적검문소 진입도로 보수
국도17호선 청주 흥덕 강내 학천리 등 7개소 도로포장 보수공사,국도17호선 청주 흥덕 강내 학천리 도로포장 보수공사
국도17호선 청주 흥덕 강내 학천리 등 7개소 도로포장 보수공사 폐기물처리용역,국도17호선 청주 흥덕 강내 학천리 도로포장 보수공사
국도17호선 청주 흥덕 강내 학천리 절토사면 및 옹벽 등 9개소 성능평가용역,국도17호선 청주 흥덕 강내 학천리 절토사면·옹벽 성능
국도17호선 한평교A2~한평교A2+0.598  등 3개소 포장보수공사 폐기물처리용역,국도17호선 한평교A2~한평교A2+0.598 포장보수공
국도17호선 한평교A2~한평교A2+0.598 등 3개소 포장보수공사,국도17호선 한평교A2~한평교A2+0.598 포장보수공
"국도17호선 현도교 등 5개소 건설엔지니어링 사업(정밀안전점검, 성능평가)",국도17호선 현도교 등 5개소 건설엔지니어링 사업
"국도17호선(대전시계~청주 양촌교차로, 청주 팔결교~진천 봉죽2교)차선도색 정비공사",국도17호선차선도색 정비공사
"국도17호선(진천 봉죽2교~경기도계), 국도34호선(충남도계~진천 삼덕교차로) 차선도색 정비공사","국도17호선, 국도34호선 차선도색 정비공사"
국도17호선(청주 상당 용정~청주 국동교차로) 차선도색 정비공사,국도17호선 차선도색 정비공사
국도18호선 구례 봉동지구 등 9개소 횡단보도 조명시설 설치공사,국도18호선 구례 봉동지구 횡단보도 조명시설 설치공사
국도18호선 보성 벌교-순천 송광 방호울타리 지주보강공사,국도18호선 보성 벌교-순천 송광 방호울타리 지주보강공
국도18호선 순천 곡천삼거리-순천 문길삼거리 차선도색공사,국도18호선 순천 곡천삼거리-순천 문길삼거리 차선도색공
국도18호선 순천 송광 송산~보성 문덕 죽산 등 5개노선 풀베기용역,국도18호선 순천 송광 송산~보성 문덕 죽산 풀베기
국도18호선 해남 관춘1교 등 7개소 정밀안전점검용역(성능평가 포함),국도18호선 해남 관춘1교 등 7개소 정밀안전점검용역
국도18호선 해남 남리2교 등 5개소 교면포장 보수공사폐기물처리용역,국도18호선 해남 남리2교 교면포장 보수공사폐기물처리
국도18호선 해남 송호지구 등 11개소 포장도 보수공사 폐기물처리용역,국도18호선 해남 송호지구 포장도 보수공사 폐기물처리
"국도18호선 해남 원호교 등 2개소 정밀안전진단용역(성능평가, 내진성능평가 포함)",국도18호선 해남 원호교 등 2개소 정밀안전진단용역
국도19호선 고남교 등 23개소 건설엔지니어링사업(정밀안전점검 및 성능평가),국도19호선 고남교 등 23개소 건설엔지니어링사업
국도19호선 구례 광의 지천 등 3개소 배수시설 정비공사,국도19호선 구례 광의 지천 배수시설 정비공사
국도19호선 구례 광의 지천 등 3개소 배수시설 정비공사 폐기물처리용역,국도19호선 구례 광의 지천 배수시설 정비공사 폐기물처
국도19호선 구례 냉천교차로-구례 죽정삼거리 차선도색공사,국도19호선 구례 냉천교차로-구례 죽정삼거리 차선도색공
국도19호선 구례 마산 갑산 등 5개소 소구조물 정비공사,국도19호선 구례 마산 갑산 소구조물 정비공사
국도19호선 구례 밤재터널(상) 등 6개소 정밀안전진단 및 성능평가용역,국도19호선 구례 밤재터널 정밀안전진단·성능평가
국도19호선 구례 산동지구 등 2개소 낙석산사태 정비공사,국도19호선 구례 산동지구 낙석산사태 정비공사
국도19호선 구례 산동지구 등 8개소 낙석산사태 정비공사,국도19호선 구례 산동지구 낙석산사태 정비공사
국도19호선 구례 산동지구 절토사면 등 8개소 정밀안전점검용역,국도19호선 구례 산동지구 절토사면 정밀안전점검
국도19호선 구례 용방 신도 등 6개소 배수시설 정비공사,국도19호선 구례 용방 신도 배수시설 정비공사
국도19호선 구례 토지 외곡 등 3개소 낙석산사태 정비공사,국도19호선 구례 토지 외곡 낙석산사태 정비공사
국도19호선 구례 토지 외곡 등 3개소 낙석산사태 정비공사 폐기물처리용역,국도19호선 구례 토지 외곡 낙석산사태 정비공사 폐기물
국도19호선 구례 파도지구 위험도로 개선공사 실시설계용역,국도19호선 구례 파도지구 위험도로 개선공사 실시설계
국도19호선 구례 파도지구 위험도로 개선공사 폐기물(임목폐기물)처리용역,국도19호선 구례 파도지구 위험도로 개선공사 폐기물처리
국도19호선 구례 파도지구 위험도로 개선공사 폐기물(폐아스콘)처리용역,국도19호선 구례 파도지구 위험도로 개선공사 폐기물처리
국도19호선 구례 파도지구 위험도로 개선공사 폐기물(폐콘크리트)처리용역,국도19호선 구례 파도지구 위험도로 개선공사 폐기물처리
국도19호선 남원 산동 마을주민 보호구간 등 2개소 개선사업,국도19호선 남원 산동 마을주민 보호구간 개선
국도19호선 남원 산동 식련지구 위험도로 개선공사 임목폐기물처리용역,국도19호선 남원 산동 식련지구 위험도로 개선공사 임목
국도19호선 남원 산동 식련지구 위험도로 개선공사 폐기물처리용역,국도19호선 남원 산동 식련지구 위험도로 개선공사 폐기
국도19호선 남원 이백 척문 등 도로환경 개선공사 폐기물처리용역,국도19호선 남원 이백 척문 등 도로환경 개선공사 폐기
국도19호선 남원 주천 배덕 등 소구조물 정비공사 폐기물처리용역,국도19호선 남원 주천 배덕 등 소구조물 정비공사 폐기
국도19호선 남원 주천 호기 등 도로환경 개선공사 폐기물처리용역,국도19호선 남원 주천 호기 등 도로환경 개선공사 폐기
국도19호선 남해 차산지구 교차로 개선공사 폐기물처리용역,국도19호선 남해 차산지구 교차로 개선공사 폐기물처리
국도19호선 느릅재터널 등 6개소 건설엔지니어링 사업(정밀안전점검),국도19호선 느릅재터널 등 6개소 건설엔지니어링 사업
국도19호선 느릅재터널 등 7개소 건설엔지니어링 사업(정기하자점검),국도19호선 느릅재터널 등 7개소 건설엔지니어링 사업
국도19호선 등 무주출장소 관내 시설물 보수공사 실시설계용역,국도19호선 등 무주출장소 관내 시설물 보수공사 실시설
국도19호선 매지1교(상) 등 10개 시설물 내진성능평가용역,국도19호선 매지1교 등 10개 시설물 내진성능평가
국도19호선 매지2교(상) 등 2개 교량 정밀안전진단 및 성능평가 용역,국도19호선 매지2교 등 2개 교량 정밀안전진단·성능평
국도19호선 무주 가림지하차도 등 3개소 시설물 보수공사,국도19호선 무주 가림지하차도 시설물 보수공사
국도19호선 무주 가옥교차로 등 도로유지 보수공사 폐기물처리용역,국도19호선 무주 가옥교차로 등 도로유지 보수공사 폐기
국도19호선 무주 구억교 교면포장 보수공사 폐기물처리용역,국도19호선 무주 구억교 교면포장 보수공사 폐기물처리
국도19호선 무주 무주 당산 ~ 무주 적상 사천 차선도색공사,국도19호선 무주 무주 당산 ~ 무주 적상 사천 차선도
국도19호선 무주 무주 당산 절토사면 등 13개소 정밀안전점검용역,국도19호선 무주 무주 당산 절토사면 정밀안전점검
국도19호선 무주 안성 죽천교차로 개선공사 등 2개소 실시설계용역,국도19호선 무주 안성 죽천교차로 개선공사 실시설계
국도19호선 무주 적상 사산 ~ 진안 진안 운산 차선도색공사,국도19호선 무주 적상 사산 ~ 진안 진안 운산 차선도
국도19호선 무주 적상 사산지구(1) 위험도로 개선공사 폐기물처리용역,국도19호선 무주 적상 사산지구 위험도로 개선공사 폐기
국도19호선 무주 적상IC2교 등 2개교 시설물 보수공사,국도19호선 무주 적상IC2교 시설물 보수공사
국도19호선 무주 적상산터널(상) 등 2개소 시설물 보수공사,국도19호선 무주 적상산터널 등 2개소 시설물 보수공사
국도19호선 봉계터널 등 6개소 터널운영(위탁) 관리용역,국도19호선 봉계터널 등 6개소 터널운영(위탁) 관리
국도19호선 봉계터널(상) 등 4개소 건설엔지니어링 사업(정밀안전점검),국도19호선 봉계터널 등 4개소 건설엔지니어링 사업
국도19호선 사암교차로 교통사고 잦은곳 개선공사 폐기물처리용역 ,국도19호선 사암교차로 교통사고 잦은곳 개선공사 폐기물
국도19호선 상이목교(상) 등 4개교 정밀안전점검 및 내진성능평가용역,국도19호선 상이목교 정밀안전점검·내진성능평가
국도19호선 성골제1교 개축공사 건설엔지니어링 사업(실시설계),국도19호선 성골제1교 개축공사 건설엔지니어링 사업
국도19호선 소태육교(상) 등 30개소 건설엔지니어링 사업(정기안전점검),국도19호선 소태육교 등 30개소 건설엔지니어링 사업
국도19호선 싸리재교A2~싸리재터널A1 등 8개소 포장도 보수공사,국도19호선 싸리재교A2~싸리재터널A1 포장도 보수공사
국도19호선 싸리재교A2~싸리재터널A1 등 8개소 포장도 보수공사 폐기물처리용역,국도19호선 싸리재교A2~싸리재터널A1 포장도 보수공사
국도19호선 싸리재지하차도 등 3개소 포장보수공사 폐기물처리용역,국도19호선 싸리재지하차도 포장보수공사 폐기물처리
국도19호선 악양교 등 9개소 건설엔지니어링 사업(정밀안전점검 및 성능평가),국도19호선 악양교 등 9개소 건설엔지니어링 사업
"국도19호선 원주 흥업 교차로 개선공사(1차), 개질아스팔트","국도19호선 원주 흥업 교차로 개선공사, 개질아스팔트"
국도19호선 원주 흥업 흥업 222 등 4개소 도로정비공사 폐기물처리용역,국도19호선 원주 흥업 흥업 222 도로정비공사 폐기물
국도19호선 장계2교 등 7개교 정기안전점검 및 내진성능평가용역,국도19호선 장계2교 정기안전점검·내진성능평가
국도19호선 장수 계북 어전마을 등 2개소 마을주민 보호구간 개선공사,국도19호선 장수 계북 어전마을 마을주민 보호구간 개선
"국도19호선 장수 금덕(집재) 졸음쉼터(상, 하) 청소용역","국도19호선 장수 금덕(집재) 졸음쉼터(상, 하) 청소"
국도19호선 장수 번암 죽산 등 3개소 배수시설 개선공사,국도19호선 장수 번암 죽산 배수시설 개선공사
국도19호선 장수 번암 죽산 등 3개소 배수시설 개선공사 폐기물처리용역,국도19호선 장수 번암 죽산 배수시설 개선공사 폐기물처
국도19호선 장수 원촌교 등 3개교 교면포장 보수공사 폐기물처리용역,국도19호선 장수 원촌교 교면포장 보수공사 폐기물처리
국도19호선 장수 장계 등 도로유지 보수공사 폐기물처리용역,국도19호선 장수 장계 등 도로유지 보수공사 폐기물처리
국도19호선 장수 장수 선창 절토사면 등 18개소 정밀안전점검 및 성능평가용역,국도19호선 장수 장수 선창 절토사면 정밀안전점검·성능
국도19호선 장수육교 등 8개교 정기안전점검 및 내진성능평가용역,국도19호선 장수육교 정기안전점검·내진성능평가
국도19호선 충주 사암리 등 7개소 도로포장 보수공사 폐기물처리용역,국도19호선 충주 사암리 도로포장 보수공사 폐기물처리
국도19호선 충주 소태 주치 절토사면 등 15개소 건설엔지니어링 사업(정밀안전점검 및 성능평가),국도19호선 충주 소태 주치 절토사면 건설엔지니어링 사
국도19호선 충주 오석리 등 9개소 도로포장 보수공사 폐기물처리용역,국도19호선 충주 오석리 도로포장 보수공사 폐기물처리
국도19호선 충주 창동 3지구 절토사면 낙석산사태 정비공사,국도19호선 충주 창동 3지구 절토사면 낙석산사태 정비
국도19호선 충주 창동 4지구 절토사면 낙석산사태 위험지구 정비공사,국도19호선 충주 창동 4지구 절토사면 낙석산사태 위험
"국도19호선 충주,사암교차로~풍동교차로 차선도색 정비공사","국도19호선 충주,사암교차로~풍동교차로 차선도색 정비공"
국도19호선 하동 목도지구 교차로 개선공사 폐기물처리용역,국도19호선 하동 목도지구 교차로 개선공사 폐기물처리
국도19호선 하동 목도지구 등 2개소 도로시설 정비공사 폐기물처리용역,국도19호선 하동 목도지구 도로시설 정비공사 폐기물처리
국도19호선 화음교 등 8개교 정기안전점검 및 내진성능평가용역,국도19호선 화음교 등 8개교 정기안전점검·내진성능평가
국도19호선 횡천교 등 12개소 건설엔지니어링사업(정밀안전진단 및 성능평가),국도19호선 횡천교 등 12개소 건설엔지니어링사업
국도1호선 24DN01D13600 등 11개소 정밀안전점검 및 성능평가용역,국도1호선 24DN01D13600 정밀안전점검·성능평가
국도1호선 나주 광이IC교 등 2개소 교면포장 보수공사 폐기물처리용역(시),국도1호선 나주 광이IC교 교면포장 보수공사 폐기물처리
국도1호선 나주 남평대교(상) 등 11개소 시설물 보수공사,국도1호선 나주 남평대교 등 11개소 시설물 보수공사
국도1호선 나주 등정지구 등 14개소 포장도 보수공사 폐기물처리용역,국도1호선 나주 등정지구 포장도 보수공사 폐기물처리
국도1호선 나주 등정지구 등 14개소 포장도 보수공사_개질아스콘,국도1호선 나주 등정지구 포장도 보수공사_개질아스콘
국도1호선 나주 신천지구 등 4개소 포장도 보수공사 폐기물처리용역,국도1호선 나주 신천지구 포장도 보수공사 폐기물처리
국도1호선 나주 장산지구 등 8개소 절토사면 정밀안전점검 및 성능평가용역,국도1호선 나주 장산지구 절토사면 정밀안전점검·성능평가
국도1호선 마산2교(상) 등 2개소 2종·내진성능평가용역,국도1호선 마산2교(상) 등 2개소 2종·내진성능평가
국도1호선 만경강교(상) 등 3개교 정밀·정기안전점검용역,국도1호선 만경강교(상) 등 3개교 정밀·정기안전점검
국도1호선 무안 고절교(상) 등 2개소 교면포장 보수공사,국도1호선 무안 고절교 등 2개소 교면포장 보수공사
국도1호선 무안 고절교(상) 등 2개소 교면포장 보수공사 폐기물처리용역,국도1호선 무안 고절교 교면포장 보수공사 폐기물처리
국도1호선 무안 고절지구 등 5개소 포장도 보수공사 폐기물처리용역,국도1호선 무안 고절지구 포장도 보수공사 폐기물처리
국도1호선 무안 교촌지구 등 3개소 배수시설 정비공사 폐기물처리용역,국도1호선 무안 교촌지구 배수시설 정비공사 폐기물처리
국도1호선 무안 도림지구 등 3개소 포장도 보수공사 폐기물처리용역,국도1호선 무안 도림지구 포장도 보수공사 폐기물처리
국도1호선 무안 신흥삼거리 ~ 함평 학야교 등 5개소 차선도색공사,국도1호선 무안 신흥삼거리 ~ 함평 학야교 차선도색공사
국도1호선 무안 유교지구 등 4개소 포장도 보수공사 폐기물처리용역,국도1호선 무안 유교지구 포장도 보수공사 폐기물처리
국도1호선 무안 평용지구 등 7개소 절토사면 정밀안전점검 및 성능평가용역,국도1호선 무안 평용지구 절토사면 정밀안전점검·성능평가
국도1호선 봉곡교차로 병목지점 개선공사 건설폐기물 처리용역,국도1호선 봉곡교차로 병목지점 개선공사 건설폐기물 처리
국도1호선 성환(상) 과적검문소 등 4개소 정비공사 폐기물처리용역,국도1호선 성환 과적검문소 정비공사 폐기물처리
국도1호선 솥튼터널(상) 등 5개소 정밀·정기안전점검용역,국도1호선 솥튼터널(상) 등 5개소 정밀·정기안전점검
국도1호선 솥튼터널A2+1.402~솥튼터널A2+2.889 등 2개소 포장도 보수공사,국도1호선 솥튼터널A2+1.402~솥튼터널A2+2.88
국도1호선 솥튼터널A2+1.402~솥튼터널A2+2.889 등 2개소 포장도 보수공사 폐기물처리용역,국도1호선 솥튼터널A2+1.402~솥튼터널A2+2.88
"국도1호선 안성천교 등 2개교 내진보강공사(받침교체, 교량인상)",국도1호선 안성천교 등 2개교 내진보강공사
국도1호선 양안지하차도 등 7개소 수해복구공사 폐기물처리 용역,국도1호선 양안지하차도 수해복구공사 폐기물처리
국도1호선 오성교(상) 등 2개교 정밀안전진단 및 1종성능평가용역,국도1호선 오성교 등 2개교 정밀안전진단·1종성능평가
국도1호선 오성교A2~용호교A1 등 7개소 포장도 보수공사,국도1호선 오성교A2~용호교A1 포장도 보수공사
국도1호선 오성교A2~용호교A1 등 7개소 포장도 보수공사 폐기물처리용역,국도1호선 오성교 등 7개소 포장 보수 폐기물처리
국도1호선 완주 갈산교차로 병목지점 개선공사 지정폐기물처리(폐석면) 운반처리용역,국도1호선 완주 갈산교차로 폐석면 운반처리
국도1호선 완주 등 9개 시군 도로유지 보수공사 폐기물처리용역,국도1호선 완주 등 9개 시군 도로 보수 폐기물처리
국도1호선 완주 이서1육교 A1~상관IC교 A2 등 도로안전시설 정비공사,국도1호선 완주 이서1육교 등 도로안전시설 정비
국도1호선 익산 왕궁 제설창고 등 설해대비 시설물 보수공사,국도1호선 익산 왕궁 제설창고 등 설해대비 보수
국도1호선 익산 왕궁교 등 내진보강 및 과적검문소 정비공사 실시설계용역,국도1호선 익산 왕궁교 등 내진보강·검문소 정비설계
국도1호선 익산 천마육교 등 4개교 교면포장 보수공사 폐기물처리용역,국도1호선 익산 천마육교 등 4개교 교면포장 폐기물처리
국도1호선 익산~왕궁 쌍정교차로 병목지점 개선공사(전기공사),국도1호선 익산~왕궁 쌍정교차로 개선(전기)
국도1호선 장성 단광지구 등 9개소 포장도 보수공사 폐기물처리용역,국도1호선 장성 단광 등 9개소 포장 폐기물처리
국도1호선 장성 단광지구 등 9개소 포장도 보수공사_개질아스콘,국도1호선 장성 단광 등 9개소 포장 개질아스콘
국도1호선 장성 못재터널(상) 등 11개소 시설물 위탁관리용역,국도1호선 장성 못재터널 등 11개소 위탁관리
국도1호선 장성 북하 용두 용두터널 등 5개소 시설물 보수공사,국도1호선 장성 용두터널 등 5개소 시설물 보수
국도1호선 장성 송광교 등 34개소 정기안전(하자)점검용역,국도1호선 장성 송광교 등 34개소 정기안전점검
국도1호선 장성 쌍웅지구 등 11개소 포장도 보수공사 폐기물처리용역,국도1호선 장성 쌍웅 등 11개소 포장 폐기물처리
국도1호선 장성 영천지구 등 10개소 절토사면 정밀안전점검 및 성능평가용역,국도1호선 장성 영천 등 10개소 절토사면 안전점검
"국도1호선 장성 오현교(상) 등 13개소 정밀안전점검용역(성능평가, 내진성능평가 포함)",국도1호선 장성 오현교 등 13개소 정밀안전점검
국도1호선 장성 오현교(상) 등 31개소 정기안전점검용역,국도1호선 장성 오현교 등 31개소 정기안전점검
국도1호선 장성 용두터널(상) 등 4개소 시설물 보수공사,국도1호선 장성 용두터널 등 4개소 시설물 보수
국도1호선 장성 장사1교(하) 등 7개소 시설물 보수공사,국도1호선 장성 장사1교 등 7개소 시설물 보수
국도1호선 장성 조산천교(상) 등 8개소 시설물 보수공사,국도1호선 장성 조산천교 등 8개소 시설물 보수
국도1호선 장성 호남제2터널 등 4개소 방재시설 보수공사,국도1호선 장성 호남제2터널 등 4개소 방재시설 보수
국도1호선 전주 완산 쑥고개교차로 병목지점 개선공사 정기안전점검용역,국도1호선 전주 쑥고개교차로 개선 정기안전점검
국도1호선 조천3교 등 6개소 정밀안전점검 및 내진성능평가,국도1호선 조천3교 등 6개소 정밀점검·내진평가
국도1호선 천안 성거 신월리 등 3개소 부체도로 등 정비공사,국도1호선 천안 성거 신월리 등 3개소 부체도로 정비
국도1호선 천안 성거 신월리 등 3개소 부체도로 등 정비공사 폐기물처리용역,국도1호선 천안 신월리 등 부체도로 정비 폐기물처리
국도1호선 천안 수헐교차로 등 3개소 도로포장 보수공사 건설폐기물처리용역,국도1호선 천안 수헐교차로 등 3개소 포장 폐기물처리
국도1호선 파주 군내 점원 외 6개소 도로구조 개선공사 건설폐기물처리용역,국도1호선 파주 군내 점원 외 6개소 도로구조 개선
국도1호선 파주 봉암교A2~연풍육교A1 등 5개소 포장도 보수공사,국도1호선 파주 봉암교 등 5개소 포장 보수
국도1호선 파주 봉암교A2~연풍육교A1 등 5개소 포장도 보수공사 건설폐기물처리용역,국도1호선 파주 봉암교 등 5개소 포장 폐기물처리
"국도1호선 함평 학교고가교 등 7개소 정밀안전점검용역(성능평가, 내진성능평가 포함)",국도1호선 함평 학교고가교 등 7개소 정밀안전점검
국도1호선 함평 학야지구 등 9개소 포장도 보수공사 폐기물처리용역,국도1호선 함평 학야 등 9개소 포장 폐기물처리
국도1호선 함평 학야지구 등 9개소 포장도 보수공사_개질아스콘,국도1호선 함평 학야 등 9개소 포장 개질아스콘
국도1호선 해전2교(상) 등 2개소 정밀·정기안전점검 및 2종성능평가용역,국도1호선 해전2교 등 2개소 안전점검·성능평가
"국도2,3,14,77호선 진주,사천,창원,고성권역 예초작업 용역",국도2·3·14·77호선 진주권역 예초작업
"국도2,3,19호선 남해~진주권역 포장도 보수공사 폐기물처리용역",국도2·3·19호선 남해~진주 포장 폐기물처리
"국도20,24,33호선 진주,의령,합천권역 예초작업 용역",국도20·24·33호선 진주권역 예초작업
국도20호선 각남교 등 6개소 정밀안전점검 건설엔지니어링 용역,국도20호선 각남교 등 6개소 정밀안전점검
국도20호선 경주 강동 왕신-천북 오야리 도로환경 정비공사,국도20호선 경주 강동 왕신~천북 도로환경 정비
"국도20호선 경주 건천 건천 도로비탈면, 옹벽 등 38개소 정밀 및 정기안전점검 건설엔지니어링",국도20호선 경주 건천 등 38개소 안전점검
국도20호선 경주 건천 송선 등 5개소 도로시설물 정비공사,국도20호선 경주 건천 송선 등 5개소 시설물 정비
국도20호선 경주 산내 외칠 등 3개소 포장도 보수공사 건설폐기물 운반용역,국도20호선 경주 산내 외칠 등 3개소 포장 폐기물운반
국도20호선 경주터널 등 23개소 방재설비 개선공사 실시설계 건설엔지니어링,국도20호선 경주터널 등 23개소 방재설비 개선설계
국도20호선 경주터널 등 8개소 방재(통신)설비 개선공사,국도20호선 경주터널 등 8개소 방재설비 개선
국도20호선 남천교 등 10개소 정기안전점검 건설엔지니어링,국도20호선 남천교 등 10개소 정기안전점검
국도20호선 도산교 등 8개소 시설물 보수공사 폐기물처리용역,국도20호선 도산교 등 8개소 시설물 보수 폐기물처리
국도20호선 법평교 등 6개소 건설엔지니어링 사업(정밀안전진단 및 성능평가),국도20호선 법평교 등 6개소 정밀안전진단·성능평가
국도20호선 봉두교 등 7개소 건설엔지니어링 사업(정밀안전진단 및 성능평가),국도20호선 봉두교 등 7개소 정밀안전진단·성능평가
국도20호선 산청 단성 창촌지구 외 1개소 수해응급복구공사,국도20호선 산청 단성 창촌 외 1개소 수해응급복구
국도20호선 산청 생비량 등 10개소 도로안전시설물 정비공사,국도20호선 산청 생비량 등 10개소 안전시설 정비
국도20호선 산청 시천-단성간 수해상습지역 개선공사 건설사업관리(시공단계) 엔지니어링(1차),국도20호선 산청 시천~단성 수해개선 사업관리
국도20호선 상구교 등 10개소 정기안전점검 건설엔지니어링,국도20호선 상구교 등 10개소 정기안전점검
국도20호선 생비량 도전지구 외 1개소 수해복구공사 폐기물처리용역,국도20호선 생비량 도전 외 1개소 수해복구 폐기물처리
국도20호선 세간교 등 20개소 건설엔지니어링사업(정밀안전점검 및 내진성능평가),국도20호선 세간교 등 20개소 정밀점검·내진평가
국도20호선 용명육교 등 11개소 정기안전점검 건설엔지니어링,국도20호선 용명육교 등 11개소 정기안전점검
국도20호선 용명육교 등 4개소 정밀안전점검 및 2종 성능평가 건설엔지니어링,국도20호선 용명육교 등 4개소 정밀점검·성능평가
국도20호선 우복IC육교 등 6개소 정밀안전진단 및 내진성능평가 건설엔지니어링,국도20호선 우복IC육교 등 6개소 정밀진단·내진평가
국도20호선 적포교 등 8개소 건설엔지니어링사업(정밀안전점검),국도20호선 적포교 등 8개소 정밀안전점검
국도20호선 제2의곡교 등 5개교 내진보강공사 실시설계 건설엔지니어링,국도20호선 제2의곡교 등 5개교 내진보강 설계
국도20호선 죽전2교(상) 등 10개소 건설엔지니어링사업(정밀안전점검 및 성능평가),국도20호선 죽전2교 등 10개소 정밀점검·성능평가
국도20호선 창녕 고암 계상 등 4개소 포장도 보수공사 건설폐기물처리용역,국도20호선 창녕 고암 등 4개소 포장 폐기물처리
국도20호선 창녕 대지 본초1지구 낙석산사태 위험지구 정비공사,국도20호선 창녕 대지 본초1지구 낙석산사태 정비
국도20호선 창녕 유어 선소 등 2개소 낙석산사태 정비공사,국도20호선 창녕 유어 선소 등 2개소 낙석산사태 정비
국도20호선 창녕 유어 선소 등 2개소 낙석산사태 정비공사 폐기물처리용역,국도20호선 창녕 선소 등 2개소 낙석정비 폐기물처리
국도20호선 청도 금천 동곡교차로 등 3개소 개선공사 실시설계용역,국도20호선 청도 동곡교차로 등 3개소 개선 설계
국도20호선 청도 원정 모강(대남-모강) 단구간 확장사업(4차)-레미콘(총액),국도20호선 청도 모강 확장 레미콘
국도20호선 청도 청도 모강교차로~원당교차로 개선공사 실시설계용역,국도20호선 청도 모강~원당교차로 개선 설계
국도20호선 청도 풍각 금곡 등 6개소 포장도 보수공사 건설폐기물처리용역,국도20호선 청도 풍각 금곡 등 6개소 포장 폐기물처리
국도20호선 청도 화양 등 5개소 도로안전시설물 정비공사,국도20호선 청도 화양 등 5개소 안전시설 정비
국도20호선 청도 화양 범곡 단구간 확장공사 폐기물처리용역,국도20호선 청도 화양 범곡 확장 폐기물처리
국도20호선 청도군 각남면 칠성리 위험도로 개량사업 폐기물처리용역,국도20호선 청도 각남 칠성리 위험도로 개량 폐기물
국도20호선 청림교 등 9개소 정기안전점검 건설엔지니어링,국도20호선 청림교 등 9개소 정기안전점검
국도20호선 포항 남구 대송 장동-경주 강동 왕신리 도로환경 정비공사,국도20호선 포항 대송 장동~경주 왕신리 도로환경정비
국도20호선 포항 남구 연일 우복-대송 장동리 도로환경 정비공사,국도20호선 포항 연일 우복~대송 장동리 도로환경정비
"국도21,23,26,27호선 김제-전주-진안지내 풀베기용역",국도21·23·26·27호선 김제~진안 풀베기
국도21호선 24DY21U04503 등 15개소 정밀안전점검 및 성능평가 용역,국도21호선 등 15개소 정밀점검·성능평가
국도21호선 가산교 등 4개소 건설엔지니어링 사업(정밀안전점검),국도21호선 가산교 등 4개소 정밀안전점검
국도21호선 공덕대교(상) 등 2개교 정밀·정기안전점검용역,국도21호선 공덕대교 등 2개교 정밀·정기안전점검
국도21호선 관창교차로 램프포장도 보수공사 건설폐기물처리용역,국도21호선 관창교차로 램프포장 폐기물처리
국도21호선 구이대교(상) 등 2개교 정밀안전진단 및 1종성능평가용역,국도21호선 구이대교 등 2개교 정밀진단·성능평가
국도21호선 군산 개정 옥석 통로암거 등 2개소 보수공사,국도21호선 군산 개정 옥석 통로암거 등 2개소 보수
국도21호선 군산 대야IC1교(상) 등 4개교 내진보강공사,국도21호선 군산 대야IC1교 등 4개교 내진보강
국도21호선 군산 성산 금강갑문교(하) 점검시설 보수공사,국도21호선 군산 금강갑문교 점검시설 보수
국도21호선 군산 옥산교차로 병목지점 개선공사 폐기물처리용역(폐아스콘),국도21호선 군산 옥산교차로 개선 폐아스콘처리
국도21호선 군산 옥산교차로 병목지점 개선공사 폐기물처리용역(폐콘크리트),국도21호선 군산 옥산교차로 개선 폐콘크리트처리
국도21호선 군산 옥석IC교(상) 등 3개교 내진보강공사,국도21호선 군산 옥석IC교 등 3개교 내진보강
국도21호선 군산 하구둑사거리 등 4개소 병목지점 개선공사 실시설계용역,국도21호선 군산 하구둑사거리 등 4개소 개선 설계
국도21호선 금강갑문교(상) 등 2개교 정밀안전진단 및1종성능평가용역,국도21호선 금강갑문교 등 2개교 정밀진단·성능평가
국도21호선 김제 백구 석담 통로암거 등 2개소 보수공사,국도21호선 김제 백구 석담 통로암거 등 2개소 보수
국도21호선 김제 학동교차로 병목지점 개선공사 폐기물처리용역,국도21호선 김제 학동교차로 개선 폐기물처리
국도21호선 당정교차로 병목지점 개선공사 건설사업관리(설계단계) 및 설계VE,국도21호선 당정교차로 개선 사업관리·설계VE
국도21호선 당정교차로 병목지점 개선공사 국가유산영향진단,국도21호선 당정교차로 개선 국가유산영향진단
국도21호선 당정교차로 병목지점 개선공사 소규모 재해영향평가,국도21호선 당정교차로 개선 소규모 재해영향평가
국도21호선 당정교차로 병목지점 개선공사 소규모 환경영향평가,국도21호선 당정교차로 개선 소규모 환경영향평가
국도21호선 도고(하) 과적검문소 등 5개소 정비공사 폐기물처리용역,국도21호선 도고 과적검문소 등 5개소 정비 폐기물
국도21호선 두학1교 등 10개소 건설엔지니어링 사업(성능평가),국도21호선 두학1교 등 10개소 성능평가
국도21호선 두현교(상) 등 4개교 정밀·정기안전점검용역,국도21호선 두현교 등 4개교 정밀·정기안전점검
국도21호선 목주교 등 3개소 정밀안전진단(성능평가포함),국도21호선 목주교 등 3개소 정밀안전진단·성능평가
국도21호선 무한교차로-읍내교차로 등 2개구간 차선도색공사,국도21호선 무한교차로~읍내교차로 등 차선도색
국도21호선 보강토1호옹벽 등 3개소 정밀안전점검 및 23개소 정기안전점검,국도21호선 보강토1호옹벽 등 정밀·정기안전점검
국도21호선 보강토옹벽(명천교(우)) 등 10개소 정기안전점검 및 정밀안전점검용역,국도21호선 명천교옹벽 등 10개소 정기·정밀점검
국도21호선 보령시 남포교차로 등 3개소 포장도 보수공사 건설폐기물처리용역,국도21호선 보령 남포교차로 등 3개소 포장 폐기물
국도21호선 보령시 남포교차로~남포삼거리 포장도 보수공사,국도21호선 보령 남포교차로~남포삼거리 포장 보수
국도21호선 보령시 남포면 옥서교차로 등 2개소 교차로 개선공사 실시설계용역 ,국도21호선 보령 옥서교차로 등 2개소 개선 설계
국도21호선 보령시 주포면 보령리~청소면 야현리 보도설치공사,국도21호선 보령 주포 보령리~청소 야현리 보도설치
국도21호선 보령시 주포면 보령리~청소면 야현리 보도설치공사 건설폐기물처리용역,국도21호선 보령 보령리~야현리 보도설치 폐기물
국도21호선 보령시 죽정교차로 개선공사 소규모환경영향평가용역,국도21호선 보령 죽정교차로 개선 소규모환경영향평가
국도21호선 보령시 죽정교차로 등 2개소 개선공사 소규모재해영향평가,국도21호선 보령 죽정교차로 등 2개소 소규모재해평가
국도21호선 보령시 진죽사거리+0.513~정진교A1(하행) 등 3개소 포장도 보수공사,국도21호선 보령 진죽사거리 등 3개소 포장 보수
국도21호선 보령시 진죽사거리+0.513~정진교A1(하행) 등 3개소 포장도 보수공사 건설폐기물처리용역,국도21호선 보령 진죽사거리 등 3개소 포장 폐기물
국도21호선 보령시계-마온교차로간 등 2개구간 차선도색공사,국도21호선 보령시계~마온교차로 등 차선도색
국도21호선 봉강교(하) 등 4개소 정밀안전점검 및 석문대교(상) 등 38개소 정기안전점검용역,국도21호선 봉강교 등 4개소 정밀·38개소 정기점검
국도21호선 부용교(상) 등 4개교 정밀·정기안전점검용역,국도21호선 부용교 등 4개교 정밀·정기안전점검
국도21호선 삼봉교(상) 등 10개소 건설엔지니어링 사업(정밀안전점검),국도21호선 삼봉교 등 10개소 정밀안전점검
국도21호선 서천-보령 절토사면 STA.5+320~5+569 등 3개소 성능평가,국도21호선 서천~보령 절토사면 등 3개소 성능평가
국도21호선 서천교차로-보령시계간 등 2개구간 차선도색공사,국도21호선 서천교차로~보령시계 등 차선도색
국도21호선 서천군계-두룡2교차로간 등 2개구간 차선도색공사,국도21호선 서천군계~두룡2교차로 등 차선도색
국도21호선 성내리 등 3개소 병목지점개선 건설엔지니어링(실시설계),국도21호선 성내리 등 3개소 병목개선 실시설계
국도21호선 순창 구림 월정 절토사면 등 18개소 정밀안전점검 및 성능평가용역,국도21호선 순창 구림 등 18개소 정밀점검·성능평가
국도21호선 순창 동계 구미리~순창 동계 관전리 등 2개소 차선도색공사,국도21호선 순창 동계 구미리~관전리 등 차선도색
국도21호선 순창 쌍치 종곡리~순창 쌍치 쌍계리 차선도색공사,국도21호선 순창 쌍치 종곡리~쌍계리 차선도색
국도21호선 순창 인계 등 도로환경 개선공사 실시설계용역,국도21호선 순창 인계 등 도로환경 개선 설계
국도21호선 신달 램프E 외측 보강토옹벽 성능평가 및 8개소 정밀안전점검 등,국도21호선 신달 램프E 옹벽 등 8개소 정밀점검
국도21호선 아산 배방 은수교차로 개선공사 폐기물처리용역,국도21호선 아산 배방 은수교차로 개선 폐기물처리
국도21호선 아산 배방지하차도 건설공사 소규모 지하안전영향평가,국도21호선 아산 배방지하차도 소규모 지하안전평가
국도21호선 아산 송악 평촌절토사면 등 12개소 시설물 정비공사,국도21호선 아산 송악 평촌사면 등 12개소 정비
국도21호선 아산 순천향대삼거리 교차로 개선공사 건설폐기물처리용역,국도21호선 아산 순천향대삼거리 개선 폐기물처리
국도21호선 아산시 신창면 방호울타리정비 등 8개소 도로안전시설 정비공사,국도21호선 아산 신창 등 8개소 안전시설 정비
국도21호선 옥석(상) 과적검문소 등 7개소 단속시설 개선공사,국도21호선 옥석 과적검문소 등 7개소 단속시설 개선
국도21호선 와동교(상) 등 4개교 정밀·정기안전점검용역,국도21호선 와동교 등 4개교 정밀·정기안전점검
국도21호선 완주 상관IC교(상) 등 2개교 내진보강공사,국도21호선 완주 상관IC교 등 2개교 내진보강
국도21호선 음봉천교 등 7개소 성능평가(정밀안전점검포함)용역,국도21호선 음봉천교 등 7개소 성능평가
국도21호선 음성 삼봉리 등 8개소 도로포장 보수공사 폐기물처리용역,국도21호선 음성 삼봉리 등 8개소 포장 폐기물처리
국도21호선 적석교 등 30개소 건설엔지니어링 사업(정기안전점검),국도21호선 적석교 등 30개소 정기안전점검
국도21호선 전주 덕진 신미지하차도 포장보수공사 폐기물처리용역,국도21호선 전주 신미지하차도 포장보수 폐기물
국도21호선 전주 덕진 전미지하차도 포장보수공사 폐기물처리용역,국도21호선 전주 전미지하차도 포장보수 폐기물
국도21호선 전주 신미지하차도 침수사고 방지시설 개선공사,국도21호선 전주 신미지하차도 침수방지 개선
국도21호선 전주 전미지하차도 침수사고 방지시설 개선공사,국도21호선 전주 전미지하차도 침수방지 개선
국도21호선 전주 조촌교 등 9개소 비점오염저감시설 유지관리 용역,국도21호선 전주 조촌교 등 9개소 비점오염저감 관리
국도21호선 절토사면 Sta.2+200~2+630 등 6개소 안전점검 및 성능평가용역,국도21호선 절토사면 등 6개소 안전점검·성능평가
국도21호선 정전교(상) 등 2개소 점검차량 대기차로 설치공사,국도21호선 정전교 등 2개소 점검차량 대기차로 설치
국도21호선 중흥육교 A2~군산시B(앞) 등 12개소 포장도 보수공사,국도21호선 중흥육교~군산시 등 12개소 포장 보수
국도21호선 중흥육교 A2~군산시B(앞) 등 12개소 포장도 보수공사(1공구) 폐기물처리용역,국도21호선 중흥육교 등 포장(1공구) 폐기물처리
국도21호선 중흥육교 A2~군산시B(앞) 등 12개소 포장도 보수공사(2공구) 폐기물 처리용역,국도21호선 중흥육교 등 포장(2공구) 폐기물처리
국도21호선 진천 진천 교성리 단구간 확장공사 건설폐기물처리용역,국도21호선 진천 교성리 확장 폐기물처리
국도21호선 진천 진천 사석삼거리 교차로 개선공사 건설폐기물처리용역,국도21호선 진천 사석삼거리 개선 폐기물처리
국도21호선 진천 진천 사석삼거리 교차로 개선공사(전기),국도21호선 진천 사석삼거리 교차로 개선(전기)
국도21호선 천안 성남 화성졸음쉼터 ITS 시설물 이설공사,국도21호선 천안 화성졸음쉼터 ITS 시설물 이설
국도21호선 천안 장산리 콘크리트옹벽 등 22개소 시설물 정비공사,국도21호선 천안 장산리옹벽 등 22개소 시설물 정비
국도21호선 하봉교(상) 등 4개교 정밀·정기안전점검용역,국도21호선 하봉교 등 4개교 정밀·정기안전점검
국도21호선 학동교(상) 등 4개교 정밀·정기안전점검용역,국도21호선 학동교 등 4개교 정밀·정기안전점검
"국도21호선 한천교 등 5개소 건설엔지니어링 사업(정밀안전점검, 성능평가)",국도21호선 한천교 등 5개소 정밀점검·성능평가
국도21호선 황산육교 등 4개소 시설물 보수공사 폐기물처리용역,국도21호선 황산육교 등 4개소 시설물 보수 폐기물
국도21호선 황소교(상) 등 2개소 정밀·정기안전점검 및 내진성능평가용역,국도21호선 황소교 등 2개소 정밀·정기점검·내진평가
"국도21호선(충남도계~음성군계), 국도34호선(진천 삼덕교차로~괴산군계) 차선도색 정비공사",국도21·34호선 차선도색 정비
국도22호선 선운사터널(상) 등 2개소 정밀·정기안전점검 및 2종성능평가용역,국도22호선 선운사터널 등 2개소 정밀점검·성능평가
국도22호선 순천 주암지구 절토사면 등 12개소 정밀안전점검용역,국도22호선 순천 주암 절토사면 등 12개소 정밀점검
국도22호선 인천강교(상) 등 4개교 정밀·정기안전점검용역,국도22호선 인천강교 등 4개교 정밀·정기안전점검
국도22호선 정읍 소성지구 병목지점 개선공사 실시설계용역,국도22호선 정읍 소성지구 병목개선 실시설계
국도22호선 탑정교(상) 등 4개교 정밀·정기안전점검용역,국도22호선 탑정교 등 4개교 정밀·정기안전점검
"국도22호선 화순 구암IC교 등 11개소 정밀안전점검용역(성능평가, 내진성능평가 포함)",국도22호선 화순 구암IC교 등 11개소 정밀안전점검
국도22호선 화순 너릿재터널 등 6개소 방재시설 보수공사,국도22호선 화순 너릿재터널 등 6개소 방재시설 보수
국도22호선 화순 너릿재터널(상) 등 19개소 정기안전(하자)점검용역,국도22호선 화순 너릿재터널 등 19개소 정기점검
국도22호선 화순 백동교(상) 등 11개소 정밀안전진단 및 정밀안전점검용역(성능평가 포함),국도22호선 화순 백동교 등 11개소 정밀진단·점검
국도22호선 화순 백동교(상) 등 9개소 시설물 보수공사,국도22호선 화순 백동교 등 9개소 시설물 보수
국도22호선 화순 운농2교(하) 등 2개소 교면포장 보수공사,국도22호선 화순 운농2교 등 2개소 교면포장 보수
국도22호선 화순 운농2교(하) 등 2개소 교면포장 보수공사 폐기물처리용역,국도22호선 화순 운농2교 등 교면포장 폐기물처리
국도22호선 화순 운농지구 등 5개소 도로시설물 정비공사,국도22호선 화순 운농 등 5개소 도로시설물 정비
국도22호선 화순 운농지구 등 5개소 도로시설물 정비공사 폐기물처리용역,국도22호선 화순 운농 등 시설물 정비 폐기물처리
국도22호선 화순 운농터널(상) 등 26개소 시설물 위탁관리용역,국도22호선 화순 운농터널 등 26개소 위탁관리
국도22호선 화순 이십곡지구 등 5개소 도로유지 보수공사,국도22호선 화순 이십곡 등 5개소 도로 보수
국도22호선 화순 지실교(상) 등 2개소 시설물 보수공사,국도22호선 화순 지실교 등 2개소 시설물 보수
국도22호선 화순 천덕지구 등 방호울타리 정비공사 폐기물처리용역,국도22호선 화순 천덕 방호울타리 정비 폐기물처리
국도23호선 24DN23D07000 등 9개소 정밀안전점검 및 성능평가용역,국도23호선 24DN23D07000 등 9개소 정밀점검
국도23호선 강진 동백지구 등 2개소 배수로 정비공사 폐기물처리용역,국도23호선 강진 동백 등 2개소 배수로 정비 폐기물
국도23호선 강진 목리교(상) 등 4개소 정밀안전점검용역,국도23호선 강진 목리교 등 4개소 정밀안전점검
국도23호선 고령2교A2+0.399 ~ 고령2교A2+2.197 등 4개소 포장도 보수공사,국도23호선 고령2교 등 4개소 포장 보수
국도23호선 고령2교A2+0.399 ~ 고령2교A2+2.197 등 4개소 포장도 보수공사  폐기물처리용역,국도23호선 고령2교 등 4개소 포장 폐기물처리
국도23호선 고창 성송 암치지구 등 7개소 배수로 정비공사,국도23호선 고창 성송 암치 등 7개소 배수로 정비
국도23호선 고창 신림면 입구교차로 등 2개소 병목지점 개선공사,국도23호선 고창 신림 입구교차로 등 2개소 병목개선
국도23호선 고창 신림면 입구교차로 등 2개소 병목지점 개선공사 폐기물처리(폐아스콘)용역,국도23호선 고창 신림 등 병목개선 폐아스콘처리
국도23호선 고창 신림면 입구교차로 등 2개소 병목지점 개선공사 폐기물처리(폐콘크리트)용역,국도23호선 고창 신림 등 병목개선 폐콘크리트처리
국도23호선 고창 신림면 입구교차로 등 2개소 병목지점 개선공사(전기공사),국도23호선 고창 신림 입구교차로 등 병목개선(전기)
국도23호선 고창 장두교차로 등 2개소 병목지점 개선공사,국도23호선 고창 장두교차로 등 2개소 병목개선
국도23호선 고창 장두교차로 등 2개소 병목지점 개선공사 폐기물처리용역(폐아스콘),국도23호선 고창 장두교차로 등 병목개선 폐아스콘
국도23호선 고창 장두교차로 등 2개소 병목지점 개선공사 폐기물처리용역(폐콘크리트),국도23호선 고창 장두교차로 등 병목개선 폐콘크리트
국도23호선 고창 흥덕 제하사거리 등 2개소 사고잦은 곳 개선공사,국도23호선 고창 흥덕 제하사거리 등 사고잦은곳 개선
국도23호선 고창 흥덕 제하사거리 등 2개소 사고잦은 곳 개선공사 폐기물처리용역,국도23호선 고창 제하사거리 등 개선 폐기물처리
국도23호선 공주시계(청룡2교)-유천교차로간 차선도색공사,국도23호선 공주시계~유천교차로 차선도색
국도23호선 김제 목천대교 교면포장 보수공사 폐기물처리용역,국도23호선 김제 목천대교 교면포장 폐기물처리
국도23호선 나주 금곡지구 이동식과적검문소 설치공사 폐기물처리용역,국도23호선 나주 금곡 이동식과적검문소 설치 폐기물
국도23호선 나주 금곡지구 이동식과적검문소 설치공사(전기),국도23호선 나주 금곡 이동식과적검문소 설치(전기)
국도23호선 나주 동수교차로 ~ 함평 학교사거리 등 2개소 차선도색공사,국도23호선 나주 동수교차로~함평 학교 등 차선도색
국도23호선 나주 왕곡 지내 방호울타리 지주보강 정비공사,국도23호선 나주 왕곡 지내 방호울타리 정비
국도23호선 다송과선교(상) 등 49개소 정기안전점검용역,국도23호선 다송과선교 등 49개소 정기안전점검
국도23호선 동진대교(상) 등 2개교 정밀안전진단 및 1종성능평가용역,국도23호선 동진대교 등 2개교 정밀진단·성능평가
국도23호선 등 보성출장소 관내 도로정비사업 실시설계용역,국도23호선 등 보성출장소 도로정비 실시설계
국도23호선 부안 주산 사산지구 등 4개소 배수로 정비공사,국도23호선 부안 주산 사산 등 4개소 배수로 정비
국도23호선 영광 녹산지구 교차로 개선공사 폐기물처리용역,국도23호선 영광 녹산 교차로 개선 폐기물처리
국도23호선 영광 안맹지구 교차로개선 및 버스정차대 설치공사,국도23호선 영광 안맹 교차로개선·버스정차대 설치
국도23호선 영광 안맹지구 교차로개선 및 버스정차대 설치공사 폐기물처리용역,국도23호선 영광 안맹 교차로개선 설치 폐기물처리
국도23호선 영만IC교(상) 등 2개소 정밀·정기안전점검 및 2종성능평가용역,국도23호선 영만IC교 등 2개소 정밀점검·성능평가
국도23호선 영암 남송지구 등 8개소 포장도 보수공사 폐기물처리용역,국도23호선 영암 남송 등 8개소 포장도 폐기물처리
국도23호선 영암 연소지구 등 4개소 도로시설물 정비공사,국도23호선 영암 연소 등 4개소 도로시설물 정비
국도23호선 장흥 관산 외동지구 등 4개소 배수로 정비공사,국도23호선 장흥 관산 등 4개소 배수로 정비
국도23호선 장흥 대덕 잠두리 등 3개소 사면정비공사 폐기물처리용역,국도23호선 장흥 대덕 등 3개소 사면정비 폐기물처리
국도23호선 장흥 덕산지구 포장도 보수공사 폐기물처리용역,국도23호선 장흥 덕산 포장도 보수 폐기물처리
국도23호선 장흥 부산지구 절토사면 등 12개소 정밀안전점검용역,국도23호선 장흥 부산 등 12개소 절토사면 점검
국도23호선 장흥 순지교차로 병목지점 개선공사 폐기물처리용역,국도23호선 장흥 순지교차로 병목개선 폐기물처리
국도23호선 장흥 순지교차로-장흥 장흥대교 등 2개소 차선도색공사,국도23호선 장흥 순지~장흥대교 등 2개소 차선도색
국도23호선 장흥 심천교 등 5개소 정밀안전진단 및 성능평가용역,국도23호선 장흥 심천교 등 5개소 정밀진단·성능평가
국도23호선 장흥 용산지구 등 9개소 포장도 보수공사 폐기물처리용역,국도23호선 장흥 용산 등 9개소 포장도 폐기물처리
국도23호선 장흥 유치 관동지구 위험도로 개선사업 소규모재해영향평가용역,국도23호선 장흥 관동 위험도로개선 소규모재해영향평가
국도23호선 장흥 유치 관동지구 위험도로 개선사업 소규모환경영향평가용역,국도23호선 장흥 관동 위험도로개선 소규모환경영향평가
국도23호선 장흥 유치지구 절토사면 등 11개소 정밀안전점검용역,국도23호선 장흥 유치 등 11개소 절토사면 점검
국도23호선 차령터널 등 3개소 제연설비 보강공사 실시설계,국도23호선 차령터널 등 3개소 제연설비 보강 실시설계
국도23호선 채산과선교 등 7개소 내진보강설계 건설엔지니어링,국도23호선 채산과선교 등 7개소 내진보강설계
국도23호선 함평 기각지구 등 2개소 포장도 보수공사 폐기물처리용역,국도23호선 함평 기각 등 2개소 포장도 폐기물처리
국도23호선 함평 사지2육교 등 5개소 철거공사 폐기물처리용역,국도23호선 함평 사지2육교 등 5개소 철거 폐기물처리
국도23호선 함평 제2영수교 등 3개소 교면포장 보수공사_개질아스콘,국도23호선 함평 제2영수교 등 3개소 교면포장
국도23호선 함평 학교지구 위험도로 개선공사 폐기물처리용역(1차),국도23호선 함평 학교 위험도로개선 폐기물처리(1차)
국도23호선 함평 함정지구 위험도로 개선공사 가연성 폐기물 위탁처리용역,국도23호선 함평 함정 위험도로개선 가연성폐기물처리
국도23호선 함평 함정지구 위험도로 개선공사 폐기물처리용역,국도23호선 함평 함정 위험도로개선 폐기물처리
국도23호선 함평 함정지구 지정폐기물(폐석면) 위탁처리용역,국도23호선 함평 함정 폐석면 위탁처리
국도23호성 영암 연소지구 낙석산사태 등 정비공사 폐기물처리용역,국도23호선 영암 연소 낙석산사태 정비 폐기물처리
"국도24,26호선 합천권역 포장도 보수공사 폐기물처리용역",국도24·26호선 합천권역 포장도 보수 폐기물처리
"국도24,35호선 울산 울주 등 5개소 포장도 보수공사 건설폐기물처리용역",국도24·35호선 울산 울주 등 5개소 포장 폐기물처리
"국도24,35호선 울산 울주 등 5개소 포장도 보수공사-개질아스콘",국도24·35호선 울주 등 5개소 포장 개질아스콘
국도24호선 (신)밀산교 등 5개소 정밀안전점검 건설엔지니어링 용역,국도24호선 신밀산교 등 5개소 정밀안전점검
국도24호선 가지산터널(상) 등 2개소 정밀안전점검 건설엔지니어링 용역,국도24호선 가지산터널 등 2개소 정밀안전점검
국도24호선 거창 남하 대야지구 등 도로안전시설물 설치공사,국도24호선 거창 남하 대야 등 도로안전시설물 설치
국도24호선 구수교 등 9개소 성능평가 건설엔지니어링 용역,국도24호선 구수교 등 9개소 성능평가
국도24호선 남원 대강 마을주민 보호구간 등 2개소 개선사업,국도24호선 남원 대강 마을주민보호구간 등 2개소 개선
국도24호선 남원 대강 풍촌 등 10개소 배수시설 개선공사,국도24호선 남원 대강 풍촌 등 10개소 배수시설 개선
국도24호선 남원 대강 풍촌 등 배수시설 개선공사 폐기물처리용역,국도24호선 남원 대강 풍촌 배수시설개선 폐기물처리
국도24호선 남원 산동 월석 등 6개소 도로정비공사 폐기물처리용역,국도24호선 남원 산동 월석 등 6개소 도로정비폐기물
국도24호선 남원 운봉 화수 등 4개소 배수시설 개선공사,국도24호선 남원 운봉 화수 등 4개소 배수시설 개선
국도24호선 남원 운봉 화수리~남원 인월 성산리 차선도색공사,국도24호선 남원 운봉 화수~인월 성산 차선도색
국도24호선 남원 이백 양가 등 도로정비공사 폐기물처리용역,국도24호선 남원 이백 양가 등 도로정비 폐기물처리
국도24호선 남원 인월 서무 등 2개소 도로폭원확장공사 폐기물처리용역,국도24호선 남원 인월 서무 등 2개소 폭원확장폐기물
국도24호선 남원 인월 성산 등 12개소 횡단보도 조명시설 설치공사,국도24호선 남원 인월 성산 등 12개소 횡단보도조명
국도24호선 남원 인월 성산 등 도로정비공사 폐기물처리용역,국도24호선 남원 인월 성산 등 도로정비 폐기물처리
국도24호선 남원 주생 정송 등 2개소 병목지점 개선공사 실시설계용역,국도24호선 남원 주생 정송 등 2개소 병목 실시설계
국도24호선 무안 오류지구 등 7개소 포장도 보수공사 폐기물처리용역,국도24호선 무안 오류 등 7개소 포장도 폐기물처리
국도24호선 무안 오류지구 등 7개소 포장도 보수공사_개질아스콘,국도24호선 무안 오류 등 7개소 포장도 개질아스콘
국도24호선 밀양 산내 송백 등 2개소 배수시설 정비공사,국도24호선 밀양 산내 송백 등 2개소 배수시설 정비
국도24호선 밀양 산내 송백 등 2개소 배수시설 정비공사 건설폐기물처리용역,국도24호선 밀양 산내 송백 등 2개소 배수폐기물
"국도24호선 밀양 산내지구 등 5개소 절토사면, 옹벽 정밀안전점검 및 성능평가용역",국도24호선 밀양 산내 등 5개소 사면·옹벽 점검평가
"국도24호선 밀양 산외지구 등 5개소 절토사면, 옹벽 정밀안전점검 및 성능평가용역",국도24호선 밀양 산외 등 5개소 사면·옹벽 점검평가
국도24호선 순창 관내 등 도로유지 보수공사 폐기물처리용역,국도24호선 순창 관내 등 도로유지보수 폐기물처리
국도24호선 순창 금과 방축 등 안전시설 정비공사 폐기물처리용역,국도24호선 순창 금과 방축 등 안전시설정비 폐기물처리
국도24호선 순창 금과 방축리~순창 순창 백산리 차선도색공사,국도24호선 순창 금과 방축~순창 백산 차선도색
국도24호선 순창 적성 지북 등 5개소 낙석산사태 정비공사,국도24호선 순창 적성 지북 등 5개소 낙석산사태 정비
국도24호선 신소양교(상) 등 2개소 정밀안전진단 및 성능평가 건설엔지니어링,국도24호선 신소양교 등 2개소 정밀안전진단·성능평가
국도24호선 운림교(상) 등 2개교 포장보수공사 폐기물처리용역,국도24호선 운림교 등 2개교 포장보수 폐기물처리
국도24호선 울산과학기술원 하부 램프교차로 포장도 정비공사,국도24호선 울산과기원 램프교차로 포장도 정비
국도24호선 울산과학기술원 하부 램프교차로 포장도 정비공사 건설폐기물처리용역,국도24호선 울산과기원 램프교차로 포장 폐기물처리
국도24호선 울주 범서 굴화 등 3개소 포장도 보수공사 건설폐기물처리용역,국도24호선 울주 범서 굴화 등 3개소 포장폐기물
국도24호선 울주 상북 산전 등 3개소 소구조물 정비공사,국도24호선 울주 상북 산전 등 3개소 소구조물 정비
국도24호선 울주 상북 산전 등 3개소 소구조물 정비공사 폐기물처리용역,국도24호선 울주 상북 산전 등 3개소 소구조물폐기물
국도24호선 울주 언양 반송 등 6개소 낙석산사태 위험지구 정비공사,국도24호선 울주 언양 반송 등 6개소 낙석산사태 정비
국도24호선 장성 진원 학림지구 폭원부족 정비공사 건설폐기물처리용역,국도24호선 장성 진원 학림 폭원부족정비 폐기물처리
국도24호선 장성 진원 학림지구 폭원부족 정비공사 임목폐기물처리용역,국도24호선 장성 진원 학림 폭원부족정비 임목폐기물처리
국도24호선 함평 문장지구 등 8개소 도로시설물 정비공사,국도24호선 함평 문장 등 8개소 도로시설물 정비
국도24호선 합천 청덕 두곡지구 등 2개소 마을주민보호구간 정비공사 폐기물처리용역,국도24호선 합천 청덕 두곡 등 2개소 마을보호폐기물
국도24호선 합천 청덕 앙진지구 등 2개소 배수시설 정비공사,국도24호선 합천 청덕 앙진 등 2개소 배수시설 정비
국도24호선 합천 청덕 앙진지구 등 2개소 배수시설 정비공사 폐기물처리용역,국도24호선 합천 청덕 앙진 등 2개소 배수폐기물
국도24호선 합천대교(상) 등 3개소 건설엔지니어링사업(정밀안전진단 및 성능평가),국도24호선 합천대교 등 3개소 정밀안전진단·성능평가
국도25호선 경산 남천 삼성지구 등 11개소 포장도 보수공사,국도25호선 경산 남천 삼성 등 11개소 포장도 보수
국도25호선 경산 남천 삼성지구 등 11개소 포장도 보수공사 건설폐기물처리용역,국도25호선 경산 남천 삼성 등 11개소 포장폐기물
국도25호선 경산 남천 삼성지구 등 11개소 포장도 보수공사 관급자재(개질아스콘),국도25호선 경산 남천 삼성 등 11개소 개질아스콘
국도25호선 구미 해평 해평교차로 등 3개소 개선공사 실시설계용역,국도25호선 구미 해평교차로 등 3개소 개선 실시설계
"국도25호선 국동RAMP-F교 등 3개소 건설엔지니어링 사업(정밀안전진단, 정밀안전점검, 성능평가, 내진성능평가)",국도25호선 국동RAMP-F교 등 3개소 진단·점검평가
"국도25호선 까치내교 등 3개소 건설엔지니어링 사업(정밀안전점검, 성능평가)",국도25호선 까치내교 등 3개소 정밀안전점검·성능평가
국도25호선 남산IC램프D교 등 9개소 내진성능평가 건설엔지니어링 용역,국도25호선 남산IC램프D교 등 9개소 내진성능평가
국도25호선 남성현과선교 등 2개소 정밀안전점검 및 정기안전점검 기술용역,국도25호선 남성현과선교 등 2개소 정밀·정기안전점검
국도25호선 등 3개 노선 청주 · 보은권역 풀깎기 용역,국도25호선 등 3개노선 청주·보은권역 풀깎기
국도25호선 등 3개 노선 청주 · 증평권역 풀깎기 용역,국도25호선 등 3개노선 청주·증평권역 풀깎기
국도25호선 밀양 상남 연금 등 3개소 포장도 보수공사 건설폐기물처리용역,국도25호선 밀양 상남 연금 등 3개소 포장폐기물
국도25호선 밀양 상남 연금 등 3개소 포장도 보수공사-개질아스콘,국도25호선 밀양 상남 연금 등 3개소 포장 개질아스콘
국도25호선 밀양 상남 예림 등 4개소 보도정비공사 폐기물처리용역,국도25호선 밀양 상남 예림 등 4개소 보도정비폐기물
국도25호선 밀양 상남 예림사거리 교차로 개선공사 폐기물처리용역,국도25호선 밀양 상남 예림사거리 교차로개선 폐기물처리
국도25호선 밀양시 상남면 연금리 병목지점 개선공사 실시설계용역,국도25호선 밀양 상남 연금 병목개선 실시설계
국도25호선 밀주교 등 11개소 내진성능평가 건설엔지니어링용역,국도25호선 밀주교 등 11개소 내진성능평가
국도25호선 밀주교 등 5개소 정밀안전점검 건설엔지니어링 용역,국도25호선 밀주교 등 5개소 정밀안전점검
국도25호선 백운IC교(묵방방향) 등 7개소 건설엔지니어링 사업(정밀안전점검),국도25호선 백운IC교 등 7개소 정밀안전점검
국도25호선 보은 회인 오동 절토사면 등 21개소 정밀안전점검용역,국도25호선 보은 회인 오동 등 21개소 정밀안전점검
국도25호선 수리티터널 등 5개소 터널운영(위탁) 관리 용역,국도25호선 수리티터널 등 5개소 터널운영 위탁관리
국도25호선 수산대교 등 2개소 정밀안전점검 건설엔지니어링 용역,국도25호선 수산대교 등 2개소 정밀안전점검
국도25호선 수산대교 등 시설물 보수공사 건설폐기물처리용역,국도25호선 수산대교 등 시설물 보수 폐기물처리
국도25호선 신장2교 등 5개소 정밀안전점검 및 성능평가 기술용역,국도25호선 신장2교 등 5개소 정밀안전점검·성능평가
국도25호선 창원 대산 모산 등 6개소 포장도(야간) 보수공사,국도25호선 창원 대산 모산 등 6개소 포장도 야간보수
국도25호선 창원 대산 모산 등 6개소 포장도(야간) 보수공사 건설폐기물처리용역,국도25호선 창원 대산 모산 등 6개소 포장 폐기물처리
국도25호선 창원 대산 모산 등 6개소 포장도(야간) 보수공사사-개질아스콘,국도25호선 창원 대산 모산 등 6개소 포장 개질아스콘
국도25호선 천평교(하) 등 5개교 시설물 보수공사 건설폐기물 처리용역,국도25호선 천평교 등 5개교 시설물 보수 폐기물처리
국도25호선 청도 청도 원정지구 등 3개소 도로시설물 정비공사,국도25호선 청도 원정 등 3개소 도로시설물 정비
국도25호선 청리터널(상) 등 22개소 정밀안전점검 및 성능평가 기술용역,국도25호선 청리터널 등 22개소 정밀안전점검·성능평가
국도25호선 청주 서원 남이 부용외천리 절토사면 및 옹벽 등 19개소 정밀안전점검용역,국도25호선 청주 서원 남이 등 19개소 정밀안전점검
국도25호선 청주 청원 내수읍 수반교차로 개선공사 폐기물처리용역,국도25호선 청주 내수 수반교차로개선 폐기물처리
국도25호선 청주 청원 내수읍 수반교차로 개선공사(전기),국도25호선 청주 내수 수반교차로개선(전기)
국도25호선 청주 흥덕 석곡동 계단식옹벽 설치공사 폐기물처리용역,국도25호선 청주 흥덕 석곡 계단식옹벽설치 폐기물처리
국도25호선 효촌IC교(묵방방향) 등 6개소 건설엔지니어링 사업(정밀안전점검),국도25호선 효촌IC교 등 6개소 정밀안전점검
국도25호선(보은 누청삼거리~청주 효촌분기점) 차선도색 정비공사,국도25호선 보은 누청~청주 효촌 차선도색 정비
국도26호선 고령 성산 고탄1지구 등 6개소 낙석산사태 정비공사,국도26호선 고령 성산 고탄1 등 6개소 낙석산사태정비
국도26호선 고령 성산 고탄2지구 등 10개소 낙석산사태 정비공사,국도26호선 고령 성산 고탄2 등 10개소 낙석정비
국도26호선 고령 성산 사부지구 등 4개소 도로시설물 정비공사,국도26호선 고령 성산 사부 등 4개소 도로시설물 정비
국도26호선 고령군 쌍림면 산주리 등 2개소 수해응급복구공사 폐기물처리용역,국도26호선 고령 쌍림 산주 등 2개소 응급복구폐기물
국도26호선 구룡A2~진안육교A1 등 2개소 포장도 보수공사 폐기물처리용역,국도26호선 구룡A2~진안육교A1 등 2개소 포장폐기물
국도26호선 구룡육교A2~진안육교A1 등 2개소 포장도 보수공사,국도26호선 구룡육교A2~진안A1 등 2개소 포장보수
국도26호선 득성터널(상) 등 10개소 정량적 위험도평가(QRA)용역,국도26호선 득성터널 등 10개소 정량적위험도평가
국도26호선 등용1교A2 ~ 신교A1 등 9개소 포장도 보수공사 폐기물처리용역,국도26호선 등용1교A2~신교A1 등 9개소 포장폐기물
국도26호선 등용1교A2~신교A1 등 9개소 포장도 보수공사,국도26호선 등용1교A2~신교A1 등 9개소 포장보수
국도26호선 만경교(구) 등 2개교 정밀안전진단 및 1종성능평가용역,국도26호선 만경교 등 2개교 정밀안전진단·1종성능평가
국도26호선 성산대교 등 14개소 정밀안전진단 및 성능평가 기술용역,국도26호선 성산대교 등 14개소 정밀안전진단·성능평가
국도26호선 완주 등 교량 및 통로암거 배수시설 정비공사,국도26호선 완주 등 교량·통로암거 배수시설 정비
국도26호선 완주 소양 신원 등 9개소 절토사면 정밀안전점검용역,국도26호선 완주 소양 신원 등 9개소 절토사면 점검
국도26호선 완주 소양 신원3 등 13개소 절토사면 정밀안전점검용역,국도26호선 완주 소양 신원3 등 13개소 사면점검
국도26호선 원무농삼거리~원무농삼거리+0.500 등 9개소 포장도 보수공사,국도26호선 원무농삼거리 등 9개소 포장도 보수
국도26호선 원무농삼거리~원무농삼거리+0.500 등 9개소 포장도 보수공사 폐기물처리용역,국도26호선 원무농삼거리 등 9개소 포장도 폐기물처리
국도26호선 장수 장계 명덕 등 10개소 방호울타리 정비공사,국도26호선 장수 장계 명덕 등 10개소 방호울타리
국도26호선 장수 장계 명덕 등 도로정비공사 폐기물처리용역,국도26호선 장수 장계 명덕 등 도로정비 폐기물처리
국도26호선 장수 장계 무농 등 3개소 배수시설 개선공사,국도26호선 장수 장계 무농 등 3개소 배수시설 개선
국도26호선 장수 장계 삼봉리~장계 장계 명덕리 등 2개소 차선도색공사,국도26호선 장수 장계 삼봉~명덕 등 2개소 차선도색
국도26호선 장수 장계 월강 등 3개소 병목지점 개선공사 실시설계용역,국도26호선 장수 장계 월강 등 3개소 병목 실시설계
국도26호선 진안 관내 등 도로유지 보수공사 폐기물처리용역,국도26호선 진안 관내 등 도로유지보수 폐기물처리
국도26호선 진안 진안 구룡리~장수 장계 무농리 차선도색공사,국도26호선 진안 구룡~장수 장계 무농 차선도색
국도26호선 진안육교A2~진안육교A2+1.643 등 2개소 포장도 보수공사,국도26호선 진안육교A2 등 2개소 포장도 보수
국도26호선 진안육교A2~진안육교A2+1.643 등 2개소 포장도 보수공사 폐기물처리용역,국도26호선 진안육교A2 등 2개소 포장도 폐기물처리
국도26호선 천천삼거리+0.789~천천삼거리+1.609 등 4개소 포장도 보수공사,국도26호선 천천삼거리 등 4개소 포장도 보수
국도26호선 천천삼거리+0.789~천천삼거리+1.609 등 4개소 포장도 보수공사 폐기물처리용역,국도26호선 천천삼거리 등 4개소 포장도 폐기물처리
국도26호선 함양 서상 상남지구 도로결빙 방지시설 설치공사,국도26호선 함양 서상 상남 도로결빙방지시설 설치
국도26호선 함양 서하 봉전지구 등 도로안전시설물 설치공사,국도26호선 함양 서하 봉전 등 도로안전시설물 설치
국도26호선 합천 묘산지구 포장도 보수공사 폐기물처리용역,국도26호선 합천 묘산 포장도 보수 폐기물처리
국도26호선 해월1교(상) 등 2개소 정밀·정기안전점검 및 2종성능평가용역,국도26호선 해월1교 등 2개소 정밀점검·성능평가
국도26호선 황운1교(상) 등 3개교 정밀·정기안전점검용역,국도26호선 황운1교 등 3개교 정밀·정기안전점검
국도27호선 고흥 금산 대흥~고흥 호형리 등 3개노선 풀베기용역,국도27호선 고흥 금산~호형 등 3개노선 풀베기
국도27호선 고흥 보천3교 등 2개소 시설물 내진보강공사,국도27호선 고흥 보천3교 등 2개소 시설물 내진보강
국도27호선 고흥 신양교 등 3개소 시설물 보수공사 폐기물처리용역,국도27호선 고흥 신양교 등 3개소 시설물보수폐기물
국도27호선 곡성 남양지구 등 3개소 마을주민 보호구간 개선공사,국도27호선 곡성 남양 등 3개소 마을주민보호구간 개선
국도27호선 곡성 무창교차로 등 3개소 사고잦은곳 개선공사,국도27호선 곡성 무창교차로 등 3개소 사고잦은곳 개선
국도27호선 곡성 무창교차로 등 3개소 사고잦은곳 개선공사 폐기물처리용역,국도27호선 곡성 무창교차로 등 3개소 사고개선폐기물
국도27호선 곡성 옥과천교(상) 등 3개소 정밀안전점검 및 성능평가용역,국도27호선 곡성 옥과천교 등 3개소 점검·성능평가
국도27호선 곡성 옥과천교(상) 등 7개소 시설물 보수공사,국도27호선 곡성 옥과천교 등 7개소 시설물 보수
국도27호선 구례 봉서지구 등 5개소 배수시설 정비공사 폐기물처리용역,국도27호선 구례 봉서 등 5개소 배수정비 폐기물처리
국도27호선 군산 등 관내 도로유지 보수공사 2회차 폐기물처리용역,국도27호선 군산 등 도로유지보수 2회차 폐기물처리
국도27호선 군산 등 관내 도로유지 보수공사 폐기물처리용역,국도27호선 군산 등 도로유지보수 폐기물처리
국도27호선 금복교 등 7개교 정밀안전점검 및 제2종성능평가용역,국도27호선 금복교 등 7개교 정밀안전점검·2종성능평가
국도27호선 순창 쌍암3교(상) 등 3개교 포장보수공사 폐기물처리용역,국도27호선 순창 쌍암3교 등 3개교 포장보수폐기물
국도27호선 순창 외양2교(상) 등 3개소 시설물 보수공사,국도27호선 순창 외양2교 등 3개소 시설물 보수
국도27호선 쌍암3교A2~쌍암3교A2+0.395 등 9개소 포장도 보수공사,국도27호선 쌍암3교A2 등 9개소 포장도 보수
국도27호선 쌍암3교A2~쌍암3교A2+0.395 등 9개소 포장도 보수공사 폐기물처리용역,국도27호선 쌍암3교A2 등 9개소 포장도 폐기물처리
국도27호선 완도 세동지구 위험도로 개선공사 임목폐기물처리용역,국도27호선 완도 세동 위험도로개선 임목폐기물처리
국도27호선 완도 세동지구 위험도로 개선공사 지정폐기물(폐석면) 위탁처리용역,국도27호선 완도 세동 위험도로개선 폐석면 위탁처리
국도27호선 완도 세동지구 위험도로 개선공사 폐기물처리용역,국도27호선 완도 세동 위험도로개선 폐기물처리
국도27호선 완도 세동지구 위험도로개선공사 지정폐기물(폐석면) 처리용역,국도27호선 완도 세동 위험도로개선 폐석면 처리
국도27호선 완도 약산 우두지구 위험도로 개선사업 폐기물처리용역,국도27호선 완도 약산 우두 위험도로개선 폐기물처리
국도27호선 완도 약산 장용지구 교차로 개선공사 실시설계용역,국도27호선 완도 약산 장용 교차로개선 실시설계
국도27호선 완도 장용지구 위험도로 개선공사 임목폐기물처리용역,국도27호선 완도 장용 위험도로개선 임목폐기물처리
국도27호선 완도 장용지구 위험도로 개선공사 폐기물처리용역,국도27호선 완도 장용 위험도로개선 폐기물처리
국도27호선 완주 구이 모악육교(상) 등 3개교 보수공사,국도27호선 완주 구이 모악육교 등 3개교 보수
국도27호선 완주 구이 백여 생태통로 설치공사 정기안전점검용역,국도27호선 완주 구이 백여 생태통로설치 정기안전점검
국도27호선 완주 구이 백여 생태통로 설치공사 폐기물처리용역(아스콘),국도27호선 완주 구이 백여 생태통로폐기물(아스콘)
국도27호선 완주 구이 백여 생태통로 설치공사폐기물처리용역(폐콘크리트),국도27호선 완주 구이 백여 생태통로(폐콘크리트)
국도27호선 완주 구이 백여1 등 15개소 절토사면 정밀안전점검용역 ,국도27호선 완주 구이 백여1 등 15개소 사면점검
국도27호선 용내교 등 3개교 포장보수공사 폐기물처리용역,국도27호선 용내교 등 3개교 포장보수 폐기물처리
국도27호선 운암터널(상) 등 6개소 포장보수공사 폐기물처리용역,국도27호선 운암터널 등 6개소 포장보수 폐기물처리
국도27호선 익산 춘포 등 3개소 도로유지보수공사 등 재해예방 기술지도용역,국도27호선 익산 춘포 등 3개소 도로유지보수 기술지도
국도27호선 임실 강진 학석(상) 졸음쉼터 등 5개소 청소용역,국도27호선 임실 강진 학석 졸음쉼터 등 5개소 청소
국도27호선 임실 관내 등 도로유지 보수공사 폐기물처리용역,국도27호선 임실 관내 등 도로유지보수 폐기물처리
국도27호선 임실 덕치 등 도로유지 보수공사 실시설계용역,국도27호선 임실 덕치 등 도로유지보수 실시설계
국도27호선 임실 산정교(상) 등 3개교 포장보수공사 폐기물처리용역,국도27호선 임실 산정교 등 3개교 포장보수 폐기물처리
국도27호선 춘포철도육교 등 3개교 정밀·정기안전점검용역,국도27호선 춘포철도육교 등 3개교 정밀·정기안전점검
국도27호선 회문교A2~회문교A2+0.470 등 11개소 포장도 보수공사,국도27호선 회문교A2 등 11개소 포장도 보수
국도27호선 회문교A2~회문교A2+0.470 등 11개소 포장도 보수공사 폐기물처리용역,국도27호선 회문교A2 등 11개소 포장도 폐기물처리
국도28호선 갈산교 등 3개소 정밀안전점검 및 내진성능평가 기술용역,국도28호선 갈산교 등 3개소 정밀안전점검·내진성능평가
국도28호선 경주 강동 유금 등 5개소 도로정비공사 건설폐기물 처리용역,국도28호선 경주 강동 유금 등 5개소 도로정비폐기물
국도28호선 경주 안강 산대리 등 7개소 시설물 정비공사,국도28호선 경주 안강 산대 등 7개소 시설물 정비
국도28호선 경주 안강 안강 등 5개소 포장도 보수공사 건설폐기물 운반용역,국도28호선 경주 안강 등 5개소 포장도 폐기물 운반
국도28호선 경주 안강 옥산 등 8개소 도로시설물 정비공사,국도28호선 경주 안강 옥산 등 8개소 도로시설물 정비
국도28호선 고천교 등 8개소 정기안전점검 건설엔지니어링,국도28호선 고천교 등 8개소 정기안전점검
국도28호선 광방교 등 8개소 정기안전점검 건설엔지니어링,국도28호선 광방교 등 8개소 정기안전점검
국도28호선 녹전교 등 8개소 정기안전점검 건설엔지니어링,국도28호선 녹전교 등 8개소 정기안전점검
국도28호선 덕율1교 등 2개소 정밀안전진단 및 성능평가 기술용역,국도28호선 덕율1교 등 2개소 정밀안전진단·성능평가
국도28호선 봉양1교 등 3개소 정밀안전점검 및 정기안전점검 기술용역,국도28호선 봉양1교 등 3개소 정밀·정기안전점검
국도28호선 영주 장수 두전 등 10개소 안전시설물 정비공사,국도28호선 영주 장수 두전 등 10개소 안전시설정비
국도28호선 예천 감천 포리 등 3개소 동물유도울타리 설치공사,국도28호선 예천 감천 포리 등 3개소 동물유도울타리
국도28호선 의성 다인 도암1지구 등 7개소 낙석산사태 및 도로정비공사,국도28호선 의성 다인 도암1 등 7개소 낙석·도로정비
국도28호선 의성 봉양 문흥지구 등 3개소 도로시설물 정비공사,국도28호선 의성 봉양 문흥 등 3개소 도로시설물 정비
국도28호선 의성 봉양 화전지구 등 2개소 도로시설물 정비공사,국도28호선 의성 봉양 화전 등 2개소 도로시설물 정비
국도28호선 의성 비안 쌍계지구 등 3개소 도로시설물 정비공사,국도28호선 의성 비안 쌍계 등 3개소 도로시설물 정비
국도28호선 의성 비안 장춘지구 등 4개소 도로시설물 정비공사,국도28호선 의성 비안 장춘 등 4개소 도로시설물 정비
국도28호선 의성 안계 용기교차로 등 2개소 개선공사 실시설계용역,국도28호선 의성 안계 용기교차로 등 2개소 실시설계
국도28호선 의성 의성 원당지구 등 4개소 도로시설물 정비공사,국도28호선 의성 원당 등 4개소 도로시설물 정비
국도28호선 장춘교 등 2개소 시설물 보수공사 건설폐기물 처리용역,국도28호선 장춘교 등 2개소 시설물보수 폐기물처리
국도28호선 중평천교 등 13개소 정밀안전점검 및 정기안전점검 기술용역,국도28호선 중평천교 등 13개소 정밀·정기안전점검
"국도28호선 지인교 등 2개소 정밀안전진단, 성능평가 및 내진성능평가 기술용역",국도28호선 지인교 등 2개소 진단·성능·내진성능평가
국도28호선 청정교 등 9개소 정기안전점검 건설엔지니어링,국도28호선 청정교 등 9개소 정기안전점검
국도28호선 칠전교 등 8개소 정기안전점검 건설엔지니어링,국도28호선 칠전교 등 8개소 정기안전점검
국도28호선 포항 흥해 대련 등 8개소 도로시설물 정비공사,국도28호선 포항 흥해 대련 등 8개소 도로시설물 정비
"국도28호선 화기교 등 3개소 정밀안전점검, 성능평가 및 내진성능평가 기술용역",국도28호선 화기교 등 3개소 점검·성능·내진성능평가
국도29호선 고부1교A2~고부1교A2+2.268 등 3개소 현장재생 포장도 보수공사,국도29호선 고부1교A2 등 3개소 현장재생 포장보수
국도29호선 군포교(상) 등 2개교 정밀안전진단 및 1종성능평가용역,국도29호선 군포교 등 2개교 정밀안전진단·성능평가
국도29호선 금당1교 외 2개소 정밀안전점검 및 성능평가용역,국도29호선 금당1교 등 3개소 정밀안전점검·성능평가
국도29호선 보성 예재터널(상) 등 3개소 시설물 보수공사,국도29호선 예재터널 등 3개소 시설물 보수
국도29호선 보성 춘정2교 교면포장 보수공사 폐기물처리용역,국도29호선 춘정2교 교면포장 보수 폐기물처리
국도29호선 보성 춘정2교 등 5개소 정밀안전진단 및 성능평가용역,국도29호선 춘정2교 등 5개소 정밀안전진단·성능평가
국도29호선 보성 학동과선교 정밀안전진단 및 성능평가용역,국도29호선 학동과선교 정밀안전진단·성능평가
국도29호선 상촌교차로-서산시계간 등 2개구간 차선도색공사,국도29호선 상촌교차로 등 2개구간 차선도색
국도29호선 송방교차로-예산군계간 등 2개구간 차선도색공사,국도29호선 송방교차로 등 2개구간 차선도색
국도29호선 양천교 등 4개소 정밀안전점검 및 용두터널(상) 등 38개소 정기안전점검용역,국도29호선 양천교 등 정밀·정기안전점검
국도29호선 정읍시계(뒤)~고부터널A1 등 16개소 포장도 보수공사,국도29호선 고부터널 등 16개소 포장도 보수
국도29호선 청하대교(상) 등 2개교 정밀·정기안전점검용역,국도29호선 청하대교 등 2개교 정밀·정기안전점검
국도29호선 홍성군 금당1교A2~대영교차로(하행) 등 2개소 포장도 보수공사,국도29호선 홍성 금당1교 등 2개소 포장도 보수
국도29호선 홍성군 금당2교A1~대영교차로(하행) 등 2개소 포장도 보수공사 건설폐기물처리용역,국도29호선 홍성 금당2교 등 포장도 보수 폐기물처리
국도29호선 홍성군 금당2교A2~입암교A2+2.160(상행) 포장도 보수공사,국도29호선 홍성 금당2교 포장도 보수
국도29호선 홍성군 금당2교A2~입암교A2+2.160(상행) 포장도 보수공사 건설폐기물처리용역,국도29호선 홍성 금당2교 포장도 보수 폐기물처리
국도29호선 홍성군 대영교차로~금당1교A2(상행) 포장도 보수공사,국도29호선 홍성 대영교차로 포장도 보수
국도29호선 홍성군 대영교차로~금당1교A2(상행) 포장도 보수공사 건설폐기물처리용역,국도29호선 홍성 대영교차로 포장도 보수 폐기물처리
국도29호선 홍성군 신기교A2+1.050~입암교A1 포장도 보수공사,국도29호선 홍성 신기교 포장도 보수
국도29호선 홍성군 신기교A2+1.050~입암교A1 포장도 보수공사 건설폐기물처리용역,국도29호선 홍성 신기교 포장도 보수 폐기물처리
국도29호선 홍성군 쌍천교A2~동산사거리(상행) 등 2개소 포장도 보수공사,국도29호선 홍성 쌍천교 등 2개소 포장도 보수
국도29호선 홍성군 쌍천교A2~동산사거리(상행) 등 2개소 포장도 보수공사 건설폐기물처리용역,국도29호선 홍성 쌍천교 등 포장도 보수 폐기물처리
국도29호선 홍성군 입암교A2+2.168~금당2교A1(하행) 포장도 보수공사,국도29호선 홍성 입암교 포장도 보수
국도29호선 홍성군 입암교A2+2.168~금당2교A1(하행) 포장도 보수공사 건설폐기물처리용역,국도29호선 홍성 입암교 포장도 보수 폐기물처리
국도29호선 홍성군 홍성읍 옥암리 등 2개소 부체도로 개설공사,국도29호선 홍성 옥암리 등 2개소 부체도로 개설
국도29호선 화순 강성지구 등 4개소 포장도 보수공사 폐기물처리용역,국도29호선 화순 강성 등 4개소 포장도 보수 폐기물처
국도29호선 화순 구암교차로 ~ 화순 예재터널 등 4개소 차선도색공사,국도29호선 화순 구암교차로 등 4개소 차선도색
국도29호선 화순 내평지구 등 2개소 배수시설 정비공사 폐기물처리용역,국도29호선 화순 내평 등 배수시설 정비 폐기물처리
국도29호선 화순 능주철도육교 등 11개소 정밀안전점검용역(내진성능평가 포함),국도29호선 화순 능주철도육교 등 11개소 정밀안전점검
국도29호선 화순 능주철도육교 등 7개소 시설물 보수공사,국도29호선 화순 능주철도육교 등 7개소 시설물 보수
국도29호선 화순 도산교(상) 등 2개소 교면포장 보수공사,국도29호선 화순 도산교 등 2개소 교면포장 보수
국도29호선 화순 도산교(상) 등 2개소 교면포장 보수공사 폐기물처리용역,국도29호선 화순 도산교 등 교면포장 보수 폐기물처리
국도29호선 화순 도산교(하) 등 4개소 시설물 보수공사,국도29호선 화순 도산교 등 4개소 시설물 보수
국도29호선 화순 매정3교(상) 등 12개소 정밀안전점검용역,국도29호선 화순 매정3교 등 12개소 정밀안전점검
국도29호선 화순 백암지구 등 12개소 도로시설물 정비공사,국도29호선 화순 백암 등 12개소 도로시설물 정비
국도29호선 화순 서당교(하) 등 3개소 시설물 보수공사,국도29호선 화순 서당교 등 3개소 시설물 보수
국도29호선 화순 석정IC교 등 25개소 정기안전점검용역,국도29호선 화순 석정IC교 등 25개소 정기안전점검
국도29호선 화순 쌍봉교차로 등 침수구간 개선공사 폐기물처리용역,국도29호선 화순 쌍봉교차로 침수구간 개선 폐기물처리
국도29호선 화순 쌍봉교차로 등 침수구간 개선공사(전기),국도29호선 화순 쌍봉교차로 침수구간 개선(전기)
국도29호선 화순 유산교(상) 등 10개소 정밀안전점검용역(내진성능평가 포함),국도29호선 화순 유산교 등 10개소 정밀안전점검
국도29호선 화순 이양터널 등 5개소 터널안전시설 설치공사,국도29호선 화순 이양터널 등 5개소 터널안전시설 설치
국도29호선 화순 지석천1교 교면포장 보수공사 폐기물처리용역,국도29호선 화순 지석천1교 교면포장 보수 폐기물처리
국도29호선 화순 품평지구 등 5개소 도로시설물 정비공사,국도29호선 화순 품평 등 5개소 도로시설물 정비
국도29호선 황곡교 등 3개소 시설물 보수공사 폐기물처리용역,국도29호선 황곡교 등 3개소 시설물 보수 폐기물처리
국도2호선 가포IC램프A교 등 2개소 시설물 정비공사 폐기물처리용역,국도2호선 가포IC램프A교 등 시설물 정비 폐기물처리
국도2호선 강진 금강1교 교면포장 보수공사 폐기물처리용역,국도2호선 강진 금강1교 교면포장 보수 폐기물처리
국도2호선 강진 남포지구 등 2개소 교차로 개선공사폐기물처리용역,국도2호선 강진 남포 등 2개소 교차로 개선 폐기물처리
국도2호선 강진 송전지구 등 3개소 포장도 보수공사 폐기물처리용역,국도2호선 강진 송전 등 3개소 포장도 보수 폐기물처리
국도2호선 강진 송전지구 등 3개소 포장도 보수공사_개질아스콘,국도2호선 강진 송전 등 포장도 보수 개질아스콘
국도2호선 광양 동막2교(상) 등 6개소 정밀안전점검용역,국도2호선 광양 동막2교 등 6개소 정밀안전점검
국도2호선 광양 성황램프교 등 6개소 정밀안전점검 및 성능평가용역,국도2호선 광양 성황램프교 등 6개소 정밀안전점검
국도2호선 광양 성황본교(상) 등 2개소 점검로 설치공사,국도2호선 광양 성황본교 등 2개소 점검로 설치
국도2호선 광양 성황본교(상) 등 5개소 정밀안전점검 및 성능평가용역,국도2호선 광양 성황본교 등 5개소 정밀안전점검
국도2호선 광양 세승교차로 개선사업 매장유산 지표조사용역,국도2호선 광양 세승교차로 개선 매장유산 지표조사
국도2호선 광양 세승지구 등 4개소 포장도 보수공사 폐기물처리용역,국도2호선 광양 세승 등 4개소 포장도 보수 폐기물처리
국도2호선 광양 세승지구 등 4개소 포장도 보수공사-개질아스콘,국도2호선 광양 세승 등 포장도 보수 개질아스콘
국도2호선 광양 수어대교 등 2개소 비점오염저감시설 유지관리용역,국도2호선 광양 수어대교 등 비점오염저감시설 유지관리
국도2호선 광양 신금1교(상) 등 2개소 점검로 설치공사,국도2호선 광양 신금1교 등 2개소 점검로 설치
국도2호선 광양 신금2교(상) 등 2개소 점검로 설치공사,국도2호선 광양 신금2교 등 2개소 점검로 설치
국도2호선 광양 초남1교(상) 등 2개소 점검로 설치공사,국도2호선 광양 초남1교 등 2개소 점검로 설치
국도2호선 광양 초남1교(상) 등 5개소 정밀안전점검 및 성능평가용역,국도2호선 광양 초남1교 등 5개소 정밀안전점검
국도2호선 귀산IC램프A교 등 2개소 성능평가 건설엔지니어링 용역,국도2호선 귀산IC램프A교 등 성능평가 엔지니어링
국도2호선 귀산IC램프E교 시설물 정비공사 폐기물처리용역,국도2호선 귀산IC램프E교 시설물 정비 폐기물처리
국도2호선 등 관내 포장도 보수 연간단가 공사 폐기물처리용역,국도2호선 등 포장도 보수 연간단가 폐기물처리
국도2호선 등 출장소 관내 도로시설물 보수공사 실시설계용역,국도2호선 등 도로시설물 보수 실시설계
국도2호선 무안 남창천교(상) 등 11개소 정밀안전점검용역,국도2호선 무안 남창천교 등 11개소 정밀안전점검
국도2호선 무안 목포4교(상) 등 30개소 정기안전점검용역,국도2호선 무안 목포4교 등 30개소 정기안전점검
국도2호선 무안 목포IC교(상) 등 2개소 교면포장 보수공사,국도2호선 무안 목포IC교 등 2개소 교면포장 보수
국도2호선 무안 목포IC교(상) 등 2개소 교면포장 보수공사 폐기물처리용역,국도2호선 무안 목포IC교 등 교면포장 보수 폐기물처리
국도2호선 무안 목포IC교(상) 등 6개소 시설물 보수공사,국도2호선 무안 목포IC교 등 6개소 시설물 보수
국도2호선 무안 용포교(상) 등 10개소 시설물 보수공사,국도2호선 무안 용포교 등 10개소 시설물 보수
국도2호선 무안 죽림지구 등 도로시설 정비공사_개질아스콘,국도2호선 무안 죽림 등 도로시설 정비 개질아스콘
국도2호선 무안 호남선교(상) 등 8개소 내진성능평가용역,국도2호선 무안 호남선교 등 8개소 내진성능평가
국도2호선 무촌교 등 7개소 건설엔지니어링사업(정밀안전점검),국도2호선 무촌교 등 7개소 정밀안전점검 엔지니어링
국도2호선 보성 군두교차로 병목지점 개선공사 폐기물처리용역,국도2호선 보성 군두교차로 병목 개선 폐기물처리
국도2호선 보성 동막2교(상) 등 2개소 교면포장 보수공사,국도2호선 보성 동막2교 등 2개소 교면포장 보수
국도2호선 보성 동막2교(상) 등 2개소 교면포장 보수공사 폐기물처리용역,국도2호선 보성 동막2교 등 교면포장 보수 폐기물처리
국도2호선 보성 미력지구 등 2개소 포장도 보수공사 폐기물처리용역,국도2호선 보성 미력 등 2개소 포장도 보수 폐기물처리
국도2호선 보성 벌교대교 등 3개소 정밀안전점검 및 성능평가용역,국도2호선 보성 벌교대교 등 3개소 정밀안전점검
국도2호선 보성 장양육교 등 3개소 정밀안전점검 및 성능평가용역,국도2호선 보성 장양육교 등 3개소 정밀안전점검
국도2호선 보성 쾌상 통로암거 등 5개소 시설물 보수공사,국도2호선 보성 쾌상 통로암거 등 5개소 시설물 보수
국도2호선 봉암육교 등 5개소 시설물 보수공사 폐기물처리용역,국도2호선 봉암육교 등 5개소 시설물 보수 폐기물처리
국도2호선 사천 곤명 초량지구 등 28개소 정밀안전점검 및 성능평가 기술용역(1차),국도2호선 사천 곤명 초량 등 28개소 정밀안전점검
국도2호선 삼계교 등 6개소 건설엔지니어링사업(정밀안전점검),국도2호선 삼계교 등 6개소 정밀안전점검 엔지니어링
국도2호선 솔티교 등 6개소 건설엔지니어링사업(정밀안전진단 및 성능평가),국도2호선 솔티교 등 6개소 정밀안전진단·성능평가
국도2호선 순천 송치지구 등 4개소 포장도 보수공사 폐기물처리용역,국도2호선 순천 송치 등 4개소 포장도 보수 폐기물처리
국도2호선 순천 신대지구 등 2개소 포장도 보수공사 폐기물처리용역,국도2호선 순천 신대 등 2개소 포장도 보수 폐기물처리
국도2호선 신동전터널 등 2개소 전력 RTU노후화 개선공사,국도2호선 신동전터널 등 전력 RTU노후화 개선
국도2호선 영암 계양교 등 8개소 정밀안전점검용역(성능평가 포함),국도2호선 영암 계양교 등 8개소 정밀안전점검
국도2호선 영암 독천육교 등 3개소 교면포장 보수공사폐기물처리용역,국도2호선 영암 독천육교 등 교면포장 보수 폐기물처리
국도2호선 영암 동호지구 등 6개소 포장도 보수공사 폐기물처리용역,국도2호선 영암 동호 등 6개소 포장도 보수 폐기물처리
국도2호선 영암 매월지구 등 7개소 절토사면 정밀안전점검 및 성능평가용역,국도2호선 영암 매월 등 7개소 절토사면 정밀안전점검
국도2호선 영암군 등 4개노선 소파보수공사 폐기물처리용역,국도2호선 영암군 등 4개노선 소파보수 폐기물처리
국도2호선 장흥 순지 통로암거 등 4개소 시설물 보수공사,국도2호선 장흥 순지 통로암거 등 4개소 시설물 보수
국도2호선 장흥 순지IC교 교면포장 보수공사 폐기물처리용역,국도2호선 장흥 순지IC교 교면포장 보수 폐기물처리
국도2호선 장흥 탐진2교(하) 교면포장 보수공사 폐기물처리용역,국도2호선 장흥 탐진2교 교면포장 보수 폐기물처리
국도2호선 장흥 하산지구 등 4개소 배수로 정비공사 폐기물처리용역,국도2호선 장흥 하산 등 4개소 배수로 정비 폐기물처리
국도2호선 중군터널(상) 등 11개소 시설물 위탁관리용역,국도2호선 중군터널 등 11개소 시설물 위탁관리
국도2호선 진동IC램프C교 등 8개소 정밀안전점검 건설엔지니어링 용역,국도2호선 진동IC램프C교 등 8개소 정밀안전점검
국도2호선 진전터널(상) 등 4개소 제연설비 설치공사 실시설계용역,국도2호선 진전터널 등 4개소 제연설비 설치 실시설계
국도2호선 진전터널~동전터널 등 6개소 국도변 환경정비 용역,국도2호선 진전터널~동전터널 등 국도변 환경정비
국도2호선 진주 삼계교차로 등 3개소 실시설계 건설엔지니어링(1차),국도2호선 진주 삼계교차로 등 3개소 실시설계
"국도2호선 진주,창원,고성권역 포장도 보수공사 폐기물처리용역",국도2호선 진주·창원·고성 포장도 보수 폐기물처리
국도2호선 초량터널 등 6개소 정량적 위험도 평가(QRA) 용역,국도2호선 초량터널 등 6개소 정량적 위험도평가
국도2호선 태봉교(상) 등 8개소 정밀안전점검 건설엔지니어링 용역,국도2호선 태봉교 등 8개소 정밀안전점검 엔지니어링
국도2호선 하동 횡천 학지구 등 26개소 정밀안전점검 및 성능평가 기술용역(1차),국도2호선 하동 횡천 학 등 26개소 정밀안전점검
"국도2호선 호계터널(상,하) 제연설비 설치공사 실시설계용역",국도2호선 호계터널 제연설비 설치 실시설계
"국도3,20,33호선 진주,산청,합천권역 포장도 일상보수공사",국도3·20·33호선 진주·산청·합천 포장도 일상보수
"국도3,20,33호선 진주,산청,합천권역 포장도 일상보수공사 폐기물처리용역",국도3·20·33호선 포장도 일상보수 폐기물처리
"국도3,20,33호선 진주,의령,산청,합천권역 포장도 보수공사",국도3·20·33호선 진주·의령·산청·합천 포장도 보수
"국도3,20,33호선 진주,의령,산청,합천권역 포장도 보수공사 폐기물처리용역",국도3·20·33호선 포장도 보수 폐기물처리
"국도3,24,26호선 합천 묘산 반포지구 등 도로안전시설물 설치공사",국도3·24·26호선 합천 묘산 반포 등 안전시설 설치
"국도3,24호선 함양,거창,합천권역 포장도 보수공사 폐기물처리용역",국도3·24호선 함양·거창·합천 포장도 보수 폐기물처리
국도30호선 강창2교 등 3개소 정밀안전점검 및 정기안전점검 기술용역,국도30호선 강창2교 등 3개소 정밀·정기안전점검
국도30호선 구석교(상) 등 2개소 정밀·정기안전점검 및 2종성능평가용역,국도30호선 구석교 등 2개소 정밀·정기점검·성능평가
국도30호선 달성 다사 다사고교차로 등 4개소 교통사고잦은곳 개선공사,국도30호선 달성 다사고 등 4개소 사고잦은곳 개선
국도30호선 달성 다사 다사고교차로 등 4개소 교통사고잦은곳 개선공사 건설폐기물 처리용역,국도30호선 달성 다사고 등 사고잦은곳 개선 폐기물처리
국도30호선 등 무주출장소 관내 도로유지보수공사 실시설계용역,국도30호선 등 무주 도로유지보수 실시설계
국도30호선 무주 무풍 지성 ~무주 안성 죽천 차선도색공사,국도30호선 무주 무풍 지성~안성 죽천 차선도색
국도30호선 무주 부남 등 도로유지보수공사 폐기물처리용역,국도30호선 무주 부남 등 도로유지보수 폐기물처리
국도30호선 무주 적상 조금재터널(하) 등 2개소 시설물 보수공사,국도30호선 무주 조금재터널 등 2개소 시설물 보수
국도30호선 무주 조금재터널(상) 등 2개소 낙석산사태 정비공사,국도30호선 무주 조금재터널 등 2개소 낙석산사태 정비
국도30호선 백련2교(상) 등 4개교 정밀·정기안전점검용역,국도30호선 백련2교 등 4개교 정밀·정기안전점검
국도30호선 부안 검안교(하) 등 4개교 교면포장 보수공사,국도30호선 부안 검안교 등 4개교 교면포장 보수
국도30호선 부안 검안교(하) 등 4개교 교면포장 보수공사 폐기물처리용역,국도30호선 부안 검안교 등 교면포장 보수 폐기물처리
국도30호선 부안 곰소 진서지구 보도설치공사 폐기물처리용역,국도30호선 부안 곰소 진서 보도설치 폐기물처리
국도30호선 부안 변산 마포교(상) 등 2개교 점검시설 설치공사,국도30호선 부안 변산 마포교 등 2개교 점검시설 설치
국도30호선 부안 변산 운산1지구 등 3개소 낙석산사태 정비공사,국도30호선 부안 변산 운산1 등 3개소 낙석산사태 정
국도30호선 부안 보안 신복지구 등 5개소 배수로 정비공사,국도30호선 부안 보안 신복 등 5개소 배수로 정비
국도30호선 부안 진서 곰소지구 병목지점 개선공사 폐기물처리용역(폐아스콘),국도30호선 부안 진서 곰소 병목 개선 폐아스콘처리
국도30호선 부안 진서 곰소지구 병목지점 개선공사 폐기물처리용역(폐콘크리트),국도30호선 부안 진서 곰소 병목 개선 폐콘크리트처리
국도30호선 부안 진서 등 배수로 정비공사 폐기물처리용역,국도30호선 부안 진서 등 배수로 정비 폐기물처리
국도30호선 부안 하서 새만금교 등 2개교 점검시설 설치공사,국도30호선 부안 하서 새만금교 등 2개교 점검시설 설
국도30호선 새만금육교(상) 등 76개소 정기안전점검용역,국도30호선 새만금육교 등 76개소 정기안전점검
국도30호선 성주 금수 광산지구 등 4개소 도로시설물 정비공사,국도30호선 성주 금수 광산 등 4개소 도로시설물 정비
국도30호선 성주 벽진 매수지구 등 2개소 도로시설물 정비공사,국도30호선 성주 벽진 매수 등 2개소 도로시설물 정비
국도30호선 성주대교 하산리 진출로 건설공사 건설폐기물 처리용역,국도30호선 성주대교 하산리 진출로 건설 폐기물처리
국도30호선 성주대교 하산리 진출로 건설공사 관급자재(레미콘 25-35-15),국도30호선 성주대교 진출로 건설 관급 레미콘25-35
국도30호선 성주대교 하산리 진출로 건설공사 관급자재(레미콘25-50-150),국도30호선 성주대교 진출로 건설 관급 레미콘25-50
국도30호선 신흥교(상) 등 4개교 정밀·정기안전점검용역,국도30호선 신흥교 등 4개교 정밀·정기안전점검
국도30호선 옥정고가교 등 2개소 정밀·정기안전점검 및 2종성능평가용역,국도30호선 옥정고가교 등 정밀·정기점검·성능평가
국도30호선 임실 성수 월평 등 10개소 방호울타리 정비공사,국도30호선 임실 성수 월평 등 10개소 방호울타리 정
국도30호선 임실 성수 월평 등 배수시설 개선공사 폐기물처리용역,국도30호선 임실 성수 월평 배수시설 개선 폐기물처리
국도30호선 임실 성수 월평 병목지점 개선공사 폐기물처리용역,국도30호선 임실 성수 월평 병목 개선 폐기물처리
국도30호선 임실 성수 월평리~진안 백운 덕현리 차선도색공사,국도30호선 임실 월평리~진안 덕현리 차선도색
국도30호선 임실 성수 월평지구 위험도로 개선공사  실시설계용역,국도30호선 임실 월평 위험도로 개선 실시설계
국도30호선 임실 이도지구 단구간 확장공사 혼합폐기물 처리용역,국도30호선 임실 이도 단구간 확장 폐기물처리
국도30호선 임실 이도지구 단구간 확장공사-자연석경계석 ,국도30호선 임실 이도 단구간 확장 자연석경계석
국도30호선 임실 임실 장재 등 7개소 도로환경 개선공사,국도30호선 임실 장재 등 7개소 도로환경 개선
국도30호선 임실 청웅 석두 등 12개소 방호울타리 정비공사,국도30호선 임실 청웅 석두 등 12개소 방호울타리 정
국도30호선 조개미교 등 12개소 비점오염저감시설 유지관리 용역,국도30호선 조개미교 등 12개소 비점오염저감 유지관리
국도30호선 진안 백운 운교 등 6개소 안전시설 정비공사,국도30호선 진안 백운 운교 등 6개소 안전시설 정비
국도30호선 진안 상전 용평  ~ 장수 계북 원촌 차선도색공사,국도30호선 진안 상전 용평~장수 원촌 차선도색
국도30호선 진안 상전 월포 절토사면 등 12개소 정밀안전점검 및 성능평가용역,국도30호선 진안 상전 월포 등 12개소 정밀안전점검
국도30호선 진안 진안천교(상) 교면포장 보수공사 폐기물처리용역,국도30호선 진안 진안천교(상) 교면포장 보수 폐기물처
국도30호선 진안 진안천교(하) 교면포장 보수공사 폐기물처리용역,국도30호선 진안 진안천교(하) 교면포장 보수 폐기물처
"국도31,44,46호선(3권역) 예초 등 도로환경개선공사",국도31·44·46호선 예초 등 도로환경개선
국도31호선 경주 감포 나정 등 38개소 조명시설 및 신호등 이설공사,국도31호선 경주 감포 나정 등 38개소 조명·신호등
국도31호선 경주 양남 나산 등 4개소 포장도 보수공사 건설폐기물 운반용역,국도31호선 경주 양남 나산 등 4개소 포장도 보수 운
국도31호선 경주 양남 하서 등 9개소 도로정비공사 건설폐기물 운반용역,국도31호선 경주 양남 하서 등 9개소 도로정비 운반
국도31호선 공현교 등 8개소 정기안전점검 건설엔지니어링,국도31호선 공현교 등 8개소 정기안전점검 엔지니어링
국도31호선 관성1교 등 26개소 정밀안전점검 건설엔지니어링,국도31호선 관성1교 등 26개소 정밀안전점검 엔지니어
국도31호선 구지교 등 11개소 정기안전점검 건설엔지니어링,국도31호선 구지교 등 11개소 정기안전점검 엔지니어링
국도31호선 기장 일광 등 3개노선 국도변 환경정비 용역,국도31호선 기장 일광 등 3개노선 국도변 환경정비
국도31호선 기장군 장안읍 월내리 병목지점 개선공사 실시설계용역,국도31호선 기장 장안 월내리 병목 개선 실시설계
국도31호선 내덕교 등 72개소 정기안전점검 및 정기하자검사용역,국도31호선 내덕교 등 72개소 정기점검·정기하자검사
국도31호선 다래교 등 11개소 정기안전점검 건설엔지니어링,국도31호선 다래교 등 11개소 정기안전점검 엔지니어링
국도31호선 다산교 등 10개소 정기안전점검 건설엔지니어링,국도31호선 다산교 등 10개소 정기안전점검 엔지니어링
국도31호선 대련교 등 10개소 정기안전점검 건설엔지니어링,국도31호선 대련교 등 10개소 정기안전점검 엔지니어링
국도31호선 동백교 등 7개소 정밀안전점검 건설엔지니어링 용역,국도31호선 동백교 등 7개소 정밀안전점검 엔지니어링
국도31호선 동해 신정 등 7개소 포장도 보수공사(1공구),국도31호선 동해 신정 등 7개소 포장도 보수(1공구)
국도31호선 동해 신정 등 7개소 포장도 보수공사(1공구) 건설폐기물 처리용역,국도31호선 동해 신정 포장도 보수(1공구) 폐기물처리
국도31호선 동해 신정 등 7개소 포장도 보수공사(2공구),국도31호선 동해 신정 등 7개소 포장도 보수(2공구)
국도31호선 동해 신정 등 7개소 포장도 보수공사(2공구) 건설폐기물 처리용역,국도31호선 동해 신정 포장도 보수(2공구) 폐기물처리
국도31호선 등 4개노선 절토사면·옹벽 36개소 정밀안전점검 및 제2종 성능평가용역,국도31호선 등 절토사면·옹벽 36개소 정밀점검·성능평
국도31호선 등 6개 노선 관내 전기시설물 및 가로등 보수공사,국도31호선 등 6개노선 전기시설물·가로등 보수
국도31호선 뱃재터널 등 4개소 시설물 정비공사 폐기물처리용역,국도31호선 뱃재터널 등 4개소 시설물 정비 폐기물처리
국도31호선 뱃재터널 등 63개소 터널 및 교량 배수시설 정비공사,국도31호선 뱃재터널 등 63개소 터널·교량 배수시설
국도31호선 봉길교 등 12개소 정기안전점검 건설엔지니어링,국도31호선 봉길교 등 12개소 정기안전점검 엔지니어링
국도31호선 봉화 석포 대현리 오르막차로 설치공사 건설폐기물처리용역,국도31호선 봉화 석포 대현리 오르막차로 설치 폐기물처
국도31호선 봉화 소천 고선리 등 9개소 정밀안전점검 및 성능평가 기술용역,국도31호선 봉화 소천 고선리 등 9개소 정밀안전점검
국도31호선 송생교 등 10개소 정기안전점검 건설엔지니어링,국도31호선 송생교 등 10개소 정기안전점검 엔지니어링
국도31호선 양구-원통 도로건설 전기 공사 외 1건 재해예방 기술지도용역,국도31호선 양구-원통 도로건설 전기 재해예방 기술지도
국도31호선 양구-원통 도로건설 전기공사(1차) 관급자재(3회)-전력감시설비,국도31호선 양구-원통 도로건설 관급 전력감시설비
국도31호선 연덕터널 등 3개소 노면모니터링시스템(통신) 설치공사,국도31호선 연덕터널 등 3개소 노면모니터링 설치
국도31호선 연덕터널 등 59개소 정기안전점검 및 정기하자검사용역,국도31호선 연덕터널 등 59개소 정기점검·정기하자검사
국도31호선 연하2교 A2 외 9개소 도로포장 보수공사 폐기물처리용역(폐아스콘),국도31호선 연하2교 등 10개소 도로포장 보수 폐아스
국도31호선 연하2교 A2외 9개소 도로포장 보수공사 관급자재_개질아스콘,국도31호선 연하2교 등 도로포장 보수 관급 개질아스콘
국도31호선 연화터널 등 22개소 정밀안전점검 및 정기안전점검 기술용역,국도31호선 연화터널 등 22개소 정밀·정기안전점검
국도31호선 영월 북 연덕 위험도로 개선공사 실시설계용역,국도31호선 영월 북 연덕 위험도로 개선 실시설계
국도31호선 영월 산솔 녹전 등 3개소 낙석산사태 정비공사,국도31호선 영월 산솔 녹전 등 3개소 낙석산사태 정비
국도31호선 영월 상동 천평지구 위험도로 개량공사 폐기물처리용역,국도31호선 영월 상동 천평 위험도로 개량 폐기물처리
국도31호선 영월 중동지구(녹전) 위험도로 개량공사 폐기물처리용역,국도31호선 영월 중동(녹전) 위험도로 개량 폐기물처리
국도31호선 오류교 등 10개소 정기안전점검 건설엔지니어링,국도31호선 오류교 등 10개소 정기안전점검 엔지니어링
국도31호선 외 1개 노선 차선도색공사 등 2개공사 관급자재_유리알,국도31호선 외 1개노선 차선도색 등 관급 유리알
국도31호선 울주 서생 신암 등 포장도 보수공사 건설폐기물처리용역,국도31호선 울주 서생 신암 등 포장도 보수 폐기물처리
국도31호선 울주 서생 화정 등 포장도 보수공사 건설폐기물처리용역,국도31호선 울주 서생 화정 등 포장도 보수 폐기물처리
국도31호선 울주 온산 등 2개노선 포장도 보수공사 건설폐기물처리용역,국도31호선 울주 온산 등 2개노선 포장도 보수 폐기물
국도31호선 울주 온산 등 2개노선 포장도 보수공사-개질아스콘,국도31호선 울주 온산 등 포장도 보수 개질아스콘
국도31호선 울주 온산 등 동부권 포장도 소파보수공사 건설폐기물처리용역,국도31호선 울주 온산 등 동부권 소파보수 폐기물처리
국도31호선 이목터널 등 4개소 시설물 정비공사 폐기물처리용역,국도31호선 이목터널 등 4개소 시설물 정비 폐기물처리
국도31호선 인제 기린 북 784-7 등 2개소 낙석산사태 정비공사,국도31호선 인제 기린 낙석산사태 정비
국도31호선 인제 기린 북 산230-3 낙석산사태 정비공사,국도31호선 인제 기린 낙석산사태 정비
"국도31호선 인제 기린 현 등 3개소 도로정비공사, 개질아스팔트",국도31호선 인제 도로정비 개질아스팔트
국도31호선 인제 인제 가아 11-3 등 4개소 낙석산사태 정비공사,국도31호선 인제 낙석산사태 정비
국도31호선 인제 인제 고사 209-7 등 2개소 낙석산사태 정비공사,국도31호선 인제 고사 낙석산사태 정비
국도31호선 인제 합강피암터널 등 3개소 시설물 보수공사,국도31호선 합강피암터널 등 시설물 보수
국도31호선 인제 현리~합강간 도로정비공사 임목폐기물처리용역,국도31호선 인제 현리~합강 임목폐기물처리
국도31호선 일광13지구 등 3개소 낙석산사태 및 도로정비공사,국도31호선 일광13지구 낙석·도로정비
국도31호선 일광7지구 등 5개소 낙석산사태 및 도로정비공사,국도31호선 일광7지구 낙석·도로정비
국도31호선 일광7지구 등 5개소 낙석산사태 및 도로정비공사 건설폐기물 처리용역,국도31호선 일광7지구 건설폐기물 처리
국도31호선 자명교 등 8개소 정기안전점검 건설엔지니어링,국도31호선 자명교 등 정기안전점검
국도31호선 장안-서생 이설공사 건설폐기물(폐콘크리트) 처리용역,국도31호선 장안-서생 폐콘크리트 처리
국도31호선 좌광교 등 5개소 정밀안전점검 건설엔지니어링 용역,국도31호선 좌광교 등 정밀안전점검
국도31호선 청송 청송 금곡1지구 등 5개소 도로비탈면 보수공사,국도31호선 청송 금곡1지구 비탈면 보수
국도31호선 청송 청송 덕2지구 등 7개소 도로비탈면 보수공사,국도31호선 청송 덕2지구 비탈면 보수
국도31호선 청송 청송 덕지구 등 6개소 낙석산사태 및 도로정비공사,국도31호선 청송 덕지구 낙석·도로정비
"국도31호선 청송 현동 도평 도로비탈면, 옹벽 등 38개소 성능평가 및 정밀 정기안전점검 건설엔지니어링",국도31호선 청송 옹벽 등 성능평가·안전점검
국도31호선 청송1교 등 9개소 정기안전점검 건설엔지니어링,국도31호선 청송1교 등 정기안전점검
국도31호선 평창 용평 노동 낙석산사태 정비공사 폐기물처리용역,국도31호선 평창 노동 폐기물처리
국도31호선 평창 용평 노동 외 1개소 배수시설 정비공사,국도31호선 평창 노동 배수시설 정비
국도31호선 평창 용평 노동 외 1개소 배수시설 정비공사 폐기물처리용역,국도31호선 평창 노동 폐기물처리
국도31호선 포항 구룡포 병포 등 10개소 도로정비공사 건설폐기물 처리용역,국도31호선 포항 구룡포 건설폐기물 처리
국도31호선 포항 남구 대송 남성-연일 우복리 도로환경 정비공사,국도31호선 포항 남성-연일 도로환경정비
국도31호선 포항 남구 동해 금광-오천 광명리 도로환경 정비공사,국도31호선 포항 금광-오천 도로환경정비
국도31호선 포항 남구 동해 석리-동해 금광리 도로환경 정비공사,국도31호선 포항 석리-금광 도로환경정비
국도31호선 포항 남구 오천 광명-오천 문덕리 도로환경 정비공사,국도31호선 포항 광명-문덕 도로환경정비
국도31호선 포항 남구 오천 문덕-대송 남성리 도로환경 정비공사,국도31호선 포항 문덕-남성 도로환경정비
국도31호선 포항 대송 대각1지구 등 7개소 낙석산사태 및 도로정비공사,국도31호선 포항 대각1지구 낙석·도로정비
국도31호선 포항 대송 대각1지구 등 7개소 낙석산사태 및 도로정비공사 건설폐기물 처리용역,국도31호선 포항 대각1지구 폐기물 처리
국도31호선 포항 연일 우복 도로비탈면 등 28개소 정밀 및 정기안전점검 건설엔지니어링,국도31호선 포항 연일 정밀·정기안전점검
국도31호선 포항 장기 계원 도로비탈면 정비공사 건설폐기물 처리용역,국도31호선 포항 계원 폐기물 처리
국도31호선 포항 장기 양포 등 15개소 조명시설 정비공사,국도31호선 포항 양포 등 조명시설 정비
국도31호선 포항 장기 양포 등 7개소 포장도 보수공사 건설폐기물 운반용역,국도31호선 포항 양포 폐기물 운반
국도31호선 포항 죽장 입암 등 14개소 도로정비공사 건설폐기물 운반용역,국도31호선 포항 입암 폐기물 운반
국도31호선 홍천 내 방내 도로 폭 확장 정비공사 폐기물처리용역,국도31호선 홍천 방내 도로폭 확장정비 폐기물
국도31호선 홍천 내 자운 외 1개소 배수시설 정비공사 건설폐기물처리용역,국도31호선 홍천 자운 배수시설 폐기물처리
국도31호선 홍천 내 자운 운두령 1구간 배수시설 정비공사,국도31호선 홍천 운두령1구간 배수시설정비
국도31호선 홍천 내 자운 운두령 1구간 배수시설 정비공사 건설폐기물처리용역,국도31호선 홍천 운두령1구간 폐기물처리
국도31호선 홍천 내 자운 운두령 2구간 배수시설 정비공사,국도31호선 홍천 운두령2구간 배수시설정비
국도31호선 홍천 내 자운 운두령 2구간 배수시설 정비공사 건설폐기물처리용역,국도31호선 홍천 운두령2구간 폐기물처리
국도32호선 갈매2교 등 3개소 교면포장 보수공사 건설폐기물처리용역,국도32호선 갈매2교 교면포장 폐기물처리
국도32호선 당진 기지시교차로 등 3개소 도로포장 보수공사,국도32호선 당진 기지시 도로포장 보수
국도32호선 당진 기지시교차로 등 3개소 도로포장 보수공사 건설폐기물처리용역,국도32호선 당진 기지시 폐기물처리
국도32호선 당진 석문 초락절토사면 등 12개소 시설물 정비공사,국도32호선 당진 석문 시설물 정비
국도32호선 당진1권역 도로포장 보수공사(PSMA 아스콘),국도32호선 당진1권역 도로포장 보수
국도32호선 당진1권역 도로포장 보수공사(PSMA 아스콘) 건설폐기물처리용역,국도32호선 당진1권역 폐기물처리
국도32호선 당진2권역 도로포장 보수공사(PSMA 아스콘),국도32호선 당진2권역 도로포장 보수
국도32호선 당진2권역 도로포장 보수공사(PSMA 아스콘) 건설폐기물처리용역,국도32호선 당진2권역 폐기물처리
국도32호선 당진권역 도로포장 보수공사(개질아스콘) 건설폐기물처리용역,국도32호선 당진권역 폐기물처리
국도32호선 당진권역(하반기) 도로포장 보수공사(개질아스콘),국도32호선 당진권역 하반기 도로포장보수
국도32호선 당진권역(하반기) 도로포장 보수공사(개질아스콘) 건설폐기물처리용역,국도32호선 당진권역 하반기 폐기물처리
국도32호선 백교교(상행) 등  2개소 정밀안전진단·성능평가 및 내진성능평가,국도32호선 백교교 정밀안전진단·성능평가
국도32호선 상오교 등 2개소 교면포장 보수공사 건설폐기물처리용역,국도32호선 상오교 교면포장 폐기물처리
국도32호선 서산 운산 여미 I 등 10개소 정밀안전점검 및 11개소 정기안전점검,국도32호선 서산 여미 정밀·정기안전점검
국도32호선 서산 운산 여미(Ⅰ) 등 11개소 정밀안전점검 및 정기안전점검,국도32호선 서산 여미 정밀·정기안전점검
국도32호선 서산 운산 여미1 등 2개소 비탈면 정비공사,국도32호선 서산 여미1 비탈면 정비
"국도32호선 서산권역 도로포장 보수공사(현장재생, 일반아스콘)",국도32호선 서산권역 도로포장 보수
"국도32호선 예산,당진권역 도로포장 보수공사(개질아스콘)",국도32호선 예산·당진권역 도로포장 보수
"국도32호선 예산,당진권역 도로포장 보수공사(개질아스콘) 건설폐기물처리용역",국도32호선 예산·당진권역 폐기물처리
국도32호선 운산2교 등 2개소 교면포장 보수공사 건설폐기물처리용역,국도32호선 운산2교 교면포장 폐기물처리
국도32호선 장암교차로-반포교차로간 등 3개구간 차선도색공사,국도32호선 장암-반포 차선도색
"국도32호선 태안, 서산권역 도로포장 보수공사(개질아스콘) 건설폐기물처리용역",국도32호선 태안·서산권역 폐기물처리
"국도32호선 태안,서산권역 도로포장 보수공사(개질아스콘)",국도32호선 태안·서산권역 도로포장 보수
국도33호선 관호IC1교 등 2개소 정밀안전점검 및 정기안전점검 기술용역,국도33호선 관호IC1교 정밀·정기안전점검
국도33호선 관호대교 등 2개소 정밀안전점검 및 정기안전점검 기술용역,국도33호선 관호대교 정밀·정기안전점검
국도33호선 사천 정동 장산지구 등 3개소 배수시설 정비공사,국도33호선 사천 장산지구 배수시설 정비
국도33호선 사천 정동 장산지구 등 3개소 배수시설 정비공사 폐기물처리용역,국도33호선 사천 장산지구 폐기물처리
국도33호선 사천~고성권역 포장도 보수공사 폐기물처리용역,국도33호선 사천~고성 포장도 폐기물처리
국도33호선 산청 생비량 화현지구 등 28개소 정밀안전점검 및 성능평가 기술용역(1차),국도33호선 산청 화현지구 정밀점검·성능평가
국도33호선 삼가2터널(상) 등 4개소 제연설비 설치공사 실시설계용역,국도33호선 삼가2터널 제연설비 실시설계
국도33호선 생곡교 등 11개소 정밀안전진단 및 성능평가 기술용역,국도33호선 생곡교 정밀안전진단·성능평가
국도33호선 성주IC2육교 등 3개소 정밀안전점검 및 정기안전점검 기술용역,국도33호선 성주IC2육교 정밀·정기안전점검
국도33호선 성주지하차도 등 5개교 시설물 보수공사 건설폐기물 처리용역,국도33호선 성주지하차도 보수 폐기물처리
국도33호선 수륜1터널(상) 등 23개소 하자점검 기술용역,국도33호선 수륜1터널 등 하자점검
국도33호선 신전천1교 등 5개소 시설물 보수공사 폐기물처리용역,국도33호선 신전천1교 보수 폐기물처리
국도33호선 쌍백검문소 등 10개소 시설물 개선공사 폐기물처리용역,국도33호선 쌍백검문소 개선 폐기물처리
국도33호선 원전교 등 8개소 시설물 보수공사 폐기물처리용역,국도33호선 원전교 등 보수 폐기물처리
국도33호선 진주 이현지구 등 27개소 정밀안전점검 및 성능평가 기술용역(1차),국도33호선 진주 이현지구 정밀점검·성능평가
"국도33호선 진주,의령권역 도로안전시설물 정비공사 폐기물처리용역",국도33호선 진주·의령 안전시설물 폐기물처리
국도33호선 칠곡 약목 덕산지구 등 6개노선 도로표지판 정비공사,국도33호선 칠곡 덕산지구 도로표지판 정비
국도33호선 합천권역 도로안전시설물 정비공사 폐기물처리용역,국도33호선 합천권역 안전시설물 폐기물처리
국도33호선 합천권역 포장도 일상보수공사(1공구) 폐기물처리용역,국도33호선 합천권역 포장도 폐기물처리1공구
국도33호선 합천권역 포장도 일상보수공사(2공구) 폐기물처리용역,국도33호선 합천권역 포장도 폐기물처리2공구
국도34호선 갈매교 등 4개소 정밀안전점검 및 대교(상) 등 36개소 정기안전점검용역,국도34호선 갈매교 등 정밀·정기안전점검
"국도34호선 강남터널(상) 등 29개소 정밀안전점검, 성능평가 및 정기안전점검 기술용역",국도34호선 강남터널상 정밀점검·성능평가
"국도34호선 강남터널(하) 등 21개소 정밀안전점검, 성능평가 및 정기안전점검 기술용역",국도34호선 강남터널하 정밀점검·성능평가
국도34호선 강천2교(상)등 6개소 교량보수공사-제강슬래그 아스팔트 혼합물,국도34호선 강천2교 교량보수 슬래그아스팔트
국도34호선 거산2교차로-둔포교차로간 등 2개구간 차선도색공사,국도34호선 거산2-둔포 차선도색
국도34호선 괴산 방축리 등 7개소 도로포장 보수공사 폐기물처리 용역,국도34호선 괴산 방축리 도로포장 폐기물처리
국도34호선 괴산 방축리 등 7개소 도로포장 보수공사-케이원개질아스팔트,국도34호선 괴산 방축리 개질아스팔트
국도34호선 괴산 연풍 적석 절토사면 등 10개소 건설엔지니어링 사업(정밀안전점검 및 성능평가),국도34호선 괴산 적석 정밀점검·성능평가
국도34호선 괴산IC교 등 4개소 건설엔지니어링 사업(내진성능평가),국도34호선 괴산IC교 내진성능평가
국도34호선 교리Ramp교 등 5개소 내진성능평가 기술용역,국도34호선 교리Ramp교 내진성능평가
국도34호선 남선터널(상) 등 2개소 조명노후선로 정비공사,국도34호선 남선터널 조명노후선로 정비
국도34호선 둔포교차로-우신2교차로간 등 4개구간 차선도색공사,국도34호선 둔포-우신2 차선도색
국도34호선 문경 산양 반곡리 등 6개소 포장도 정비공사,국도34호선 문경 반곡리 포장도 정비
국도34호선 문경 산양 반곡리 등 6개소 포장도 정비공사 건설폐기물 처리용역,국도34호선 문경 반곡리 폐기물 처리
국도34호선 문경 호계 견탄~안동 풍산 괴정리 도로정비작업,국도34호선 문경 견탄~풍산 도로정비작업
국도34호선 문경 호계 우로리  등 3개소 포장도 정비공사 건설폐기물 처리용역,국도34호선 문경 우로리 폐기물 처리
국도34호선 문경 호계 우로리 등 3개소 포장도 정비공사,국도34호선 문경 우로리 포장도 정비
국도34호선 반탄교(구) 내하력보강 및 보도설치공사 건설폐기물처리용역,국도34호선 반탄교 내하력보강·보도 폐기물
국도34호선 반탄교(구) 내하력보강 및 보도설치공사(전기),국도34호선 반탄교 내하력보강·보도설치전기
국도34호선 방축교 등 5개소 건설엔지니어링 사업(내진성능평가),국도34호선 방축교 내진성능평가
국도34호선 보강교(상) 등 4개소 건설엔지니어링 사업(정밀안전점검),국도34호선 보강교 정밀안전점검
"국도34호선 사곡과선교(상) 등 4개소 건설엔지니어링 사업(정밀안전진단, 정밀안전점검, 성능평가)",국도34호선 사곡과선교 안전진단·점검·평가
국도34호선 사담교 건설엔지니어링 사업(정밀안전진단 및 성능평가),국도34호선 사담교 정밀안전진단·성능평가
국도34호선 사평교 등 64개소 건설엔지니어링 사업(정기안전점검),국도34호선 사평교 등 정기안전점검
국도34호선 수헐교차로-도림교차로간 등 2개구간 차선도색공사,국도34호선 수헐-도림 차선도색
국도34호선 심곡교 등 2개소 건설엔지니어링 사업(성능평가),국도34호선 심곡교 성능평가
국도34호선 쌍천1교(상) 등 7개소 건설엔지니어링 사업(정밀안전점검),국도34호선 쌍천1교 정밀안전점검
국도34호선 아산 영인면 와우리 등 2개소 낙석방지책 설치공사,국도34호선 아산 와우리 낙석방지책 설치
국도34호선 아산 인주 모원졸음쉼터 운영관리 및 환경정비용역,국도34호선 아산 모원졸음쉼터 운영·정비
국도34호선 아산1권역 도로포장 보수공사(개질아스콘) 건설폐기물처리용역,국도34호선 아산1권역 도로포장 폐기물처리
국도34호선 아산1권역(하반기) 도로포장 보수공사(개질아스콘),국도34호선 아산1권역 하반기 도로포장보수
국도34호선 아산1권역(하반기) 도로포장 보수공사(개질아스콘) 건설폐기물처리용역,국도34호선 아산1권역 하반기 폐기물처리
국도34호선 아산시 인주면 공세교차로 등 2개소 사고잦은곳 개선공사,국도34호선 아산 공세교차로 사고잦은곳개선
국도34호선 아산시 인주면 공세교차로 등 2개소 사고잦은곳 개선공사(전기),국도34호선 아산 공세교차로 개선전기
국도34호선 안동 풍산 괴정~안동 남선 이천리 등 1개소 도로정비작업,국도34호선 안동 괴정~이천리 도로정비작업
국도34호선 안동시 서후면 교리 지내 도로개설공사 건설폐기물 처리용역,국도34호선 안동 교리 도로개설 폐기물처리
국도34호선 예천 호명 직산리 등 7개소 포장도 정비공사,국도34호선 예천 직산리 포장도 정비
국도34호선 예천 호명 직산리 등 7개소 포장도 정비공사 건설폐기물 처리용역,국도34호선 예천 직산리 폐기물 처리
국도34호선 우로2교 등 4개소 정밀안전점검 및 성능평가 기술용역,국도34호선 우로2교 정밀점검·성능평가
국도34호선 유평2터널(상) 등 10개소 건설엔지니어링 사업(성능평가),국도34호선 유평2터널 성능평가
국도34호선 유평2터널(상) 등 29개소 건설엔지니어링 사업(정기안전점검),국도34호선 유평2터널 정기안전점검
국도34호선 적석교 등 3개소 건설엔지니어링 사업(내진성능평가),국도34호선 적석교 내진성능평가
국도34호선 정상IC교 등 15개소 정밀안전점검 및 정기안전점검 기술용역,국도34호선 정상IC교 정밀·정기안전점검
국도34호선 주정교(하) 등 3개소 교량보수공사 건설폐기물처리용역,국도34호선 주정교 교량보수 폐기물처리
국도34호선 증평 증평 미암리 병목지점 개선공사 건설폐기물처리용역,국도34호선 증평 미암리 병목개선 폐기물
국도34호선 직산터널(상) 등 5개소 정밀안전점검 및 성능평가 기술용역,국도34호선 직산터널 정밀점검·성능평가
국도34호선 진천 백곡 구수리 낙석산사태 정비공사 임목폐기물처리용역,국도34호선 진천 구수리 낙석 임목폐기물
국도34호선 진천 백곡 석현리 등 3개소 버스정차대 설치공사,국도34호선 진천 석현리 버스정차대 설치
국도34호선 진천 백곡 석현리 등 3개소 버스정차대 설치공사 폐기물처리용역,국도34호선 진천 석현리 정차대 폐기물처리
국도34호선 천안1권역 도로포장 보수공사(개질아스콘) 건설폐기물처리용역,국도34호선 천안1권역 도로포장 폐기물처리
국도34호선 천안2권역 도로포장 보수공사(개질아스콘) 건설폐기물처리용역,국도34호선 천안2권역 도로포장 폐기물처리
국도34호선 청룡교 등 5개소 건설엔지니어링 사업(내진성능평가),국도34호선 청룡교 내진성능평가
"국도34호선 초평1터널(상행) 등 6개소 건설엔지니어링 사업(정밀안전점검, 성능평가)",국도34호선 초평1터널 정밀점검·성능평가
국도34호선 화산교(상) 등 2개소 건설엔지니어링 사업(정밀안전진단 및 성능평가),국도34호선 화산교 정밀안전진단·성능평가
국도34호선 화성IC교 등 4개소 건설엔지니어링 사업(내진성능평가),국도34호선 화성IC교 내진성능평가
국도34호선 후동교(상) 등 3개소 건설엔지니어링 사업(내진성능평가),국도34호선 후동교 내진성능평가
국도35호선 강릉 왕산 고단 외 4개소 배수시설 정비공사,국도35호선 강릉 고단 배수시설 정비
국도35호선 강릉 왕산 고단 외 4개소 배수시설 정비공사 건설폐기물처리용역,국도35호선 강릉 고단 배수시설 폐기물처리
국도35호선 경주 내남 노곡 등 5개소 포장도 보수공사 건설폐기물 운반용역,국도35호선 경주 노곡 포장도 폐기물운반
"국도35호선 경주 내남 월산 도로비탈면, 옹벽 등 37개소 성능평가 및 정밀 정기안전점검 건설엔지니어링",국도35호선 경주 월산 성능평가·안전점검
국도35호선 경주 내남 월산 등 5개소 도로정비공사 건설폐기물 운반용역,국도35호선 경주 월산 도로정비 폐기물운반
국도35호선 금소교(상) 등 3개소 정밀안전점검 기술용역,국도35호선 금소교상 정밀안전점검
"국도35호선 금소교(하) 등 2개소 정밀안전진단, 성능평가 및 내진성능평가 기술용역",국도35호선 금소교하 안전진단·성능·내진
국도35호선 금소교(하) 등 3개소 정밀안전점검 기술용역,국도35호선 금소교하 정밀안전점검
국도35호선 노귀재터널 등 2개소 방재(소방)설비 개선공사,국도35호선 노귀재터널 방재소방설비 개선
국도35호선 대전교 등 10개소 정기안전점검 건설엔지니어링,국도35호선 대전교 등 정기안전점검
국도35호선 대전교 등 5개소 정밀안전진단 및 1종 성능평가 건설엔지니어링,국도35호선 대전교 정밀안전진단·성능평가
국도35호선 도산1교 등 14개소 정기안전점검 및 내진성능평가 기술용역,국도35호선 도산1교 정기점검·내진평가
국도35호선 등 3개 노선 절토사면 26개소 정밀안전점검용역,국도35호선 3개노선 절토사면 정밀안전점검
국도35호선 명덕교 등 3개소 정밀안전점검 및 성능평가 기술용역,국도35호선 명덕교 정밀점검·성능평가
국도35호선 미호육교(상) 등 5개소 정밀안전진단 및 여락고가교 등 139개소 정기안전점검 건설엔지니어링 용역,국도35호선 미호육교 정밀진단·정기점검
국도35호선 반변천교 교면포장 보수공사 건설폐기물처리용역,국도35호선 반변천교 교면포장 폐기물처리
국도35호선 봉화 명호 관창리 등 11개소 포장도 정비공사,국도35호선 봉화 관창리 포장도 정비
국도35호선 봉화 명호 관창리 등 11개소 포장도 정비공사 건설폐기물처리용역,국도35호선 봉화 관창리 폐기물처리
국도35호선 봉화 명호 관창리 등 6개소 정밀안전점검 및 성능평가 기술용역,국도35호선 봉화 관창리 정밀점검·성능평가
국도35호선 봉화 법전 소천E2지구 등 7개소 낙석산사태 및 도로정비공사,국도35호선 봉화 소천E2지구 낙석·도로정비
국도35호선 삼척 하장 광동 등 2개소 낙석산사태 정비공사,국도35호선 삼척 광동 낙석산사태 정비
국도35호선 삼척시 하장면 갈전리 등 4개소 도로옹벽 긴급 정밀안전점검용역,국도35호선 삼척 갈전리 도로옹벽 정밀점검
국도35호선 숙암1교 등 21개소 제2종 시설물 정밀안전점검 및 성능평가용역,국도35호선 숙암1교 정밀안전점검·성능평가
국도35호선 안동 도산 서부 등 3개소 횡단보도 조명시설 설치공사,국도35호선 안동 서부 횡단보도 조명설치
국도35호선 안동 와룡 도산 등 6개소 도로시설물 정비공사,국도35호선 안동 와룡 도로시설물 정비
국도35호선 안동 임하 신덕1지구 등 4개소 도로정비공사,국도35호선 안동 신덕1지구 도로정비
국도35호선 안동 임하 신덕5지구 등 6개소 도로정비공사,국도35호선 안동 신덕5지구 도로정비
국도35호선 안동 임하 오대1지구 등 6개소 도로정비공사,국도35호선 안동 오대1지구 도로정비
국도35호선 양산 상북 대석 등 3개소 포장도 보수공사 건설폐기물처리용역,국도35호선 양산 대석 포장도 폐기물처리
국도35호선 양산 상북 대석 등 3개소 포장도 보수공사-개질아스콘,국도35호선 양산 대석 포장도 개질아스콘
국도35호선 양산 하북 용연 등 3개소 포장도 보수공사 건설폐기물처리용역,국도35호선 양산 용연 포장도 폐기물처리
국도35호선 양산 하북 용연 등 3개소 포장도 보수공사사-개질아스콘,국도35호선 양산 용연 포장도 개질아스콘
국도35호선 영천 화북 오동지구 위험도로 개선공사 문화재 지표조사용역,국도35호선 영천 오동지구 문화재 지표조사
국도35호선 영천 화북 오동지구 위험도로 개선공사 소규모 재해영향평가용역,국도35호선 영천 오동지구 재해영향평가
국도35호선 영천 화북 오동지구 위험도로 개선공사 소규모 환경영향평가용역,국도35호선 영천 오동지구 환경영향평가
국도35호선 영천 화북 오동지구 위험도로 실시설계 경제성(VE)검토 건설엔지니어링,국도35호선 영천 오동지구 경제성VE검토
국도35호선 영천 화북 용소 등 8개소 도로시설물 정비공사,국도35호선 영천 용소 도로시설물 정비
국도35호선 영천 화북 입석 등 3개소 포장도 보수공사 건설폐기물 운반용역,국도35호선 영천 입석 포장도 폐기물운반
국도35호선 옥계교 등 12개소 정기안전점검 건설엔지니어링,국도35호선 옥계교 등 정기안전점검
국도35호선 외 1개 노선 차선도색공사 등 2개공사 관급자재_유리알,국도35호선 차선도색 관급자재 유리알
국도35호선 울주 언양 직동~울주 두서 서하 차선도색공사,국도35호선 울주 직동~서하 차선도색
국도35호선 이조교 등 8개소 정기안전점검 건설엔지니어링,국도35호선 이조교 등 정기안전점검
국도35호선 인덕터널(상) 등 23개소 정밀안전점검 및 정기안전점검 기술용역,국도35호선 인덕터널상 정밀·정기안전점검
국도35호선 인덕터널(하) 등 24개소 정밀안전점검 및 정기안전점검 기술용역,국도35호선 인덕터널하 정밀·정기안전점검
국도35호선 정선 임계 문래지구 도로정비공사 폐기물처리용역,국도35호선 정선 문래지구 폐기물처리
국도35호선 정선 임계 봉산 도로확장 등 정비공사 폐기물처리용역,국도35호선 정선 봉산 도로확장 폐기물처리
국도35호선 정선 임계-강릉 왕산 도로건설공사 교통시설안전진단용역,국도35호선 정선~강릉 교통시설안전진단
국도35호선 정선 임계-강릉 왕산 도로건설공사 매장유산 지표조사용역,국도35호선 정선~강릉 매장유산 지표조사
국도35호선 청송 현서 덕계지구 등 낙석산사태 및 도로정비 실시설계 건설엔지니어링,국도35호선 청송 덕계지구 낙석·도로 실시설계
국도35호선 청송 현서 월정 등 4개소 포장도 보수공사 건설폐기물 운반용역,국도35호선 청송 월정 포장도 폐기물운반
국도35호선 하북검문소 등 1개소 분리운송공간 보수공사 건설폐기물처리용역,국도35호선 하북검문소 보수 폐기물처리
국도36호선 0+790~0+970(우성) 등 8개소 정밀안전점검,국도36호선 우성 등 정밀안전점검
국도36호선 24DN36T06138 등 9개소 정밀안전점검 및 성능평가용역,국도36호선 9개소 정밀안전점검·성능평가
국도36호선 거촌2교 등 5개소 정밀안전점검 및 성능평가 기술용역,국도36호선 거촌2교 정밀점검·성능평가
국도36호선 고성1교 등 45개소 상반기 정기안전점검 건설엔지니어링,국도36호선 고성1교 상반기 정기안전점검
국도36호선 공이교 건설엔지니어링 사업(정밀안전진단 및 성능평가),국도36호선 공이교 정밀안전진단·성능평가
국도36호선 광비1터널 등 4개소 정밀안전점검 및 성능평가 기술용역,국도36호선 광비1터널 정밀점검·성능평가
국도36호선 국동1교 등 5개소 건설엔지니어링 사업(내진성능평가),국도36호선 국동1교 내진성능평가
국도36호선 굿고개교차로-청양군계간 등 2개구간 차선도색공사,국도36호선 굿고개-청양군계 차선도색
국도36호선 귀내1교(상) 등 3개소 정밀안전점검 및 성능평가 기술용역,국도36호선 귀내1교 정밀점검·성능평가
국도36호선 금강송1교 등 5개소 정밀안전점검 및 성능평가 건설엔지니어링,국도36호선 금강송1교 정밀점검·성능평가
국도36호선 단양 단성 외중방 등 12개소 건설엔지니어링 사업(정밀안전점검),국도36호선 단양 단성 외 12개소 정밀안전점검
국도36호선 단양 상방리 도로비탈면 정비공사 폐기물 처리용역,국도36호선 단양 상방리 비탈면정비 폐기물처리
국도36호선 답운재터널 등 7개소 정밀안전점검 및 성능평가 건설엔지니어링,국도36호선 답운재터널 외 7개소 점검·성능평가
국도36호선 대박1교 등 7개소 정밀안전점검 및 성능평가,국도36호선 대박1교 외 7개소 점검·성능평가
국도36호선 등 3개노선 충주지역(남부권) 제초 및 풀깍기 작업,국도36호선 등 3개노선 충주남부 제초작업
국도36호선 등 3개노선 충주지역(북부권) 제초 및 풀깍기 작업,국도36호선 등 3개노선 충주북부 제초작업
"국도36호선 등 5개노선 충주, 단양, 괴산권역 벌목작업",국도36호선 등 5개노선 충주·단양·괴산 벌목
국도36호선 목계대교 등 20개소 건설엔지니어링 사업(정기안전점검),국도36호선 목계대교 외 20개소 정기안전점검
국도36호선 보령시계-장승교차로간 등 2개구간 차선도색공사,국도36호선 보령~장승교차로 등 차선도색
국도36호선 봉산교(하) 등 3개소 정밀안전점검 기술용역,국도36호선 봉산교 외 3개소 정밀안전점검
국도36호선 봉산터널 조명설비 개선공사 지정폐기물처리용역,국도36호선 봉산터널 조명개선 지정폐기물처리
국도36호선 봉화 법전 소천리 등 6개소 정밀안전점검 및 성능평가 기술용역,국도36호선 봉화 법전 외 6개소 점검·성능평가
국도36호선 봉화 봉성 우곡리 등 7개소 정밀안전점검 및 성능평가 기술용역,국도36호선 봉화 봉성 외 7개소 점검·성능평가
국도36호선 봉화 봉화 문단리 등 7개소 정밀안전점검 및 성능평가 기술용역,국도36호선 봉화 문단리 외 7개소 점검·성능평가
국도36호선 봉화I.C교 등 2개소 내진성능평가 기술용역,국도36호선 봉화IC교 외 2개소 내진성능평가
"국도36호선 분천터널 등 8개소 정밀안전점검, 성능평가 및 정기안전점검 기술용역",국도36호선 분천터널 외 8개소 점검·성능평가
국도36호선 살미 용천 등 3개소 배수로 정비공사 폐기물처리용역,국도36호선 살미 용천 외 3개소 배수로 폐기물처리
국도36호선 소지교(상) 등 4개소 정밀안전점검 기술용역,국도36호선 소지교 외 4개소 정밀안전점검
"국도36호선 수평교 등 4개소 정밀안전점검, 성능평가 및 내진성능평가 건설엔지니어링",국도36호선 수평교 외 4개소 점검·성능평가
국도36호선 신림1교 등 8개소 정밀안전점검 및 성능평가 건설엔지니어링,국도36호선 신림1교 외 8개소 점검·성능평가
국도36호선 영주 고현동 등 12개소 정밀안전점검 및 성능평가 기술용역,국도36호선 영주 고현동 외 12개소 점검·성능평가
국도36호선 외매교 등 21개소 정밀안전점검 및 정기안전점검 기술용역,국도36호선 외매교 외 21개소 안전점검
국도36호선 우곡2교 등 18개소 정밀안전점검 및 정기안전점검 기술용역,국도36호선 우곡2교 외 18개소 안전점검
국도36호선 울진 근남 행곡 등 6개소 낙석산사태 정비공사,국도36호선 울진 근남 행곡 외 6개소 낙석정비
국도36호선 울진 금강송 광회 등 7개소 도로옹벽 정밀안전점검 및 성능평가 건설엔지니어링,국도36호선 울진 광회 외 7개소 옹벽점검·평가
국도36호선 울진 금강송 광회리 등 8개소 포장도 보수공사,국도36호선 울진 광회리 외 8개소 포장보수
국도36호선 울진 금강송 광회리 등 8개소 포장도 보수공사 건설폐기물 처리용역,국도36호선 울진 광회리 외 8개소 포장 폐기물처리
국도36호선 월악교 건설엔지니어링 사업(정밀안전진단 및 성능평가),국도36호선 월악교 정밀안전진단·성능평가
국도36호선 월악교 등 10개소 건설엔지니어링 사업(정밀안전점검),국도36호선 월악교 외 10개소 정밀안전점검
국도36호선 음성 비산리 등 3개소 도로포장 보수공사 폐기물처리용역,국도36호선 음성 비산리 외 3개소 포장 폐기물처리
국도36호선 음성 비산리 등 3개소 도로포장 보수공사-SMA아스콘,국도36호선 음성 비산리 외 3개소 SMA아스콘
국도36호선 음성 비산리 등 3개소 도로포장 보수공사-저탄소형 PSMA개질아스팔트,국도36호선 음성 비산리 외 3개소 PSMA아스팔트
국도36호선 음성 하노리 도로포장 보수공사 폐기물처리 용역,국도36호선 음성 하노리 포장보수 폐기물처리
국도36호선 음성 하노리 도로포장 보수공사-CHAF PSMA개질아스팔트,국도36호선 음성 하노리 CHAF PSMA아스팔트
국도36호선 음성교 등 4개소 건설엔지니어링 사업(내진성능평가),국도36호선 음성교 외 4개소 내진성능평가
국도36호선 음성군 소이면 비산육교 교차로 개선공사 실시설계,국도36호선 음성 비산육교 교차로개선 실시설계
국도36호선 이산교 등 24개소 정밀안전점검 및 정기안전점검 기술용역,국도36호선 이산교 외 24개소 안전점검
국도36호선 자마교 등 18개소 정밀안전점검 및 정기안전점검 기술용역,국도36호선 자마교 외 18개소 안전점검
국도36호선 제천 덕산 수산2지구 위험도로 개선공사 실시설계,국도36호선 제천 수산2지구 위험도로개선 설계
국도36호선 제천 수산리 등 3개소 도로포장 보수공사 폐기물처리 용역,국도36호선 제천 수산리 외 3개소 포장 폐기물처리
국도36호선 제천 한수 탄지 절토사면 등 16개소 건설엔지니어링 사업(정밀안전점검),국도36호선 제천 한수 탄지 외 16개소 점검
국도36호선 증평 사곡 졸음쉼터 운영관리 및 환경정비용역,국도36호선 증평 사곡 졸음쉼터 운영·정비
국도36호선 질마교차로-장암교차로간 등 3개구간 차선도색공사,국도36호선 질마~장암교차로 등 차선도색
국도36호선 창평터널(하) 등 21개소 성능평가 및 정기안전점검 기술용역,국도36호선 창평터널 외 21개소 평가·점검
국도36호선 청주 청원 내수읍 도원교차로 개선공사(전기),국도36호선 청주 도원교차로개선(전기)
국도36호선 충주 신당리 도로비탈면 정비공사 폐기물 처리용역,국도36호선 충주 신당리 비탈면정비 폐기물처리
국도36호선 충주 주덕오거리 교차로 개선공사 폐기물 처리용역,국도36호선 충주 주덕오거리 개선 폐기물처리
국도36호선 하원1교 등 4개소 정밀안전점검 및 성능평가 건설엔지니어링,국도36호선 하원1교 외 4개소 점검·성능평가
"국도36호선(세종시계~청주 강내면계, 청주 상리터널~음성군계) 차선도색 정비공사",국도36호선 세종~음성 차선도색 정비
국도37호선  상면터널(상) 등 16개소  정량적 위험도 평가(QRA) 용역,국도37호선 상면터널 외 16개소 위험도평가
국도37호선 24DN17T03901 등 8개소 정밀안전점검 및 성능평가용역,국도37호선 8개소 정밀안전점검·성능평가
국도37호선 가평 범말1교A2~범말2교A1 등 4개소 포장도 보수공사,국도37호선 가평 범말1교 외 4개소 포장보수
국도37호선 가평 범말1교A2~범말2교A1 등 4개소 포장도 보수공사 건설폐기물처리용역,국도37호선 가평 범말1교 외 4개소 폐기물처리
국도37호선 가평 봉수육교A2~봉수육교A2+0.450 등 9개소 포장도 보수공사,국도37호선 가평 봉수육교 외 9개소 포장보수
국도37호선 가평 봉수육교A2~봉수육교A2+0.450 등 9개소 포장도 보수공사 건설폐기물처리용역,국도37호선 가평 봉수육교 외 9개소 폐기물처리
국도37호선 가평 비득교A2~비득교A2+1.200 등 2개소 포장도 보수공사 건설폐기물처리용역,국도37호선 가평 비득교 외 2개소 폐기물처리
국도37호선 가평 비득교A2~비득교A2+1.200 등 4개소 포장도 보수공사,국도37호선 가평 비득교 외 4개소 포장보수
국도37호선 가평 비득교A2~성적교A1 등 2개소 포장도 보수공사 건설폐기물처리용역,국도37호선 가평 비득교~성적교 폐기물처리
국도37호선 가평 상면 원흥(D26249)지구 외 8개소 절토사면 정밀안전점검용역,국도37호선 가평 원흥 외 8개소 사면점검
국도37호선 가평 상면터널A2+0.100~항사1교A1 등 4개소 포장도 보수공사,국도37호선 가평 상면터널 외 4개소 포장보수
국도37호선 가평 상면터널A2+0.100~항사1교A1 등 4개소 포장도 보수공사 건설폐기물처리용역,국도37호선 가평 상면터널 외 4개소 폐기물처리
국도37호선 가평 설악 신천교차로 병목지점 개선공사 폐기물처리용역,국도37호선 가평 신천교차로 개선 폐기물처리
국도37호선 가평 설악 회곡(D23800)지구 외 8개소 절토사면 정밀안전점검용역,국도37호선 가평 회곡 외 8개소 사면점검
국도37호선 가평 율길3교A1+0.010~서파교차로 등 7개소 포장도 보수공사,국도37호선 가평 율길3교 외 7개소 포장보수
국도37호선 강평교 등 10개소 건설엔지니어링 사업(정밀안전점검),국도37호선 강평교 외 10개소 정밀안전점검
국도37호선 거현천2교 등 12개소 건설엔지니어링 사업(정밀안전점검),국도37호선 거현천2교 외 12개소 정밀안전점검
"국도37호선 경북도계,청천~음성,생극교차로 차선도색 정비공사",국도37호선 경북도계~음성 차선도색 정비
국도37호선 괴산 괴산 서부 절토사면 등 9개소 건설엔지니어링(정밀안전점검),국도37호선 괴산 서부 외 9개소 사면점검
국도37호선 괴산 청천리 회전교차로 설치공사 폐기물 처리용역,국도37호선 괴산 청천리 회전교차로 폐기물처리
"국도37호선 괴산,괴산교차로~음성,음성교차로 차선도색 정비공사",국도37호선 괴산~음성교차로 차선도색 정비
국도37호선 금주1교(상) 등 109개소 정기안전점검용역,국도37호선 금주1교 외 109개소 정기안전점검
국도37호선 마을주민 보호구역(신월마을) 등 3개소 개선사업,국도37호선 신월마을 외 3개소 보호구역개선
국도37호선 마을주민 보호구역(신월마을) 등 3개소 개선사업 폐기물처리용역,국도37호선 신월마을 외 3개소 개선 폐기물처리
국도37호선 마전교 등 4개소 건설엔지니어링 사업(내진성능평가),국도37호선 마전교 외 4개소 내진성능평가
"국도37호선 방하목교 등 5개소 건설엔지니어링 사업(정밀안전점검, 성능평가)",국도37호선 방하목교 외 5개소 점검·성능평가
국도37호선 백석2교 등 2개소 교면포장공사 건설폐기물처리용역,국도37호선 백석2교 외 2개소 교면포장 폐기물처리
국도37호선 보은 산외 대원리 등 3개소 도로안전 및 환경개선 공사,국도37호선 보은 산외 대원리 외 3개소 환경개선
국도37호선 보은 산외 대원리 등 3개소 도로안전 및 환경개선 공사 폐기물처리용역,국도37호선 보은 대원리 외 3개소 폐기물처리
국도37호선 상주 화북 운흥리 등 배수시설 정비공사 폐기물처리용역,국도37호선 상주 운흥리 배수정비 폐기물처리
국도37호선 상지1교(상행) 등 5개소 건설엔지니어링 사업(성능평가),국도37호선 상지1교 외 5개소 성능평가
국도37호선 서정대교(상) 등 7개소 건설엔지니어링 사업(정밀안전점검),국도37호선 서정대교 외 7개소 정밀안전점검
국도37호선 속리터널 등 2개소 건설엔지니어링 사업(성능평가),국도37호선 속리터널 외 2개소 성능평가
국도37호선 신진군교 등 4개소 정밀안전진단 및 1종 성능평가용역,국도37호선 신진군교 외 4개소 진단·성능평가
국도37호선 양평 복동삼거리+2.690~중미산삼거리 등 3개소 포장도 보수공사 건설폐기물처리용역,국도37호선 양평 복동~중미산 외 3개소 폐기물처리
국도37호선 양평 신애교차로 등 2개소 병목지점 개선공사 실시설계용역,국도37호선 양평 신애교차로 외 2개소 개선설계
국도37호선 양평 옥천 신복(D08000)지구 외 8개소 절토사면 정밀안전점검용역,국도37호선 양평 옥천 신복 외 8개소 사면점검
국도37호선 연천 군남 남계지구(STA.7+700.0~8+490.5우) 외 9개소 옹벽 정밀안전점검용역,국도37호선 연천 군남 남계 외 9개소 옹벽점검
"국도37호선 연천 군남 황지지구(STA.3+671~3+886,우) 외 8개소 절토사면 및 옹벽 정밀안전점검용역",국도37호선 연천 군남 황지 외 8개소 사면·옹벽점검
국도37호선 영평천교 등 4개소 정밀안전점검 및 성능평가용역,국도37호선 영평천교 외 4개소 점검·성능평가
"국도37호선 오동교(금산) 등 3개소 건설엔지니어링 사업(정밀안전점검, 성능평가)",국도37호선 오동교 외 3개소 점검·성능평가
국도37호선 옥천 군서 상중리 절토사면 및 옹벽 등 15개소 정밀안전점검용역,국도37호선 옥천 상중리 외 15개소 사면·옹벽점검
국도37호선 용바위교 등 3개소 정밀안전점검 및 성능평가용역,국도37호선 용바위교 외 3개소 점검·성능평가
국도37호선 월전교(금산) 등 4개소 건설엔지니어링 사업(내진성능평가),국도37호선 월전교 외 4개소 내진성능평가
국도37호선 음성 금왕 금석 절토사면 등 10개소 건설엔지니어링 사업(정밀안전점검),국도37호선 음성 금석 외 10개소 정밀안전점검
국도37호선 음성 소여리 등 5개소 도로포장 보수공사 폐기물(폐아스콘)처리용역,국도37호선 음성 소여리 외 5개소 폐아스콘처리
국도37호선 음성 소여리 등 5개소 도로포장 보수공사 폐기물(폐콘크리트)처리용역,국도37호선 음성 소여리 외 5개소 폐콘크리트처리
국도37호선 음성 소여리 등 5개소 도로포장 보수공사-SMA아스콘,국도37호선 음성 소여리 외 5개소 SMA아스콘
국도37호선 음성 소여리 등 5개소 도로포장 보수공사-로드팔트 개질아스팔트(PSMA),국도37호선 음성 소여리 외 5개소 PSMA아스팔트
국도37호선 음성군 음성읍 구안리 등 7개소 배수로 정비공사,국도37호선 음성 구안리 외 7개소 배수로정비
국도37호선 음성군 음성읍 구안리 등 7개소 배수로 정비공사 폐기물처리 용역,국도37호선 음성 구안리 외 7개소 폐기물처리
국도37호선 음성군 음성읍 신천리 7지구 낙석산사태 위험지구 정비공사,국도37호선 음성 신천리7지구 낙석정비
국도37호선 전북도계(무주군계)-양전교차로간 등 2개구간 차선도색공사,국도37호선 전북도계~양전교차로 등 차선도색
국도37호선 점동교(상) 등 시설물 보수공사 폐기물처리용역,국도37호선 점동교 등 시설물보수 폐기물처리
국도37호선 파주 구읍교A2~적성IC교A1 등 6개소 포장도 보수공사,국도37호선 파주 구읍교 외 6개소 포장보수
국도37호선 파주 구읍교A2~적성IC교A1 등 6개소 포장도 보수공사 건설폐기물처리용역,국도37호선 파주 구읍교 외 6개소 폐기물처리
국도37호선 파주 두포삼거리~장현교차로 일원 콘크리트 포장도 보수공사,국도37호선 파주 두포~장현 콘크리트포장보수
국도37호선 파주 문산 당동리 일원 등 10개소 수해복구공사,국도37호선 파주 당동리 외 10개소 수해복구
국도37호선 파주 적성 자장(D53700)지구 외 9개소 절토사면 정밀안전점검용역,국도37호선 파주 적성 자장 외 9개소 사면점검
국도37호선 포천 신백의교A2~우암교A1 등 5개소 포장도 보수공사,국도37호선 포천 신백의교 외 5개소 포장보수
국도37호선 포천 신백의교A2~우암교A1 등 5개소 포장도 보수공사 건설폐기물처리용역,국도37호선 포천 신백의교 외 5개소 폐기물처리
국도37호선 포천 율길3교A1+0.010~서파교차로 등 7개소 포장도 보수공사 건설폐기물처리용역,국도37호선 포천 율길3교 외 7개소 폐기물처리
국도37호선 포천 일동 유동(U42300)지구 외 7개소 절토사면 정밀안전점검 및 성능평가용역,국도37호선 포천 유동 외 7개소 사면점검·평가
국도37호선 포천 화현 화현(R38401)지구 절토사면 외 42개소 상·하반기 정기안전점검용역,국도37호선 포천 화현 외 42개소 정기안전점검
국도37호선 포천 화현교차로~도평교차로 일원 콘크리트 포장도 보수공사,국도37호선 포천 화현~도평 콘크리트포장보수
"국도37호선(옥천 서정대교~보은IC교차로, 보은 누청삼거리~괴산군계) 차선도색 정비공사",국도37호선 옥천~괴산 차선도색 정비
국도38호선 가곡지하차도 등 4개소 정밀안전점검 및 3소사교 등 38개소 정기안전점검용역,국도38호선 가곡지하차도 외 점검·정기점검
"국도38호선 가사2교 등 16개 시설물 정밀안전점검, 성능평가 및 하자검사용역",국도38호선 가사2교 외 16개 점검·성능·하자검사
국도38호선 각한터널 등 7개소 방재시설(전기) 보수공사,국도38호선 각한터널 외 7개소 방재설비(전기)보수
국도38호선 각한터널(상) 등 8개소 정밀안전점검 및 하자검사용역,국도38호선 각한터널 외 8개소 점검·하자검사
국도38호선 고사1터널(상) 등 3개소 노면모니터링시스템(통신) 설치공사,국도38호선 고사1터널 외 3개소 노면모니터링설치
국도38호선 고한리 두문동재 배수시설 개선공사 폐기물처리용역,국도38호선 고한리 두문동재 배수개선 폐기물처리
국도38호선 고한터널 등 4개소 시설물 정비공사 폐기물처리용역,국도38호선 고한터널 외 4개소 정비 폐기물처리
국도38호선 고한터널(상) 등 3개소 노면모니터링시스템(통신) 설치공사,국도38호선 고한터널 외 3개소 노면모니터링설치
국도38호선 궁장육교 등 67개소 건설엔지니어링 사업(정기안전점검),국도38호선 궁장육교 외 67개소 정기안전점검
국도38호선 궁장천교 등 8개소 교량 및 통로암거 보수공사,국도38호선 궁장천교 외 8개소 교량·암거보수
국도38호선 남리육교 등 4개소 정밀안전점검 및 봉강교(상) 등 36개소 정기안전점검용역,국도38호선 남리육교 외 4개소 점검·정기점검
국도38호선 대평1교(상) 등 22개소 제2종 시설물 정밀안전점검 및 성능평가용역,국도38호선 대평1교 외 22개소 점검·성능평가
국도38호선 덕포2교(상)등 2개소 정밀안전진단 및 성능평가용역,국도38호선 덕포2교 외 2개소 진단·성능평가
국도38호선 도계-신기 도로건설공사(9차) 관급자재(2회)-레미콘 1종총액,국도38호선 도계~신기 도로건설 레미콘
국도38호선 도계1터널 등 3개소 노면모니터링시스템(통신) 설치공사,국도38호선 도계1터널 외 3개소 노면모니터링설치
"국도38호선 도사교(상) 등 16개 시설물 정밀안전점검, 성능평가 및 하자검사용역",국도38호선 도사교 외 16개 점검·성능·하자검사
국도38호선 두문동재터널 등 3개소 노면모니터링시스템(통신) 설치공사,국도38호선 두문동재터널 외 3개소 노면모니터링설치
국도38호선 두문동재터널 등 6개소 방재시설(전기) 보수공사,국도38호선 두문동재터널 외 6개소 방재설비보수
국도38호선 두문동재터널 등 7개소 방재설비 교체공사 관급자재_제트팬,국도38호선 두문동재터널 외 7개소 제트팬
국도38호선 두학3교 등 5개소 건설엔지니어링 사업(정밀안전점검),국도38호선 두학3교 외 5개소 정밀안전점검
국도38호선 등 4개 노선 절토사면 23개소 정밀안전점검용역,국도38호선 등 4개노선 사면 23개소 점검
국도38호선 목계대교 등 4개소 건설엔지니어링 사업(정밀안전점검),국도38호선 목계대교 외 4개소 정밀안전점검
국도38호선 묵산1교(상) 등 2개소 정밀안전진단 및 성능평가용역,국도38호선 묵산1교 외 2개소 진단·성능평가
국도38호선 묵산3교 등 2개소 정밀안전진단 및 성능평가용역,국도38호선 묵산3교 외 2개소 진단·성능평가
국도38호선 문곡5교(상) 등 4개소 정밀안전점검 및 성능평가용역,국도38호선 문곡5교 외 4개소 점검·성능평가
국도38호선 문곡7교(상) 등 2개소 정밀안전진단 및 성능평가용역,국도38호선 문곡7교 외 2개소 진단·성능평가
국도38호선 문곡리교차로 등 2개소 방재시설(전기) 보수공사,국도38호선 문곡리교차로 외 2개소 방재설비보수
국도38호선 미로교 포장 및 방음벽 설치공사 관급자재_결빙방지표면처리재,국도38호선 미로교 결빙방지표면처리재
국도38호선 미로교 포장 및 방음벽 설치공사 관급자재_방음판,국도38호선 미로교 포장·방음벽 방음판
국도38호선 미로교 포장 및 방음벽 설치공사 관급자재_흡음형방음판,국도38호선 미로교 포장·방음벽 흡음형방음판
국도38호선 박달재터널(하) 등 23개소 건설엔지니어링 사업(정기안전점검),국도38호선 박달재터널 외 23개소 정기안전점검
국도38호선 봉래2교(상) 등 2개소 정밀안전진단 및 성능평가용역,국도38호선 봉래2교 외 2개소 진단·성능평가
국도38호선 봉양육교 등 25개소 건설엔지니어링 사업(정기안전점검),국도38호선 봉양육교 외 25개소 정기안전점검
국도38호선 삼척 도계 늑구 도로정비공사 관급자재_결빙방지표면처리재,국도38호선 삼척 도계 늑구 결빙방지표면처리재
국도38호선 삼척 도계 전두~삼척 신기 마차 도로정비공사,국도38호선 삼척 도계 전두~신기 도로정비
국도38호선 서남교(상) 등 2개소 정밀안전진단 및 성능평가용역,국도38호선 서남교 외 2개소 진단·성능평가
국도38호선 서남교(상) 등 6개소 교량보수공사 폐기물처리용역,국도38호선 서남교 외 6개소 교량보수 폐기물처리
국도38호선 서남교(하) 등 2개소 교량보수공사 관급자재_결빙방지표면처리재,국도38호선 서남교 외 2개소 결빙방지표면처리재
국도38호선 서부두입구삼거리+1.167~서부두입구삼거리+2.870 등 2개소 포장보수공사,국도38호선 서부두입구삼거리 외 2개소 포장보수
국도38호선 서부두입구삼거리+1.167~서부두입구삼거리+2.870 등 2개소 포장보수공사 폐기물처리용역,국도38호선 서부두입구 외 2개소 포장 폐기물처리
"국도38호선 서산,당진권역 도로포장 보수공사(개질아스콘)",국도38호선 서산·당진 포장보수(개질아스콘)
"국도38호선 서산,당진권역 도로포장 보수공사(개질아스콘) 건설폐기물처리용역",국도38호선 서산·당진 포장보수 폐기물처리
국도38호선 석항1교(상)등 22개소 제1종 시설물 정밀안전점검 및 성능평가용역,국도38호선 석항1교 외 22개소 점검·성능평가
국도38호선 석항3교(하) 등 9개소 교량보수공사 폐기물처리용역,국도38호선 석항3교 외 9개소 교량보수 폐기물처리
국도38호선 선돌교(상) 등 2개소 정밀안전진단 및 성능평가용역,국도38호선 선돌교 외 2개소 진단·성능평가
국도38호선 신궁교차로(병목지점) 개선공사 안전점검 수행기관 지정 공고,국도38호선 신궁교차로개선 안전점검기관 지정
국도38호선 신궁교차로(병목지점) 개선공사 폐기물 처리용역(혼합폐기물),국도38호선 신궁교차로개선 혼합폐기물처리
국도38호선 신궁교차로(병목지점) 개선공사 폐기물처리용역(폐아스콘),국도38호선 신궁교차로개선 폐아스콘처리
국도38호선 신궁교차로(병목지점) 개선공사 폐기물처리용역(폐콘크리트),국도38호선 신궁교차로개선 폐콘크리트처리
국도38호선 쌍용1교(상) 등 19개소 교량 보호시설 설치공사,국도38호선 쌍용1교 외 19개소 교량보호시설설치
국도38호선 안성 대덕 신령리 등 2개소 방호울타리 설치공사,국도38호선 안성 대덕 신령리 외 2개소 방호울타리
국도38호선 안성 일죽 월정리 등 8개소 방호울타리 설치공사,국도38호선 안성 일죽 월정리 외 8개소 방호울타리
국도38호선 안성시 공도읍~대덕면 도로안전시설물 설치공사,국도38호선 안성 공도~대덕 도로안전시설설치
국도38호선 안성시 대덕면 내리 671-1번지 등 10개소 배수시설 정비공사,국도38호선 안성 대덕 내리 외 10개소 배수정비
국도38호선 안성시 대덕면 내리 671-1번지 등 10개소 배수시설 정비공사 폐기물처리용역,국도38호선 안성 내리 외 10개소 폐기물처리
국도38호선 안양교(안성방향) 등 시설물 보수공사 폐기물처리용역,국도38호선 안양교 등 시설물보수 폐기물처리
국도38호선 양복육교A1~양복육교A1+0.299  등 5개소 포장보수공사 폐기물처리용역,국도38호선 양복육교 외 5개소 포장 폐기물처리
국도38호선 양복육교A1~양복육교A1+0.299 등 5개소 포장보수공사,국도38호선 양복육교 외 5개소 포장보수
국도38호선 연당1교(상) 등 2개소 정밀안전진단 및 성능평가용역,국도38호선 연당1교 외 2개소 진단·성능평가
국도38호선 연당2교(하) 등 2개소 정밀안전진단 및 성능평가용역,국도38호선 연당2교 외 2개소 진단·성능평가
국도38호선 연당4교(상) 등 2개소 교량보수공사 등 3개공사 폐기물처리용역,국도38호선 연당4교 외 교량보수 폐기물처리
국도38호선 연당IC교(상) 등 90개소 정기안전점검용역,국도38호선 연당IC교 외 90개소 정기안전점검
국도38호선 영월1터널 등 8개소 방재시설(통신) 보수공사,국도38호선 영월1터널 외 8개소 방재설비(통신)보수
국도38호선 영월2터널 등 104개소 터널 및 교량 배수시설 정비공사,국도38호선 영월2터널 외 104개소 배수시설정비
국도38호선 우경삼거리+2.354~우경삼거리+2.858 등 3개소 포장보수공사,국도38호선 우경삼거리 외 3개소 포장보수
국도38호선 우경삼거리+2.354~우경삼거리+2.858 등 3개소 포장보수공사 폐기물처리용역,국도38호선 우경삼거리 외 3개소 포장 폐기물처리
국도38호선 원박교 등 3개소 건설엔지니어링 사업(내진성능평가),국도38호선 원박교 외 3개소 내진성능평가
국도38호선 원박교 등 65개소 건설엔지니어링 사업(정기안전점검),국도38호선 원박교 외 65개소 정기안전점검
국도38호선 음성 감곡 오향지구 위험도로 개선공사 건설폐기물(폐아스콘) 처리용역,국도38호선 음성 감곡 오향지구 폐아스콘처리
국도38호선 음성 감곡 오향지구 위험도로 개선공사 건설폐기물(폐콘크리트) 처리용역,국도38호선 음성 감곡 오향지구 폐콘크리트처리
국도38호선 음성.감곡~제천.다릿재터널 차선도색 정비공사,국도38호선 음성 감곡~제천 차선도색 정비
국도38호선 이천시 설성면 제요리 141-2번지 등 8개소 배수시설 정비공사,국도38호선 이천 설성 제요리 외 8개소 배수정비
국도38호선 이천시 설성면 제요리 141-2번지 등 8개소 배수시설 정비공사 폐기물처리용역,국도38호선 이천 제요리 외 8개소 폐기물처리
국도38호선 이천시 장호원읍 진암리 진암교차로 등 4개소 사고잦은 곳 개선공사,국도38호선 이천 진암교차로 외 4개소 사고잦은곳개선
국도38호선 이천시 장호원읍 진암리 진암교차로 등 4개소 사고잦은 곳 개선공사(전기),국도38호선 이천 진암교차로 외 4개소 개선(전기)
국도38호선 장릉육교(상) 등 2개소 정밀안전진단 및 성능평가용역,국도38호선 장릉육교 외 2개소 진단·성능평가
국도38호선 장호원교 등 9개소 건설엔지니어링 사업(성능평가),국도38호선 장호원교 외 9개소 성능평가
국도38호선 제천 다릿재 ~ 강원도계.느릅재터널 차선도색 정비공사,국도38호선 제천 다릿재~강원도계 차선도색
국도38호선 제천 무도리 등 2개소 도로포장 보수공사 폐기물처리 용역,국도38호선 제천 무도리 외 2개소 포장 폐기물처리
국도38호선 제천 백운 평동 절토사면 등 7개소 건설엔지니어링 사업(정밀안전점검),국도38호선 제천 백운 평동 외 7개소 정밀점검
국도38호선 주포2교 등 6개소 건설엔지니어링 사업(내진성능평가),국도38호선 주포2교 외 6개소 내진성능평가
국도38호선 중원교 등 6개소 교량보수공사-GMA방수아스팔트,국도38호선 중원교 외 6개소 GMA방수아스팔트
국도38호선 증산터널(상) 등 35개소 제2종 시설물 정밀안전점검 및 성능평가용역,국도38호선 증산터널 외 35개소 점검·성능평가
국도38호선 지장천1교(상) 등 21개소 제2종 시설물 정밀안전점검 및 성능평가용역,국도38호선 지장천1교 외 21개소 점검·성능평가
국도38호선 지장천1교(상) 등 66개소 정기안전점검용역,국도38호선 지장천1교 외 66개소 정기안전점검
국도38호선 진암IC 등 2개소 포장보수공사 폐기물처리용역,국도38호선 진암IC 등 포장보수 폐기물처리
국도38호선 진암IC∼진암IC1+0.120 등 포장(응급)보수공사,국도38호선 진암IC 응급포장보수
국도38호선 창원교(상) 등 2개소 정밀안전진단 및 성능평가용역,국도38호선 창원교 등 정밀안전진단·성능평가
국도38호선 천기1터널 등6개소 방재시설(전기) 보수공사,국도38호선 천기1터널 등 방재시설 보수
국도38호선 충주 엄정 율능 절토사면 등 10개소 건설엔지니어링 사업(정밀안전점검 및 성능평가),국도38호선 충주 절토사면 등 정밀안전점검
국도38호선 평택시 현덕면 권관리 778-6번지 등 8개소 배수시설 정비공사,국도38호선 평택 권관리 등 배수시설 정비
국도38호선 평택시 현덕면 권관리 778-6번지 등 8개소 배수시설 정비공사 폐기물처리용역,국도38호선 평택 배수시설 정비 폐기물처리
국도38호선 하영고가교 등 31개소 건설엔지니어링 사업(정기안전점검),국도38호선 하영고가교 등 정기안전점검
국도38호선 하정교(상) 등 24개소 제1종 시설물 정밀안전점검 및 성능평가용역,국도38호선 하정교 등 정밀안전점검·성능평가
국도39호선 곡교교차로~경기도계간 등 2개구간 차선도색공사,국도39호선 곡교교차로 등 차선도색
국도39호선 발안교A2~제암육교A1 등 5개소 포장보수공사,국도39호선 발안교 등 포장보수
국도39호선 발안교A2~제암육교A1 등 5개소 포장보수공사 폐기물처리용역,국도39호선 발안교 등 포장보수 폐기물처리
국도39호선 송담사거리0-0.210∼0+0.190 등 포장(응급)보수공사,국도39호선 송담사거리 응급포장보수
국도39호선 쌍학교차로+0.012~쌍학교차로+2.313 등 4개소 포장보수공사,국도39호선 쌍학교차로 등 포장보수
국도39호선 쌍학교차로+0.012~쌍학교차로+2.313 등 4개소 포장보수공사 폐기물처리용역,국도39호선 쌍학교차로 포장보수 폐기물처리
국도39호선 아산 송악~외암마을 입구 단구간 확장공사 폐기물처리용역(폐아스콘 제외),국도39호선 아산 송악 확장 폐기물처리
국도39호선 아산 송악~외암마을 입구 단구간 확장공사 폐기물처리용역(폐아스콘),국도39호선 아산 송악 확장 폐아스콘처리
국도39호선 아산 송악~외암마을입구 단구간 확장공사 안전점검용역,국도39호선 아산 송악 확장 안전점검
국도39호선 아산 영인 신운졸음쉼터 설치공사 건설폐기물처리용역,국도39호선 아산 신운졸음쉼터 폐기물처리
국도39호선 인주육교 등 4개교 내진보강공사(전단키 설치),국도39호선 인주육교 등 내진보강
국도39호선 인주육교 등 9개소 정밀안전점검 및 장재교 등 9개소 정기안전점검용역,국도39호선 인주육교 등 정밀·정기안전점검
국도39호선 장흥터널(하) 등 3개소 정밀안전점검 및 성능평가용역,국도39호선 장흥터널 등 정밀안전점검·성능평가
국도39호선 현곡교 일원 등 2개소포장(응급)보수공사 폐기물처리용역,국도39호선 현곡교 응급포장보수 폐기물처리
국도39호선 현곡교A1 1+0.340~1+0.880 등 포장(응급)보수공사,국도39호선 현곡교 응급포장보수
국도39호선 현곡지하차도5+0.100∼6+0.248 등 포장보수공사,국도39호선 현곡지하차도 등 포장보수
국도39호선 현곡지하차도5+0.100∼6+0.248 등 포장보수공사 폐기물처리용역,국도39호선 현곡지하차도 포장보수 폐기물처리
국도3호선 각서1교 등 3개소 정밀안전점검 및 내진성능평가 기술용역,국도3호선 각서1교 등 정밀안전점검·내진평가
국도3호선 각서2교 등 3개소 정밀안전점검 및 내진성능평가 기술용역,국도3호선 각서2교 등 정밀안전점검·내진평가
국도3호선 감천터널(하) 등 4개소 정밀안전점검 및 성능평가 기술용역,국도3호선 감천터널 등 정밀안전점검·성능평가
국도3호선 거창 상림지구 등 21개소 낙석산사태 정비공사,국도3호선 거창 상림지구 등 낙석산사태 정비
"국도3호선 경기도계, 청미천교~충주, 주덕교차로 차선도색 정비공사",국도3호선 청미천교 등 차선도색 정비
"국도3호선 경북도계,이화령터널~노루목교 차선도색 정비공사",국도3호선 이화령터널 등 차선도색 정비
국도3호선 고암IC1교 등 5개소 정밀안전진단 및 1종 성능평가용역,국도3호선 고암IC1교 등 정밀안전진단·성능평가
국도3호선 광주1터널 등 2개소 제연설비 설치공사 실시설계용역,국도3호선 광주1터널 등 제연설비 실시설계
국도3호선 광주2터널 등 7개소 정량적 위험도평가용역(QRA),국도3호선 광주2터널 등 정량적위험도평가
국도3호선 괴산군 연풍면 삼풍리 등 4개소 방호울타리 정비공사,국도3호선 괴산 삼풍리 등 방호울타리 정비
국도3호선 금단1교 등 28개소 건설엔지니어링 사업(정기안전점검),국도3호선 금단1교 등 정기안전점검
국도3호선 김천 구성 구미지구 등 6개소 도로시설물 정비공사,국도3호선 김천 구미지구 등 도로시설물 정비
국도3호선 남강대교 등 7개소 건설엔지니어링사업(정밀안전점검),국도3호선 남강대교 등 정밀안전점검
국도3호선 남해 미조 송정리1 위험도로 개선공사 폐기물처리용역,국도3호선 남해 송정리1 위험도로 폐기물처리
국도3호선 남해 미조 송정리2 위험도로 개선공사 폐기물처리용역,국도3호선 남해 송정리2 위험도로 폐기물처리
국도3호선 남해 미조 송정지구 등 2개소 도로시설 정비공사,국도3호선 남해 송정지구 등 도로시설 정비
국도3호선 남해 미조 송정지구 등 2개소 도로시설 정비공사 폐기물처리용역,국도3호선 남해 송정지구 정비 폐기물처리
국도3호선 남해 미조 송정지구 등 2개소 배수시설 정비공사,국도3호선 남해 송정지구 등 배수시설 정비
국도3호선 남해 미조 송정지구 등 2개소 배수시설 정비공사 폐기물처리용역,국도3호선 남해 송정지구 배수정비 폐기물처리
국도3호선 대방터널(상) 등 25개소 정밀안전점검 및 성능평가 기술용역,국도3호선 대방터널 등 정밀안전점검·성능평가
국도3호선 도암1 등 7개소 옹벽 및 절토사면 정밀안전(정기)점검 및 성능평가용역,국도3호선 도암1 등 옹벽·사면 정밀점검·성능평가
국도3호선 등 10개노선 전기 및 방재시설 보수공사 실시설계용역,국도3호선 등 전기·방재시설 보수 실시설계
국도3호선 문경 마성 신현리 등 5개소 생태통로 정비공사,국도3호선 문경 신현리 등 생태통로 정비
국도3호선 문경 문경 각서지구 등 관내 도로표지판 정비공사,국도3호선 문경 각서지구 등 도로표지판 정비
국도3호선 문경 문경 등 7개소 도로시설물 정비공사 건설폐기물처리용역,국도3호선 문경 등 도로시설물 정비 폐기물처리
국도3호선 문경 문경 마원 등 3개소 동물유도울타리 설치공사,국도3호선 문경 마원 등 동물유도울타리 설치
국도3호선 민락2교 등 포장 및 시설물 보수공사 등 2개공사 폐기물처리용역,국도3호선 민락2교 등 포장·시설물 폐기물처리
"국도3호선 불정1교 등 2개소 정밀안전진단, 성능평가 및 내진성능평가 기술용역",국도3호선 불정1교 등 정밀안전진단·내진평가
국도3호선 불정1교 등 58개소 시설물 보수공사 실시설계용역,국도3호선 불정1교 등 시설물 보수 실시설계
"국도3호선 불정2교 등 3개소 정밀안전진단, 성능평가 및 내진성능평가 기술용역",국도3호선 불정2교 등 정밀안전진단·내진평가
국도3호선 산청 신안 외송지구 등 5개소 수해응급복구공사,국도3호선 산청 외송지구 등 수해응급복구
국도3호선 산청 신안 하정지구 등 37개소 정밀안전점검 및 성능평가 기술용역(1차),국도3호선 산청 하정지구 등 정밀점검·성능평가
국도3호선 산청 외송2지구 수해복구공사 임목폐기물처리용역,국도3호선 산청 외송2지구 임목폐기물처리
국도3호선 산청 중촌지구 외 1개소 수해복구공사 폐기물처리용역,국도3호선 산청 중촌지구 수해복구 폐기물처리
국도3호선 삼강교 등 2개소 정밀안전진단 및 성능평가 기술용역,국도3호선 삼강교 등 정밀안전진단·성능평가
국도3호선 상주 공성 이화지구 등 10개소 포장도 보수공사,국도3호선 상주 이화지구 등 포장도 보수
국도3호선 상주 공성 이화지구 등 10개소 포장도 보수공사 건설폐기물처리용역,국도3호선 상주 이화지구 포장보수 폐기물처리
국도3호선 상주 공성 이화지구 등 10개소 포장도 보수공사 관급자재(개질아스콘),국도3호선 상주 이화지구 포장 개질아스콘
국도3호선 상주 공성 이화지구 등 10개소 포장도 보수공사 관급자재(결빙방지 표면처리제),국도3호선 상주 이화지구 결빙방지 표면처리제
국도3호선 상주 사벌국 원흥~문경 문경 각서리 도로정비작업,국도3호선 상주 원흥~문경 각서리 도로정비
국도3호선 상주 외서 연봉리 등 6개소 정밀안전점검 및 성능평가 기술용역,국도3호선 상주 연봉리 등 정밀점검·성능평가
국도3호선 상주 청리 마공지구 등 3개소 포장도 보수공사,국도3호선 상주 마공지구 등 포장도 보수
국도3호선 상주 청리 마공지구 등 3개소 포장도 보수공사 건설폐기물 처리용역,국도3호선 상주 마공지구 포장보수 폐기물처리
국도3호선 상주 청리 마공지구 등 3개소 포장도 보수공사 관급자재(개질아스콘),국도3호선 상주 마공지구 포장 개질아스콘
국도3호선 상주 함창 대조리 병목지점 개선공사 건설폐기물처리용역,국도3호선 상주 대조리 병목개선 폐기물처리
국도3호선 생초교(상) 등 6개소 건설엔지니어링사업(정밀안전진단 및 성능평가),국도3호선 생초교 등 정밀안전진단·성능평가
국도3호선 생초터널(상) 등 3개소 조명시설 개선공사 재해예방 기술지도용역,국도3호선 생초터널 등 조명개선 기술지도
국도3호선 수옥정2교(상) 등 3개소 교량보수공사-ESGPHALT 개질아스팔트,국도3호선 수옥정2교 등 교량보수 개질아스팔트
국도3호선 수하 등 7개소 옹벽 및 절토사면 정밀안전(정기)점검 및 성능평가용역,국도3호선 수하 등 옹벽·사면 정밀점검·성능평가
국도3호선 신풍교 등 3개소 건설엔지니어링 사업(정밀안전점검),국도3호선 신풍교 등 정밀안전점검
국도3호선 양봉교 등 9개소 건설엔지니어링 사업(성능평가),국도3호선 양봉교 등 성능평가
국도3호선 양주 자금교A2~양주터널A1 등 12개소 포장도 보수공사,국도3호선 양주 자금교 등 포장도 보수
국도3호선 양주 자금교A2~양주터널A1 등 12개소 포장도 보수공사 건설폐기물처리용역,국도3호선 양주 자금교 포장보수 폐기물처리
국도3호선 양주 청담천교A2~회암IC교A1 등 8개소 포장도 보수공사,국도3호선 양주 청담천교 등 포장도 보수
국도3호선 양주 청담천교A2~회암IC교A1 등 8개소 포장도 보수공사 건설폐기물처리용역,국도3호선 양주 청담천교 포장보수 폐기물처리
국도3호선 양주 회암IC~동두천 소요산IC 일원 콘크리트 포장도 보수공사,국도3호선 양주 회암~소요산 콘크리트포장보수
국도3호선 양지교(상) 등 4개소 건설엔지니어링 사업(내진성능평가),국도3호선 양지교 등 내진성능평가
국도3호선 연천 꽃봉산천교A2~신서교차로 등 2개소 포장도 보수공사 건설폐기물처리용역,국도3호선 연천 꽃봉산천교 포장 폐기물처리
국도3호선 연천 꽃봉산천교A2~신서교차로 등 5개소 포장도 보수공사,국도3호선 연천 꽃봉산천교 등 포장도 보수
국도3호선 연천 동막교차로 병목지점 개선공사 폐기물처리용역,국도3호선 연천 동막교차로 병목개선 폐기물처리
국도3호선 연천 신서교차로~신서교차로+1.614 등 3개소 포장도 보수공사 건설폐기물처리용역,국도3호선 연천 신서교차로 포장 폐기물처리
국도3호선 연천 신서교차로~자향교차로 일원 포장도 보수공사 건설폐기물처리용역,국도3호선 연천 신서~자향 포장 폐기물처리
국도3호선 연천 애미교A2+0.551~애미교A2+0.955 등 10개소 포장도 보수공사,국도3호선 연천 애미교 등 포장도 보수
국도3호선 연천 옥산1천교A2+1.237~옥산1천교A2+1.796 등 6개소 포장도 보수공사 건설폐기물처리용역,국도3호선 연천 옥산1천교 포장 폐기물처리
국도3호선 연천 와초IC교A2~옥산2천교A1 등 4개소 포장도 보수공사 건설폐기물처리용역,국도3호선 연천 와초IC교 포장 폐기물처리
국도3호선 연천 자향교차로~신서교차로 일원 포장도 보수공사 건설폐기물처리용역,국도3호선 연천 자향~신서 포장 폐기물처리
국도3호선 용두교 등 3개소 건설엔지니어링 사업(내진성능평가),국도3호선 용두교 등 내진성능평가
국도3호선 용수교(하) 등 시설물 보수공사 폐기물처리용역,국도3호선 용수교 등 시설물보수 폐기물처리
국도3호선 윤직I.C 3교 등 17개소 정밀안전점검 및 정기안전점검 기술용역,국도3호선 윤직IC3교 등 정밀·정기안전점검
국도3호선 은현IC R-E교 등 포장 및 시설물 보수공사,국도3호선 은현IC R-E교 등 포장·시설물 보수
국도3호선 은현IC R-E교 등 포장 및 시설물 보수공사 등 2개공사 폐기물처리용역,국도3호선 은현IC R-E교 등 보수 폐기물처리
국도3호선 의정부 장암IC~양주 회암IC 일원 콘크리트 포장도 보수공사,국도3호선 의정부 장암~회암 콘크리트포장보수
"국도3호선 이화령터널(상) 등 26개소 정밀안전점검, 성능평가 및 정기안전점검 기술용역",국도3호선 이화령터널 등 정밀·정기점검·성능평가
국도3호선 이화령터널(하) 등 20개소 정밀안전점검 및 정기안전점검 기술용역,국도3호선 이화령터널 등 정밀·정기안전점검
국도3호선 이화령터널(하) 등 2개소 정밀안전진단 및 성능평가 기술용역,국도3호선 이화령터널 등 정밀안전진단·성능평가
국도3호선 입석교 등 30개소 건설엔지니어링 사업(정기안전점검),국도3호선 입석교 등 정기안전점검
국도3호선 자금IC R-E교 등 포장 및 시설물 보수공사,국도3호선 자금IC R-E교 등 포장·시설물 보수
국도3호선 자금IC R-E교 등 포장 및 시설물 보수공사 폐기물처리용역,국도3호선 자금IC R-E교 등 보수 폐기물처리
국도3호선 적석교 등 7개소 교량보수공사-RPMA 개질아스팔트,국도3호선 적석교 등 교량보수 개질아스팔트
국도3호선 주상-한기리1 등 4개 국도건설공사 사후평가용역,국도3호선 주상-한기리1 등 국도건설 사후평가
국도3호선 지석 등 7개소 옹벽 및 절토사면 정밀안전(정기)점검 및 성능평가용역,국도3호선 지석 등 옹벽·사면 정밀점검·성능평가
국도3호선 진남2교 등 2개소 교면포장 보수공사 건설폐기물처리용역,국도3호선 진남2교 등 교면포장보수 폐기물처리
"국도3호선 진남2교 등 2개소 정밀안전진단, 성능평가 및 내진성능평가 기술용역",국도3호선 진남2교 등 정밀진단·내진평가
국도3호선 진남3교(상1) 등 2개소 정밀안전점검 및 내진성능평가 기술용역,국도3호선 진남3교 등 정밀안전점검·내진평가
국도3호선 초곡1교 등 4개소 정밀안전점검 및 성능평가 기술용역,국도3호선 초곡1교 등 정밀안전점검·성능평가
국도3호선 충주 모남리 등 4개소 도로포장 보수공사 폐기물처리 용역,국도3호선 충주 모남리 등 도로포장보수 폐기물
국도3호선 충주 살미 설운 절토사면 등 8개소 건설엔지니어링 사업(정밀안전점검),국도3호선 충주 설운 사면 등 정밀안전점검
국도3호선 충주 용관동 등 7개소 도로포장 보수공사 폐기물처리 용역,국도3호선 충주 용관동 등 도로포장보수 폐기물
국도3호선 충주 용관동 등 7개소 도로포장 보수공사-로드팔트 개질아스팔트,국도3호선 충주 용관동 등 포장 개질아스팔트
국도3호선 충주시 수안보면 수회리 등 8개소 방호울타리 정비공사,국도3호선 충주 수회리 등 방호울타리 정비
국도3호선 토현교 등 14개소 건설엔지니어링사업(정밀안전점검),국도3호선 토현교 등 정밀안전점검
국도3호선 함양 안의 대대지구 등 27개소 정밀안전점검 및 성능평가 기술용역(1차),국도3호선 함양 대대지구 등 정밀점검·성능평가
"국도4,7호선 경산 경주 포항 영덕 등 19개소 포장도 보수공사(1공구)",국도4·7호선 경산 등 포장도 보수(1공구)
"국도4,7호선 경산 경주 포항 영덕 등 19개소 포장도 보수공사(1공구) 건설폐기물 운반용역",국도4·7호선 경산 포장보수 폐기물운반(1공구)
"국도4,7호선 경산 경주 포항 영덕 등 19개소 포장도 보수공사(2공구)",국도4·7호선 경산 등 포장도 보수(2공구)
"국도4,7호선 경산 경주 포항 영덕 등 19개소 포장도 보수공사(2공구) 건설폐기물 운반용역",국도4·7호선 경산 포장보수 폐기물운반(2공구)
"국도4,7호선 경산 경주 포항 영덕 등 19개소 포장도 보수공사(3공구)",국도4·7호선 경산 등 포장도 보수(3공구)
"국도4,7호선 경산 경주 포항 영덕 등 19개소 포장도 보수공사(3공구) 건설폐기물 운반용역",국도4·7호선 경산 포장보수 폐기물운반(3공구)
국도40호선 저동교(상행) 등  2개소 정밀안전진단·성능평가 및 내진성능평가,국도40호선 저동교 등 정밀진단·내진평가
국도42호선 CPK삼거리0+0.240∼1+0.440 등 포장보수공사,국도42호선 CPK삼거리 등 포장보수
국도42호선 대촌교차로 등 2개소 포장보수공사 폐기물처리용역,국도42호선 대촌교차로 등 포장보수 폐기물처리
국도42호선 대촌교차로15+0.474∼대촌교차로14+0.594 등 2개소 포장보수공사,국도42호선 대촌교차로 등 포장보수
국도42호선 등 3개 노선 절토사면 25개소 정밀안전점검 및 제2종 성능평가용역,국도42호선 등 절토사면 정밀점검·성능평가
국도42호선 매대1교(상) 등 2개소 정밀안전진단 및 성능평가용역,국도42호선 매대1교 등 정밀안전진단·성능평가
국도42호선 문재터널 등 9개 터널 정밀안전점검 및 성능평가 용역,국도42호선 문재터널 등 정밀안전점검·성능평가
국도42호선 반계2교(상) 등 15개 교량 정밀안전점검용역,국도42호선 반계2교 등 교량 정밀안전점검
국도42호선 복술2교(상) 등 9개 교량 정밀안전점검용역,국도42호선 복술2교 등 교량 정밀안전점검
국도42호선 복하2교∼서희교사거리 등 포장(응급)보수공사,국도42호선 복하2교 등 응급포장보수
국도42호선 본동1교 등 2개소 정밀안전진단 및 성능평가용역,국도42호선 본동1교 등 정밀안전진단·성능평가
국도42호선 상하터널 등 2개소 방재시설 설치공사(전기) 실시설계용역,국도42호선 상하터널 등 방재시설 실시설계
국도42호선 소탄교차로 외 6개소 도로포장 보수공사 관급자재_개질아스콘,국도42호선 소탄교차로 등 도로포장 개질아스콘
국도42호선 소탄교차로 외 6개소 도로포장 보수공사 폐기물처리용역(폐아스콘),국도42호선 소탄교차로 포장보수 폐아스콘처리
국도42호선 신기터널입구∼신기터널입구1+0.120 등 2개소 포장보수공사,국도42호선 신기터널입구 등 포장보수
국도42호선 쌍동교 등 11개소 시설물 보수공사 관급자재-친환경 교면포장재,국도42호선 쌍동교 등 친환경 교면포장재
국도42호선 아우라지터널 등 75개소 터널 및 교량 배수시설 정비공사,국도42호선 아우라지터널 등 배수시설 정비
국도42호선 안흥-방림 전기·소방·통신 재해예방기술지도용역,국도42호선 안흥-방림 전기·소방 기술지도
국도42호선 안흥-방림1 도로건설공사(8차) 관급자재(1회)-레미콘 2종총액(평창권),국도42호선 안흥-방림1 레미콘(평창권)
국도42호선 안흥-방림1 도로건설공사(8차) 관급자재(1회)-레미콘 4종총액(횡성권),국도42호선 안흥-방림1 레미콘(횡성권)
국도42호선 양지사거리0-0.220~0+0.500 등 3개소 포장(응급)보수공사 폐기물처리용역,국도42호선 양지사거리 등 응급포장 폐기물처리
국도42호선 양지사거리0-0.220~0+0.500 등 포장보수공사,국도42호선 양지사거리 등 포장보수
국도42호선 여주 강천 간매리 등 16개소 방호울타리 설치공사,국도42호선 여주 간매리 등 방호울타리 설치
국도42호선 여주 세종대왕 용은리 등 12개소 방호울타리 설치공사,국도42호선 여주 용은리 등 방호울타리 설치
국도42호선 여주시 세종대왕면 왕대리 983-4번지 등 5개소 배수시설 정비공사,국도42호선 여주 왕대리 등 배수시설 정비
국도42호선 여주시 세종대왕면 왕대리 983-4번지 등 5개소 배수시설 정비공사  폐기물처리용역,국도42호선 여주 왕대리 배수정비 폐기물처리
국도42호선 용인시 기흥구 상하동 125번지 등 11개소 배수시설 정비공사,국도42호선 용인 상하동 등 배수시설 정비
국도42호선 용인시 기흥구 상하동 125번지 등 11개소 배수시설 정비공사 폐기물처리용역,국도42호선 용인 상하동 배수정비 폐기물처리
국도42호선 운교 등 6개소 터널 및 교량보수공사 등 3개공사 폐기물처리용역,국도42호선 운교 등 터널·교량보수 폐기물처리
국도42호선 원주 문막 대둔 등 3개소 야생동물 보호시설 설치공사,국도42호선 원주 대둔 등 야생동물보호시설 설치
국도42호선 원주 문막 등 3개소 배수시설 정비공사 폐기물처리용역,국도42호선 원주 문막 등 배수정비 폐기물처리
국도42호선 원주 지정 보통 등 2개소 사고 잦은 곳 개선공사,국도42호선 원주 보통 등 사고잦은곳 개선
국도42호선 원주 지정 보통 등 3개소 사고 잦은 곳 개선공사(전기),국도42호선 원주 보통 등 사고잦은곳 개선(전기)
국도42호선 원주 흥업 대안 산24-19 등 2개소 도로정비공사 폐기물처리용역,국도42호선 원주 흥업 산24 등 도로정비 폐기물
국도42호선 원주 흥업 흥업 산60-5 외 19개소 도로유지보수공사 폐기물처리용역,국도42호선 원주 흥업 등 도로유지보수 폐기물
국도42호선 이치1교A2~이치1교A2+1.104  등 2개소 포장보수공사 폐기물처리용역,국도42호선 이치1교 등 포장보수 폐기물처리
국도42호선 이치1교A2~이치1교A2+1.104 등 2개소 포장보수공사,국도42호선 이치1교 등 포장보수
국도42호선 정선 임계 송계2 등 3개소 위험도로개선공사 기본 및 실시설계용역,국도42호선 정선 송계2 등 위험도로 실시설계
국도42호선 정선 임계 임계~강릉 옥계 남양 도로정비공사,국도42호선 정선 임계~강릉 남양 도로정비
국도42호선 정선 임계-동해 신흥 도로건설공사 건설폐기물처리용역,국도42호선 정선 임계-동해 신흥 폐기물처리
국도42호선 정선 임계-동해 신흥 도로건설공사 임목폐기물처리용역,국도42호선 정선 임계-동해 신흥 임목폐기물
국도42호선 정선 임계-동해 신흥 도로건설공사 정기안전점검 및 초기점검용역,국도42호선 정선 임계-동해 신흥 정기안전점검
국도42호선 정선 임계-동해 신흥 도로건설공사(2차) 관급자재(1회)-레미콘 1종총액,국도42호선 정선 임계-동해 신흥 레미콘
국도42호선 정선군 정선읍 덕송리 등 4개소 도로옹벽 긴급 정밀안전점검용역,국도42호선 정선 덕송리 등 도로옹벽 정밀점검
국도42호선 정선터널 등 3개소 노면모니터링시스템(통신) 설치공사,국도42호선 정선터널 등 노면모니터링 설치
국도42호선 정선터널 등 42개소 터널 및 교량 배수시설 정비공사,국도42호선 정선터널 등 배수시설 정비
국도42호선 창리1교 등 2개소 정밀안전진단 및 성능평가용역,국도42호선 창리1교 등 정밀안전진단·성능평가
국도42호선 추계1교A2+0.892~추계1교A2+2.190  등 3개소 포장보수공사 폐기물처리용역,국도42호선 추계1교 등 포장보수 폐기물처리
국도42호선 추계1교A2+0.892~추계1교A2+2.190 등 3개소 포장보수공사,국도42호선 추계1교 등 포장보수
국도42호선 춘천 서 안보 등 3개소 사고 잦은 곳 개선공사(전기),국도42호선 춘천 안보 등 사고잦은곳 개선(전기)
국도42호선 평창 평창 노론~정선 정선 광하 도로정비공사,국도42호선 평창 노론~정선 광하 도로정비
국도42호선 횡성 우천 오원 등 3개소 방호울타리 정비공사,국도42호선 횡성 오원 등 방호울타리 정비
국도43호선 24DN43T05600 등 10개소 정밀안전점검 및 성능평가용역,국도43호선 등 10개소 정밀점검·성능평가
국도43호선 갈매교 등 3개소 성능평가(정밀안전점검포함),국도43호선 갈매교 등 성능평가
국도43호선 교포천교A2~오성IC 등 5개소 포장보수공사,국도43호선 교포천교 등 포장보수
국도43호선 교포천교A2~오성IC 등 5개소 포장보수공사 폐기물처리용역,국도43호선 교포천교 등 포장보수 폐기물처리
국도43호선 기산1교(상) 등 시설물 보수공사 폐기물처리용역,국도43호선 기산1교 등 시설물보수 폐기물처리
국도43호선 길음졸음쉼터 일원 포장보수공사 폐기물처리용역,국도43호선 길음졸음쉼터 포장보수 폐기물처리
국도43호선 김화교(상) 등 10개 교량 정밀안전점검용역,국도43호선 김화교 등 교량 정밀안전점검
국도43호선 김화교A2+1.377 등 8개소 포장정비공사,국도43호선 김화교 등 포장정비
국도43호선 김화교A2+1.377 등 8개소 포장정비공사 폐기물처리용역,국도43호선 김화교 등 포장정비 폐기물처리
국도43호선 남양주 청학터널A2+0.716~청학터널A2+2.134 등 4개소 포장도 보수공사 건설폐기물처리용역,국도43호선 남양주 청학터널 포장 폐기물처리
국도43호선 문혜1교(상) 등 14개 교량 정밀안전점검용역,국도43호선 문혜1교 등 교량 정밀안전점검
국도43호선 보통교차로 개선공사 폐기물(폐아스콘)처리용역,국도43호선 보통교차로 개선 폐아스콘처리
국도43호선 보통교차로 개선공사 폐기물(폐콘크리트)처리용역,국도43호선 보통교차로 개선 폐콘크리트처리
국도43호선 삼성교 등 2개소 성능평가(정밀안전진단포함),국도43호선 삼성교 등 성능평가
국도43호선 송용지하차도 3개소 정밀안전점검 및 신정교 등 38개소 정기안전점검용역,국도43호선 송용지하차도 등 정밀·정기점검
국도43호선 송촌 절토사면 등 6개소 정밀안전점검 및 16개소 정기안전점검,국도43호선 송촌 사면 등 정밀·정기안전점검
국도43호선 수산1교 등 5개소 정밀안전점검 및 성능평가 ,국도43호선 수산1교 등 정밀안전점검·성능평가
국도43호선 숙성1교A2~평택대교A1 등 3개소 포장보수공사,국도43호선 숙성1교 등 포장보수
국도43호선 숙성1교A2~평택대교A1 등 3개소 포장보수공사 폐기물처리용역,국도43호선 숙성1교 등 포장보수 폐기물처리
국도43호선 신남교(상) 등 10개 교량 정밀안전점검용역,국도43호선 신남교 등 교량 정밀안전점검
국도43호선 신법1교 등 2개소 시설물 복구공사 안전점검용역,국도43호선 신법1교 등 시설물복구 안전점검
국도43호선 신왕삼거리~신왕삼거리+0.795 등 3개소 포장보수공사,국도43호선 신왕삼거리 등 포장보수
국도43호선 신왕삼거리~신왕삼거리+0.795 등 3개소 포장보수공사 폐기물처리용역,국도43호선 신왕삼거리 등 포장보수 폐기물처리
국도43호선 쌍학3육교A2 ~ 숙곡교A1 등 9개소 포장보수공사,국도43호선 쌍학3육교~숙곡교 등 포장보수
국도43호선 쌍학3육교A2 ~ 숙곡교A1 등 9개소 포장보수공사 폐기물처리용역,국도43호선 쌍학3육교 등 9개소 포장보수 폐기물처리
국도43호선 아산1권역 도로포장 보수공사(PSMA 아스콘),국도43호선 아산1권역 도로포장보수(PSMA)
국도43호선 아산1권역 도로포장 보수공사(PSMA 아스콘) 건설폐기물처리용역,국도43호선 아산1권역 포장보수 폐기물처리
국도43호선 아산2권역 도로포장 보수공사(PSMA 아스콘),국도43호선 아산2권역 도로포장보수(PSMA)
국도43호선 아산2권역 도로포장 보수공사(PSMA 아스콘) 건설폐기물처리용역,국도43호선 아산2권역 포장보수 폐기물처리
국도43호선 아산2권역 도로포장 보수공사(개질아스콘) 건설폐기물처리용역,국도43호선 아산2권역 개질아스콘 포장보수 폐기물처리
국도43호선 아산3권역 도로포장 보수공사(개질아스콘) 건설폐기물처리용역,국도43호선 아산3권역 개질아스콘 포장보수 폐기물처리
국도43호선 아산4권역 도로포장 보수공사(개질아스콘) 건설폐기물처리용역,국도43호선 아산4권역 개질아스콘 포장보수 폐기물처리
국도43호선 오성2교A2 ~ 교포천교A1 등 3개소 포장보수공사,국도43호선 오성2교 등 3개소 포장보수
국도43호선 오성2교A2 ~ 교포천교A1 등 3개소 포장보수공사 폐기물처리용역,국도43호선 오성2교 등 3개소 포장보수 폐기물처리
국도43호선 오성2교A2~숙성1교A1 등 5개소 포장보수공사,국도43호선 오성2교 등 5개소 포장보수
국도43호선 오성2교A2~숙성1교A1 등 5개소 포장보수공사 폐기물처리용역,국도43호선 오성2교 등 5개소 포장보수 폐기물처리
"국도43호선 오성IC-RAMP(B,D) 등   포장(응급)보수공사",국도43호선 오성IC램프 등 포장응급보수
국도43호선 용두3교 등 4개소 정밀안전점검 및 제1외암교 등 38개소 정기안전점검용역,국도43호선 용두3교 등 정밀·정기안전점검
국도43호선 용두생태터널 등 2개소 성능평가(정밀안전진단포함),국도43호선 용두생태터널 등 2개소 성능평가
국도43호선 용두터널 외 1개소 라디오 재방송설비 보수공사,국도43호선 용두터널 등 라디오재방송설비 보수
국도43호선 용두터널(상) 등 2개소 성능평가(정밀안전진단포함),국도43호선 용두터널 등 2개소 성능평가
국도43호선 진안1지하차도A2~진안1육교A1 등 7개소 포장보수공사,국도43호선 진안1지하차도 등 7개소 포장보수
국도43호선 진안1지하차도A2~진안1육교A1 등 7개소 포장보수공사 폐기물처리용역,국도43호선 진안1지하차도 등 7개소 포장보수
국도43호선 철원 갈말 군탄 명성교차로 개선공사 임목폐기물처리용역,국도43호선 철원 명성교차로 개선 임목폐기물처리
국도43호선 철원 갈말 군탄 명성교차로 개선공사 폐기물처리용역,국도43호선 철원 명성교차로 개선 폐기물처리
국도43호선 철원 김화 청양 등 2개소 야생동물 보호시설 설치공사,국도43호선 철원 등 2개소 야생동물 보호시설 설치
국도43호선 탕정교(상) 등 3개소 성능평가(정밀안전진단포함),국도43호선 탕정교 등 3개소 성능평가
국도43호선 태안지하차도A2~진안3지하차도A1  등 4개소 포장보수공사 폐기물처리용역,국도43호선 태안지하차도 등 4개소 포장보수 폐기물처리
국도43호선 태안지하차도A2~진안3지하차도A1 등 4개소 포장보수공사,국도43호선 태안지하차도 등 4개소 포장보수
국도43호선 팔탄입구삼거리+1.406~가재교차로  등 5개소 포장보수공사 폐기물처리용역,국도43호선 팔탄입구 등 5개소 포장보수 폐기물처리
국도43호선 팔탄입구삼거리+1.406~가재교차로 등 5개소 포장보수공사,국도43호선 팔탄입구 등 5개소 포장보수
국도43호선 평택대교A2~길음1교A2 등 4개소 포장보수공사,국도43호선 평택대교 등 4개소 포장보수
국도43호선 평택대교A2~길음1교A2 등 4개소 포장보수공사 폐기물처리용역,국도43호선 평택대교 등 4개소 포장보수 폐기물처리
국도43호선 포천 영북 문암 외 3개소 도로시설 개선공사,국도43호선 포천 문암 외 3개소 도로시설 개선
국도43호선 포천 영북 문암 외 3개소 도로시설 개선공사 건설폐기물처리용역,국도43호선 포천 문암 외 3개소 도로시설 폐기물처리
국도43호선 포천 영북 야미리 일원 외 1개소 보도설치공사,국도43호선 포천 야미리 외 1개소 보도설치
국도43호선 포천 영북 야미리 일원 외 1개소 보도설치공사 건설폐기물처리용역,국도43호선 포천 야미리 보도설치 폐기물처리
국도43호선 향남2교A2+0.733∼향남2교A2+1.598 등 4개소 포장보수공사,국도43호선 향남2교 등 4개소 포장보수
국도43호선 향남2교A2+0.733∼향남2교A2+1.598 등 4개소 포장보수공사 폐기물처리용역,국도43호선 향남2교 등 4개소 포장보수 폐기물처리
국도43호선 화성 향남읍 상신리 62-27번지 등 11개소 배수시설 정비공사 폐기물처리용역,국도43호선 화성 상신리 등 11개소 배수정비
국도43호선 화성 향남읍 상신리 62-27번지등 11개소 배수시설 정비공사,국도43호선 화성 상신리 등 11개소 배수시설 정비
국도44호선 가리산교차로+0.280 등 2개소 포장정비공사,국도44호선 가리산교차로 등 2개소 포장정비
국도44호선 가리산교차로+0.280 등 2개소 포장정비공사 폐기물처리용역,국도44호선 가리산교차로 등 2개소 포장정비 폐기물처리
"국도44호선 가리산교차로+0.280 등 2개소 포장정비공사, 개질아스팔트",국도44호선 가리산교차로 등 포장정비 개질아스팔트
국도44호선 갈직교 등 2개소 시설물 보수공사 폐기물처리용역,국도44호선 갈직교 등 2개소 시설물보수 폐기물처리
국도44호선 강릉국토 관내 배수암거 정비공사 폐기물처리용역,국도44호선 강릉 관내 배수암거 정비 폐기물처리
국도44호선 남전1교(상) 등 2개 교량 정밀안전진단 및 성능평가 용역,국도44호선 남전1교 등 2개교 정밀안전진단·성능평가
국도44호선 남전1교A2 등 4개소 포장정비공사 폐기물처리용역,국도44호선 남전1교 등 4개소 포장정비 폐기물처리
"국도44호선 남전1교A2 등 4개소 포장정비공사, 개질아스팔트",국도44호선 남전1교 등 4개소 포장정비 개질아스팔트
국도44호선 다물교A2+0.440 등 6개소 포장정비공사,국도44호선 다물교 등 6개소 포장정비
국도44호선 다물교A2+0.440 등 6개소 포장정비공사 폐기물처리용역,국도44호선 다물교 등 6개소 포장정비 폐기물처리
"국도44호선 다물교A2+0.440 등 6개소 포장정비공사, 개질아스팔트",국도44호선 다물교 등 6개소 포장정비 개질아스팔트
국도44호선 두촌교(상) 등 2개 교량 정밀안전진단 및 성능평가 용역,국도44호선 두촌교 등 2개교 정밀안전진단·성능평가
국도44호선 상평1교 등 3개소 시설물 보수공사 폐기물처리용역,국도44호선 상평1교 등 3개소 시설물보수 폐기물처리
국도44호선 신남교차로+0.642 등 3개소 포장정비공사,국도44호선 신남교차로 등 3개소 포장정비
국도44호선 신남교차로+0.642 등 3개소 포장정비공사 폐기물처리용역,국도44호선 신남교차로 등 3개소 포장정비 폐기물처리
"국도44호선 신남교차로+0.642 등 3개소 포장정비공사, 개질아스팔트",국도44호선 신남교차로 등 3개소 포장정비 개질아스팔트
국도44호선 신남대교A2 등 3개소 포장정비공사 폐기물처리용역,국도44호선 신남대교 등 3개소 포장정비 폐기물처리
"국도44호선 신남대교A2 등 3개소 포장정비공사, 개질아스팔트",국도44호선 신남대교 등 3개소 포장정비 개질아스팔트
국도44호선 양평군 삼성리 등 2개소 생태통로 설치공사 실시설계용역,국도44호선 양평 삼성리 등 2개소 생태통로 실시설계
국도44호선 오색E5지구 낙석산사태 정비공사 폐기물처리용역,국도44호선 오색E5지구 낙석산사태 정비 폐기물처리
국도44호선 옥녀2교 등 2개소 시설물 보수공사 폐기물처리용역,국도44호선 옥녀2교 등 2개소 시설물보수 폐기물처리
국도44호선 원동R-B교A2 등 6개소 포장정비공사 폐기물처리용역,국도44호선 원동R-B교 등 6개소 포장정비 폐기물처리
"국도44호선 원동R-B교A2 등 6개소 포장정비공사, 개질아스팔트",국도44호선 원동R-B교 등 6개소 정비 개질아스팔트
국도44호선 인제 남 신풍 등 5개소 보도설치 및 도로 폭 확장 정비공사 폐기물처리용역,국도44호선 인제 신풍 등 5개소 보도설치·확장
국도44호선 인제대교A2 등 6개소 포장정비공사 폐기물처리용역,국도44호선 인제대교 등 6개소 포장정비 폐기물처리
"국도44호선 인제대교A2 등 6개소 포장정비공사, 개질아스팔트",국도44호선 인제대교 등 6개소 포장정비 개질아스팔트
"국도44호선 인제대교A2 등 6개소 포장정비공사, 그리드",국도44호선 인제대교 등 6개소 포장정비 그리드
국도44호선 자은교(상) 등 2개 교량 정밀안전진단 및 성능평가 용역,국도44호선 자은교 등 2개교 정밀안전진단·성능평가
국도44호선 자은교A2 등 2개소 포장정비공사 폐기물처리용역,국도44호선 자은교 등 2개소 포장정비 폐기물처리
"국도44호선 자은교A2 등 2개소 포장정비공사, 개질아스팔트",국도44호선 자은교 등 2개소 포장정비 개질아스팔트
국도44호선 철정터널A2 등 4개소 포장정비공사 폐기물처리용역,국도44호선 철정터널 등 4개소 포장정비 폐기물처리
"국도44호선 철정터널A2 등 4개소 포장정비공사, 개질아스팔트",국도44호선 철정터널 등 4개소 포장정비 개질아스팔트
국도44호선 흘림5교 A2+0.519~2.880 등 4개소 포장장비공사 폐기물처리용역,국도44호선 흘림5교 등 4개소 포장정비 폐기물처리
국도44호선 흘림5교A2+0.519~2.880 등 4개소 포장정비공사,국도44호선 흘림5교 등 4개소 포장정비
국도45호선 가평 원대교A2+0.276~원대교A2+2.376 등 4개소 포장도 보수공사,국도45호선 가평 원대교 등 4개소 포장도 보수
국도45호선 가평 원대교A2+0.276~원대교A2+2.376 등 4개소 포장도 보수공사 건설폐기물처리용역,국도45호선 가평 원대교 등 4개소 포장보수 폐기물처리
국도45호선 광주 상번천리 병목지점 개선공사 문화재지표조사용역,국도45호선 광주 상번천리 병목개선 문화재지표조사
국도45호선 광주 상번천리 병목지점 개선공사 소규모 환경영향평가용역,국도45호선 광주 상번천리 병목개선 소규모환경영향평가
국도45호선 광주 상번천리 병목지점 개선공사 실시설계 건설사업관리용역(설계단계),국도45호선 광주 상번천리 병목개선 건설사업관리
국도45호선 광주 상번천리 병목지점 개선공사 재해영향평가용역,국도45호선 광주 상번천리 병목개선 재해영향평가
국도45호선 덕성1교A2 ~ 시미육교A1 등 9개소 포장보수공사,국도45호선 덕성1교 등 9개소 포장보수
국도45호선 덕성1교A2 ~ 시미육교A1 등 9개소 포장보수공사 폐기물처리용역,국도45호선 덕성1교 등 9개소 포장보수 폐기물처리
국도45호선 동천2교 등 4개소 시설물 보수공사 폐기물처리용역,국도45호선 동천2교 등 4개소 시설물보수 폐기물처리
국도45호선 만세터널A2~칠곡교A1 등 5개소 포장보수공사,국도45호선 만세터널 등 5개소 포장보수
국도45호선 만세터널A2~칠곡교A1 등 5개소 포장보수공사 폐기물처리용역,국도45호선 만세터널 등 5개소 포장보수 폐기물처리
국도45호선 석정교차로-둔포교차로간 등 2개구간 차선도색공사,국도45호선 석정-둔포교차로 등 2개구간 차선도색
국도45호선 아산 관대복지사거리 개선공사 소규모재해영향평가,국도45호선 아산 관대복지사거리 소규모재해영향평가
국도45호선 아산 관대복지사거리 개선공사 소규모환경영향평가,국도45호선 아산 관대복지사거리 소규모환경영향평가
국도45호선 아산2권역(하반기) 도로포장 보수공사(개질아스콘),국도45호선 아산2권역 도로포장보수(개질아스콘)
국도45호선 아산2권역(하반기) 도로포장 보수공사(개질아스콘) 건설폐기물처리용역,국도45호선 아산2권역 포장보수 폐기물처리
국도45호선 예산군 덕산면 대치리 등 5개소 수해복구공사,국도45호선 예산 대치리 등 5개소 수해복구
국도45호선 외대사거리0-0.240~0+0.160 등 포장보수공사,국도45호선 외대사거리 등 포장보수
국도45호선 원남교(상) 등 2개소 정밀안전진단(성능평가포함),국도45호선 원남교 등 2개소 정밀안전진단
국도45호선 원남교(상) 등 4개소 정밀안전점검 및 화곡터널(상) 등 30개소 정기안전점검용역,국도45호선 원남교 등 정밀·정기안전점검
국도45호선 평택시(뒤)~궁논교A2 등 7개소 포장보수공사,국도45호선 평택시-궁논교 등 7개소 포장보수
국도45호선 평택시(뒤)~궁논교A2 등 7개소 포장보수공사 폐기물처리용역,국도45호선 평택시-궁논교 등 7개소 포장보수
국도46호선 가평 가평오거리 일원 등 10개소 포장도 보수공사,국도46호선 가평오거리 등 10개소 포장도 보수
국도46호선 가평 가평오거리 일원 등 10개소 포장도 보수공사 건설폐기물처리용역,국도46호선 가평오거리 등 10개소 포장보수 폐기물처리
국도46호선 가평역입구교차로 일원 외 포장 및 도로시설 정비공사,국도46호선 가평역입구교차로 외 포장·도로시설 정비
국도46호선 가평역입구교차로+1.597~가평역입구교차로+4.093 포장도 보수공사 건설폐기물처리용역,국도46호선 가평역입구교차로 포장보수 폐기물처리
국도46호선 가평역입구교차로+4.093~가평역입구교차로+6.589 포장도 보수공사 건설폐기물처리용역,국도46호선 가평역입구교차로 포장보수 폐기물처리
국도46호선 고원통2교(상) 정밀안전진단 및 성능평가용역,국도46호선 고원통2교(상) 정밀안전진단·성능평가
국도46호선 고원통2교(하) 정밀안전진단 및 성능평가용역,국도46호선 고원통2교(하) 정밀안전진단·성능평가
국도46호선 금남IC2교 등 포장 및 시설물 보수공사 등 3개공사 폐기물처리용역,국도46호선 금남IC2교 등 포장·시설물보수 폐기물처리
국도46호선 남양 화도 녹촌(D00800)지구 외 8개소 절토사면 정밀안전점검용역,국도46호선 남양 녹촌 외 8개소 절토사면 정밀안전점검
국도46호선 남양주 사능철도육교A2~사능철도육교A2+0.495 등 5개소 포장도 보수공사 건설폐기물처리용역,국도46호선 사능철도육교 등 5개소 포장보수 폐기물처리
국도46호선 남양주 사능철도육교A2~사능철도육교A2+0.495 등 9개소 포장도 보수공사,국도46호선 남양주 사능철도육교 등 9개소 포장도 보수
국도46호선 남양주 진건 송능(D00012)지구 외 8개소 절토사면 정밀안전점검용역,국도46호선 송능 외 8개소 절토사면 정밀안전점검
국도46호선 남양주 화도 녹촌IC 병목지점 개선공사 안전점검 수행기관 지정 공고,국도46호선 남양주 녹촌IC 병목개선 안전점검기관 지정
국도46호선 대대삼거리+0.246~0.948 등 3개소 포장정비공사,국도46호선 대대삼거리 등 3개소 포장정비
국도46호선 대대삼거리+0.246~0.948 등 3개소 포장정비공사 폐기물처리용역,국도46호선 대대삼거리 등 3개소 포장정비 폐기물처리
국도46호선 도촌교A2+0.757 등 10개소 포장정비공사,국도46호선 도촌교 등 10개소 포장정비
국도46호선 도촌교A2+0.757 등 10개소 포장정비공사 폐기물처리용역,국도46호선 도촌교 등 10개소 포장정비 폐기물처리
국도46호선 마석터널 등 2개소 LCS 통신용 케이블 교체공사,국도46호선 마석터널 등 2개소 LCS케이블 교체
국도46호선 용대2교 등 5개소 정밀안전점검 및 성능평가용역,국도46호선 용대2교 등 5개소 정밀안전점검·성능평가
국도46호선 용대터널 등 3개소 터널 방재시설(전기) 보수공사,국도46호선 용대터널 등 3개소 터널방재시설(전기)보수
국도46호선 용대터널(상) 등 8개소 방재시설(소방) 보수공사,국도46호선 용대터널 등 8개소 방재시설(소방)보수
국도46호선 의암교(구) 정밀안전진단 및 내진성능평가 용역,국도46호선 의암교(구) 정밀안전진단·내진성능평가
국도46호선 의암교(신) 정밀안전진단 및 내진성능평가 용역,국도46호선 의암교(신) 정밀안전진단·내진성능평가
국도46호선 진부1교A2+1.872~1.972 등 6개소 포장정비공사,국도46호선 진부1교 등 6개소 포장정비
국도46호선 진부1교A2+1.872~1.972 등 6개소 포장정비공사 폐기물처리용역,국도46호선 진부1교 등 6개소 포장정비 폐기물처리
국도46호선 추곡교 등 2개소 정밀안전진단 및 성능평가 용역,국도46호선 추곡교 등 2개소 정밀안전진단·성능평가
국도46호선 춘성대교(구) 정밀안전진단 및 내진성능평가 용역,국도46호선 춘성대교(구) 정밀안전진단·내진성능평가
국도46호선 춘천 경강교A2+1.101 등 4개소 포장정비공사,국도46호선 춘천 경강교 등 4개소 포장정비
국도46호선 춘천 경강교A2+1.101 등 4개소 포장정비공사 폐기물처리용역,국도46호선 춘천 경강교 등 4개소 포장정비 폐기물처리
"국도46호선 춘천 경강교A2+1.101 등 4개소 포장정비공사, 개질아스팔트",국도46호선 춘천 경강교 등 4개소 정비 개질아스팔트
국도46호선 춘천 남산 서천 등 4개소 도로정비공사 폐기물처리용역,국도46호선 춘천 남산 등 4개소 도로정비 폐기물처리
"국도46호선 춘천 남산 서천 등 4개소 도로정비공사, 개질아스팔트",국도46호선 춘천 남산 등 4개소 정비 개질아스팔트
국도46호선 춘천 서 덕두원 산183-5번지 등 3개소 낙석산사태 정비공사,국도46호선 춘천 덕두원 등 3개소 낙석산사태 정비
국도46호선 춘천 서 덕두원 산183-5번지 등 3개소 낙석산사태 정비공사 임목폐기물처리용역,국도46호선 춘천 덕두원 등 낙석정비 임목폐기물처리
국도46호선 춘천 서 안보 등 4개소 사고 잦은 곳 개선공사,국도46호선 춘천 안보 등 4개소 사고잦은곳 개선
국도46호선 춘천 서 안보 등 6개소 사고 잦은 곳 개선공사 폐기물처리용역,국도46호선 춘천 안보 등 6개소 사고잦은곳 개선
국도46호선 춘천 의암교A2+1.440 등 2개소 포장정비공사,국도46호선 춘천 의암교 등 2개소 포장정비
국도46호선 춘천 의암교A2+1.440 등 2개소 포장정비공사 폐기물처리용역,국도46호선 춘천 의암교 등 2개소 포장정비 폐기물처리
"국도46호선 춘천 의암교A2+1.440 등 2개소 포장정비공사, 개질아스팔트",국도46호선 춘천 의암교 등 4개소 정비 개질아스팔트
국도46호선 한계터널 등 4개소 터널 방재시설(소방) 보수공사,국도46호선 한계터널 등 4개소 방재시설(소방)보수
국도46호선 한계터널 등 5개소 터널 방재시설(전기) 보수공사,국도46호선 한계터널 등 5개소 방재시설(전기)보수
국도46호선 한계터널 등 9개소 방재시설(통신) 보수공사,국도46호선 한계터널 등 9개소 방재시설(통신)보수
국도46호선 한계터널(상) 등 3개소 방재시설(소방) 보수공사,국도46호선 한계터널상 등 3개소 방재(소방)보수
국도46호선 한계터널(상) 등 5개소 방재시설(전기) 보수공사,국도46호선 한계터널상 등 5개소 방재(전기)보수
국도46호선 호평터널(상) 등 포장 및 시설물 보수공사 등 2개공사 폐기물처리용역,국도46호선 호평터널 등 포장·시설물보수 폐기물처리
국도47호선 기산3교(상) 등 포장 및 시설물 보수공사 등 2개공사 폐기물처리용역,국도47호선 기산3교 등 포장·시설물보수 폐기물처리
국도47호선 남양주 용정교A2~연평IC교A1 등 2개소 포장도 보수공사 건설폐기물처리용역,국도47호선 남양주 용정교 등 2개소 포장보수
국도47호선 남양주 용정교A2~연평IC교A1 등 5개소 포장도 보수공사,국도47호선 남양주 용정교 등 5개소 포장도 보수
국도47호선 도평2교(상) 등 포장 및 시설물 보수공사 등 2개공사 폐기물처리용역,국도47호선 도평2교 등 포장·시설물보수 폐기물처리
국도47호선 용정교 등 포장 및 시설물 보수공사 등 2개공사 폐기물처리용역,국도47호선 용정교 등 포장·시설물보수 폐기물처리
국도47호선 포천 내촌2교A2~내촌1교A1 등 5개소 포장도 보수공사,국도47호선 포천 내촌2교 등 5개소 포장도 보수
국도47호선 포천 내촌2교A2~내촌1교A1 등 5개소 포장도 보수공사 건설폐기물처리용역,국도47호선 포천 내촌2교 등 5개소 포장보수
국도47호선 포천 수입교차로+0.545~수입교차로+1.862 등 8개소 포장도 보수공사,국도47호선 포천 수입교차로 등 8개소 포장도 보수
국도47호선 포천 수입교차로+0.545~수입교차로+1.862 등 8개소 포장도 보수공사 건설폐기물처리용역,국도47호선 포천 수입교차로 등 8개소 포장보수
국도47호선 포천 이동-철원 서면 도로건설공사 건설폐기물(폐아스콘) 처리용역,국도47호선 포천-철원 도로건설 폐아스콘 처리
국도47호선 포천 이동-철원 서면 도로건설공사 건설폐기물(폐콘크리트) 처리용역,국도47호선 포천-철원 도로건설 폐콘크리트 처리
국도47호선 포천 이동-철원 서면 도로건설공사 안전점검 수행기관 지정 공고,국도47호선 포천-철원 도로건설 안전점검기관 지정
국도47호선 포천 일동 수입(D05500)지구 외 9개소 절토사면 정밀안전점검용역,국도47호선 포천 수입 외 9개소 절토사면 정밀안전점검
국도48호선 강화 대산1교(상) 등 3개소 신축이음 정비 및 내진성능보강공사,국도48호선 강화 대산1교 등 3개소 신축이음·내진보강
국도48호선 강화 양사 인화 버스정차대 설치공사 건설폐기물처리용역,국도48호선 강화 인화 버스정차대 설치 폐기물처리
국도48호선 강화 옥림터널A2~옥림터널A2+2.296 등 2개소 포장도 보수공사 건설폐기물처리용역,국도48호선 강화 옥림터널 등 2개소 포장보수
국도48호선 강화 옹정교차로~옥림터널A1 등 3개소 포장도 보수공사,국도48호선 강화 옹정교차로 등 3개소 포장도 보수
국도48호선 강화 옹정교차로~옥림터널A1 포장도 보수공사 건설폐기물처리용역,국도48호선 강화 옹정교차로 포장보수 폐기물처리
국도48호선 강화 하도교A2~솔정교A1 등 4개소 포장도 보수공사,국도48호선 강화 하도교 등 4개소 포장도 보수
국도48호선 강화 하도교A2~솔정교A1 등 4개소 포장도 보수공사 건설폐기물처리용역,국도48호선 강화 하도교 등 4개소 포장보수 폐기물처리
국도48호선 강화 하점 이강 오르막차로 설치공사 건설폐기물처리용역,국도48호선 강화 이강 오르막차로 설치 폐기물처리
국도48호선 강화대교A2~용정교차로 등 4개소 포장도 보수공사,국도48호선 강화대교 등 4개소 포장도 보수
국도48호선 강화대교A2~용정교차로 등 4개소 포장도 보수공사 건설폐기물처리용역,국도48호선 강화대교 등 4개소 포장보수 폐기물처리
국도48호선 고촌램프D육교 정밀안전점검 및 16개소 정기안전점검용역,국도48호선 고촌램프D육교 정밀·정기안전점검
국도48호선 김포 고촌 신곡보도육교 캐노피 및 승강기 설치공사(전기),국도48호선 김포 신곡보도육교 캐노피·승강기(전기)
국도48호선 김포 고촌 신곡보도육교 캐노피 및 승강기 설치공사(통신) ,국도48호선 김포 신곡보도육교 캐노피·승강기(통신)
국도48호선 김포 담터사거리~월곶교A1 등 8개소 포장도 보수공사,국도48호선 김포 담터사거리 등 8개소 포장도 보수
국도48호선 김포 담터사거리~월곶교A2 등 3개소 포장도 보수공사 건설폐기물처리용역,국도48호선 김포 담터사거리 등 3개소 포장보수
국도48호선 김포 신곡사거리~천등고개사거리 등 5개소 포장도 보수공사 건설폐기물처리용역,국도48호선 김포 신곡사거리 등 5개소 포장보수
국도48호선 김포 옹정삼거리+0.970~담터사거리 등 4개소포장도 보수공사 건설폐기물처리용역,국도48호선 김포 옹정삼거리 등 4개소 포장보수
국도48호선 김포 옹정삼거리+0.970~담터사거리 등 9개소 포장도 보수공사,국도48호선 김포 옹정삼거리 등 9개소 포장도 보수
국도48호선 김포 월곶 군하 김포CC삼거리 교차로 개선공사,국도48호선 김포 김포CC삼거리 교차로 개선
국도48호선 김포 월곶 군하Ⅰ(사면) 등 6개소 정밀안전점검용역,국도48호선 김포 군하 등 6개소 정밀안전점검
국도48호선 김포 천등고개사거리+1.166~+2.162 등 5개소 포장도 보수공사 건설폐기물처리용역,국도48호선 김포 천등고개 등 5개소 포장보수
국도48호선 보강토옹벽[STA.2+157.750~2+287.500(R)] 정밀안전점검 및 12개소 정기안전점검용역,국도48호선 보강토옹벽 정밀·정기안전점검
국도48호선 향산2교(상) 등 2개소 정밀안전점검 및 10개소 정기안전점검용역,국도48호선 향산2교 등 정밀·정기안전점검
국도4호선 24DN04D06004 등 8개소 정밀안전점검 및 성능평가용역,국도4호선 24DN04 등 8개소 정밀점검·성능평가
국도4호선 RAMP-F교 등 3개교 정밀·정기안전점검용역,국도4호선 RAMP-F교 등 3개교 정밀·정기안전점검
"국도4호선 가리터널(상) 등 5개소 건설엔지니어링 사업(정밀안전점검, 성능평가)",국도4호선 가리터널 등 5개소 정밀안전점검·성능평가
국도4호선 경산 하양 남하-대구시계 단구간 확장공사 매장유산 지표조사 건설엔지니어링,국도4호선 경산 하양 확장 매장유산 지표조사
국도4호선 경산 하양 남하-대구시계 단구간 확장공사 설계의 경제성검토(설계VE) 건설엔지니어링,국도4호선 경산 하양 확장 설계경제성검토(VE)
국도4호선 경산 하양 동서 등 8개소 포장도 보수공사 건설폐기물 운반용역,국도4호선 경산 하양 등 8개소 포장보수 폐기물운반
국도4호선 경산 하양-금호 단구간 확장공사 문화재시굴 및 표본조사 용역,국도4호선 경산 하양-금호 확장 문화재시굴·표본조사
국도4호선 경주 감포 나정 등 5개소 포장도 보수공사 건설폐기물 운반용역,국도4호선 경주 감포 등 5개소 포장보수 폐기물운반
국도4호선 경주 건천 건천지구 등 낙석산사태 및 도로정비 실시설계 건설엔지니어링,국도4호선 경주 건천지구 낙석·도로정비 실시설계
국도4호선 경주 건천 모량 등 8개소 포장도 보수공사 건설폐기물 운반용역,국도4호선 경주 건천 등 8개소 포장보수 폐기물운반
국도4호선 경주 건천 송포 등 18개소 도로정비공사 건설폐기물 처리용역,국도4호선 경주 송포 등 18개소 도로정비 폐기물처리
국도4호선 경주 건천 용명 등 7개소 포장도 보수공사 건설폐기물 운반용역,국도4호선 경주 용명 등 7개소 포장보수 폐기물운반
국도4호선 경주 문무대왕 와읍 등 5개소 도로시설물 정비공사,국도4호선 경주 와읍 등 5개소 도로시설물 정비
국도4호선 경주 서 아화 등 5개소 포장도 보수공사 건설폐기물 운반용역,국도4호선 경주 서 아화 등 5개소 포장보수 폐기물운반
국도4호선 경주 서 운대 등 2개소 포장도 보수공사 건설폐기물 운반용역,국도4호선 경주 서 운대 등 2개소 포장보수 폐기물운반
국도4호선 경주 서면 운대 등 15개소 도로정비공사 건설폐기물 처리용역,국도4호선 경주 운대 등 15개소 도로정비 폐기물처리
국도4호선 경주 서면 운대 등 15개소 도로정비공사 폐아스콘 운반용역,국도4호선 경주 운대 등 15개소 정비 폐아스콘운반
국도4호선 경주시 아화졸음쉼터 등 4개소 운영관리 및 환경정비용역,국도4호선 경주 아화졸음쉼터 등 4개소 운영·정비
"국도4호선 고당교 건설엔지니어링 사업(정밀안전진단, 성능평가)",국도4호선 고당교 정밀안전진단·성능평가
국도4호선 고당교 등 4개소 교량보수공사 건설폐기물처리용역,국도4호선 고당교 등 4개소 교량보수 폐기물처리
국도4호선 김천 남면 송곡 E1 등 14개소 도로법면 정비공사,국도4호선 김천 송곡E1 등 14개소 도로법면 정비
국도4호선 남천교 등 8개소 시설물 보수공사 건설폐기물 처리용역,국도4호선 남천교 등 8개소 시설물보수 폐기물처리
국도4호선 덕산교 등5개소 시설물 보수공사 관급자재(교량이음장치),국도4호선 덕산교 등 5개소 시설물보수 교량이음장치
국도4호선 등 10개노선 시설물 보수보강공사 실시설계용역,국도4호선 등 10개노선 시설물 보수보강 실시설계
국도4호선 등 10개노선 전기 및 방재시설 보수공사 실시설계용역,국도4호선 등 10개노선 전기·방재시설 보수 실시설계
국도4호선 마래1교(상) 등 6개소 건설엔지니어링 사업(정밀안전점검),국도4호선 마래1교 등 6개소 정밀안전점검
"국도4호선 마산터널(상) 등 6개소 건설엔지니어링 사업(정밀안전점검, 성능평가)",국도4호선 마산터널 등 6개소 정밀안전점검·성능평가
국도4호선 만불교(상) 등 31개소 정밀안전점검 건설엔지니어링,국도4호선 만불교 등 31개소 정밀안전점검
국도4호선 문곡리 보강토옹벽(13호) 등 8개소 성능평가,국도4호선 문곡리 보강토옹벽 등 8개소 성능평가
국도4호선 반계교 등 12개소 정기안전점검 건설엔지니어링,국도4호선 반계교 등 12개소 정기안전점검
국도4호선 부호1지구 등 6개소 낙석산사태 및 도로정비공사,국도4호선 부호1지구 등 6개소 낙석산사태·도로정비
국도4호선 부호1지구 등 6개소 낙석산사태 및 도로정비공사 건설폐기물 처리용역,국도4호선 부호1지구 등 6개소 건설폐기물 처리
국도4호선 새들교 등 10개소 정기안전점검 건설엔지니어링,국도4호선 새들교 등 10개소 정기안전점검
국도4호선 새만금 만경대교 등 7개소 비점오염저감시설 유지관리 용역,국도4호선 만경대교 등 7개소 비점오염저감시설 유지관리
국도4호선 석성교차로 회전교차로 설치공사 건설폐기물처리용역,국도4호선 석성교차로 회전교차로 폐기물처리
국도4호선 신월교 등 10개소 정기안전점검 건설엔지니어링,국도4호선 신월교 등 10개소 정기안전점검
국도4호선 심곡교 등 11개소 정기안전점검 건설엔지니어링,국도4호선 심곡교 등 11개소 정기안전점검
국도4호선 영천 북안 반계 등 18개소 도로정비공사 건설폐기물 운반용역,국도4호선 영천 등 18개소 도로정비 폐기물 운반
국도4호선 옥천 군북 증약리 계단식옹벽 설치공사 폐기물처리용역,국도4호선 옥천 증약리 계단식옹벽 폐기물처리
국도4호선 옥천 동이 세산리 등 5개소 도로포장 보수공사,국도4호선 옥천 세산리 등 5개소 도로포장 보수
국도4호선 옥천 동이 세산리 등 5개소 도로포장 보수공사 폐기물처리용역,국도4호선 옥천 세산리 등 5개소 폐기물처리
"국도4호선 원관과선교 건설엔지니어링 사업(정밀안전진단, 성능평가)",국도4호선 원관과선교 정밀안전진단·성능평가
국도4호선 원수교차로-서천사거리간 등 2개구간 차선도색공사,국도4호선 원수교차로-서천 등 2개구간 차선도색
국도4호선 임포육교 등 6개소 정밀안전진단 및 1종 성능평가 건설엔지니어링,국도4호선 임포육교 등 6개소 정밀안전진단·성능평가
국도4호선 장항교 등 11개소 정기안전점검 건설엔지니어링,국도4호선 장항교 등 11개소 정기안전점검
국도4호선 저산과선교 등  3개소 정밀안전진단·성능평가 및 내진성능평가,국도4호선 저산과선교 등 3개소 정밀안전진단·내진평가
국도4호선 증산교차로 회전교차로 설치공사 건설폐기물처리용역,국도4호선 증산교차로 회전교차로 폐기물처리
"국도4호선 추풍령과선교 건설엔지니어링 사업(정밀안전진단, 성능평가)",국도4호선 추풍령과선교 정밀안전진단·성능평가
국도4호선 칠곡 북삼지구 등 44개소 절토사면·옹벽 정밀안전점검 기술용역,국도4호선 칠곡 등 44개소 절토사면·옹벽 정밀안전점검
국도4호선 칠곡 약목 관호지구 등 9개소 포장도 보수공사,국도4호선 칠곡 관호지구 등 9개소 포장도 보수
국도4호선 칠곡 약목 관호지구 등 9개소 포장도 보수공사 건설폐기물 처리용역,국도4호선 칠곡 관호지구 등 9개소 폐기물처리
국도4호선 칠곡 약목 관호지구 등 9개소 포장도 보수공사 관급자재(개질아스콘),국도4호선 칠곡 관호지구 등 9개소 개질아스콘
국도4호선 칠곡 왜관 왜관지구 보도정비공사 건설폐기물 처리용역,국도4호선 칠곡 왜관지구 보도정비 폐기물처리
국도4호선 토함산터널 등 27개소 방재 및 전기설비 개선공사 실시설계 건설엔지니어링,국도4호선 토함산터널 등 27개소 방재·전기 실시설계
국도4호선(영동 영동천교~옥천 서대리) 차선도색 정비공사,국도4호선 영동천교~서대리 차선도색 정비
"국도4호선(옥천 서대리~대전시계), 국도37호선(금산군계~옥천 서정대교) 차선도색 정비공사",국도4호선·37호선 서대리~대전 차선도색 정비
"국도5,14,33호선 사천,고성,통영,거제권역 예초작업 용역",국도5·14·33호선 사천·고성·통영·거제 예초작업
"국도5,14호선 통영~거제권역 포장도 보수공사 폐기물처리용역",국도5·14호선 통영~거제 포장도 보수 폐기물처리
"국도5,19,42,43호선(2권역) 예초 등 도로환경개선공사",국도5·19·42·43호선 예초 등 도로환경개선
"국도5,19,42호선 원주 소초 둔둔 등 5개소 야생동물 보호시설 설치공사",국도5·19·42호선 원주 등 5개소 야생동물보호시설
국도56호선 지촌-사내 도로건설공사(6차) 관급자재(1회)-레미콘 1종총액,국도56호선 지촌-사내 도로건설 관급 레미콘
국도56호선 홍천 화촌 군업-장평 도로건설공사 문화재지표조사용역,국도56호선 홍천 군업-장평 도로건설 문화재지표조사
국도56호선 홍천 화촌 군업-장평 도로건설공사 재해영향평가용역,국도56호선 홍천 군업-장평 도로건설 재해영향평가
국도58호선 금곡1교 등 8개소 정밀안전점검 등 건설엔지니어링 용역,국도58호선 금곡1교 등 8개소 정밀안전점검
국도58호선 김해 생림 사촌 등 3개소 포장도 보수공사 건설폐기물처리용역,국도58호선 김해 사촌 등 3개소 포장도 폐기물처리
국도58호선 김해 생림 사촌 등 3개소 포장도 보수공사-개질아스콘,국도58호선 김해 사촌 등 3개소 개질아스콘
국도58호선 김해시 생림면 봉림리 병목지점 개선공사 실시설계용역,국도58호선 김해 봉림리 병목지점 개선 실시설계
국도58호선 밀양 삼랑진 등 서부권 포장도 소파보수공사건설폐기물처리용역,국도58호선 밀양 삼랑진 등 서부 소파보수 폐기물처리
국도58호선 밀양 삼랑진 미전 등 7개소 포장도 보수공사,국도58호선 밀양 미전 등 7개소 포장도 보수
국도58호선 밀양 삼랑진 미전 등 7개소 포장도 보수공사 건설폐기물처리용역,국도58호선 밀양 미전 등 7개소 폐기물처리
국도59호선 남면-정선1 도로건설공사(10차) 관급자재(1회)-레미콘 3종총액,국도59호선 남면-정선1 도로건설 관급 레미콘
국도59호선 산청우회 국도건설공사(전기) 재해예방 기술지도용역,국도59호선 산청우회 국도건설 재해예방 기술지도
국도59호선 삼봉대교 등 9개소 건설엔지니어링 사업(정밀안전점검),국도59호선 삼봉대교 등 9개소 정밀안전점검
"국도59호선 정선 남 유평 1,3구간 위험도로 개선공사 건설사업관리용역",국도59호선 정선 유평 위험도로 개선 건설사업관리
국도5호선 강동교(상) 등 4개소 정밀안전점검 및 성능평가 기술용역,국도5호선 강동교 등 4개소 정밀안전점검·성능평가
국도5호선 강원도계.학산~단양.상진대교 차선도색 정비공사,국도5호선 학산~상진대교 차선도색 정비
국도5호선 거제 동부면 산촌리 단구간 확장공사 폐기물처리용역,국도5호선 거제 산촌리 확장 폐기물처리
국도5호선 거제 산촌지구 병목지점 개선공사 소규모 재해영향평가 용역,국도5호선 거제 산촌지구 병목개선 재해영향평가
국도5호선 거제 산촌지구 병목지점 개선공사 소규모 환경영향평가 용역,국도5호선 거제 산촌지구 병목개선 환경영향평가
국도5호선 거제 아주동 2지구 교차로 개선 건축물 해체공사,국도5호선 거제 아주동2지구 교차로 건축물 해체
국도5호선 거제 아주동 2지구 교차로 개선공사 폐기물처리용역,국도5호선 거제 아주동2지구 교차로 폐기물처리
국도5호선 거제 연초 다공지구 보행자통행시설 정비공사 폐기물처리용역,국도5호선 거제 다공지구 보행시설 폐기물처리
국도5호선 검단2교 등 4개소 시설물 정비공사 폐기물처리용역,국도5호선 검단2교 등 4개소 시설물정비 폐기물처리
국도5호선 고모교 접속부 등 2개소 포장 보수공사 폐기물처리용역,국도5호선 고모교 등 2개소 포장보수 폐기물처리
국도5호선 고모교 접속부 등 2개소 포장 보수공사-레미콘,국도5호선 고모교 등 2개소 포장보수 레미콘
국도5호선 군위 효령 간동지구 등 13개소 포장도 보수공사,국도5호선 군위 간동지구 등 13개소 포장도 보수
국도5호선 군위 효령 간동지구 등 13개소 포장도 보수공사 건설폐기물처리용역,국도5호선 군위 간동지구 등 13개소 폐기물처리
국도5호선 군위 효령 간동지구 등 13개소 포장도 보수공사 관급자재(개질아스콘),국도5호선 군위 간동지구 등 13개소 개질아스콘
국도5호선 군위 효령 장기리 등 10개소 도로정비공사 건설폐기물 처리용역,국도5호선 군위 장기리 등 10개소 도로정비 폐기물
국도5호선 기동교 등 24개소 건설엔지니어링 사업(정기안전점검),국도5호선 기동교 등 24개소 정기안전점검
국도5호선 남포천교(상) 등 8개소 정밀안전점검 건설엔지니어링 용역,국도5호선 남포천교 등 8개소 정밀안전점검
국도5호선 내포1교(상) 등 12개소 정밀안전점검 건설엔지니어링 용역,국도5호선 내포1교 등 12개소 정밀안전점검
국도5호선 단양 상시리 등 15개소 도로포장 보수공사 폐기물처리용역,국도5호선 단양 상시리 등 15개소 포장보수 폐기물
국도5호선 단양 상시리 등 15개소 도로포장 보수공사-SMA아스콘,국도5호선 단양 상시리 등 15개소 SMA아스콘
국도5호선 단양 상진리 등 9개소 도로포장 보수공사 폐기물처리용역,국도5호선 단양 상진리 등 9개소 포장보수 폐기물
국도5호선 단양.단양상진대교~경북도계.죽령 외1개노선 차선도색 정비공사,국도5호선 단양상진대교~죽령 등 차선도색 정비
국도5호선 단양군 용부원 등 4개소 낙석산사태 위험지구 정비공사,국도5호선 단양 용부원 등 4개소 낙석산사태 정비
국도5호선 달성 구지 가천교차로 건설사업관리(설계단계) 용역,국도5호선 달성 가천교차로 건설사업관리(설계)
국도5호선 달성 구지 가천교차로 소규모 환경영향평가 용역,국도5호선 달성 가천교차로 환경영향평가
국도5호선 달성 구지 평촌지구 등 7개소 포장도 보수공사,국도5호선 달성 평촌지구 등 7개소 포장도 보수
국도5호선 달성 구지 평촌지구 등 7개소 포장도 보수공사 건설폐기물 처리용역,국도5호선 달성 평촌지구 등 7개소 폐기물처리
국도5호선 달성 구지 평촌지구 등 7개소 포장도 보수공사 관급자재(개질아스콘),국도5호선 달성 평촌지구 등 7개소 개질아스콘
국도5호선 달성 화원 옥포지구 등 16개소 포장도 보수공사,국도5호선 달성 옥포지구 등 16개소 포장도 보수
국도5호선 달성 화원 옥포지구 등 16개소 포장도 보수공사 건설폐기물처리용역,국도5호선 달성 옥포지구 등 16개소 폐기물처리
국도5호선 달성 화원 옥포지구 등 16개소 포장도 보수공사 관급자재(개질아스콘),국도5호선 달성 옥포지구 등 16개소 개질아스콘
국도5호선 달성 화원 옥포지구 등 16개소 포장도 보수공사 관급자재(결빙방지 표면처리제),국도5호선 달성 옥포지구 등 16개소 결빙방지처리제
국도5호선 도리원2교 등 3개소 정밀안전점검 및 성능평가 기술용역,국도5호선 도리원2교 등 3개소 정밀안전점검·성능평가
국도5호선 둔둔교A2+2.692 등 5개소 포장정비공사 폐기물처리용역,국도5호선 둔둔교 등 5개소 포장정비 폐기물처리
"국도5호선 둔둔교A2+2.692 등 5개소 포장정비공사, 개질아스팔트",국도5호선 둔둔교 등 5개소 포장정비 개질아스팔트
국도5호선 등 10개노선 시설물 보수보강공사 실시설계용역,국도5호선 등 10개노선 시설물 보수보강 실시설계
국도5호선 매포읍 김산리 등 2개소 낙석정비공사 임목폐기물 처리용역,국도5호선 매포 김산리 등 2개소 낙석 임목폐기물
국도5호선 봉산터널(상) 등 8개 터널 정밀안전점검 및 성능평가 용역,국도5호선 봉산터널 등 8개 터널 정밀안전점검·성능평가
국도5호선 봉양교(5) 등 2개소 정밀안전점검 및 성능평가 기술용역,국도5호선 봉양교 등 2개소 정밀안전점검·성능평가
국도5호선 봉화 명호 풍호11지구 등 2개소 낙석산사태 정비공사,국도5호선 봉화 풍호11지구 등 2개소 낙석산사태 정비
국도5호선 상진대교(상) 등 5개소 건설엔지니어링 사업(정밀안전점검),국도5호선 상진대교 등 5개소 정밀안전점검
국도5호선 신동램프1교 등 6개소 교량보수공사-비제이팔트,국도5호선 신동램프1교 등 6개소 교량보수 비제이팔트
국도5호선 신동램프2교 등 24개소 교량보수공사 건설폐기물처리용역,국도5호선 신동램프2교 등 24개소 교량보수 폐기물
국도5호선 신동램프2교 등 5개소 교량보수공사-뉴팔트 개질아스콘,국도5호선 신동램프2교 등 5개소 뉴팔트 개질아스콘
국도5호선 신림-판부1 도로건설공사(6차) 관급자재(1회)-레미콘 1종총액,국도5호선 신림-판부1 도로건설 관급 레미콘
국도5호선 신림-판부2 도로건설공사(6차) 관급자재(5회)-레미콘 1종총액,국도5호선 신림-판부2 도로건설 관급 레미콘
국도5호선 신림-판부2 도로건설공사(6차) 관급자재(7회)-순환골재 1종,국도5호선 신림-판부2 도로건설 관급 순환골재
국도5호선 안동 남후 광음리 등 5개소 정밀안전점검 및 성능평가 기술용역,국도5호선 안동 광음리 등 5개소 정밀안전점검·성능평가
국도5호선 안동 북후 옹천리 등 7개소 정밀안전점검 및 성능평가 기술용역,국도5호선 안동 옹천리 등 7개소 정밀안전점검·성능평가
국도5호선 안동 북후 장기 등 5개노선 도로시설물 정비공사,국도5호선 안동 장기 등 5개노선 도로시설물 정비
국도5호선 안동 서후 제비원교 등 24개소 시설물 보수공사,국도5호선 안동 제비원교 등 24개소 시설물 보수
국도5호선 안동 일직 망호 등 5개소 낙석산사태 정비공사,국도5호선 안동 망호 등 5개소 낙석산사태 정비
국도5호선 안동 일직 망호 등 5개소 낙석산사태 정비공사 임목폐기물 처리용역,국도5호선 안동 망호 등 5개소 낙석 임목폐기물
국도5호선 영주 문수 만방 등 3개소 동물유도울타리 설치공사,국도5호선 영주 만방 등 3개소 동물유도울타리
국도5호선 영주 문수 만방지구 등 3개노선 결빙취약구간 정비공사,국도5호선 영주 만방지구 등 3개노선 결빙취약 정비
국도5호선 영주 문수 적동 등 도로정비공사 건설폐기물 처리용역,국도5호선 영주 적동 등 도로정비 폐기물처리
국도5호선 영주 문정동 등 4개소 포장도 정비공사 건설폐기물 처리용역,국도5호선 영주 문정동 등 4개소 포장정비 폐기물
국도5호선 영주 이산 운문 등 9개소 동물유도울타리 설치공사,국도5호선 영주 운문 등 9개소 동물유도울타리
국도5호선 영주 이산 운문 등 도로정비공사 건설폐기물 처리용역,국도5호선 영주 운문 등 도로정비 폐기물처리
국도5호선 영주 이산 운문리 등 5개소 정밀안전점검 및 성능평가 기술용역,국도5호선 영주 운문리 등 5개소 정밀안전점검·성능평가
"국도5호선 오운터널(상) 등 22개소 정밀안전점검, 성능평가 및 정기안전점검 기술용역",국도5호선 오운터널(상) 등 22개소 정밀·정기안전점검
"국도5호선 오운터널(하) 등 25개소 정밀안전점검, 성능평가 및 정기안전점검 기술용역",국도5호선 오운터널(하) 등 25개소 정밀·정기안전점검
국도5호선 원주 둔둔교A2+1.805 등 6개소 포장정비공사,국도5호선 원주 둔둔교 등 6개소 포장정비
국도5호선 원주 둔둔교A2+1.805 등 6개소 포장정비공사 폐기물처리용역,국도5호선 원주 둔둔교 등 6개소 포장정비 폐기물
"국도5호선 원주 둔둔교A2+1.805 등 6개소 포장정비공사, 개질아스팔트",국도5호선 원주 둔둔교 등 6개소 개질아스팔트
국도5호선 원주 신림 금창 등 4개소 도로정비공사 폐기물처리용역,국도5호선 원주 금창 등 4개소 도로정비 폐기물
국도5호선 원주시(뒤)+0.304 등 6개소 포장정비공사,국도5호선 원주시 등 6개소 포장정비
국도5호선 원주시(뒤)+0.304 등 6개소 포장정비공사 폐기물처리용역,국도5호선 원주시 등 6개소 포장정비 폐기물처리
국도5호선 의성 단촌 하화 등 2개소 낙석산사태 정비공사,국도5호선 의성 하화 등 2개소 낙석산사태 정비
국도5호선 의성 단촌 하화 등 2개소 낙석산사태 정비공사 임목폐기물처리용역,국도5호선 의성 하화 등 2개소 낙석 임목폐기물
국도5호선 의성 원당~안동 남후 무릉리 등 2개소 도로정비작업,국도5호선 의성~안동 무릉리 등 2개소 도로정비
국도5호선 의성 의성 업리 1지구(3개소) 낙석산사태 정비공사,국도5호선 의성 업리1지구 낙석산사태 정비
국도5호선 의성 의성 업리 2지구(4개소) 낙석산사태 정비공사,국도5호선 의성 업리2지구 낙석산사태 정비
국도5호선 의성 의성 업리 3지구(6개소) 낙석산사태 정비공사,국도5호선 의성 업리3지구 낙석산사태 정비
국도5호선 의성 의성 업리 등 2개소 낙석산사태 정비공사,국도5호선 의성 업리 등 2개소 낙석산사태 정비
국도5호선 의성 의성 업리 등 2개소 낙석산사태 정비공사 임목폐기물 처리용역,국도5호선 의성 업리 등 2개소 낙석 임목폐기물
국도5호선 의성 의성 업리 등 6개소 정밀안전점검 및 성능평가 기술용역,국도5호선 의성 업리 등 6개소 정밀안전점검·성능평가
국도5호선 의성 의성 업리4지구 낙석산사태 정비공사 건설폐기물 처리용역,국도5호선 의성 업리4지구 낙석 폐기물처리
국도5호선 의성2교(상) 등 20개소 정밀안전점검 및 정기안전점검 기술용역,국도5호선 의성2교(상) 등 20개소 정밀·정기안전점검
국도5호선 의성2교(하) 등 21개소 정밀안전점검 및 정기안전점검 기술용역,국도5호선 의성2교(하) 등 21개소 정밀·정기안전점검
국도5호선 입석IC육교 등 10개 교량 정밀안전점검 및 성능평가용역,국도5호선 입석IC육교 등 10개 정밀안전점검·성능평가
국도5호선 장기교 등 16개소 정밀안전점검 및 정기안전점검 기술용역,국도5호선 장기교 등 16개소 정밀·정기안전점검
국도5호선 제천 강제동 도로포장 보수공사 폐기물처리 용역,국도5호선 제천 강제동 포장보수 폐기물처리
국도5호선 제천 봉양 도로구조물 개선공사 정기안전점검용역,국도5호선 제천 봉양 도로구조물 정기안전점검
국도5호선 제천 봉양 도로구조물 정비공사  폐기물(폐아스콘) 처리용역,국도5호선 제천 봉양 도로구조물 폐아스콘 처리
국도5호선 제천 봉양 도로구조물 정비공사  폐기물(폐콘크리트) 처리용역,국도5호선 제천 봉양 도로구조물 폐콘크리트 처리
국도5호선 제천시 매포읍 하시리 등 5개소 배수로 정비공사 폐기물처리 용역,국도5호선 제천 하시리 등 5개소 배수로 폐기물
국도5호선 제천시 매포읍 하시리 등 5개소 배수로 정비사업,국도5호선 제천 하시리 등 5개소 배수로 정비
국도5호선 지곡교 등 11개소 정밀안전점검 및 정기안전점검 기술용역,국도5호선 지곡교 등 11개소 정밀·정기안전점검
국도5호선 창녕 계성 사리 등 3개노선 도로시설물 정비공사,국도5호선 창녕 사리 등 3개노선 도로시설물 정비
국도5호선 창녕 계성 신당 등 6개소 소구조물 정비공사 건설폐기물처리용역,국도5호선 창녕 신당 등 6개소 소구조물 폐기물
국도5호선 창녕 계성 신당리 등 7개노선 도로시설물 정비공사,국도5호선 창녕 신당리 등 7개노선 도로시설물 정비
국도5호선 창녕 성산지구 등 4개소 절토사면 성능평가용역,국도5호선 창녕 성산지구 등 4개소 절토사면 성능평가
국도5호선 창녕 조산 등 6개소 포장도 보수공사 건설폐기물처리용역,국도5호선 창녕 조산 등 6개소 포장보수 폐기물
국도5호선 창녕 조산 등 6개소 포장도 보수공사 등 2-개질아스콘,국도5호선 창녕 조산 등 6개소 개질아스콘
"국도5호선 창락터널 등 25개소 정밀안전점검, 성능평가 및 정기안전점검 기술용역",국도5호선 창락터널 등 25개소 정밀·정기안전점검
국도5호선 창원 구산 난포 등 2개소 낙석산사태 위험지구 정비공사,국도5호선 창원 난포 등 2개소 낙석산사태 정비
국도5호선 춘천 신북 신북교차로~지내교차로 배수시설 도로정비공사 폐기물처리용역,국도5호선 춘천 신북~지내 배수시설정비 폐기물
국도5호선 춘천 신북 신북교차로~지내교차로 배수시설 정비공사,국도5호선 춘천 신북~지내 배수시설 정비
국도5호선 춘천 신북 용산 688-2 등 7개소 도로정비공사,국도5호선 춘천 용산688-2 등 7개소 도로정비
국도5호선 춘천 신북 용산 688-2 등 9개소 도로정비공사 폐기물처리용역,국도5호선 춘천 용산 등 9개소 도로정비 폐기물
국도5호선 춘천-화천1 도로건설공사(8차) 관급자재(1회)-레미콘 3종총액,국도5호선 춘천-화천1 도로건설 관급 레미콘
국도5호선 춘천-화천1 도로건설공사(8차) 관급자재(3회)-레미콘 1종총액,국도5호선 춘천-화천1 도로건설 관급 레미콘
국도5호선 춘천-화천2 도로건설 전기·통신·소방공사 재해예방기술지도용역,국도5호선 춘천-화천2 도로건설 재해예방기술지도
국도5호선 춘천-화천2 도로건설공사(8차) 관급자재(1회)-레미콘 2종총액,국도5호선 춘천-화천2 도로건설 관급 레미콘
국도5호선 춘천-화천2 도로건설공사(8차) 관급자재(4회)-레미콘 1종총액,국도5호선 춘천-화천2 도로건설 관급 레미콘
국도5호선 춘천-화천3 도로건설공사(8차) 관급자재(1회)-레미콘 2종총액,국도5호선 춘천-화천3 도로건설 관급 레미콘
국도5호선 춘천-화천3 도로건설공사(8차) 관급자재(1회)-소화전함 2종총액,국도5호선 춘천-화천3 도로건설 관급 소화전함
국도5호선 춘천-화천3 도로건설공사(8차) 관급자재(6회)-레미콘 1종총액,국도5호선 춘천-화천3 도로건설 관급 레미콘
국도5호선 함안 칠북 화천등 3개소 배수시설 정비공사 건설폐기물처리용역,국도5호선 함안 화천 등 3개소 배수시설 폐기물
국도5호선 함안 칠서 이룡 등 6개소 도로시설물 정비공사,국도5호선 함안 이룡 등 6개소 도로시설물 정비
국도5호선 함안 칠원 무기 등 5개소 낙석산사태 위험지구 정비공사,국도5호선 함안 무기 등 5개소 낙석산사태 정비
국도5호선 호계1교(상) 등 2개소 정밀안전진단 및 옥곡교(상) 등 233개소 정기안전점검 건설엔지니어링 용역,국도5호선 호계1교 등 정밀안전진단·정기안전점검
국도5호선 홍천 북방 상화계리 외 3개소 교차로 개선공사 폐기물처리용역,국도5호선 홍천 상화계리 외 3개소 교차로 폐기물
국도5호선 횡성 입석 등 6개소 병목지점 개선공사 실시설계용역,국도5호선 횡성 입석 등 6개소 병목지점 실시설계
국도5호선 횡성 횡성 학곡 541-68 등 5개소 배수시설 정비공사,국도5호선 횡성 학곡 등 5개소 배수시설 정비
국도5호선 효령교(구) 등 3개소 정밀안전점검 및 성능평가 기술용역,국도5호선 효령교 등 3개소 정밀안전점검·성능평가
"국도5호선 흥양2교(상) 등 15개 교량,터널 정밀안전점검용역",국도5호선 흥양2교 등 15개 교량·터널 정밀안전점검
"국도6,7호선 월정교A2~가우교A1 등 4개소 포장정비공사 관급자재-개질아스팔트",국도6·7호선 월정교~가우교 등 4개소 개질아스팔트
국도6·7호선 월정교A2~가우교A1 등 4개소 포장정비공사,국도6·7호선 월정교~가우교 등 4개소 포장정비
국도6·7호선 월정교A2∼가우교A1 등 4개소 포장정비공사 건설폐기물처리용역,국도6·7호선 월정교~가우교 등 4개소 폐기물처리
국도6호선  도덕터널 등 15개소  정량적 위험도 평가(QRA) 용역,국도6호선 도덕터널 등 15개소 정량적 위험도평가
국도6호선 가우교(상) 등 7개소(1종시설물) 정밀안전점검용역,국도6호선 가우교 등 7개소 정밀안전점검
국도6호선 강릉 삼산지구 위험도로 개선공사 소규모재해영향평가용역,국도6호선 강릉 삼산지구 위험도로 재해영향평가
국도6호선 강릉 삼산지구 위험도로 개선공사 소규모환경영향평가용역,국도6호선 강릉 삼산지구 위험도로 환경영향평가
국도6호선 강릉 연곡 삼산31지구(삼산리 859-1) 외 1개소 낙석산사태 정비공사,국도6호선 강릉 삼산31지구 외 1개소 낙석산사태 정비
국도6호선 강릉구간 차선도색공사 등 7개 공사 관급자재-유리알,국도6호선 강릉구간 차선도색 등 7개 관급 유리알
국도6호선 남양주 도곡교A2~덕소강변대교A1 등 3개소 포장도 보수공사 건설폐기물처리용역,국도6호선 남양주 도곡교~덕소대교 등 3개소 폐기물
국도6호선 남양주 도곡교A2~도곡교A2+0.404 등 4개소 포장도 보수공사,국도6호선 남양주 도곡교 등 4개소 포장도 보수
국도6호선 남양주 도곡교A2~도곡교A2+0.404 등 4개소 포장도 보수공사 건설폐기물처리용역,국도6호선 남양주 도곡교 등 4개소 폐기물처리
국도6호선 덕소강변대교(상) 포장 및 시설물 보수공사 등 2개공사 폐기물처리용역,국도6호선 덕소강변대교 포장·시설물 등 2개 폐기물
국도6호선 무이2교차로+0.630~1.230 등 5개소 포장정비공사,국도6호선 무이2교차로 등 5개소 포장정비
국도6호선 무이2교차로+0.630∼1.230 등 5개소 포장정비공사 건설폐기물처리용역,국도6호선 무이2교차로 등 5개소 포장정비 폐기물
국도6호선 복포과선교 등 5개소 정밀안전진단 및 제1종 성능평가[내진포함] 용역,국도6호선 복포과선교 등 5개소 정밀안전진단·성능평가
국도6호선 속사터널 등 6개소 정밀안전점검 및 성능평가용역,국도6호선 속사터널 등 6개소 정밀안전점검·성능평가
국도6호선 쉴터골천교 A2~A2+1.704 등 2개소 포장정비공사 관급자재-배수성포장재 구매,국도6호선 쉴터골천교 등 2개소 배수성포장재 구매
국도6호선 쉴터골천교 등 6개소 정밀안전점검 및 성능평가용역,국도6호선 쉴터골천교 등 6개소 정밀안전점검·성능평가
국도6호선 쉴터골천교A2~A2+1.704 등 2개소 포장정비공사,국도6호선 쉴터골천교 등 2개소 포장정비
국도6호선 쉴터골천교A2~A2+1.704 등 2개소 포장정비공사 폐기물처리용역,국도6호선 쉴터골천교 등 2개소 포장정비 폐기물
국도6호선 신양수대교 등 5개소 내진보강공사 실시설계용역,국도6호선 신양수대교 등 5개소 내진보강 실시설계
국도6호선 양평 국수교A2+0.677~국수교A2+2.710 등 5개소 포장도 보수공사 건설폐기물처리용역,국도6호선 양평 국수교 등 5개소 포장보수 폐기물
국도6호선 양평 국수교A2+0.677~국수교A2+2.710 등 8개소 포장도 보수공사,국도6호선 양평 국수교 등 8개소 포장도 보수
국도6호선 양평 삼성지구 절토사면 외 30개소 상·하반기 정기안전점검용역,국도6호선 양평 삼성지구 외 30개소 정기안전점검
국도6호선 양평 양서 복포(U05400)지구 외 8개소 절토사면 정밀안전점검용역,국도6호선 양평 복포지구 외 8개소 절토사면 정밀점검
국도6호선 양평 양서 용담(D01400)지구 외 8개소 절토사면 정밀안전점검용역,국도6호선 양평 용담지구 외 8개소 절토사면 정밀점검
국도6호선 양평 양서 용담(D52100)지구 절토사면 외 39개소 상·하반기 정기안전점검용역,국도6호선 양평 용담지구 외 39개소 정기안전점검
국도6호선 양평 옥천교A2+2.144~옥천교A2+3.792 등 3개소 포장도 보수공사 건설폐기물처리용역,국도6호선 양평 옥천교 등 3개소 포장보수 폐기물
국도6호선 양평 용문 광탄리 일원 등 11개소 수해복구공사,국도6호선 양평 광탄리 등 11개소 수해복구
국도6호선 양평 청운교A2+0.562~청운교A2+1.960 등 4개소 포장도 보수공사 건설폐기물처리용역,국도6호선 양평 청운교 등 4개소 포장보수 폐기물
국도6호선 양평 청운교A2+0.562~청운교A2+1.960 등 7개소 포장도 보수공사,국도6호선 양평 청운교 등 7개소 포장도 보수
국도6호선 외 1개노선(강릉2권역) 예초 등 도로환경개선공사,국도6호선 외 1개노선 강릉2권역 예초 도로환경개선
국도6호선 외 1개노선(평창권역) 예초 등 도로환경개선공사,국도6호선 외 1개노선 평창권역 예초 도로환경개선
국도6호선 장평2교차로~용전1교 A1 등 4개소 포장정비공사,국도6호선 장평2교차로 등 4개소 포장정비
국도6호선 장평2교차로∼용전1교 A1 등 4개소 포장정비공사 건설폐기물처리용역,국도6호선 장평2교차로 등 포장정비 폐기물처리
국도6호선 평창 대관령 병내 외 5개소 배수시설 정비공사,국도6호선 평창 대관령 등 6개소 배수시설정비
국도6호선 평창 대관령 병내 외 5개소 배수시설 정비공사 건설폐기물처리용역,국도6호선 평창 대관령 배수정비 폐기물처리
국도6호선 평창 봉평 창동 외 3개소 배수시설 정비공사 건설폐기물처리용역,국도6호선 평창 봉평 배수정비 폐기물처리
국도6호선 횡성 공근 초원 위험도로 개선공사 폐기물처리용역,국도6호선 횡성 공근 위험도로개선 폐기물처리
국도6호선 횡성 우천 하궁 배수로 정비공사 폐기물처리용역,국도6호선 횡성 우천 배수로정비 폐기물처리
"국도6호선 횡성군 횡성읍 추동리 위험도로 등 2개소 개선공사(3차), 개질아스팔트",국도6호선 횡성 추동리 위험도로개선 개질아스팔트
국도6호선 흥정천교A2+1.486~A2+2.788 등 4개소 포장정비공사,국도6호선 흥정천교 등 4개소 포장정비
국도6호선 흥정천교A2+1.486~A2+2.788 등 4개소 포장정비공사 관급자재-개질아스팔트,국도6호선 흥정천교 포장정비 개질아스팔트
국도6호선 흥정천교A2+1.486∼A2+2.788 등 4개소 포장정비공사 건설폐기물처리용역,국도6호선 흥정천교 등 포장정비 폐기물처리
"국도7,16,31,35호선 등 북부권역 도로시설물 정비공사 건설폐기물 처리용역","국도7,16,31,35호선 북부 도로시설물정비 폐기물"
국도75호선 가평 마장-북면 목동 도로건설공사 기본 및 실시설계용역,국도75호선 가평 마장-목동 도로건설 설계
국도75호선 가평 청평-가평 도로건설공사 교통시설안전진단용역,국도75호선 가평 청평-가평 도로 교통안전진단
국도75호선 가평 청평-가평 도로건설공사 기본 및 실시설계 건설사업관리용역(설계단계),국도75호선 청평-가평 도로 설계 건설사업관리
국도75호선 가평 청평-가평 도로건설공사 문화재지표조사용역,국도75호선 청평-가평 도로 문화재지표조사
국도75호선 가평 청평-가평 도로건설공사 소규모환경영향평가용역,국도75호선 청평-가평 도로 소규모환경영향평가
국도75호선 가평 청평-가평 도로건설공사 재해영향평가용역,국도75호선 청평-가평 도로 재해영향평가
국도75호선 화천 사내 광덕-사창 도로건설공사 기본 및 실시설계용역,국도75호선 화천 광덕-사창 도로건설 설계
국도77호선 고성 동해 장좌지구 등 3개소 배수시설 정비공사,국도77호선 고성 동해 등 3개소 배수시설정비
국도77호선 고성 동해 장좌지구 등 3개소 배수시설 정비공사 폐기물처리용역,국도77호선 고성 동해 배수정비 폐기물처리
국도77호선 고흥 영남 양사 등 2개소 배수시설 정비공사,국도77호선 고흥 영남 등 2개소 배수시설정비
국도77호선 고흥 영남 양사 등 2개소 배수시설 정비공사 폐기물처리용역,국도77호선 고흥 영남 배수정비 폐기물처리
국도77호선 고흥 점암 오산교차로-여수 화양 조발대교 차선도색공사,국도77호선 고흥 오산-조발대교 차선도색
국도77호선 고흥 포두 세동~여수 화정 백야 등 3개노선 풀베기 용역,국도77호선 고흥-여수 등 3개노선 풀베기
국도77호선 남양대교A2~노진2사거리 등 3개소 포장보수공사,국도77호선 남양대교 등 3개소 포장보수
국도77호선 남양대교A2~노진2사거리 등 3개소 포장보수공사 폐기물처리용역,국도77호선 남양대교 포장보수 폐기물처리
국도77호선 무안 만풍지구 등 6개소 도로시설물 정비공사,국도77호선 무안 만풍 등 6개소 도로시설물정비
국도77호선 봉화교A2~조암교A1 등 4개소 포장보수공사,국도77호선 봉화교-조암교 등 4개소 포장보수
국도77호선 봉화교A2~조암교A1 등 4개소 포장보수공사 폐기물처리용역,국도77호선 봉화교-조암교 포장보수 폐기물처리
국도77호선 석천사거리~남양대교A1  등 4개소 포장보수공사 폐기물처리용역,국도77호선 석천사거리 등 포장보수 폐기물처리
국도77호선 석천사거리~남양대교A1 등 4개소 포장보수공사,국도77호선 석천사거리 등 4개소 포장보수
국도77호선 수화교차로~수화2교A1등 6개소 포장보수공사,국도77호선 수화교차로 등 6개소 포장보수
국도77호선 수화교차로~수화2교A1등 6개소 포장보수공사 폐기물처리용역,국도77호선 수화교차로 포장보수 폐기물처리
국도77호선 신안 김대중대교 등 7개교 정기안전점검 및 하자검사용역,국도77호선 신안 김대중대교 등 7개교 안전점검
국도77호선 신안 압해-해남 화원 도로건설공사(2공구) -레미콘(소액),국도77호선 신안-해남 도로건설 레미콘
국도77호선 신안 압해-해남 화원(1공구) 도로건설공사 매장문화재 발굴(정밀) 조사용역,국도77호선 신안-해남 도로 매장문화재발굴조사
국도77호선 신안 압해-해남 화원(1공구) 도로건설공사 폐아스콘 위탁처리용역(1차),국도77호선 신안-해남 도로 폐아스콘위탁처리
국도77호선 안석리 교차로 개선공사 폐기물(폐아스콘)처리용역,국도77호선 안석리 교차로개선 폐아스콘처리
국도77호선 안석리 교차로 개선공사 폐기물(폐콘크리트)처리용역,국도77호선 안석리 교차로개선 폐콘크리트처리
국도77호선 여수 낭도대교 등 2개소 비점오염저감시설 유지관리용역,국도77호선 여수 낭도대교 등 비점오염시설관리
국도77호선 여수 화양조발대교 비점오염저감시설 유지관리용역,국도77호선 여수 화양조발대교 비점오염시설관리
국도77호선 여수 화정 백야-여수 화양 세포1교차로 차선도색공사,국도77호선 여수 화정-세포1교차로 차선도색
국도77호선 여수 화정지구 등 9개소 낙석산사태 정비공사,국도77호선 여수 화정 등 9개소 낙석산사태정비
국도77호선 여수 화태-백야 도로건설공서(1공구) 폐아스콘 위탁처리용역,국도77호선 여수 화태-백야 도로 폐아스콘처리
국도77호선 여수 화태-백야(1공구) 도로건설공사 매장문화재 발굴(정밀)조사용역,국도77호선 여수 화태-백야 매장문화재발굴조사
국도77호선 여수 화태-백야(1공구) 도로건설공사 매장문화재 발굴(정밀)조사용역(월호패총),국도77호선 화태-백야 매장문화재발굴(월호패총)
국도77호선 영광 염산 두우지구 폭원부족 정비공사 폐기물처리용역,국도77호선 영광 두우 폭원부족정비 폐기물처리
국도77호선 영광 염산 봉남지구 위험도로 개선공사 실시설계용역,국도77호선 영광 봉남 위험도로개선 실시설계
국도77호선 영광 옥실지구 이동식과적검문소 설치공사(전기),국도77호선 영광 옥실 이동식과적검문소(전기)
국도77호선 영광 지산지구 폭원부족 정비공사 소규모 재해영향평가용역,국도77호선 영광 지산 폭원정비 소규모재해평가
국도77호선 영광 지산지구 폭원부족 정비공사 소규모 환경영향평가용역 ,국도77호선 영광 지산 폭원정비 소규모환경평가
국도77호선 영광 칠산대교 ~ 영광 백수읍대전리교차로 등3개구간 차선도색공사,국도77호선 영광 칠산대교 등 3구간 차선도색
국도77호선 원정삼거리 1+0.239~1+0.769 등  포장(응급)보수공사,국도77호선 원정삼거리 등 포장응급보수
국도77호선 원정삼거리 일원 등포장(응급)보수공사 폐기물처리용역,국도77호선 원정삼거리 등 포장보수 폐기물처리
국도77호선 조암교A2∼조암교A2+0.602 등 5개소 포장보수공사,국도77호선 조암교 등 5개소 포장보수
국도77호선 조암교A2∼조암교A2+0.602 등 5개소 포장보수공사 폐기물처리용역,국도77호선 조암교 포장보수 폐기물처리
국도77호선 파주 성동육교A2+2.500~성동육교A2+4.000 등 3개소 포장도 보수공사 건설폐기물처리용역,국도77호선 파주 성동육교 등 포장보수 폐기물처리
국도77호선 파주 성동육교A2+2.500~성동육교A2+4.000 등 5개소 포장도 보수공사,국도77호선 파주 성동육교 등 5개소 포장보수
국도77호선 파주 오금교A2~오금교A2+3.332 등 2개소 포장도 보수공사 건설폐기물처리용역,국도77호선 파주 오금교 등 포장보수 폐기물처리
국도77호선 파주 탄현 성동(U00100)지구 절토사면 외 43개소 상·하반기 정기안전점검용역,국도77호선 파주 탄현 절토사면 등 정기안전점검
국도7호선 강동검문소 외 3개소 고속축중기 시스템 개선공사,국도7호선 강동검문소 등 4개소 고속축중기개선
국도7호선 강동대교 등 2개소 정비공사 건설폐기물 처리용역,국도7호선 강동대교 등 2개소 정비 폐기물처리
국도7호선 강동대교 등 5개소 정밀안전진단 및 1종 성능평가 건설엔지니어링,국도7호선 강동대교 등 5개소 정밀안전진단
국도7호선 강릉 강동 모전 외 2개소 배수시설 정비공사 건설폐기물용역,국도7호선 강릉 강동 모전 배수정비 폐기물처리
국도7호선 강릉 강동 모전1지구 병목지점 개선공사 건설폐기물처리용역,국도7호선 강릉 모전1 병목개선 폐기물처리
국도7호선 강릉 강동 모전1지구 병목지점 개선공사(2공구),국도7호선 강릉 모전1 병목지점 개선(2공구)
국도7호선 강릉 강동 산성우1지구 병목지점 개선공사 건설폐기물처리용역,국도7호선 강릉 산성우1 병목개선 폐기물처리
국도7호선 강릉 강동 산성우3지구(산성우리 산309-2) 낙석산사태 정비공사,국도7호선 강릉 산성우3 낙석산사태정비
국도7호선 강릉 낙풍지구 등 3개소 병목지점 개선공사 통신공사,국도7호선 강릉 낙풍 등 3개소 병목개선 통신
국도7호선 강릉 모전2지구 병목지점 개선공사 폐기물처리용역,국도7호선 강릉 모전2 병목개선 폐기물처리
국도7호선 강릉 사천 강릉아산병원 앞 교차로 등 2개소 사고잦은곳 개선 전기공사,국도7호선 강릉 아산병원 등 사고잦은곳개선 전기
국도7호선 강릉 사천 강릉아산병원 앞 교차로 등 2개소 사고잦은곳 개선공사,국도7호선 강릉 아산병원 등 사고잦은곳개선
국도7호선 강릉 사천 강릉아산병원 앞 교차로 등 2개소 사고잦은곳 개선공사 폐기물처리용역,국도7호선 강릉 아산병원 사고개선 폐기물처리
국도7호선 강릉 산성우2지구 병목지점 개선공사 폐기물처리용역,국도7호선 강릉 산성우2 병목개선 폐기물처리
국도7호선 강릉 석교(사천육교)지구 병목지점 개선공사 실시설계용역,국도7호선 강릉 석교 병목개선 실시설계
국도7호선 강릉 아산병원 앞 교차로 등 2개소 사고잦은곳 개선공사 관급자재-개질아스팔트,국도7호선 강릉 아산병원 사고개선 개질아스팔트
국도7호선 강릉 아산병원 앞 등 2개소 사고잦은곳 개선공사 관급자재-개질아스팔트,국도7호선 강릉 아산병원 등 사고개선 개질아스팔트
국도7호선 강릉 연곡 연곡교A2+0.298~1.798 포장 보수공사 관급자재-개질아스팔트,국도7호선 강릉 연곡교 포장보수 개질아스팔트
국도7호선 강릉 연곡 연곡교A2+0.298~1.798 포장보수공사,국도7호선 강릉 연곡 연곡교 포장보수
국도7호선 강릉 연곡 연곡교A2+0.298~1.798 포장보수공사 건설폐기물처리용역(폐아스콘),국도7호선 강릉 연곡교 포장보수 폐아스콘처리
국도7호선 강릉 옥계 낙풍지구 병목지점 개선공사 건설폐기물처리용역,국도7호선 강릉 옥계 낙풍 병목개선 폐기물처리
국도7호선 강릉 주문진 교항교차로 개선공사 폐기물처리용역,국도7호선 강릉 주문진 교항교차로개선 폐기물
국도7호선 개곡교 등 7개소 정밀안전점검 건설엔지니어링 용역,국도7호선 개곡교 등 7개소 정밀안전점검
국도7호선 경주 강동 인동 등 7개소 포장도 보수공사 건설폐기물 운반용역,국도7호선 경주 강동 등 7개소 포장보수 운반
국도7호선 경주 강동 인동리 교차로 개선공사 건설폐기물 처리용역,국도7호선 경주 인동리 교차로개선 폐기물처리
국도7호선 경주 건천 화천 등 11개소 포장도 보수공사 건설폐기물 운반용역,국도7호선 경주 건천 등 11개소 포장보수 운반
국도7호선 경주 외동 구어 등 5개소 도로정비공사 건설폐기물 처리용역,국도7호선 경주 외동 등 5개소 도로정비 폐기물
국도7호선 경주 외동 모화 등 5개소 포장도 보수공사 건설폐기물 처리용역,국도7호선 경주 모화 등 5개소 포장보수 폐기물
국도7호선 경주 외동 모화 등 8개소 포장도 보수공사 건설폐기물 운반용역,국도7호선 경주 모화 등 8개소 포장보수 운반
"국도7호선 경주 효현 내남 도로비탈면, 옹벽 등 33개소 정밀 및 정기안전점검 건설엔지니어링",국도7호선 경주 효현 비탈면 등 안전점검
국도7호선 고성 죽왕 삼포해변입구 교차로 등 2개소 사고잦은곳 개선공사 폐기물처리용역,국도7호선 고성 삼포해변 등 사고개선 폐기물
국도7호선 고성 죽왕 삼포해변입구 교차로 사고잦은곳 개선공사,국도7호선 고성 삼포해변입구 사고잦은곳개선
국도7호선 고성 죽왕 송지호교차로 개선공사 임목폐기물처리용역,국도7호선 고성 송지호교차로개선 임목폐기물
국도7호선 고포터널(상) 등 6개소 정량적 위험도 평가(QRA)용역,국도7호선 고포터널 등 6개소 위험도평가
국도7호선 구어1교 등 9개소 정기안전점검 건설엔지니어링,국도7호선 구어1교 등 9개소 정기안전점검
국도7호선 금계교A2+0.150~0.942 등 3개소 포장정비공사,국도7호선 금계교 등 3개소 포장정비
국도7호선 금계교A2+0.150~0.942 등 3개소 포장정비공사 관급자재-개질아스콘,국도7호선 금계교 포장정비 개질아스콘
국도7호선 금계교A2+0.150~0.942 등 3개소 포장정비공사 폐기물처리용역,국도7호선 금계교 포장정비 폐기물처리
국도7호선 기성교 등 5개소 정밀안전점검 및 성능평가 건설엔지니어링,국도7호선 기성교 등 5개소 정밀안전점검
국도7호선 기성교 등 7개소 도로정비공사 건설폐기물 처리용역,국도7호선 기성교 등 7개소 도로정비 폐기물
국도7호선 낙산사거리+0.910~1.210 등 8개소 포장정비공사,국도7호선 낙산사거리 등 8개소 포장정비
국도7호선 낙산사거리+0.910~1.210 등 8개소 포장정비공사 폐기물처리용역,국도7호선 낙산사거리 포장정비 폐기물처리
국도7호선 낙산사거리+2.406 등 3개소 폐기물처리용역,국도7호선 낙산사거리 등 3개소 폐기물처리
국도7호선 남천교 A1등 2개소 포장정비공사 관급자재-개질아스팔트,국도7호선 남천교 등 2개소 포장정비 개질아스팔트
국도7호선 남천교A1 등 2개소 포장정비공사 폐기물처리용역,국도7호선 남천교 등 포장정비 폐기물처리
국도7호선 남호교 등 12개소 정기안전점검 건설엔지니어링,국도7호선 남호교 등 12개소 정기안전점검
국도7호선 냉천터널 등 2개소 제연설비 보강공사 실시설계용역,국도7호선 냉천터널 등 2개소 제연설비 실시설계
국도7호선 노곡1교 등 10개소 정기안전점검 건설엔지니어링,국도7호선 노곡1교 등 10개소 정기안전점검
국도7호선 동해-옥계 도로건설공사 등 5개소 사후평가용역,국도7호선 동해-옥계 도로 등 5개소 사후평가
국도7호선 동해1터널 등 3개소 방재시설(전기) 보수공사,국도7호선 동해1터널 등 방재시설(전기)보수
국도7호선 동해1터널 등 3개소 방재시설(통신) 보수공사,국도7호선 동해1터널 등 방재시설(통신)보수
국도7호선 동해1터널 등 6개소 정밀안전점검 및 성능평가용역,국도7호선 동해1터널 등 6개소 정밀안전점검
국도7호선 두명고가교~신임곡교 등 3개소 위험도로 개량사업,국도7호선 두명고가교 등 3개소 위험도로개량
국도7호선 등 3개 노선 관내 전기시설물 및 가로등 보수공사,국도7호선 등 3개노선 전기시설물·가로등보수
국도7호선 망양1터널(상) 등 2개소 제연설비 보강공사 실시설계용역,국도7호선 망양1터널 등 제연설비 실시설계
국도7호선 망양1터널(상) 등 6개소 정밀안전점검 및 성능평가 건설엔지니어링,국도7호선 망양1터널 등 6개소 정밀안전점검
국도7호선 명계1교 등 9개소 정기안전점검 건설엔지니어링,국도7호선 명계1교 등 9개소 정기안전점검
국도7호선 모서교 등 11개소 정기안전점검 건설엔지니어링,국도7호선 모서교 등 11개소 정기안전점검
국도7호선 문암교A2+0.300 등 3개소 포장정비공사 폐기물처리용역,국도7호선 문암교 등 3개소 포장정비 폐기물
국도7호선 문암교A2+0.300~송지호교A2+1.045 등 3개소 포장정비공사 관급자재-개질아스팔트,국도7호선 문암교-송지호교 포장정비 개질아스팔트
국도7호선 물치교A2+4.123 등 6개소 포장정비공사 폐기물처리용역,국도7호선 물치교 등 6개소 포장정비 폐기물
국도7호선 부구대교 등 4개소 정밀안전점검 건설엔지니어링,국도7호선 부구대교 등 4개소 정밀안전점검
국도7호선 부지1교 등 12개소 정기안전점검 건설엔지니어링,국도7호선 부지1교 등 12개소 정기안전점검
국도7호선 삼척 근덕 광태 외 1개노선 도로시설 정비공사,국도7호선 삼척 근덕 광태 등 도로시설정비
국도7호선 삼척 근덕 광태 외 1개노선 도로시설 정비공사 폐기물처리용역,국도7호선 삼척 광태 도로정비 폐기물처리
국도7호선 상원1교 등 9개소 정기안전점검 건설엔지니어링,국도7호선 상원1교 등 9개소 정기안전점검
국도7호선 새말교A2∼신리교A1 등 3개소 포장정비공사 건설폐기물처리용역,국도7호선 새말교-신리교 등 포장정비 폐기물
국도7호선 성곡교 등 11개소 정기안전점검 건설엔지니어링,국도7호선 성곡교 등 11개소 정기안전점검
국도7호선 신남2교(상) 등 5개소 정밀안전점검 및 내진성능평가용역,국도7호선 신남2교 등 5개소 내진성능평가
국도7호선 신임곡교(상) 등 5개소 정밀안전점검 건설엔지니어링 용역,국도7호선 신임곡교 등 5개소 정밀안전점검
국도7호선 약수1교(상) 등 6개 시설물 정밀안전점검용역,국도7호선 약수1교 등 6개 시설물 정밀안전점검
국도7호선 약수2교(상) 정밀안전진단 및 제1종성능평가용역,국도7호선 약수2교(상) 정밀안전진단·성능평가
국도7호선 약수2교(하) 정밀안전진단 및 제1종성능평가용역,국도7호선 약수2교(하) 정밀안전진단·성능평가
국도7호선 양양 손양 상운교 앞 교차로 사고잦은곳 개선공사,국도7호선 양양 상운교 교차로 사고잦은곳개선
국도7호선 양양 손양 상운교 앞 교차로 사고잦은곳 개선공사 폐기물처리용역,국도7호선 양양 상운교 사고개선 폐기물처리
국도7호선 양양 현남 광진 외 1개소 배수개선공사 폐기물처리용역,국도7호선 양양 광진 등 배수개선 폐기물처리
국도7호선 양양 현남 광진1지구(광진리 산3-6) 외 1개소 낙석산사태 정비공사,국도7호선 양양 광진1 등 낙석산사태정비
국도7호선 양양 현남 시변리 교차로 개선공사 폐기물처리용역,국도7호선 양양 시변리 교차로개선 폐기물처리
국도7호선 양양 현북 기사문지구 등 5개소 낙석산사태 및 도로시설물 개선공사,국도7호선 양양 기사문 등 5개소 낙석산사태개선
국도7호선 양양 현북 잔교 등 4개소 교차로 개선공사 전기공사,국도7호선 양양 잔교 등 4개소 교차로개선 전기
국도7호선 양양 현북 잔교리 교차로 개선공사 폐기물처리용역,국도7호선 양양 잔교리 교차로개선 폐기물처리
국도7호선 양양 현북 중광정 외 1개소 보도설치공사 폐기물처리용역,국도7호선 양양 중광정 등 보도설치 폐기물처리
국도7호선 양양대교 등 8개소 시설물 보수공사 관급자재-결빙방지 표면처리재 구매,국도7호선 양양대교 등 8개소 보수 결빙방지재
국도7호선 영덕 강구 삼사3거리 등 3개소 교통사고잦은 곳 도로정비공사,국도7호선 영덕 삼사3거리 등 사고잦은곳정비
국도7호선 영덕 강구 삼사3거리 등 3개소 교통사고잦은 곳 도로정비공사 건설폐기물 처리용역,국도7호선 영덕 삼사3거리 사고정비 폐기물
국도7호선 영덕 강구 삼사3거리 등 3개소 교통사고잦은곳 및 도로정비공사 건설폐기물 처리용역,국도7호선 영덕 삼사3거리 사고·도로정비 폐기물
국도7호선 영덕 병곡 금곡 도로비탈면 등 26개소 정밀 및 정기안전점검 건설엔지니어링,국도7호선 영덕 병곡 비탈면 등 안전점검
국도7호선 영덕 병곡 백석 등 12개소 도로정비공사 건설폐기물 처리용역,국도7호선 영덕 백석 등 12개소 도로정비 폐기물
국도7호선 영덕 영덕 매정2지구 등 5개소 도로비탈면 보수공사,국도7호선 영덕 매정2 등 5개소 비탈면보수
국도7호선 영덕 영덕 매정지구 등 낙석산사태 및 도로정비 실시설계 건설엔지니어링,국도7호선 영덕 매정 낙석산사태·도로정비 설계
국도7호선 영덕 영덕 화수 등 5개소 포장도 보수공사 건설폐기물 운반용역,국도7호선 영덕 화수 등 5개소 포장보수 운반
국도7호선 영덕 영덕 화수1지구 등 6개소 낙석산사태 및 도로정비공사,국도7호선 영덕 화수1 등 6개소 낙석산사태정비
국도7호선 영덕 영덕 화수1지구 등 7개소 도로비탈면 보수공사,국도7호선 영덕 화수1 등 7개소 비탈면보수
국도7호선 영덕 영덕 화수지구 등 4개소 낙석산사태 위험지구 정비공사 건설폐기물 처리용역,국도7호선 영덕 화수 등 낙석산사태정비 폐기물
국도7호선 영덕 영해 성내 등 3개소 도로정비공사 건설폐기물 운반용역,국도7호선 영덕 성내 등 3개소 도로정비 운반
국도7호선 영덕 축산 고곡 등 2개소 낙석산사태 위험지구 정비공사 건설폐기물 처리용역,국도7호선 영덕 고곡 등 낙석산사태정비 폐기물
국도7호선 영덕 축산 고곡 등 7개소 포장도 보수공사 건설폐기물 운반용역,국도7호선 영덕 고곡 등 7개소 포장보수 운반
국도7호선 영덕 축산 도곡 등 12개소 도로정비공사 건설폐기물 처리용역,국도7호선 영덕 도곡 등 12개소 도로정비 폐기물
국도7호선 영덕군 화수졸음쉼터 등 4개소 운영관리 및 환경정비용역,국도7호선 영덕 화수졸음쉼터 등 운영·환경정비
국도7호선 왕피천대교 등 4개소 정밀안전점검 및 성능평가 건설엔지니어링,국도7호선 왕피천대교 등 4개소 정밀안전점검
국도7호선 외 1개노선(강릉1권역) 예초 등 도로환경개선공사,국도7호선 강릉1권역 예초 등 도로환경개선
국도7호선 외 1개노선(삼척권역) 예초 등 도로환경개선공사,국도7호선 삼척권역 예초 등 도로환경개선
국도7호선 울주 회야지구 등 5개소 옹벽 정밀안전점검용역,국도7호선 울주 회야 등 5개소 옹벽안전점검
국도7호선 울주군 웅촌면 초천리 병목지점 개선공사 실시설계용역,국도7호선 울주 초천리 병목개선 실시설계
국도7호선 울진 기성 망양 등 6개소 도로비탈면 정밀안전점검 및 성능평가 건설엔지니어링,국도7호선 울진 망양 등 비탈면 정밀안전점검
국도7호선 울진 기성 사동 등 8개소 도로옹벽 정밀안전점검 및 성능평가 건설엔지니어링,국도7호선 울진 사동 등 옹벽 정밀안전점검
국도7호선 울진 북 신화 등 6개소 도로비탈면 정밀안전점검 및 성능평가 건설엔지니어링,국도7호선 울진 신화 등 비탈면 정밀안전점검
국도7호선 울진 북면 고목리 등 7개소 포장도 보수공사 건설폐기물 처리용역,국도7호선 울진 고목리 등 7개소 포장보수 폐기물
국도7호선 울진 울진 연지 등 6개소 도로비탈면 정밀안전점검 및 성능평가 건설엔지니어링,국도7호선 울진 연지 등 비탈면 정밀안전점검
국도7호선 울진 평해 월송리 등 6개소 포장도 보수공사 건설폐기물 처리용역,국도7호선 울진 월송리 등 6개소 포장보수 폐기물
국도7호선 울진 후포 금음리 등 2개소 도로보수공사 건설폐기물 처리용역,국도7호선 울진 금음리 등 도로보수 폐기물처리
국도7호선 울진 후포 금음지구 등 17개소 비탈면 배수로 정비공사,국도7호선 울진 금음 등 17개소 비탈면배수로정비
국도7호선 울진 후포 삼율지구 등 5개소 배수시설 및 낙석산사태 정비공사,국도7호선 울진 삼율 등 배수·낙석산사태정비
국도7호선 울진 후포 삼율지구 등 5개소 배수시설 및 낙석산사태 정비공사 건설폐기물 처리용역,국도7호선 울진 삼율 배수·낙석정비 폐기물
국도7호선 울진 후포 후포 등 51개소 상반기 도로비탈면 및 도로옹벽 정기안전점검 건설엔지니어링,국도7호선 울진 후포 등 51개소 정기안전점검
국도7호선 울진대교 등 7개소 시설물 보수공사 건설폐기물 처리용역,국도7호선 울진대교 등 7개소 보수 폐기물처리
국도7호선 월천교(상) 정밀안전진단 및 제1종성능평가용역,국도7호선 월천교(상) 정밀안전진단·성능평가
국도7호선 임원IC교A2+0.160~A2+0.260 포장정비공사,국도7호선 임원IC교 포장정비
국도7호선 임원천교(상) 정밀안전진단 및 제1종성능평가용역,국도7호선 임원천교(상) 정밀안전진단·성능평가
국도7호선 임원천교(하) 정밀안전진단 및 제1종성능평가용역,국도7호선 임원천교(하) 정밀안전진단·성능평가
국도7호선 자산교 등 6개소 정밀안전점검 및 성능평가용역,국도7호선 자산교 등 6개소 정밀안전점검
국도7호선 자산교차로+2.516 등 6개소 포장정비공사 폐기물처리용역,국도7호선 자산교차로 등 6개소 포장정비 폐기물
국도7호선 장호터널 등 2개소 터널 방재시설(소방) 보수공사,국도7호선 장호터널 등 방재시설(소방)보수
국도7호선 장호터널(상) 등 4개소 방재시설(전기) 보수공사,국도7호선 장호터널 등 4개소 방재시설(전기)보수
국도7호선 척산교 등 46개소 상반기 정기안전점검 건설엔지니어링,국도7호선 척산교 등 46개소 정기안전점검
국도7호선 청간교 등 2개소 시설물 보수공사 폐기물처리용역,국도7호선 청간교 등 2개소 보수 폐기물처리
국도7호선 초곡교 등 23개소 정밀안전점검 및 2종 성능평가 건설엔지니어링,국도7호선 초곡교 등 23개소 정밀안전점검
국도7호선 태봉1교 등 5개소 정밀안전점검 및 성능평가 건설엔지니어링,국도7호선 태봉1교 등 5개소 정밀안전점검
국도7호선 평해대교 정밀안전진단 및 성능평가 건설엔지니어링,국도7호선 평해대교 정밀안전진단·성능평가
국도7호선 포항 송라 광천 등 4개소 도로정비공사 건설폐기물 처리용역,국도7호선 포항 광천 등 4개소 도로정비 폐기물
국도7호선 포항 연일 유강 등 7개소 도로정비공사 건설폐기물 운반용역,국도7호선 포항 유강 등 7개소 도로정비 운반
국도7호선 호산천교(상) 정밀안전진단 및 제1종성능평가용역,국도7호선 호산천교(상) 정밀안전진단·성능평가
국도7호선 호산천교(하) 정밀안전진단 및 제1종성능평가용역,국도7호선 호산천교(하) 정밀안전진단·성능평가
국도7호선 홈실교 등 10개소 정기안전점검 건설엔지니어링,국도7호선 홈실교 등 10개소 정기안전점검
국도7호선 화천교 등 24개소 정밀안전점검 및 2종 성능평가 건설엔지니어링,국도7호선 화천교 등 24개소 정밀안전점검
국도7호선 효현-내남 등 6개소 비탈면 정비공사 건설폐기물 처리용역,국도7호선 효현-내남 등 6개소 비탈면정비 폐기물
국도82호선 요당IC 등 9개소 옹벽 및 절토사면 정밀안전(정기)점검 및 성능평가용역,국도82호선 요당IC 등 9개소 옹벽 안전점검
국도82호선 향남교A2+0.900~요당교차로  등 2개소 포장보수공사 폐기물처리용역,국도82호선 향남교 등 포장보수 폐기물처리
국도82호선 향남교A2+0.900~요당교차로 등 2개소 포장보수공사,국도82호선 향남교 등 2개소 포장보수
국도ITS 시관리구간 구축공사 관급자재 구매(CCTV금속기둥),국도ITS 구축 관급자재(CCTV금속기둥) 구매
국도ITS 시관리구간 구축공사 관급자재 구매(CCTV제어함체),국도ITS 구축 관급자재(CCTV제어함체) 구매
국도상 보도설치 5단계 및 길어깨 정비 2단계 기본계획 수립 연구,국도 보도설치5단계·길어깨정비 기본계획
국도상 횡단보도 조명시설 설치 3단계 기본계획 수립 연구,국도 횡단보도 조명시설 3단계 기본계획
국도항 동방파제 축조공사 건설폐기물(폐콘크리트) 처리용역,국도항 동방파제 폐콘크리트 처리
국립감염병연구소 국제협력 플랫폼 성과활용 제고 및 고도화 방안 마련,국립감염병연구소 국제협력플랫폼 고도화
국립경주박물관 APEC 기념 특별전 신라 금관 전시물 제작 및 설치,국립경주박물관 APEC 신라금관 전시제작
국립경주박물관 월지관 아카이브 공간 및 석조품 전시 연출,국립경주박물관 월지관 아카이브·석조품 연출
국립고궁박물관 개관 20주년 기념 특별전 개막식 등 관련 행사 대행,국립고궁박물관 20주년 특별전 개막행사 대행
국립고궁박물관 국제학술대회 동아시아 왕실문화와 미술 온라인 중계,고궁박물관 동아시아 왕실문화 학술 중계
"국립고궁박물관 상설전시 음성안내시스템 외국어 콘텐츠(불어, 독어) 추가 구축",고궁박물관 음성안내 불어·독어 콘텐츠 구축
국립고궁박물관 상설전시실(1층) 개편 기본계획 수립 용역,고궁박물관 1층 상설전시실 개편 기본계획
국립고궁박물관 서문 조명기구 및 식당 조리실 전기배선 개선공사,고궁박물관 서문조명·조리실 전기배선 개선
국립고궁박물관 안전관리원 대기실 및 별관 유휴공간 개선공사,고궁박물관 안전관리원 대기실·유휴공간 개선
"국립고궁박물관 전면부 및 로비 리모델링 공사(건축,기계)",고궁박물관 전면부·로비 리모델링(건축·기계)
"국립고궁박물관 전면부 및 로비 리모델링 공사(건축·기계), 서문 및 주차장 개선공사 감리용역",고궁박물관 리모델링·서문 개선 감리
"국립고궁박물관 전면부 및 로비 리모델링 공사(건축·기계), 서문 및 주차장 개선공사 폐기물처리",고궁박물관 리모델링·서문 개선 폐기물처리
국립고궁박물관 전시동 공조기 응축기 세관 및 1금고 압축기 교체공사,고궁박물관 공조기 세관·압축기 교체
국립고궁박물관 정화조 전기판넬 교체 및 전시장 CCTV 전기공사 시행,고궁박물관 정화조 전기판넬·CCTV 전기공사
국립공원 공원자원조사 연계 유전자원 확보를 위한 실험용품 구매,국립공원 유전자원 실험용품 구매
국립공원 공원자원조사 연계 유전자원 확보를 위한 염기서열 분석 용역,국립공원 유전자원 염기서열 분석
국립공원 공원자원조사 연계 유전자원 확보를 위한 유전체 분석 용역,국립공원 유전자원 유전체 분석
국립공원 공원자원조사(한려해상국립공원)-조간대 해양생태계 조사용역,한려해상 조간대 해양생태계 조사
국립공원 내 금석문 자원을 활용한 국립공원 디지털 서체 개발 용역,국립공원 금석문 디지털 서체 개발
국립공원 육상생태계 식생권 탄소흡수량 자체조사 결과에 대한 외부전문기관 검증,국립공원 식생 탄소흡수량 외부검증
국립공원 자생식물 증식을 위한 식물생장조절실 배양대 구매,국립공원 자생식물 배양대 구매
국립공원 청소년수련시설 증축동 훈련시설 소방설비 추가공사,국립공원 수련시설 증축동 소방설비
국립공원공단 북부지역본부 청사 신축사업 기본 및 실시설계 용역 공모,국립공원공단 북부본부 청사 설계 공모
국립공원연구원 디지털트윈 구축 장비(레이저 스캐너) 구매,국립공원연구원 레이저스캐너 구매
국립공주박물관 4수장고 중층형 이동식 수장대 제작 및 설치,국립공주박물관 중층형 이동식 수장대 제작
국립공주박물관 어린이체험실 개편 및 충청권역수장고 어린이 체험구역 설계 및 제작 설치,공주박물관 어린이체험실 개편·제작설치
국립공주병원 2025년 9~10월 환자급식용 물품(부식) 구매 ,국립공주병원 9~10월 환자급식 부식 구매
국립과천과학관  2025년 9-12월 전시연계 체험프로그램  위탁운영 ,과천과학관 전시연계 체험프로그램 운영
국립과천과학관 첨단기술관 전면개편 1차 리모델링-철거공사,과천과학관 첨단기술관 철거공사
국립광주박물관 도자문화관 안전시설(면진 시스템 및 진열장 제작설치) 강화 ,광주박물관 도자문화관 면진·진열장 설치
"국립광주박물관 순회전 푸른 세상을 빚다, 고려 상형청자 전시설계 및 제작설치",광주박물관 고려 상형청자 순회전 제작설치
국립국가기록박물관 건립사업 기본 및 실시설계용역(1차수),국가기록박물관 건립 설계(1차)
국립국악고등학교 2025년 10월 급식물품 구매(공산품),국악고 10월 급식물품(공산품) 구매
국립국악고등학교 2025년 10월 급식물품 구매(김치류),국악고 10월 급식물품(김치류) 구매
국립국악고등학교 2025년 10월 급식물품 구매(농산물),국악고 10월 급식물품(농산물) 구매
국립국악고등학교 2025년 10월 급식물품 구매(수산물),국악고 10월 급식물품(수산물) 구매
국립국악고등학교 2025년 10월 급식물품 구매(축산물),국악고 10월 급식물품(축산물) 구매
국립국악고등학교 2025년 11월 급식물품 구매(공산품),국악고 11월 급식물품(공산품) 구매
국립국악고등학교 2025년 11월 급식물품 구매(김치류),국악고 11월 급식물품(김치류) 구매
국립국악고등학교 2025년 11월 급식물품 구매(농산물),국악고 11월 급식물품(농산물) 구매
국립국악고등학교 2025년 11월 급식물품 구매(수산물),국악고 11월 급식물품(수산물) 구매
국립국악고등학교 2025년 11월 급식물품 구매(축산물),국악고 11월 급식물품(축산물) 구매
국립국악고등학교 2025년 12월 ~ 2026년 2월 급식물품 구매(공산품),국악고 12~2월 급식물품(공산품) 구매
국립국악고등학교 2025년 12월 ~ 2026년 2월 급식물품 구매(김치류),국악고 12~2월 급식물품(김치류) 구매
국립국악고등학교 2025년 12월 ~ 2026년 2월 급식물품 구매(농산물),국악고 12~2월 급식물품(농산물) 구매
국립국악고등학교 2025년 12월 ~ 2026년 2월 급식물품 구매(수산물),국악고 12~2월 급식물품(수산물) 구매
국립국악고등학교 2025년 12월 ~ 2026년 2월 급식물품 구매(축산물),국악고 12~2월 급식물품(축산물) 구매
"국립국악고등학교 2025년 7,8월 급식물품 구매(공산품)","국악고 7,8월 급식물품(공산품) 구매"
"국립국악고등학교 2025년 7,8월 급식물품 구매(김치류)","국악고 7,8월 급식물품(김치류) 구매"
"국립국악고등학교 2025년 7,8월 급식물품 구매(농산물)","국악고 7,8월 급식물품(농산물) 구매"
"국립국악고등학교 2025년 7,8월 급식물품 구매(수산물)","국악고 7,8월 급식물품(수산물) 구매"
"국립국악고등학교 2025년 7,8월 급식물품 구매(축산물)","국악고 7,8월 급식물품(축산물) 구매"
"국립국악고등학교 기숙사 화장실, 샤워실, 세탁실 개선공사",국악고 기숙사 화장실·샤워실 개선
국립국악원 국악박물관 미디어월 신기술융합콘텐츠 개발(긴급),국악원 국악박물관 미디어월 콘텐츠 개발
국립국악중학교 가스열펌프(GHP) 배출가스 저감장치 구매 및 교체,국악중 GHP 배출가스 저감장치 교체
국립국제교육원 홈페이지 클라우드 전환 및 통합 재구축 사업,국제교육원 홈페이지 클라우드 전환·재구축
국립극장 무대예술지원센터 쏙쏙들이페스티벌 공연이벤트 용역,국립극장 쏙쏙들이페스티벌 공연이벤트
국립극장 무대예술지원센터 전시설계 및 제작 설치 용역 계약 요청,국립극장 무대예술센터 전시설계·제작설치
국립기상과학원 안면도지구대기감시소 공무용 차량 임차(싼타페),국립기상과학원 안면도 공무차량 임차
국립나주박물관 디지털복합문화관 어린이박물관 전시 설계 및 제작·설치,나주박물관 어린이박물관 전시 제작설치
국립나주병원 임상병리실 검사 시약 등 구매 소액수의 견적 제출공고,국립나주병원 임상병리 시약 구매
국립농산물품질관리원 강원지원 삼척동해사무소 청사 신축공사,농관원 삼척동해사무소 청사 신축
국립농산물품질관리원 강원지원 삼척동해사무소 청사 신축공사(전기),농관원 삼척동해사무소 청사 신축(전기)
국립농산물품질관리원 경북지원 상주사무소 청사 신축 전기공사,농관원 상주사무소 청사 신축 전기
국립농산물품질관리원 공무직 직무·임금체계 진단 및 개선 연구용역,농관원 공무직 직무·임금체계 진단 연구
국립농산물품질관리원 상주사무소 청사 신축을 위한 건축물 석면해체 및 제거공사,농관원 상주사무소 신축 석면해체·제거
국립농산물품질관리원 상주사무소 청사 신축을 휘한 건축물 해체공사,농관원 상주사무소 신축 건축물 해체
국립농업과학원 안전성부 잔류화학평가과 실험실 전원 재배치 및 증설 공사,농업과학원 잔류화학평가과 전원 증설
국립농업과학원 안전성부 잔류화학평가과 연구실 및 실험실 내부개선 공사,농업과학원 잔류화학평가과 실험실 내부개선
국립대전현충원 신청사 건립공사 관급자재(냉난방기 GHP) 구매,대전현충원 신청사 관급자재(GHP) 구매
국립대전현충원 신청사 건립공사 관급자재(알루미늄징크 설치) 구매,대전현충원 신청사 관급자재(알루미늄징크)
국립대학 교원 정원관리와 인사운영의 효율화 방안 정책연구,국립대학 교원 정원·인사운영 효율화 연구
국립대한민국임시정부기념관 2025년 국외교류전시 연출용역,임시정부기념관 국외교류전시 연출
국립대한민국임시정부기념관 2026년 상반기 특별전시 영상 제작 및 설치,임시정부기념관 26상반기 특별전 영상제작
국립대한민국임시정부기념관 2026년 상반기 특별전시 전시품 설계 및 제작·설치,임시정부기념관 26상반기 특별전 전시품 제작
국립대한민국임시정부기념관 2026년 상반기 특별전시 홍보물 제작,임시정부기념관 26상반기 특별전 홍보물
국립대한민국임시정부기념관 광복 80주년 기념 특별전시 영상 제작 및 설치,임시정부기념관 광복80주년 특별전 영상
국립대한민국임시정부기념관 광복 80주년 기념 특별전시 전시품 설계 및 제작ㆍ설치,임시정부기념관 광복80주년 특별전 전시품
국립대한민국임시정부기념관 광복 80주년 기념 특별전시 홍보물 제작,임시정부기념관 광복80주년 특별전 홍보물
국립대한민국임시정부기념관 디지털 전시 기억 콘텐츠 구축 용역,임시정부기념관 디지털 기억 콘텐츠 구축
국립목재문화체험장 조성 건축 및 전시설계 설계공모(제안공모) 공고,국립목재문화체험장 건축·전시 설계공모
국립목포병원 2025년 4월~6월 입원환자식당 식자재 구매,국립목포병원 4~6월 입원환자 식자재
국립목포병원 2025년 7월~9월 입원환자식당 식자재 구매,국립목포병원 7~9월 입원환자 식자재
국립무형유산원 R형 수신기 및 소방 중계기 교체 등 공사,무형유산원 R형수신기·소방중계기 교체
국립무형유산원 시멘트보드 교체 및 방화문 설치 등 환경개선 공사,무형유산원 시멘트보드·방화문 환경개선
국립무형유산원 어린이무형유산전당 교통영향평가(사후변경) 용역,무형유산원 어린이전당 교통영향평가
국립무형유산원 어린이무형유산전당 소규모 재해영향평가 용역,무형유산원 어린이전당 재해영향평가
"국립무형유산원 얼쑤마루 지상 1층, 2층 복도 내부 마감 공사",무형유산원 얼쑤마루 1·2층 복도 마감
국립무형유산원 전승마루 앞 옥상 트렌치 신설 및 인젝션 방수 공사,무형유산원 전승마루 옥상 방수
"국립무형유산원 지하주차장, 계단실 내부마감 교체 및 썬큰, 외부계단 우수처리 개선 공사",무형유산원 지하주차장 마감·우수처리 개선
국립무형유산원 파고라 지붕수선 및 야외전광판 점검 발판 설치 공사,무형유산원 파고라 지붕수선·전광판 발판
국립무형유산원 팬코일 유닛 및 시스템 에어컨 분해 청소 용역,무형유산원 팬코일·시스템에어컨 청소
국립문화유산연구원 국제교류 협력 중장기 전략 수립 연구 용역,문화유산연구원 국제교류 중장기 전략 연구
국립문화유산연구원 노후 냉난방설비 교체 기계공사 지급자재(보일러) 구매,문화유산연구원 냉난방설비 지급자재(보일러)
국립문화유산연구원 노후 냉난방설비 교체 전기공사 지급자재 구매,문화유산연구원 냉난방설비 전기 지급자재
국립문화유산연구원 노후 냉난방설비 교체공사 관급자재 추가 구매,문화유산연구원 냉난방설비 관급자재 추가
국립민속박물관 발간자료 웹 서비스 확장 및 기능개선 사업,민속박물관 발간자료 웹서비스 확장
국립민속박물관 열린보존과학실 신기술융합콘텐츠 제작 및 설치,민속박물관 열린보존과학실 콘텐츠 제작
국립민속박물관 찾아가는 어린이박물관 신기술융합 콘텐츠 제작 설치,민속박물관 찾아가는 어린이박물관 콘텐츠
국립민속박물관 천문도 특별전 전시연출 설계 및 제작 설치,민속박물관 천문도 특별전 전시연출 제작
국립법무병원 2025년 2분기 급식용 공산품 83종 구매(긴급),법무병원 2분기 급식 공산품 83종
국립법무병원 2025년 2분기 급식용 김치류 5종 구매(긴급),법무병원 2분기 급식 김치류 5종
국립법무병원 2025년 2분기 급식용 농산물 38종 구매,법무병원 2분기 급식 농산물 38종
국립법무병원 2025년 2분기 급식용 농산물 38종 구매(긴급),법무병원 2분기 급식 농산물 38종(긴급)
국립법무병원 2025년 2분기 급식용 축산물 13종 구매(긴급),법무병원 2분기 급식 축산물 13종
국립법무병원 2025년 3분기 급식용 공산품 99종 구매(긴급),법무병원 3분기 급식 공산품 99종
국립법무병원 2025년 3분기 급식용 김치류 6종 구매(긴급),법무병원 3분기 급식 김치류 6종
국립법무병원 2025년 3분기 급식용 농산물 34종 구매(긴급),법무병원 3분기 급식 농산물 34종
국립법무병원 2025년 3분기 급식용 축산물 12종 구매(긴급),법무병원 3분기 급식 축산물 12종
국립법무병원 2025년 4분기 급식용 공산품 92종 구매 (긴급),법무병원 4분기 급식 공산품 92종
국립법무병원 2025년 4분기 급식용 김치류 5종 구매(긴급),법무병원 4분기 급식 김치류 5종
국립법무병원 2025년 4분기 급식용 농산물 40종 구매(긴급),법무병원 4분기 급식 농산물 40종
국립법무병원 2025년 4분기 급식용 축산물 12종 구매(긴급),법무병원 4분기 급식 축산물 12종
국립법무병원 2026년 1분기 급식용 공산품 81종 구매(긴급),법무병원 1분기 급식 공산품 81종
국립법무병원 2026년 1분기 급식용 김치류 5종 구매(긴급),법무병원 1분기 급식 김치류 5종
국립법무병원 2026년 1분기 급식용 농산물 36종 구매(긴급),법무병원 1분기 급식 농산물 36종
국립법무병원 2026년 1분기 급식용 축산물 14종 구매(긴급),법무병원 1분기 급식 축산물 14종
국립법무병원 2026년 의료세탁물 위탁 용역 입찰 공고(긴급),법무병원 의료세탁물 위탁 용역
국립법무병원 2026년도 생활용품(세면비누 등 23종) 구매,법무병원 생활용품 23종 구매
국립법무병원 GHP 실외기 배출가스 저감장치 구매 및 설치,법무병원 GHP 배출가스 저감장치 설치
국립법무병원 GHP 실외기 배출가스 저감장치 구매 및 설치 입찰 공고 (긴급),법무병원 GHP 배출가스 저감장치 설치(긴급)
국립부곡병원 2025년  9~10월분 재원환자 급식용 김치류 구입,부곡병원 9~10월 환자급식 김치류
국립부곡병원 2025년 11~12월분 재원환자 급식용 김치류 구입,부곡병원 11~12월 환자급식 김치류
국립부곡병원 2025년 11~12월분 재원환자 급식재료 구입,부곡병원 11~12월 환자 급식재료
국립부곡병원 2025년 3~4월분 재원환자 급식용 김치류 구입,부곡병원 3~4월 환자급식 김치류
국립부곡병원 2025년 3~4월분 재원환자 급식재료 구입,부곡병원 3~4월 환자 급식재료
국립부곡병원 2025년 5~6월분 재원환자 급식용 김치류 구입,부곡병원 5~6월 환자급식 김치류
국립부곡병원 2025년 5~6월분 재원환자 급식재료 구입,부곡병원 5~6월 환자 급식재료
국립부곡병원 2025년 7~8월분 재원환자 급식용 김치류 구입,부곡병원 7~8월 환자급식 김치류
국립부곡병원 2025년 7~8월분 재원환자 급식재료 구입,부곡병원 7~8월 환자 급식재료
국립부곡병원 2025년 9~10월분 재원환자 급식재료 구입 ,부곡병원 9~10월 환자 급식재료
국립부곡병원 2026년 1~2월분 재원환자 급식재료 구입,부곡병원 1~2월 환자 급식재료
국립부곡병원 2026년도 1~2월분 재원환자 급식용 김치류 구입,부곡병원 1~2월 환자급식 김치류
국립부산해사고등학교 [친환경 선박 전력공급 실습실 조성 공사],부산해사고 친환경 선박 전력실습실 조성
국립부여박물관 “사비백제 국보관 이동식 내진 수장대 제작·설치”,부여박물관 사비백제 국보관 내진 수장대
국립부여박물관 사비백제 국보관 전시설계 및 전시인테리어 제작·설치,부여박물관 국보관 전시설계·인테리어 제작
국립부여박물관 상설전시관-국보관 연결통로 신규 영상 제작,부여박물관 국보관 연결통로 영상 제작
국립새만금수목원 조성 예정지 식물 생육적응성 및 현장 적용 연구용역,새만금수목원 식물 생육적응성 연구
국립새만금수목원 조성사업 관급자재(기계4차_빌딩자동제어장치),새만금수목원 관급자재(빌딩자동제어)
국립새만금수목원 조성사업 관급자재(전기11차_전기차충전장치용 캐노피),새만금수목원 관급자재(전기차충전 캐노피)
국립새만금수목원 조성사업 관급자재(전기12차_무대장치설비),새만금수목원 관급자재(무대장치설비)
국립새만금수목원 조성사업 관급자재(전기8차_파상형경질폴리에틸렌전선관),새만금수목원 관급자재(경질폴리에틸렌전선관)
국립새만금수목원 조성사업 관급자재(통신1차_파상형경질폴리에틸렌전선관),새만금수목원 통신 관급자재(전선관)
국립생물자원관 생생채움 어린이 체험실 전시 연출 설계 및 제작 설치,생물자원관 생생채움 어린이체험실 연출
국립생물자원관 생생채움 제주곶자왈(온실) 구조물 보수 공사,생물자원관 제주곶자왈 온실 구조 보수
국립생약자원관 생약누리 25년 기획전시 연출 및 제작 설치 용역,생약자원관 생약누리 기획전시 연출 제작
국립세종도서관 서비스 제고를 위한 공간 개편 및 운영 전략 연구용역,세종도서관 공간 개편·운영전략 연구
국립소록도병원 2차 석면제거 및 지붕교체공사 지정폐기물(폐석면) 처리용역,소록도병원 석면제거 폐석면 처리
국립소록도병원 기능 강화 및 발전 실행전략 수립 연구 입찰 공고,소록도병원 기능강화 발전전략 연구
국립소록도병원 자원봉사회관 보수보강공사 중간 및 실시설계 용역,소록도병원 봉사회관 보수보강 설계
"국립소록도병원 한울센터 내진보강 및 보수공사(건축, 구조, 기계설비)",소록도병원 한울센터 내진보강 보수공사
"국립소록도병원 한울센터 내진보강, 보수공사 기본 및 실시설계용역",소록도병원 한울센터 내진보강 설계
국립소방병원 건립사업 옥상헬기장 준공확인 인허가 용역 계약요청,소방병원 옥상헬기장 준공확인 인허가
국립소방병원 건립사업 지장물철거 및 오수관로 재시공 공사,소방병원 지장물철거·오수관로 재시공
국립소방연구원 청사 이전 신축사업 관급자재(자동제어) 구매,소방연구원 청사신축 관급자재(자동제어)
국립소방연구원 청사 이전 신축사업 관급자재(준불연메탈판넬) 구매,소방연구원 청사신축 관급자재(메탈판넬)
국립소방연구원 청사 이전 신축사업 관급자재(팬필터유닛) 구매,소방연구원 청사신축 관급자재(팬필터유닛)
국립수산과학원 수산과학연구사업의 성과지표 개발 및 활용 연구,수산과학원 연구사업 성과지표 개발 연구
"국립수산과학원 수산과학조사선 2분기 갑판, 기관, 통신물품",수산과학원 조사선 2분기 갑판·기관물품
국립수산과학원 조직운영·문화 진단 및 개선전략 수립 연구,수산과학원 조직운영·문화 진단 연구
국립아시아문화전당 2025 연말조명 디자인 및 제작 설치,아시아문화전당 연말조명 디자인·제작설치
국립아시아문화전당 2025 연말조명 디자인 및 제작 설치(긴급),아시아문화전당 연말조명 제작설치(긴급)
국립아시아문화전당 [아시아 스토리] 콘텐츠 검증 및 고도화 용역,아시아문화전당 아시아스토리 콘텐츠 고도화
국립아시아문화전당 개관 10주년 기념전시 [봄의 선언] 작품 운송 용역,아시아문화전당 봄의선언 작품 운송
국립아시아문화전당 상징물(상징공간) 조성 기본계획 수립 연구,아시아문화전당 상징물 조성 기본계획
국립아시아문화전당 수장고 건립 기본계획 수립 용역 계약 요청,아시아문화전당 수장고 건립 기본계획
국립아시아문화전당 지역작가초대전 이이남 전시 홍보 대행 용역,아시아문화전당 이이남전 홍보 대행
국립아시아문화전당 필름앤비디오 [아시아의 장치들] 전시 운영 용역,아시아문화전당 아시아의장치들 전시 운영
국립야생동물질병관리원 생물안전연구시설 관리 및 운영(25~26),야생동물질병관리원 생물안전시설 운영
"국립양식사료연구소 신축 사업 건축공사(건축, 토목, 조경, 기계)",양식사료연구소 신축 건축공사
국립어린이과학관 2025~2026 전시개선사업(몰입형 실감미디어아트 체험관),어린이과학관 전시개선(실감미디어아트)
국립완주문화유산연구소 연구자료실 및 보존과학실 신청사 이전,완주문화유산연구소 신청사 이전
국립울산 탄소중립 전문과학관 건립사업 건설사업관리용역(감독권한대행),울산 탄소중립 과학관 건립 사업관리
"국립울진동서트레일센터 건축공사(기계, 토목, 조경, 폐기물 포함)",울진동서트레일센터 건축공사
국립울진산림생태원 조성사업 기본 및 실시설계 건설사업관리용역,울진산림생태원 조성 설계 사업관리
국립이천호국원 현충관 및 관리소 리모델링 건설폐기물처리용역,이천호국원 현충관·관리소 폐기물처리
국립이천호국원 현충관 및 관리소 리모델링사업 관급자재(냉난방기) 구매,이천호국원 리모델링 관급자재(냉난방기)
국립장애인도서관 중장기 발전계획(2025-2029) 수립 연구,장애인도서관 중장기 발전계획 연구
"국립전주박물관 2025년 특별전 나고 드는 땅, 만경과 동진 전시 연출",전주박물관 만경과 동진 특별전 연출
국립전통예술고등학교 2025년 3~7월 조식 위탁급식(벌크식) 납품업체 선정,전통예술고 3~7월 조식 위탁급식 선정
국립전통예술고등학교 2025년 8월 ~ 2026년 2월 조식 위탁급식(벌크식) 납품업체 선정,전통예술고 8~2월 조식 위탁급식 선정
국립전통예술고등학교 2026년 3 ~  7월 조식 위탁급식(벌크식) 납품업체 선정,전통예술고 3~7월 조식 위탁급식 선정
국립전통예술고등학교 2026학년도 신입생교복(동복 및 하복) 제조 구매,전통예술고 신입생교복 제조 구매
국립전통예술중고등학교 기숙사 환경개선(2차) 스프링클러설비 신설공사,전통예술중고 기숙사 스프링클러 신설
국립전통예술중학교 2026학년도 신입생교복(동복 및 하복) 제조 구매 입찰공고,전통예술중 신입생교복 제조 구매
국립정신건강센터 중장기(`26년~`30년) 발전계획 수립 연구,정신건강센터 중장기 발전계획 연구
국립조선왕조실록박물관 2025년 교육프로그램 활동지 제작,조선왕조실록박물관 교육 활동지 제작
국립조선왕조실록박물관 2025년 학급단체 교육프로그램 체험 키트 제작,실록박물관 학급단체 교육 체험키트 제작
"국립조선왕조실록박물관 상설전시 및 특별전 전시품 포장, 운송, 설치 용역",실록박물관 전시품 포장·운송·설치
국립종자원 본원 청사 냉난방시스템(GHP) 교체를 위한 관급자재(실외기) 구매,국립종자원 냉난방시스템 관급자재(실외기)
국립중앙과학관 과학기술관 기초과학 분야 리모델링(2025),중앙과학관 과학기술관 기초과학 리모델링
국립중앙극장-대한민국역사박물관 공동기획전 전시연출 및 제작설치,중앙극장·역사박물관 공동기획전 연출
국립중앙도서관 대국민 서비스 및 정보자원 통합 방안 수립,중앙도서관 대국민서비스·정보자원 통합
국립중앙박물관 2025년 특별전 우리들의 이순신(가제) 전시품 설계 및 제작 설치,중앙박물관 우리들의이순신 특별전 전시품
국립중앙박물관 2025년 특별전 일본미술의 재발견(가제) 전시품 설계 및 제작 설치,중앙박물관 일본미술의재발견 특별전 전시품
"국립중앙박물관 2025년 특별전 일본미술의 재발견(가제) 포장, 운송, 설치 용역",중앙박물관 일본미술 특별전 포장·운송·설치
국립중앙박물관 2025년 특별전 조선 전기 미술(가제) 전시품 설계 및 제작 설치,중앙박물관 조선전기미술 특별전 전시품 제작설치
국립중앙박물관 박물관보존과학센터 개관전시 전시품 설계 및 제작 설치,중앙박물관 보존과학센터 개관전 전시품 제작설치
"국립중앙박물관 세계문화관 이슬람실 전시품 포장, 운송, 설치 용역",중앙박물관 이슬람실 전시품 포장·운송·설치
국립중앙박물관 특별전 “새 나라 새 미술: 조선 전기 미술 대전” 전시품 보험,중앙박물관 조선전기미술 특별전 전시품 보험
"국립중앙박물관 특별전 오세아니아: 대양의 예술 운송, 포장, 설치 용역",중앙박물관 오세아니아 특별전 운송·포장·설치
국립중앙박물관『박물관보존과학센터  개관 기념 행사』대행 용역,중앙박물관 보존과학센터 개관행사 대행
국립진부령자연휴양림 신규 조성사업(산불소화전) 기술지도용역,진부령자연휴양림 산불소화전 기술지도
국립청주박물관 디지털문화관 건립 건축공사 관급자재(레미콘) 구매,청주박물관 디지털문화관 관급자재 레미콘 구매
국립청주박물관 디지털문화관 건립 건축공사 관급자재(철근) 구매,청주박물관 디지털문화관 관급자재 철근 구매
국립청주박물관 디지털문화관 건축공사 관급자재(레미콘) 구매,청주박물관 디지털문화관 관급자재 레미콘 구매
국립충주박물관 건립 기계설비공사 관급자재(냉난방기) 구매,충주박물관 기계설비 관급자재 냉난방기 구매
국립충주박물관 건립 기계설비공사 관급자재(자동제어) 구매,충주박물관 기계설비 관급자재 자동제어 구매
국립충주박물관 건립 기계설비공사 관급자재(지열시스템) 구매,충주박물관 기계설비 관급자재 지열시스템 구매
국립충주박물관 건립 전기공사 관급자재(화물용 승강기) 구매,충주박물관 전기공사 관급자재 화물승강기 구매
국립탐라문화유산연구센터 건립 타당성 조사 및 기본계획 수립,탐라문화유산연구센터 건립 타당성·기본계획
국립특수교육원 사이트 클라우드 전환 및 재구축 정보화전략계획(ISP) 수립,특수교육원 사이트 클라우드 전환 ISP 수립
"국립포항 지구(지질, 기후)·해양 전문과학관 건립사업 설계용역",포항 지구해양 과학관 건립 설계
국립한국문학관 건립 공사 관급자재(빌딩자동제어장치) 구매 설치,한국문학관 관급자재 빌딩자동제어장치 구매설치
국립한국문학관 건립 공사 관급자재(지열시스템) 구매 설치,한국문학관 관급자재 지열시스템 구매설치
국립한국문학관 건립 기계공사 관급자재(냉각탑) 구매 설치,한국문학관 기계공사 관급자재 냉각탑 구매설치
국립한국문학관 건립 기계공사 관급자재(수중펌프 등) 구매,한국문학관 기계공사 관급자재 수중펌프 구매
국립한국문학관 건립 기계공사 관급자재(순환펌프 등) 구매,한국문학관 기계공사 관급자재 순환펌프 구매
국립한국문학관 건립 기계공사 관급자재(인화물용엘리베이터) 제작 설치,한국문학관 관급자재 인화물용엘리베이터 제작설치
국립해양문화시설 설립 효과 분석 및 수익구조 다변화를 위한 연구용역,해양문화시설 설립효과 분석·수익구조 연구
국립해양생물종복원센터 건립사업 건설사업관리용역(감독권한대행),해양생물종복원센터 건립 건설사업관리
국립해양유산연구소 사무동 증축공사 관급자재(태양광발전설비),해양유산연구소 증축 관급자재 태양광설비
국립환경과학원 연구관리체계 개선을 위한 인공지능 기법 활용 방안 연구,환경과학원 연구관리체계 AI기법 활용 연구
국무조정실 세종청사 영상회의실 노후 음향시스템 고도화 사업,국무조정실 세종청사 영상회의실 음향 고도화
국민 관점의 편리한 민원 해결을 위한 민원제도 개선방안 등에 관한 연구용역,민원 해결 위한 민원제도 개선방안 연구
"국민 소통 행보, 호남의 마음을 듣다(국토교통부) 행사 및 기획",국민소통 행보 호남 행사 기획
국민건강영양조사 온라인 식품섭취조사 섭취량 조사도구 제작 및 데이터베이스 구축,국민건강영양조사 식품섭취 조사도구·DB 구축
국민연금공단 인재개발원 신축공사 안전점검 수행기관 지정 공고,국민연금공단 인재개발원 신축 안전점검기관 지정
국민적 통일 공감대 형성을 위한 해외 합의형성 모델 연구(긴급),통일 공감대 해외 합의형성 모델 연구
국민적 통일 공감대 형성을 위한 해외 합의형성 모델 연구(긴급) 단일응찰이후 수의시담 공고,통일 공감대 해외 합의형성 모델 수의시담
국방정보시스템 구축·운영 단계별 데이터품질 확보를 위한 가이드 및 모범사례 연구,국방정보시스템 데이터품질 가이드 연구
국보 부석사 조사당 벽화의 합성수지 고착 손상 안정화 방안 연구,부석사 조사당 벽화 고착손상 안정화 연구
국보 부석사 조사당 벽화의 합성수지 고착손상 안정화 방안 연구,부석사 조사당 벽화 고착손상 안정화 연구
국산 목재제품 이용확대를 위한 NVOC 평가 및 관리체계 구축방안 연구,국산목재 NVOC 평가·관리체계 구축 연구
"국산 밀 생산단지 지역특화 가공 활성화 시범사업(밀도정장비, 민간입찰대행)",국산밀 생산단지 가공 밀도정장비 입찰대행
"국산 밀 생산단지 지역특화 가공 활성화 시범사업(밀도정장비, 입찰대행)",국산밀 생산단지 가공 밀도정장비 입찰대행
국산 백신 제품화를 위한 다부처 협업 추진방안 및 중장기 사업계획안 마련,국산백신 제품화 협업방안·중장기 계획 마련
국세청 세법 전문서적 전자책(ebook) 제작 및 지원서비스,국세청 세법 전자책 제작·지원서비스
국세행정 AI 전환 및 세무플랫폼 대응방안 마련을 위한 정보화전략계획(ISP) 수립 사업,국세행정 AI전환 세무플랫폼 ISP 수립
국외 위탁교육[영국의 주요 국제조세 분야 최신 조사 이슈],국외위탁교육 영국 국제조세 조사이슈
국외산림탄소축적증진 전문인력 양성을 위한 커리큘럼 개발 등 연구,국외산림탄소축적 전문인력 커리큘럼 개발
국외소재문화유산 특별 공개 전시(가제) 전시연출 및 보조물 제작·설치,국외소재문화유산 특별전 연출·보조물 제작설치
국외위탁교육(베트남의 주요 국제조세 분야 최신 조사 이슈),국외위탁교육 베트남 국제조세 조사이슈
국외이전 표준계약조항 마련 등 안전한 개인정보 국외이전 체계 수립 방안 연구,개인정보 국외이전 표준계약조항 체계 연구
"국유재산 재산종합보험(화재보험, 영업배상책임보험) 및 가스사고배상책임보험 가입",국유재산 종합보험·가스사고배상책임보험 가입
국제 AI 활용 의료제품 규제 심포지엄(AIRIS 2025) 대행 용역,AI 의료제품 규제 심포지엄 대행
국제개발협력 거버넌스 변화에 따른 개발효과성 의제 주도 및 GPEDC 재활성화 방안,개발효과성 의제·GPEDC 재활성화 방안
국제경찰교육훈련센터 증축공사 관급자재(GHP 실외기) 구매 ,국제경찰교육훈련센터 관급자재 GHP실외기 구매
국제기준에 맞는 천연림과 인공림 관리기준 개선을 위한 연구,천연림·인공림 관리기준 개선 연구
국제대응플랫폼 및 사이버불법공조대응 공조시스템 고도화 사업,국제대응·사이버불법 공조시스템 고도화
국제사회 공헌과 참여로 G7+ 외교 강국 실현을 위한 국제현인그룹 세미나,G7+외교 강국 국제현인그룹 세미나
국제승인평가 완료물질의 안전성평가 사업(2025) - 제품 보존제류,국제승인 완료물질 안전성평가 제품보존제류
국제입찰업무 매뉴얼 발간을 위한 WTO 정부조달협정 및 FTA 정부조달챕터 연구의 후속연구,WTO·FTA 정부조달 국제입찰 후속연구
국제적  GMP 규정 동향 분석 기반 제조·품질관리 규제조화 이행방안 연구,GMP 동향분석 제조품질 규제조화 연구
국제종자생명교육센터 가스열펌프(GHP) 배출가스 저감장치 구매·설치,종자생명교육센터 GHP 배출가스 저감장치 설치
국제종자생명교육센터 종자산업 교육인프라 구축(시설공사 감리용역),종자생명교육센터 교육인프라 시설공사 감리
국제종자생명교육센터 종자산업 교육인프라 구축(전기공사 감리용역),종자생명교육센터 교육인프라 전기공사 감리
국제종자생명교육센터 종자산업교육인프라 구축(폐기물처리용역),종자생명교육센터 교육인프라 폐기물처리
국제탄소규제 대응 온실가스 배출량 산정 및 검증 방법론 개발 연구(II),국제탄소규제 온실가스 산정·검증 방법론 연구
국제표준 지구자기 관측자료 생산 기술 및 분석 연구(수의시담),국제표준 지구자기 관측자료 생산·분석 연구
국제표준도서번호(ISBN) 및 국제표준연속간행물번호(ISSN) 표준 개정 연구,ISBN·ISSN 표준 개정 연구
국제표준화기구(IAF) 인정체계 인정평가사 및 검증심사원 적격성 관리 체계 구축(Ⅱ),IAF 인정평가사·검증심사원 적격성 관리 구축
국제해상조난안전시스템 개선 구축 기본 및 실시설계 용역 ,국제해상조난안전시스템 기본·실시설계
국제협력을 통한 국내 식량작물기반 소재의 국제경쟁력 강화 전략 수립,국내 식량작물 소재 국제경쟁력 강화 전략
국지도39호선 양주 백석-광적 도로건설공사 기본 및 실시설계 VE용역,국지도39호선 백석-광적 설계 VE
국지도39호선 양주 백석-광적 도로건설공사 문화재지표조사용역,국지도39호선 백석-광적 문화재지표조사
국지도39호선 양주 백석-광적 도로건설공사 소규모 환경영향평가용역,국지도39호선 백석-광적 소규모 환경영향평가
국지도39호선 양주 백석-광적 도로건설공사 재해영향평가용역,국지도39호선 백석-광적 재해영향평가
국지도70호선 안성 미양 양지-신기 도로건설공사기본 및 실시설계용역,국지도70호선 양지-신기 기본·실시설계
국지도78호선 고양 고양-벽제 도로건설공사 소규모 재해영향평가용역,국지도78호선 고양-벽제 소규모 재해영향평가
국지도78호선 고양 고양-벽제 도로건설공사 소규모 환경영향평가용역,국지도78호선 고양-벽제 소규모 환경영향평가
국지도98호선 광주 곤지암 만선-건업 도로건설공사 기본 및 실시설계용역,국지도98호선 만선-건업 기본·실시설계
국지도98호선 광주 도척 유정-진우 도로건설공사 기본 및 실시설계용역,국지도98호선 유정-진우 기본·실시설계
국지도98호선 파주 조리-광탄 도로건설공사 교통안전진단용역,국지도98호선 조리-광탄 교통안전진단
국지도98호선 파주 조리-광탄 도로건설공사 교통영향평가용역,국지도98호선 조리-광탄 교통영향평가
국지도98호선 파주 조리-광탄 도로건설공사 문화재지표조사용역,국지도98호선 조리-광탄 문화재지표조사
국지도98호선 파주 조리-광탄 도로건설공사 재해영향평가용역,국지도98호선 조리-광탄 재해영향평가
국지도98호선 파주 조리~광탄 도로건설공사 소규모환경영향평가용역 ,국지도98호선 조리-광탄 소규모환경영향평가
국지도98호선 파주 조리~광탄 등 2건 도로건설공사  기본 및 실시설계 VE용역,국지도98호선 조리-광탄 등 설계 VE
국토녹화50주년기념관 건립사업 건설폐기물(폐아스팔트콘크리트)처리,국토녹화50주년기념관 건설폐기물 처리
국토발전전시관 기획·특별전시 개편 LED전광판 제작·설치,국토발전전시관 전시개편 LED전광판 제작설치
국토위성 기반 국토현황·변화탐지 산출물 생산 및 제공 체계 개발,국토위성 국토현황·변화탐지 산출물 생산체계
국토위성영상 활용성 강화를 위한 LLM 기술 도입 방안 연구,국토위성영상 활용 LLM 도입방안 연구
국화실증포 인재양성 기반구축 기본 및 실시설계용역 소액수의 견적,국화실증포 인재양성 기본·실시설계 견적
국화실증포 인재양성 기반구축 노후 건축물 해체·철거 공사,국화실증포 노후건축물 해체·철거공사
국화실증포 인재양성 기반구축 노후 건축물 해체·철거공사 건축폐기물 처리,국화실증포 해체·철거 건축폐기물 처리
군(軍) 감염병 대응 및 관리 역량 강화 방안(수의시담(재)),군 감염병 대응·관리 역량강화 수의시담재
군(軍) 감염병 대응 및 관리 역량 강화 방안(수의시담),군 감염병 대응·관리 역량강화 수의시담
군사시설 인접 산사태 발생 위험지 원인분석 및 복구방안 마련 연구,군사시설 인접 산사태 위험지 복구방안 연구
군산 비축창고 신축사업(전기) 관급자재(태양광발전장치) 구매 요청,군산 비축창고 관급자재 태양광발전장치 구매
군산교도소 BF인증(보행로 개선 등) 공사 소액수의 견적제출 공고,군산교도소 BF인증 공사 소액수의견적
군산교도소 급식용 공산품(간장 등 213종) 구매 관련 규격 · 가격 동시 입찰 공고,군산교도소 급식용 공산품 213종 규격가격입찰
"군산교도소 급식용 공산품(간장 등 213종) 구매 관련 규격, 가격 동시 입찰 공고",군산교도소 급식용 공산품 213종 규격가격입찰
군산교도소 급식용 김치류(배추김치 등 8종) 구매 입찰 공고,군산교도소 급식용 김치류 8종 구매
군산교도소 급식용 농산물(감자 등 36종) 구매 관련 규격 · 가격 동시 입찰 공고,군산교도소 급식용 농산물 36종 규격가격입찰
군산교도소 급식용 수산물(가자미 등 48종) 구매 관련 규격 · 가격 동시 입찰 공고,군산교도소 급식용 수산물 48종 규격가격입찰
군산교도소 급식용 수산물(가자미 등 52종) 구매 관련 규격 · 가격 동시 입찰 공고,군산교도소 급식용 수산물 52종 규격가격입찰
군산교도소 급식용 유제품(우유 등 10종) 구매 관련 2단계 경쟁 등의 입찰 공고,군산교도소 급식용 유제품 10종 2단계경쟁입찰
군산교도소 급식용 축산물(식육류 등 26종) 구매 관련 규격 · 가격 동시 입찰 공고,군산교도소 급식용 축산물 26종 규격가격입찰
군산교도소 수용자 자비구매 안경 등 구입 관련 소액수의 견적제출 공고,군산교도소 수용자 자비구매 안경 소액수의
군산교도소 수용자 판매용 여름이불 재료(면직물 등 4종) 구매,군산교도소 여름이불 재료 면직물 4종 구매
군산교도소 수용자 판매용 여름이불 재료(합성섬유솜) 구매,군산교도소 여름이불 재료 합성섬유솜 구매
군산교도소 외곽 순찰로 정비 및 진지 설치 등 공사 소액수의 견적제출 공고,군산교도소 외곽 순찰로·진지 공사 소액수의
군산교도소 의료수용동 승강기 설치공사 소액수의 견적제출 공고,군산교도소 의료수용동 승강기 설치 소액수의
군산교도소 의무교도대 창고 증축 공사 소액수의 견적제출 공고,군산교도소 의무교도대 창고 증축 소액수의
군산내항 폭풍해일 침수방지공사 가연성 폐기물 처리용역(수의시담),군산내항 침수방지 가연성폐기물 처리 수의시담
군산내항 폭풍해일 침수방지공사 관급자재(투명홍수방호벽) 구매,군산내항 침수방지 관급자재 투명홍수방호벽
군산내항 폭풍해일 침수방지공사 폐기물(폐아스콘)처리용역(긴급),군산내항 침수방지 폐아스콘 처리 긴급
군산내항 폭풍해일 침수방지공사 폐기물(혼합폐기물)처리용역(긴급),군산내항 침수방지 혼합폐기물 처리 긴급
군산세관 구)컨테이너검센터 철거 등 공사 폐기물 처리용역,군산세관 컨테이너검센터 철거 폐기물 처리
군산항 7부두 야적장 조성공사 가연성폐기물 처리용역(긴급),군산항 7부두 야적장 가연성폐기물 처리 긴급
군산항 국제여객터미널 노후 에스컬레이터 제작 설치(교체),군산항 국제여객터미널 에스컬레이터 교체
군산항 제2준설토 투기장(1공구) 축조공사 건설사업관리용역 (긴급),군산항 제2준설토 투기장 1공구 건설사업관리
군산항 제2준설토 투기장(2공구) 축조공사 건설사업관리용역 (긴급),군산항 제2준설토 투기장 2공구 건설사업관리
군산항 항입구(신규지정항로) 준설공사(1단계) 사후환경영향조사용역(운영시),군산항 항입구 준설 사후환경영향조사
군산항공대 카모프(B509) 헬기 좌측 주엔진 연장검사 용역,군산항공대 카모프헬기 좌측 주엔진 연장검사
군산해경 321함 3번 주기관(MTU16V4000M90) 조립 및 복구 수리,군산해경 321함 3번 주기관 조립·복구 수리
군산해경 321함 주기관(MTU16V4000M90) 조립 및 복구 수리,군산해경 321함 주기관 조립·복구 수리
"군산해양경찰서 경비함정 수선 상하부, 청락 도장 수리 용역",군산해경 경비함정 상하부·청락 도장 수리
군산해양경찰서 경비함정(321함) 양현 발전기 총분해수리,군산해경 321함 양현 발전기 총분해수리
군산해양경찰서 연안구조정 야간항해보조장비(초저조도카메라) 구매 및 설치,군산해경 연안구조정 초저조도카메라 설치
군산해양경찰서 연안구조정 야간항해보조장비(초저조도카메라) 구매 및 설치(수의시담),군산해경 연안구조정 초저조도카메라 수의시담
군위 삼국유사-우보 등 4건 교통영향평가 및 교통시설안전진단 건설엔지니어링,군위 삼국유사-우보 등 교통영향평가
군장항 항만시설 포장 등 유지보수공사 폐기물(폐아스콘)처리용역,군장항 항만시설 유지보수 폐아스콘 처리
궁능 서비스 관람료 현황분석 및 관람료 현실화 방안 연구 용역,궁능 관람료 현황분석·현실화 방안 연구
궁평리지구 연안정비사업 기본 및 실시설계 설계경제성검토(설계VE) 용역,궁평리지구 연안정비 기본·실시설계 VE
궁평항 정비공사 기본 및 실시설계 건설사업관리(설계VE포함) 용역,궁평항 정비 기본·실시설계 건설사업관리
권역·배출특성별 암모니아 농도 분포 파악 및 2차 무기염 생성기작 규명(Ⅳ),권역별 암모니아 분포·2차무기염 생성기작 규명
권역별 대기개선 통합관리시스템 유지관리(2025~2027),권역별 대기개선 통합관리시스템 유지관리
권역별 천연물자원 관리 체계 마련 연구(24201한약안234),권역별 천연물자원 관리체계 마련 연구
권역외상센터 유형별 지정기준 및 평가·보상체계 개발 연구,권역외상센터 지정기준·평가보상체계 개발
"귀둔 다문화 공동체마을 조성사업(건축,토목,기계,조경) 상주감리용역",귀둔 다문화공동체마을 건축 상주감리
"귀둔 다문화 공동체마을 조성사업(전기,통신,소방) 감리용역",귀둔 다문화공동체마을 전기통신 감리
균열해석용 SIMULIA ABAQUS CAE Extended 및 Solver(5 Tokens) 임차 라이선스,균열해석용 ABAQUS CAE 임차 라이선스
그린바이오·푸드테크 분야 농생명 수출산업 지원을 위한 R&D 산업수요 발굴 용역 ,그린바이오 농생명 수출 R&D 수요 발굴
근현대문화유산지구 및 근대건축 관련 제도 개선 기초 연구,근현대문화유산지구·근대건축 제도개선 연구
근현대문화유산지구 지정 및 활용계획 가이드라인 등 마련 연구,근현대문화유산지구 지정·활용 가이드라인 연구
글로벌 GMP기반 제약혁신기술 도입 - 의약품 품질시스템 기반 예시모델 및 기초기술 개발,GMP 제약혁신 품질시스템 예시모델 개발
글로벌 GMP기반 제약혁신기술 도입 - 제약 스마트공장 혁신기술 교육·컨설팅,GMP 제약 스마트공장 혁신기술 교육컨설팅
글로벌 복합위기 속 한-아세안 CSP 및 대아세안 정책 제안 연구,한-아세안 CSP·대아세안 정책 연구
글로벌 생물다양성 프레임워크 대응을 위한 생물다양성 관련 보조금 관리방안 연구,생물다양성 프레임워크 보조금 관리방안 연구
글로벌 선도 수준의 출연(연) 육성을 위한 우수인재 확보 유지 혁신방안 연구,출연연 우수인재 확보·유지 혁신방안 연구
금강 금산2지구(장동지구) 하천환경정비사업 건설사업관리용역,금강 금산2지구 하천환경정비 건설사업관리
금강 서해1권역 하천기본계획 전략환경(기후변화)환경영향평가용역,금강 서해1권역 하천기본계획 전략환경평가
금강 서해2권역 하천기본계획 전략환경(기후변화)환경영향평가용역,금강 서해2권역 하천기본계획 전략환경평가
금강 중권역 물환경관리계획(‘26~’30) 수립 연구용역,금강 중권역 물환경관리계획 수립 연구
금강권역 등 2개소 하천정비(제방보강)사업 통합건설사업관리용역,금강권역 등 하천정비 통합건설사업관리
"금강권역 홍수위험지도(하천범람, 내수침수) 신규/보완 작성",금강권역 홍수위험지도 작성
금강수계 부유사 발생 특성 정밀조사 연구_주요 유입 지류 중심으로,금강수계 부유사 발생 특성 정밀조사 연구
금강홍수통제소 청사 건립사업_관급자재(고강도 콘크리트말뚝) 구매,금강홍수통제소 관급자재 콘크리트말뚝 구매
금산군 미래복합디지털농업교육관 라이브커머스 시스템 구축 장비 구입 및 설치(규격가격동시입찰),금산군 농업교육관 라이브커머스 장비 설치
금산군 미래복합디지털농업교육관 라이브커머스 시스템구축 장비구입 및 설치(규격가격동시입찰),금산군 농업교육관 라이브커머스 장비 설치
금성 탐사(관측) 임무 발굴 및 기술개발 전략 마련을 위한 기획연구,금성 탐사임무 발굴·기술개발 전략 기획연구
금정산국립공원 지정 및 제6회 국립공원의 날 기념행사 대행 용역,금정산국립공원 지정·국립공원의날 행사 대행
금호강 단위유역 유역하수도정비계획(2차) 용역 집행계획 및 수행능력평가서 제출 공고,금호강 유역하수도정비계획 2차 집행계획
금호강 유역하수도정비계획(변경) 수립  전략환경영향평가 및 기후변화영향평가,금호강 유역하수도정비계획 전략환경영향평가
기계 인비리 취약지역 생활여건 개조사업 기본 및 시행계획(세부설계) 수립 용역,기계 인비리 생활여건 개조 기본·세부설계
"기계설비 성능정검 위탁용역 소액수의 입찰 공고(원주, 원주집)",기계설비 성능점검 위탁 소액수의 원주
기계학습을 통한 경북지역 실내라돈 농도와 지질학적 인자의 통계처리,기계학습 경북 실내라돈·지질인자 통계처리
기관부속 예비품(16V2000 부속 등 4종) 구매(특수조건 필독),기관부속 예비품 16V2000 등 4종 구매
기관부속 예비품(16V4000부속 등 6종) 구매(특수조건 필독),기관부속 예비품 16V4000 등 6종 구매
기관부속 예비품(GASKET 등 6종) 구매(특수조건 필독),기관부속 예비품 GASKET 등 6종 구매
기관부속 예비품(QSM11 부속 등 21종) 구매(특수조건 필독),기관부속 예비품 QSM11 등 21종 구매
기관부속 예비품(SOLENOID VALVE) 구매(특수조건 필독),기관부속 예비품 SOLENOID VALVE 구매
기기부속 예비품(HT-1000 ADAPTOR 등 4종) 구매(특수조건 필독),기기부속 예비품 HT-1000 등 4종 구매
기기부속 예비품(엘보우어뎁터 등 16종) 구매(특수조건 필독),기기부속 예비품 엘보우어뎁터 등 16종 구매
기능성 미생물을 활용한 난?아열대 수종의 곰팡이병 방제 및 생육 증진 기술 개발,기능성미생물 아열대수종 곰팡이병 방제 개발
기능성 채소 규격묘 생산 수직농장 실증 시스템 구축 전기공사,기능성채소 규격묘 수직농장 전기공사
기록물관리시스템(CATS) 개인정보강화 및 스토리지 교체사업,기록물관리시스템 개인정보강화·스토리지 교체
기본안전보건대장 작성 및 적정성 검토 용역(보은우체국 등 6국) ,기본안전보건대장 작성·검토 보은우체국 등
기상·기후 정책 실효성 증진을 위한 산하 협회·단체 강화방안 연구,기상기후 산하 협회·단체 강화방안 연구
기상·기후 정책 실효성 증진을 위한 산하 협회·단체 강화방안 연구(수의시담),기상기후 산하 협회·단체 강화방안 수의시담
기상기후인재개발원 청사 신축공사(통신) 관급자재(네트워크 스위치) 구매.설치,기상기후인재개발원 관급자재 네트워크스위치
기상레이더 부품국산화 및 성능개선 기술개발 시험(2025년) 연구용역,기상레이더 부품국산화·성능개선 시험 연구
기상에 따른 지하철 이용지수 예측서비스 및 서리피해 조사,기상 지하철 이용지수 예측·서리피해 조사
"기상청 재난문자의 사회, 경제적 효과 분석 및 요소, 관측망 확대 방안 정책연구",기상청 재난문자 효과분석·관측망 확대 연구
기술보급 블렌딩 사업성과 분석 및 평가(21~24) 용역,기술보급 블렌딩 사업성과 분석·평가
기술용역 공고[마산항 재해취약지구 정비사업 기본 및 실시설계 건설사업관리(설계VE포함)용역],마산항 재해취약지구 정비 건설사업관리 VE
기술용역 입찰 공고 [친환경 부표정비선(한빛호) 건조 기본 및 실시설계용역],친환경 부표정비선 한빛호 건조 설계
기술용역 입찰 공고[무역항(부산항) 안티드론 및 통합관제장비 구매설치 감리용역],부산항 안티드론·통합관제장비 설치 감리
기술용역 집행계획 및 평가자료 제출 및 입찰공고 [당포항 정비 및 CLEAN 국가어항(다대다포항) 통합건설사업관리용역],당포항·다대다포항 통합건설사업관리
기술유출범죄 판례 분석을 통한 기술유출수사 역량 강화 방안 연구,기술유출범죄 판례분석 수사역량 강화 연구
기업회계감사 분야 시장분석 및 주요 규제에 대한 경쟁영향평가,기업회계감사 시장분석·규제 경쟁영향평가
기존 스마트워크센터 바닥 철거 및 기존 바닥재 보수 공사,스마트워크센터 바닥 철거·바닥재 보수공사
기초과학연구원 본원2차 건립공사 관급자재(인테리어타일) 구매,기초과학연구원 본원2차 관급자재 인테리어타일
"기초과학연구원 본원2차 건립공사 관급자재(화장실칸막이, 수의계약)",기초과학연구원 본원2차 관급자재 화장실칸막이
기타공공기관 2024년도 경영실적 평가 및 2025-2026년도 평가 편람 마련 연구,기타공공기관 경영실적 평가·평가편람 마련
기획특별전 사투리는 못 참지! 강릉ㆍ제주 순회전 전시연출 설계 및 제작 설치,사투리 특별전 강릉·제주 순회전 제작설치
기획특별전 어린이 나라 공주 구미 순회전 전시 연출 용역,어린이나라 특별전 공주·구미 순회전 연출
기후 및 하천의 환경변화에 따른 금강권역 홍수대응체계 개선방안 마련 연구,금강권역 홍수대응체계 개선방안 연구
기후 위기의 건강피해 최소화를 위한 건강증진 정책 개발 연구,기후위기 건강피해 최소화 건강증진 정책 연구
기후 적응형 벼 안정생산 재배단지 시범사업 농약 및 비료 구입 공고(민간입찰대행),기후적응형 벼 재배단지 농약·비료 입찰대행
기후 적응형 벼 안정생산 재배단지 시범사업 쇄토기 구입 공고(민간입찰대행),기후적응형 벼 재배단지 쇄토기 입찰대행
기후 적응형 벼 안정생산 재배단지 시범사업 이앙기 구입 공고(민간입찰대행),기후적응형 벼 재배단지 이앙기 입찰대행
기후 적응형 벼 안정생산 재배단지 조성 시범사업(승용이앙기) 견적 제출 공고(민간입찰대행),기후적응형 벼 재배단지 승용이앙기 입찰대행
기후 적응형 벼 안정생산 재배단지 조성 시범사업(영농자재) 견적 제출 공고(민간입찰대행),기후 적응형 벼 재배단지 영농자재 견적
기후변화 관측장비 유지˙보수를 위한 소모품 구매 및 설치,기후변화 관측장비 소모품 구매·설치
기후변화 대응 관할해역 장기 해수면 변동 분석 및 미래 전망(2단계-5차),관할해역 장기 해수면 변동 분석·전망
기후변화 대응 녹조 저감 및 AI기반 모니터링 연구(Ⅰ)-조류제거물질 관리제도 개선방안 연구,녹조 저감 조류제거물질 관리제도 개선 연구
기후변화 대응 다목적 햇빛차단망 보급 시범사업(입찰대행),다목적 햇빛차단망 보급 시범
기후변화 대응 담수생태계 변화 양상 분석 및 예측 지도 마련,담수생태계 변화 분석·예측 지도
기후변화 대응 아열대 과수 소득화 시범사업 물품 구입 공고(민간입찰대행),아열대 과수 소득화 시범 물품 구입
기후변화 대응 필지 단위 아열대과수 에너지소요량 예측지도 작성,필지단위 아열대과수 에너지소요 예측지도
기후변화 대응을 위한 해양협력 추진 관련 신규 이니셔티브 개발,기후변화 대응 해양협력 이니셔티브 개발
기후변화 영향·취약성 평가 시스템 운영 및 유지관리(2025),기후변화 영향·취약성 평가시스템 운영
기후변화 입체감시 체계 구축 및 국가적 활용 정책연구(수의시담),기후변화 입체감시 체계 구축 정책연구
기후변화 취약 산림식물종의 계절 현상 정량화 분석을 위한 지표 탐색,기후변화 취약 산림식물종 계절현상 지표
"기후변화감시 장기 측정자료(에어로졸광학, 성층권오존, 반응가스) 분석 및 자료처리기술 개선 용역",기후변화감시 장기 측정자료 분석·자료처리
기후변화대응 상추 연중생산 시스템 구축 시범 고설베드 및 관수시설 설치 공사(황등),상추 연중생산 고설베드·관수시설 설치
기후변화대응을 위한 에어로졸 광학·물리·화학적 특성 통합 연구,에어로졸 광학·물리·화학 특성 통합연구
기후변화에 따른 한반도 주변해역 빈영양화 및 물질수송량 변화 분석 Ⅳ,한반도 주변해역 빈영양화·물질수송 분석Ⅳ
기후변화유발물질과 대기오염물질의 통합관측 및 활용방안 마련을 위한 기획연구,기후변화·대기오염물질 통합관측 기획연구
기후시민회의(가칭) 등 시민참여를 위한 탄소중립 정책 공론화 방안연구,기후시민회의 등 탄소중립 공론화 연구
기후예측시스템 결합초기화 기반 해양 앙상블 생성기법 개발,기후예측 결합초기화 해양 앙상블 기법
기후예측시스템 자료 활용성 강화를 위한 예측성 진단분석 및 보정기술 개발,기후예측 예측성 진단분석·보정기술 개발
기후위기 대응 차도용 투수블록 포장 활성화 로드맵 수립 연구,차도용 투수블록 포장 활성화 연구
기후위기 시대 정의로운 탄소중립 전환에 기여하는 그린리더십 모델 개발,정의로운 탄소중립 그린리더십 모델 개발
기후위기 적응 대책 수립을 위한 국내·외 산림정책 동향분석 및 개선방안 마련 연구,국내외 산림정책 동향분석·개선 연구
기후위기 적응정보 표준화를 위한 거버넌스 구축방안 연구(Ⅲ),기후위기 적응정보 표준화 거버넌스 연구Ⅲ
기후위기적응플랫폼 활용을 위한 미래 사회경제 전망 분석(2025),기후위기적응 미래 사회경제 전망 분석
긴급 - 의령군관리계획(시설: 공공청사) 결정(변경) 용역(경남경찰특공대 훈련장 증축사업),의령군관리계획 공공청사 결정변경 용역
"김천소년교도소 부식물(공산물, 수산물) 구매계약 입찰 공고",김천소년교도소 부식물 구매 입찰
"김천소년교도소 부식물(공산품, 수산물) 구매계약 입찰 공고",김천소년교도소 부식물 구매 입찰
"김천소년교도소 부식물(농산물, 양곡류) 구매계약 입찰 공고",김천소년교도소 부식물 구매 입찰
김포경찰서 사격장 환경개선공사 관급자재 (사격장비) 중앙조달 구매,김포서 사격장 관급자재 사격장비 구매
김해국토관리사무소관내 1권역 비점오염저감시설 유지관리용역,김해국토 1권역 비점오염저감시설 유지관리
김해국토관리사무소관내 2권역 비점오염저감시설 유지관리용역,김해국토 2권역 비점오염저감시설 유지관리
김해국토관리사무소관내 3권역 비점오염저감시설 유지관리용역,김해국토 3권역 비점오염저감시설 유지관리
김해국토관리사무소관내 4권역 비점오염저감시설 유지관리용역,김해국토 4권역 비점오염저감시설 유지관리
김해서부경찰서어린이집 2025학년도 식자재납품 업체선정 입찰공고,김해서부서 어린이집 식자재납품 입찰
김해시관내 국도대체우회도로(무계-삼계) 건설공사 건설폐기물(폐아스팔트콘크리트) 처리용역,무계-삼계 건설폐기물 폐아스콘 처리
나노디스크 기반 항체-약물 접합체 항바이러스 후보물질개발,나노디스크 항체-약물 항바이러스 후보개발
나노물질 특성 시험가이드라인 및 지침서 마련 연구(II),나노물질 특성 시험가이드라인 연구Ⅱ
나미비아 그린 항만 전환을 위한 기본계획 수립 및 타당성 조사,나미비아 그린 항만 기본계획·타당성조사
나주형 녹색치유농업활성화센터 조성 기본 및 실시설계 용역 소액수의견적공고,나주 녹색치유농업센터 기본·실시설계
낙동강 가산제 등 71개소 정밀안전점검 및 성능평가 기술용역,낙동강 가산제 등 71개소 정밀안전점검
"낙동강 개포제 등 70개소 정밀안전점검, 정밀안전진단 및 성능평가 기술용역",낙동강 개포제 등 70개소 안전점검·진단
낙동강 계산지구 하천환경정비사업 부지 내 매장유산 표본조사 용역,계산지구 하천정비 매장유산 표본조사
낙동강 고아제 등 76개소 정밀안전점검 및 성능평가 기술용역,낙동강 고아제 등 76개소 정밀안전점검
낙동강 대산제 등 41개소 안전점검 및 성능평가 기술용역,낙동강 대산제 등 41개소 안전점검
낙동강 사상제 등 36개소 안전점검 및 성능평가 기술용역,낙동강 사상제 등 36개소 안전점검
"낙동강 의창,칠북,토평,길곡지구 하천환경정비사업 실시설계용역",낙동강 의창·칠북 등 하천정비 실시설계
낙동강 중상류 중권역 물환경관리계획(2026~2030) 수립 ,낙동강 중상류 물환경관리계획 수립
낙동강 하류 중권역 물환경관리계획(2026~2030)수립 연구용역,낙동강 하류 물환경관리계획 수립
낙동강 함안 덕촌제 등 11개소 보강사업 소규모환경영향평가용역,함안 덕촌제 등 11개소 소규모환경영향평가
"낙동강권역 국가하천 승격구간(영강, 단장천, 동창천) 실시간 모니터링 체계 구축사업 책임감리용역",영강·단장천·동창천 모니터링 책임감리
"낙동강권역 국가하천 승격구간(영강,단장천,동창천) 실시간 모니터링 체계 구축사업 책임감리용역",영강·단장천·동창천 모니터링 책임감리
"낙동강권역 국가하천 승격구간(위천 상류,하류) 실시간 모니터링 체계 구축사업 책임감리용역",위천 상하류 모니터링 책임감리
"낙동강권역 홍수위험지도(하천범람, 내수침수) 갱신 및 보완 작성",낙동강권역 홍수위험지도 갱신·보완
낙동강물환경센터(화학팀) 시험분석용 시약 및 소모품(아세톤 등 114종) 구매(입찰),낙동강물환경센터 시약·소모품 구매
난지축산연구센터 2026년도 가축배합사료 구매(조달) 계약,난지축산연구센터 가축배합사료 구매
난지축산연구센터의 국가 연구기관으로서 발전 전략 수립 연구,난지축산연구센터 발전전략 수립 연구
남극특별보호구역 모니터링 및 남극기지 환경관리에 관한 연구(12),남극특별보호구역 모니터링·환경관리 연구
남당항 다기능어항 조성공사 건설폐기물 처리용역(건설오니),남당항 다기능어항 건설폐기물 처리
남부생활권(해미면) 사업대상지(읍내리451-3번지 외 2동) 건축물 철거공사,해미면 사업대상지 건축물 철거공사
남북통합문화센터 1층 대강당(조정실) 분전반 설치 전기공사,남북통합문화센터 대강당 분전반 전기공사
남북통합문화센터 1층 전시장 등 3개소 시설개선 보수공사,남북통합문화센터 전시장 등 시설개선
남북통합문화센터 전기차 충전장치 지상화 전기공사 수의견적 공고,남북통합문화센터 전기차 충전장치 지상화
남북통합문화센터 지하 주차장 고압 환풍기 교체 보수공사 수의견적 공고,남북통합문화센터 고압 환풍기 교체
남북통합문화센터 지하2층 기계실 등 2개소 설비배관 보수공사,남북통합문화센터 기계실 등 설비배관 보수
남상면 기초생활거점 2단계 기본 및 시행계획 수립 및 지역역량강화 용역,남상면 기초생활거점 기본·시행계획 수립
남양주 홍유릉 양묘장 토양 개량 및 조경 정비 사업 감리용역,남양주 홍유릉 양묘장 토양개량·조경 감리
남양주다산우체국 건립 기계설비 빌딩자동제어장치 제조 및 설치,남양주다산우체국 빌딩자동제어장치 설치
남양주다산우체국 건립 기계설비공사 건설재해예방 기술지도용역,남양주다산우체국 건설재해예방 기술지도
남양주다산우체국 건립공사 안전관리계획서 검토 및 정기안전점검 수행기관 지정 공고,남양주다산우체국 안전관리계획 검토 지정
남원 대강-대산 도로시설개량공사 등 3개소 국가유산영향진단용역,남원 대강-대산 등 국가유산영향진단
남원 대강-대산 도로시설개량공사 등 3개소 재해영향평가 및 소규모 재해영향평가용역,남원 대강-대산 등 재해영향평가
남원 도시계획시설(향교공원) 조성계획 결정(변경) 및 실시계획(변경)인가 용역,남원 향교공원 조성·실시계획인가 용역
남원국토 관내 도로안전운영과 건설공사 재해예방 기술지도 용역,남원국토 도로안전 재해예방 기술지도
남일고은-청주상당 도로건설 전기공사 재해예방 기술지도용역,남일고은-청주상당 전기 재해예방 기술지도
남해 서면-여수 신덕 국도건설공사 가연성 건설폐기물 처리용역,남해 서면-여수 가연성 건설폐기물 처리
남해 서면-여수 신덕 국도건설공사 가연성 건설폐기물처리용역,남해 서면-여수 가연성 건설폐기물 처리
남해 서면-여수 신덕 국도건설공사 불연성 건설폐기물 처리용역(1차),남해 서면-여수 불연성 건설폐기물 처리
남해 서면-여수 신덕 국도건설공사 폐아스팔트콘크리트 건설폐기물 처리용역,남해 서면-여수 폐아스콘 폐기물 처리
남해 서면-여수 신덕국도건설공사(남해)착공후 지하안전영향조사용역,남해 서면-여수 남해 지하안전영향조사
남해 서면-여수 신덕국도건설공사(여수)착공후 지하안전영향조사용역,남해 서면-여수 여수 지하안전영향조사
남해수산연구소 2025년 1차  연구용소모품(시약초자 등 104종) 구입,남해수산연구소 연구용소모품 구입
남해어업관리단 가스열펌프(GHP) 배출가스 저감장치 구매·설치,남해어업관리단 GHP 배출가스저감장치 설치
내륙습지의 토양정보지도 구축 및 유기탄소의 축적량 산정 - 3차년도 낙동강권역,내륙습지 토양정보지도·유기탄소 낙동강
내병성 유전자가위 넙치 전사체 시퀀싱 및 유전자 발현 비교 분석,내병성 유전자가위 넙치 전사체 분석
내서농산물도매시장 청과물동 경매장 환기설비 개선공사(도급),내서농산물도매시장 경매장 환기설비 개선
내성천 예천지구 외 1개지구 하천환경정비사업 건설폐기물 처리용역,내성천 예천지구 등 건설폐기물 처리
내성천 예천지구 외 1개지구 하천환경정비사업(전기 및 계측제어),내성천 예천지구 등 전기·계측제어
내성천 예천지구 외 1개지구(안동) 하천환경정비사업 건설폐기물 처리용역,내성천 예천지구 안동 건설폐기물 처리
내성천 회룡지구 하천환경정비사업 건설사업관리(시공단계)용역,내성천 회룡지구 건설사업관리 용역
내장산국립공원 내장3주차장 개선 및 야영장 조성사업을 위한 공원계획변경 용역,내장산 내장3주차장·야영장 공원계획변경
내장산국립공원 내장3주차장 개선 및 야영장 조성사업을 위한 실시설계 용역,내장산 내장3주차장·야영장 실시설계
노동력 절감 벼 직파재배단지 조성 시범사업 물품구매(무논정지기) 입찰공고[입찰대행],벼 직파재배단지 무논정지기 구매 입찰
노동조합법 개정에 따른 원하청 교섭 및 조정 사건 관련 노동위원회 매뉴얼 연구 정책연구용역 입찰공고,노동조합법 노동위원회 매뉴얼 정책연구
노인 대상 지역사회 기반 미세먼지 건강피해 최소화를 위한 중재프로그램 적용 연구,노인 미세먼지 건강피해 중재프로그램 연구
노인 심방세동 환자 대상 리바록사반 임상시험(25211한임평005),노인 심방세동 리바록사반 임상시험
노인에서 신규로 진단된 노인 당뇨병에서 적정 관리전략 실증 연구 프로토콜 개발,노인 당뇨병 관리전략 프로토콜 개발
노지 식량작물 스마트 기반시설 조성_관급자재(펌프) 구매 입찰,노지 식량작물 관급자재 펌프 구매
노지 체리 개폐형 간이 비가림시설 보급 시범사업 입찰대행,노지 체리 간이 비가림시설 보급 시범
노지수박 조기재배 특화단지 조성 사업 하우스 공사 입찰공고,노지수박 조기재배 하우스 공사 입찰
노지스마트농업 시범사업  스마트건조시스템 조성 전기공사 수의견적 제출 안내,노지스마트 스마트건조시스템 전기공사
노후 변압기 안전사고 예방을 위한 일체형 수배전반 설치 공사,노후 변압기 일체형 수배전반 설치공사
노후농기계 대체지원사업 랩피복기 구입(소기업소상공인/충청북도인접시도제한),노후농기계 대체 랩피복기 구입
노후농기계 대체지원사업 랩피복기 구입(소기업소상공인/충청북도제한),노후농기계 대체 랩피복기 구입
녹조 원격모니터링을 위한 초분광 항공촬영 및 분광 특성 측정(25),녹조 원격모니터링 초분광 항공촬영
녹조수생태팀 시험분석용 시약 및 소모품(유전자키트 등 38종) 구매(입찰),녹조수생태팀 시약·소모품 구매
"논 타작물 이모작 작부체계 안정생산 기술지원사업 소액수의 견적제출(민간입찰대행)(곡물건조기, 대두선별기)",논 타작물 이모작 곡물건조기 등 견적
논 활용 노지스마트팜 콩 재배단지 조성 시범사업 소액수의견적제출(입찰대행),노지스마트팜 콩 재배단지 시범 견적
논 활용 노지스마트팜 콩 재배단지 조성 시범사업(민간입찰대행)(콤바인 구입),노지스마트팜 콩 재배단지 콤바인 구입
논산국토 관내(서천 종천 지석 등 24개소) 시설물 보수공사 안전점검용역,논산국토 시설물 보수공사 안전점검
논산시 과학영농분석센터 건립사업 소방공사 소액 수의견적 제출 안내,논산 과학영농분석센터 소방공사 견적
논산시ㆍ전북혁신도시 축산냄새 기상 영향 예측 서비스 개발,논산·전북혁신도시 축산냄새 예측 서비스
논타작물 이모작 작부체계 안정생산 기술지원사업 소액수의 견적제출(민간입찰대행),논타작물 이모작 기술지원 견적제출
농가형 ICT 체계통합 스마트팜 조성공사(민간입찰 대행) 수의견적 제출안내,농가형 ICT 스마트팜 조성공사 견적
농경지 강우 유출수 및 퇴적물 내 미세플라스틱 분석(2025),농경지 강우유출수·퇴적물 미세플라스틱
농경지 및 작물 모니터링용 위성영상 2종 구매(제한경쟁),농경지·작물 모니터링용 위성영상 구매
"농기계 보관소 신축 임대 농기계 구입(스피드 스프레이어, 콩탈곡기)",농기계 보관소 임대 농기계 구입
농기계 임대사업(농후농기계 대체) 전자입찰 소액수의견적제출 안내공고,농기계 임대사업 노후농기계 대체 견적
농기계 임대사업소 임대장비(로터베이터) 구입 소액(수의) 견적 제출,농기계 임대장비 로터베이터 구입 견적
"농기계임대사업소 노후 농기계 교체 구입(콩정선기,700kg이상)",농기계 노후 콩정선기 교체 구입
농기계임대사업소 도계분소 신축공사 관급자 관급자재(창호유리) 구입 ,도계분소 신축 관급자재 창호유리 구입
농기계임대사업소 도계분소 신축공사 관급자 관급자재(테이블리프트) 구입(수의시담),도계분소 신축 관급자재 테이블리프트 구입
농기계임대사업소 본소 폐교 건축물 철거공사 폐기물 처리 용역,농기계임대 본소 폐교 철거 폐기물 처리
농기계임대사업소 본소(대지) 임대농기계 운반화물택배 용역,농기계임대 본소 임대농기계 운반택배
농기계임대사업소 분소(도천) 임대농기계 운반화물택배 용역,농기계임대 도천분소 임대농기계 운반택배
농기계임대사업소 분점 신축부지 기존 건축물 및 석면 해체공사,농기계임대 분점 건축물·석면 해체공사
농기계임대사업소 분점 신축부지 기존건축물 해체공사 폐기물처리용역,농기계임대 분점 해체 폐기물처리
농림축산검역본부 동물보건교육실습센터 증축 공사 설계 용역,검역본부 동물보건교육실습센터 증축설계
"농림축산검역본부 특수연구시설(BL3,BL2) 통합관제센터 건립 설계 용역",검역본부 특수연구시설 통합관제센터 설계
농산물 가공제품 이력제 추진에 따른 내포장재(본점) 제작,농산물 가공제품 내포장재 제작
농산물 가공제품 이력제 추진에 따른 내포장재(본점) 제작[수의시담],농산물 가공제품 내포장재 제작
농산물 생산 환경 개선 시스템 구축사업 장비 구입 (전착오일 제조장치),농산물 환경개선 전착오일 제조장치 구입
농산물 생산 환경 개선 시스템 구축사업 장비 구입(과립형 자재 제조장치),농산물 환경개선 과립형 자재 제조장치
"농산물도매시장 청과2동 화장실 리모델링 공사(건축,기계설비공사)",농산물도매시장 청과2동 화장실 리모델링
농산물원종장 종자산업기반구축 계장제어시스템(관급자재) 구입,농산물원종장 계장제어시스템 구입
농산부산물의 산업적 활용 확대를 위한 제도개선 방안 마련 용역 공고,농산부산물 산업적 활용 제도개선 용역
농산부산물의 산업적 활용 확대를 위한 제도개선 방안 마련 용역 수의시담 실시,농산부산물 산업적 활용 제도개선 용역
농산업 수출 활성화를 위한 수출 품목 HSK 코드의 체계적인 정비 방안 연구,농산업 수출 HSK 코드 정비 방안 연구
농수산물도매시장·종합유통센터 재난 및 안전관리 방안 연구,농수산물도매시장 재난·안전관리 연구
농식품 분석 기초장비(자동식이섬유 분석기(섬유소 분석기)) 구입,농식품 분석 자동식이섬유 분석기 구입
농식품 인공지능(AI) 교육체계 보완 및 AI 교육과정 운영,농식품 AI 교육체계 보완·과정 운영
농식품가공 창업보육센터 건립 전기공사  관급자재(태양광발전설비) 제작 설치,창업보육센터 태양광발전설비 제작 설치
농식품가공 창업보육센터 건립 전기공사 관급자재(분전반) 제조구매,창업보육센터 관급자재 분전반 제조구매
농식품가공 창업보육센터 건립사업 기계공사 관급자재(자동제어) 구매설치,창업보육센터 관급자재 자동제어 구매설치
농약.비료류(영일스마트 입상수화제 등 22품목 )입찰구매,농약·비료류 입상수화제 등 입찰구매
농업 차세대 리더 육성을 위한 조직 리더십 강화 프로그램 운영 용역,농업 차세대 리더 리더십 프로그램 운영
농업·농촌자원 활용 치유농장 육성 지원 시범사업 조립식 온실 구매. 설치,치유농장 육성 조립식 온실 구매·설치
농업근로자 기숙사 건립지원사업 리모델링공사 실시설계 용역,농업근로자 기숙사 리모델링 실시설계
농업기계 교육장(임대사업소) 분소 신설 기본 및 실시설계 용역,농업기계 교육장 분소 기본·실시설계
농업기계 안전교육 보관시설 건립공사 관급자재 구입 3차(단열재),농업기계 안전교육 보관시설 단열재 구입
농업기계순회수리용 탑차(5톤) 및 1톤 화물트럭 구조변경 및 사다리 구입,농기계순회수리 탑차·화물트럭 구조변경
농업기계임대사업소 본소 신축공사(전기) 소액 수의견적 입찰 공고,농업기계임대 본소 신축 전기 견적입찰
농업기술 ODA를 연계한 기후위기 대응 연구개발 전략연구 용역,농업기술 ODA 기후위기 대응 전략연구
농업기술센터 구내식당 및 대강당 보수공사 견적 제출 공고,농업기술센터 구내식당·대강당 보수 견적
농업기술센터 청사신축 도시관리계획(연구시설 시험포) 변경 용역,농업기술센터 청사신축 도시관리계획 변경
농업기술센터 친환경관리실 리모델링(농업인회관) 공사 입찰 공고(건축),친환경관리실 리모델링 건축 입찰
농업기술센터 친환경관리실 리모델링(농업인회관) 공사 입찰(건축) 공고,친환경관리실 리모델링 건축 입찰
농업기술센터 친환경관리실 리모델링(농업인회관) 전기공사 입찰 공고,친환경관리실 리모델링 전기공사 입찰
농업기술원 꿀벌자원 우수품종 군산 연도 증식장 구축사업(전기),꿀벌자원 군산 연도 증식장 전기
농업기술원 꿀벌자원 우수품종 군산 연도 증식장 구축사업(통신),꿀벌자원 군산 연도 증식장 통신
농업기술원 원예과 시설채소 신기술 도입 실증 에어돔하우스 구축공사(전기),시설채소 에어돔하우스 구축공사 전기
농업대전환 특화작목특구 시범운영(1년차) 분무기탑재차(SS기) 구입(민간입찰대행),특화작목특구 분무기탑재차 SS기 구입
농업위성센터 이상기상대응 작황분석용 식물체 시료 및 분석장비 반입구 냉난방설비 보수,농업위성센터 시료반입구 냉난방설비 보수
농업유산의 보전·관리·활용에 대한 성과 평가 및 농업유산과 연계한 지역사회 활성화 방안,농업유산 성과평가·지역사회 활성화
농업의 지속가능성 확보를 위한 미래트렌드 및 과학기술 전망 용역,농업 지속가능성 미래트렌드·전망 용역
농업인 안전재해 예방지원 활성화를 위한 법제도 개선방안 연구용역,농업인 안전재해 예방 법제도 개선 연구
농업인조직체 가공플랜트 구축지원 사업 건축 공사(입찰대행),농업인조직체 가공플랜트 건축 공사
농업인조직체 가공플랜트 구축지원 사업 건축 공사(입찰대행) ,농업인조직체 가공플랜트 건축 공사
농업인회관 농산물판매장 리모델링공사(전기) 소액수의계약 견적제출 안내공고,농업인회관 농산물판매장 리모델링 전기
농업정책 방향과 연계한 농업분야 조세제도 개편 방안 연구,농업분야 조세제도 개편 방안 연구
농업종합분석센터 농산물안전성분석실 잔류농약 분석장비 구입,농업종합분석센터 잔류농약 분석장비 구입
농업환경과 생물자원 활용 병해충 관리기술 보급기반 구축 건축(기계) 공사,병해충 관리기술 보급기반 건축 기계공사
농업환경과 생물자원 활용 병해충 관리기술 보급기반 구축 전기공사,병해충 관리기술 보급기반 전기공사
농업환경과 생물자원 활용 병해충 관리기술 보급기반 구축 통신공사,병해충 관리기술 보급기반 통신공사
농작물 병해충 방제비 지원사업 반쪽시들음병 토양개량제 구입,농작물 병해충 방제 토양개량제 구입
농촌생활환경정비 강동면 정동진리 338번지 일원 사면정비공사,강동면 정동진리 사면정비공사
농촌생활환경정비 구정면 여찬리 460-11 일원 배수시설  정비공사,구정면 여찬리 배수시설 정비공사
농촌생활환경정비 사천면 석교리 1000번지 일원 배수로 설치공사,사천면 석교리 배수로 설치공사
농촌생활환경정비 송림1리 483-1번지 일원 배수로정비공사,송림1리 배수로정비공사
농촌생활환경정비 행정2리 268번지 일원 배수시설 호안정비공사,행정2리 배수시설 호안정비공사
농촌신활력플러스 액션그룹 고도화 지원사업 전시판매장 조성  건축 공사(민간입찰대행),신활력플러스 전시판매장 건축 공사
농촌인력 근로자 기숙사 건립공사(건축) 관급자재 구입(조립식빗물침투저류블록)(수의시담),농촌인력 기숙사 관급 빗물침투저류블록
농촌자원 복합산업화[농축산물 제조가공 지원-차량차체용적제함(민간입찰대행)],농촌자원 복합산업화 차량차체 용적제함
농촌자원 활용 치유농장 육성사업 시설 개보수 공사(민간보조사업 입찰대행),치유농장 육성 시설 개보수 공사
농촌자원복합산업화 지원사업 식체험장 리모델링 공사(건축),농촌자원복합산업화 식체험장 리모델링
농촌자원복합산업화지원사업(농산물 생산유통기반구축) 전기공사(민간입찰대행),농촌자원복합산업화 생산유통기반 전기공사
농촌지도 기반조성 농산물종합가공지원센터 장비(실링검사기) 구입,농산물종합가공 장비 실링검사기 구입
농촌지도기반 조성 과채주스 제조장비(제경기 등 4종) 구입(수의시담),과채주스 제경기 등 4종 구입
농촌지도기반조성 스마트농업 복합단지 태양광 설치공사[건축] 수의견적 제출 안내 ,스마트농업 복합단지 태양광 건축 견적
농촌지도기반조성 스마트농업 복합단지 태양광 설치공사[전기] 소액 수의견적 안내,스마트농업 복합단지 태양광 전기 견적
농촌지도기반조성(농업인교육장 환경개선 및 편의시설 구축)공사 설계용역,농업인교육장 환경개선 공사 설계용역
농촌지도기반조성(농업인교육장 환경개선 및 편의시설) 구축공사(소방),농업인교육장 환경개선 구축공사 소방
농촌지도기반조성(농업인교육장 환경개선 및 편의시설) 구축공사(전기),농업인교육장 환경개선 구축공사 전기
농촌지도기반조성사업 연구장비(감자 병해충 진단 장비) 구입,농촌지도기반 감자 병해충 진단장비 구입
"농촌테마파크 수경시설(계류하천,  바닥분수) 청소 및 소독 용역",농촌테마파크 수경시설 청소·소독 용역
뇌신경 재활과 의료장비(상지재활로봇치료시스템) 구매 보고,뇌신경 재활 상지재활로봇치료시스템 구매
누리호 4차 발사 연계 교육  프로그램 기획 및 운영 용역,누리호 4차 발사 연계 교육 프로그램 운영
다도해서부 시목야영장 공원시설 전면개선사업 BF 본인증 용역,다도해서부 시목야영장 BF 본인증 용역
다도해해상서부 조도 체험학습관 조성공사 오수처리시설 구매,다도해 조도 체험학습관 오수처리시설 구매
다목적 스마트육묘장 공기열 히트펌프 수축열시스템 구매설치,다목적 스마트육묘장 공기열 히트펌프 설치
다분야 융합 임무를 고려한 우주구조물 요구사항 개념설계 용역,우주구조물 요구사항 개념설계
다양한 기상자료 및 화산재 확산 예측모델 활용 앙상블 예측기술 개발,화산재 확산 앙상블 예측기술 개발
다양한 기상자료 및 화산재 확산 예측모델 활용 앙상블 예측기술 개발(수의시담),화산재 확산 앙상블 예측기술 개발
다중 AI 모델 방식을 응용한 음성인식의 실무 적용방안 연구,다중 AI 음성인식 실무 적용방안 연구
다중 출처 데이터 정규화를 위한 AI 기반 서식 통합 기술 연구,AI 기반 서식 통합 기술 연구
다중오믹스 기반 신경발달장애 바이오타입(biotype) 군집화 기술개발,다중오믹스 신경발달장애 바이오타입 군집화
다중이용업소 소방안전교육 법인·단체 위탁의 적절성에 대한 연구용역,다중이용업소 소방안전교육 위탁 적절성 연구
다중이용업소 소방안전교육 법인·단체 위탁의 적절성에 대한 연구용역(수의시담),다중이용업소 소방안전교육 위탁 적절성 연구
다중항공기 인공강우 항공실험 및 기상조절상황실 운영지원 용역,다중항공기 인공강우 실험·기상조절상황실 운영
단양 상시리 등 15개소 도로포장 보수공사-PSMA개질아스팔트,단양 상시리 등 15개소 도로포장 개질아스팔트
단양 상진리 등 9개소 도로포장 보수공사-GMA개질아스팔트,단양 상진리 등 9개소 도로포장 개질아스팔트
"단장천,동창천 국가하천 승격구간 실시간 모니터링 체계 구축사업",단장천·동창천 실시간 모니터링 체계 구축
"단장천,동창천 국가하천 승격구간 실시간 모니터링 체계 구축사업 금속기둥(15m) 구매",단장천·동창천 모니터링 금속기둥 구매
단파대전파감시운용시스템 유지보수용역(2년 장기계속 계약),단파대전파감시운용시스템 유지보수
"달 경제기지 구축 1단계 구현을 위한 자원 채굴, 추출 및 저장 기술 기획연구",달 경제기지 자원 채굴·추출·저장 기술 기획
"달천 거봉지구 하천정비사업 2차 사석(사석, 30kg이상)",달천 거봉지구 하천정비 사석
달천 거봉지구 하천정비사업 2차 잡석(혼합골재 75mm),달천 거봉지구 하천정비 잡석
"달천 고성지구 하천정비사업 2차 잡석(사석, 30kg이상)",달천 고성지구 하천정비 잡석
"달천 고성지구 하천정비사업 2차 잡석(천단잡석, 75mm)",달천 고성지구 하천정비 천단잡석
달천 조곡 외 1개지구 하천정비사업 2차 보조기층(혼합골재),달천 조곡 외 1지구 하천정비 보조기층
"달천 조곡 외 1개지구 하천정비사업 2차 잡석(뒷채움용, 75mm)",달천 조곡 외 1지구 하천정비 잡석
달천 조곡지구 외 1개지구 하천정비사업(잡석 150mm),달천 조곡 외 1지구 하천정비 잡석
담배 유해성분 정보 공개를 위한 해외 실태조사 및 방안 마련 연구,담배 유해성분 정보공개 해외 실태조사 연구
담수 대서양연어 세균성 질병에 대한 의약품 및 면역증강제의 효과분석,담수 대서양연어 세균성 질병 의약품 효과분석
담양경찰서 청사 리모델링 및 장애인 승강기 설치 공사 건설폐기물 처리 용역,담양경찰서 리모델링·승강기 건설폐기물 처리
담양경찰서 청사 리모델링 및 장애인 승강기 설치 공사( 전기),담양경찰서 리모델링·승강기 설치(전기)
담양경찰서 청사 리모델링 및 장애인 승강기 설치 공사(건축·기계),담양경찰서 리모델링·승강기(건축·기계)
담양경찰서 청사 리모델링 및 장애인 승강기 설치 공사(소방),담양경찰서 리모델링·승강기 설치(소방)
담양경찰서 청사 리모델링 및 장애인 승강기 설치 공사(통신),담양경찰서 리모델링·승강기 설치(통신)
담양경찰서 청사 리모델링 및 장애인 승강기 설치공사(건축·기계) 감리 용역,담양경찰서 리모델링·승강기 감리(건축·기계)
"담팔수 쇠락병 감염목 테트라사이클린계 항생제 농도별,시기별 처리 효과 조사",담팔수 쇠락병 항생제 처리효과 조사
당골집단시설지구 탐방로 진입부 보행구간 결빙방지용 도장작업,당골지구 탐방로 결빙방지 도장
당골집단시설지구 탐방로 진입부 보행구간 결빙방지용 도장작업 시행,당골지구 탐방로 결빙방지 도장
당인리 문화공간 조성 기계공사 관급자재(기계자동제어) 구매,당인리 문화공간 기계 관급(기계자동제어)
당인리 문화공간 조성 전기공사 관급자재(전력자동제어) 구매,당인리 문화공간 전기 관급(전력자동제어)
"당진권역 국도(32,34,38호선)  도로제설 및 결빙제거작업",당진권역 국도 도로제설·결빙제거
대검찰청 별관 증축 기본계획 수립 및 설계지침에 관한 연구,대검찰청 별관 증축 기본계획·설계지침 연구
대검찰청 청사 노후 동력분전반 교체 공사 전동기제어반 구매,대검찰청 동력분전반 교체 전동기제어반 구매
대구 미래스마트기술 국가산업단지 진입도로 사전타당성평가 건설엔지니어링,대구 국가산단 진입도로 사전타당성평가
대구교도소 마약류사범 재활교육실 리모델링 소액수의 견적제출 안내공고,대구교도소 마약사범 재활교육실 리모델링
대구교도소 수용자 자비부담 안경 구매 소액수의 견적 제출 공고,대구교도소 수용자 자비부담 안경 구매
대구교도소 식자재(절임·빵·라면류) 구매 2단계 입찰 공고,대구교도소 식자재(절임·빵·라면류) 구매
대구교도소 식자재[공산품(냉장냉동식품류)] 구매 2단계 입찰 공고,대구교도소 식자재(냉장냉동식품류) 구매
대구교도소 식자재[공산품(양념소스류)] 구매 2단계 입찰 공고,대구교도소 식자재(양념소스류) 구매
"대구교도소 플라스틱공 메모리폼 충진재 22,000개 구매",대구교도소 플라스틱공 메모리폼 충진재 구매
"대구구치소 수용자 자비구매 안경류(렌즈, 안경테) 입찰 공고",대구구치소 수용자 자비구매 안경류
대구구치소 스팀다단식 취사기 구입·설치 소액수의 전자견적 제출 공고,대구구치소 스팀다단식 취사기 구입·설치
대구구치소 식자재(공산품) 구매2단계 입찰(규격 가격 동시) 공고,대구구치소 식자재(공산품) 구매
대구구치소 식자재[농산물] 구매 2단계 입찰[규격 가격 동시] 공고,대구구치소 식자재(농산물) 구매
대구구치소 식자재[수산물] 구매  2단계 입찰[규격‧가격 동시] 공고,대구구치소 식자재(수산물) 구매
대구구치소 식자재[수산물] 구매 2단계 입찰[규격 가격 동시] 공고,대구구치소 식자재(수산물) 구매
대구구치소 식자재[수산물] 구매 2단계 입찰[규격‧가격 동시] 공고,대구구치소 식자재(수산물) 구매
대구구치소 식자재[절임식품] 구매 2단계 입찰[규격 가격 동시] 공고,대구구치소 식자재(절임식품) 구매
대구구치소 식자재[축산물] 구매 2단계 입찰[가격 규격 동시] 공고,대구구치소 식자재(축산물) 구매
대구달서우체국 소포우편물 아파트전담 위탁배달업체 용역 계약,대구달서우체국 소포 아파트 위탁배달
대구달성 등 15개소 완충저류시설 노후시설(수질계측기기 등)  개보수 용역,대구달성 등 15개소 완충저류시설 개보수
대구보훈병원 2025년 급식재료(세정제 등 6종) 연간 단가계약,대구보훈병원 급식재료(세정제 등 6종)
대구보훈병원 2025년 자체의약품 연간 단가계약(마약·항정약),대구보훈병원 자체의약품(마약·항정약)
대구보훈병원 2025년 자체의약품 연간 단가계약(백신류),대구보훈병원 자체의약품(백신류)
대구보훈병원 2025년 자체의약품 연간 단가계약(수액류),대구보훈병원 자체의약품(수액류)
대구보훈병원 2025년 자체의약품 연간 단가계약(일반약),대구보훈병원 자체의약품(일반약)
대구보훈병원 2025년 토너 카트리지 55종 연간 단가계약,대구보훈병원 토너 카트리지 55종
대구서부경찰서어린이집 2025년 식자재 납품업체 선정 입찰공고,대구서부경찰서어린이집 식자재 납품업체 선정
대구성서경찰서어린이집 2025년 식자재 납품업체 선정 입찰공고,대구성서경찰서어린이집 식자재 납품업체 선정
대구세관 공용차량 임차차량(자동차렌트서비스) 카탈로그계약 ,대구세관 공용차량 임차 카탈로그계약
대구수성우체국 소포우편물 아파트전담 위탁배달업체 용역 계약,대구수성우체국 소포 아파트 위탁배달
대구중부경찰서 청사 신축공사 관급자재(탈형 데크플레이트)구매,대구중부경찰서 신축 관급(탈형 데크플레이트)
"대구지방검찰청 2026년 싼타페 1.6 hev 2wd, 5인승 익스클루시브 60개월",대구지검 싼타페 1.6 hev 임차 60개월
대구지방검찰청 장기 임차 (2026년 싼타폐 1.6hev 익스클루시브 2WD 5인승 기본 48개월)  ,대구지검 싼타페 1.6hev 장기임차 48개월
대구지방검찰청안동지청 구내식당(위탁운영자) 선정 모집 공고,대구지검 안동지청 구내식당 위탁운영자 선정
대구출입국·외국인사무소 2026년 보호외국인급식 공급용역,대구출입국 보호외국인 급식 공급
대규모 건강 코호트를 활용한 미세먼지 등 대기오염 노출 건강 영향 연구,건강 코호트 활용 대기오염 노출 건강영향 연구
대규모 바이오뱅킹을 위한 인체자원 품질관리용 데이터 생산,바이오뱅킹 인체자원 품질관리 데이터 생산
대규모유통업법·대리점법간 과징금 부과 기주의 정합성 확보 및 합리성 증진 방안,대규모유통업법·대리점법 과징금 정합성 방안
대기 중 탄소 에어로졸과 휘발성 유기화합물의 특성 및 발생 기여도 분석(II),대기 탄소 에어로졸·VOC 특성·발생기여도 분석
대기관리권역별 미세먼지 고농도 우심지역에 대한 대기질 평가체계 마련(V),미세먼지 고농도 우심지역 대기질 평가체계
대기배출시설의 대기오염물질 배출계수 적용체계 개선 연구(ll),대기배출시설 대기오염물질 배출계수 체계 개선
대기분야 숙련도 시험용 금속화합물 표준시료 제조(2025),대기분야 숙련도시험 금속화합물 표준시료 제조
대기오염 기인 건강영향평가를 위한 후성유전체 연구 인프라 구축,대기오염 건강영향 후성유전체 연구 인프라 구축
대기질 상세 해석 박스모델 고도화 및 권역별 고농도 초미세먼지 발생 메커니즘 분석 연구(Ⅳ),대기질 박스모델 고도화·초미세먼지 메커니즘
대기질 예측성 향상을 위한 기상 입력자료 고도화 연구(Ⅲ),대기질 예측 기상 입력자료 고도화 연구
대기질 장기예측 모델의 고도화 및 장기예보 연구(III),대기질 장기예측 모델 고도화·장기예보 연구
대기질예보 현업 운영 안정화를 위한 스토리지 증설(II),대기질예보 운영 안정화 스토리지 증설
대기환경측정망 데이터 신뢰도 향상을 위한 오존흡수단면적 변경 추진,대기환경측정망 오존흡수단면적 변경 추진
대발생 생물 발생원인 및 관리방안 마련 연구(2025년),대발생 생물 발생원인·관리방안 연구
대사 및 면역질환 조절 생물자원 유래 활성물질 탐색(3차년도),대사·면역질환 조절 생물자원 활성물질 탐색
"대산읍 대산5리 마을만들기사업(마을회관 리모델링) 건축, 기계공사",대산읍 대산5리 마을회관 리모델링(건축·기계)
대산항 국제여객터미널 GHP 배출가스 저감장치 구매 설치,대산항 국제여객터미널 GHP 저감장치 설치
대산항 국제여객터미널 GHP 배출가스 저감장치 구매·설치,대산항 국제여객터미널 GHP 저감장치 설치
대산항 청정복합에너지 클러스터 조성사업 연약지반개량공사 건설사업관리용역,대산항 청정에너지 클러스터 연약지반 사업관리
대상포진 바이러스 병인기전 규명 및 제어를 위한 잠복감염/재활성화 모델 개발 연구,대상포진 바이러스 병인기전 규명 모델 개발
대외정책 등 환경 변화에 따른 농정지원체계 개편 방안 연구용역,환경 변화 농정지원체계 개편 방안 연구
대외환경 변화에 대응한 남북산림협력 기본계획 및 단계별 추진방안 연구,남북산림협력 기본계획·추진방안 연구
대외환경 변화에 대응한 남북산림협력 기본계획 및 단계별 추진방안 연구 ,남북산림협력 기본계획·추진방안 연구
"대운동장 시설개선 공사 건설폐기물(폐콘크리트, 폐아스콘) 처리 용역",대운동장 시설개선 건설폐기물 처리
대일항쟁기 국외 강제동원 희생자 유해봉환 지역 확대 연구,대일항쟁기 강제동원 희생자 유해봉환 연구
"대전 본원 UPS 및 배터리 재배치 건설공사(건축, 기계설비)",대전 본원 UPS·배터리 재배치(건축·기계)
대전 본원 UPS 및 배터리 재배치 사업 관급자재(케이블) 구매,대전 본원 UPS·배터리 재배치 관급(케이블)
"대전경찰청 산하(동부, 서부, 대덕, 둔산) IP교환기 교체",대전경찰청 산하 IP교환기 교체
대전경찰청 수사동 증축 통신공사 관급자재(통합배선반) 구입,대전경찰청 수사동 증축 관급(통합배선반)
대전경찰청 수사동 증축공사 관급자재(빌딩자동제어장치 구매) 구매,대전경찰청 수사동 증축 관급(빌딩자동제어)
대전경찰청 수사동 증축공사 관급자재(지열시스템 제조구매설치) 구매,대전경찰청 수사동 증축 관급(지열시스템)
대전경찰청어린이집 2025년 식자재 납품업체 선정 입찰공고,대전경찰청어린이집 식자재 납품업체 선정
대전교도소 논산지소 BF인증(보행로 개선 등) 공사 공고,대전교도소 논산지소 BF인증 공사
대전교도소 논산지소 난방용 유류(실내등유)단가계약 입찰 공고,대전교도소 논산지소 난방용 실내등유 단가계약
대전교도소 논산지소 수용동 증축 통신공사 관급자재(구내방송장치),대전교도소 논산지소 증축 관급(구내방송장치)
대전교도소 논산지소 수용동 증축공사 관급자재(빌딩자동제어) ,대전교도소 논산지소 증축 관급(빌딩자동제어)
대전교도소 등 수용자 자비구매물품  과일류(10종)  입찰공고,대전교도소 등 수용자 자비구매 과일류 10종
"대전교도소 식자재(공산품 부재료) 규격, 가격 동시 입찰",대전교도소 식자재(공산품 부재료) 입찰
"대전교도소 식자재(공산품 주재료) 규격, 가격 동시 입찰",대전교도소 식자재(공산품 주재료) 입찰
"대전교도소 식자재(달걀)구매 2단계(규격, 가격 동시) 입찰 공고",대전교도소 식자재(달걀) 구매
"대전교도소 식자재(닭고기 등) 구매 2단계(규격, 가격 동시)입찰 공고",대전교도소 식자재(닭고기 등) 구매
"대전교도소 식자재(수산물)구매 2단계(규격, 가격 동시) 입찰 공고",대전교도소 식자재(수산물) 구매
"대전교도소 식자재(수산물류)2단계(규격, 가격동시) 입찰",대전교도소 식자재(수산물류) 입찰
"대전교도소 식자재(절임류)구매 2단계(규격, 가격 동시) 입찰 공고",대전교도소 식자재(절임류) 구매
"대전교도소 식자재(축산물)구매 2단계(규격, 가격 동시) 입찰 공고",대전교도소 식자재(축산물) 구매
"대전교도소 식자재(콩나물) 규격 가격 동시 입찰(변경, 긴급 공고)",대전교도소 식자재(콩나물) 입찰
대전동부경찰서어린이집 2025년 식자재 납품업체 선정(20250114 변경 최종),대전동부경찰서어린이집 식자재 납품업체 선정
대전보훈병원 2025년 자체의약품 마약 21종(2그룹) 단가계약,대전보훈병원 자체의약품 마약 21종(2그룹)
대전보훈병원 2025년 자체의약품 백신 21종(3그룹) 단가계약,대전보훈병원 자체의약품 백신 21종(3그룹)
대전보훈병원 2025년 자체의약품 일반약 55종(1그룹) 단가계약 ,대전보훈병원 자체의약품 일반약 55종(1그룹)
대전보훈병원 2025년 자체의약품 한방약 13종(4그룹) 단가계약,대전보훈병원 자체의약품 한방약 13종(4그룹)
대전보훈병원 2025년(4월~9월) 김치류(깍두기 등 7종) 구매,대전보훈병원 김치류(깍두기 등 7종) 구매
대전보훈병원 검사재료( Bactec plus aerobic 등 28종) 단가계약(고시미만5그룹),대전보훈병원 검사재료 28종(고시미만5그룹)
대전보훈병원 검사재료(1cc syringe 등 20종) 단가계약(고시미만3그룹),대전보훈병원 검사재료 20종(고시미만3그룹)
대전보훈병원 검사재료(ASO 등 15종) 단가계약(고시미만7그룹),대전보훈병원 검사재료 15종(고시미만7그룹)
대전보훈병원 검사재료(Eluent 80A 등 8종) 단가계약(고시미만4그룹),대전보훈병원 검사재료 8종(고시미만4그룹)
대전보훈병원 검사재료(Homocystein reagent 등 15종) 단가계약(고시미만6그룹),대전보훈병원 검사재료 15종(고시미만6그룹)
대전보훈병원 검사재료(PSA 등 10종) 단가계약(고시이상2그룹),대전보훈병원 검사재료 10종(고시이상2그룹)
대전보훈병원 검사재료(TP 등 48종) 단가계약(고시미만2그룹),대전보훈병원 검사재료 48종(고시미만2그룹)
대전보훈병원 검사재료(Tru Lab. - N 등 15종) 단가계약(고시미만9그룹),대전보훈병원 검사재료 15종(고시미만9그룹)
대전보훈병원 검사재료(VTM(배지)+스왑(더블) 등 2종) 단가계약(고시미만1그룹),대전보훈병원 검사재료 2종(고시미만1그룹)
대전보훈병원 검사재료(Vitek 2 AST-N414 등 3종) 단가계약(고시미만8그룹),대전보훈병원 검사재료 3종(고시미만8그룹)
대전보훈병원 검사재료(cobas c503 ALB 등 101종) 단가계약(고시이상1그룹),대전보훈병원 검사재료 101종(고시이상1그룹)
"대전보훈병원 보훈가족 고객주차장 증축 공사-건축(기계,토목,조경) (긴급)",대전보훈병원 고객주차장 증축(건축)
대전보훈병원 수술재료 1그룹(1종) 단가계약(고시금액 이상),대전보훈병원 수술재료 1그룹(고시이상)
대전보훈병원 수술재료 1그룹(3종) 단가게약(고시금액 미만),대전보훈병원 수술재료 1그룹(고시미만)
대전보훈병원 수술재료 2그룹(4종) 단가계약(고시금액 미만),대전보훈병원 수술재료 2그룹(고시미만)
대전보훈병원 수술재료 3그룹(4종) 단가계약(고시금액 미만),대전보훈병원 수술재료 3그룹(고시미만)
대전보훈병원 수술재료 4그룹(4종) 단가계약(고시금액 미만),대전보훈병원 수술재료 4그룹(고시미만)
대전보훈병원 수술재료 5그룹(6종) 단가계약(고시금액 미만),대전보훈병원 수술재료 5그룹(고시미만)
대전보훈병원 수술재료 6그룹(19종) 단가계약(고시금액 미만),대전보훈병원 수술재료 6그룹(고시미만)
대전보훈병원 수술재료 7그룹(1종) 단가계약(고시금액 미만),대전보훈병원 수술재료 7그룹(고시미만)
대전보훈병원 수술재료 8그룹(4종) 단가계약(고시금액 미만),대전보훈병원 수술재료 8그룹(고시미만)
대전보훈병원 수술재료 9그룹(1종) 단가계약(고시금액 미만),대전보훈병원 수술재료 9그룹(고시미만)
"대전보훈병원 시외 셔틀버스 임차 용역(10군-제천,충주)",대전보훈병원 시외 셔틀버스 임차(10군)
대전보훈병원 위생재료 10그룹(35종) 단가계약(고시금액 미만),대전보훈병원 위생재료 10그룹(고시미만)
대전보훈병원 위생재료 11그룹(1종) 단가계약(고시금액 미만),대전보훈병원 위생재료 11그룹(고시미만)
대전보훈병원 위생재료 12그룹(3종) 단가계약(고시금액 미만),대전보훈병원 위생재료 12그룹(고시미만)
대전보훈병원 위생재료 13그룹(12종) 단가계약(고시금액 미만),대전보훈병원 위생재료 13그룹(고시미만)
대전보훈병원 위생재료 1그룹(18종) 단가계약(고시금액 이상),대전보훈병원 위생재료 1그룹(고시이상)
대전보훈병원 위생재료 1그룹(67종) 단가계약(고시금액 미만),대전보훈병원 위생재료 1그룹(고시미만)
대전보훈병원 위생재료 2그룹(34종) 단가게약(고시금액 미만),대전보훈병원 위생재료 2그룹(고시미만)
대전보훈병원 위생재료 3그룹(2종) 단가계약(고시금액 미만),대전보훈병원 위생재료 3그룹(고시미만)
대전보훈병원 위생재료 4그룹(62종) 단가계약(고시금액 미만),대전보훈병원 위생재료 4그룹(고시미만)
대전보훈병원 위생재료 5그룹(8종) 단가계약(고시금액 미만),대전보훈병원 위생재료 5그룹(고시미만)
대전보훈병원 위생재료 6그룹(11종) 단가계약(고시금액 미만),대전보훈병원 위생재료 6그룹(고시미만)
대전보훈병원 위생재료 7그룹(12종) 단가계약(고시금액 미만),대전보훈병원 위생재료 7그룹(고시미만)
대전보훈병원 위생재료 8그룹(1종) 단가계약(고시금액 미만),대전보훈병원 위생재료 8그룹(고시미만)
대전보훈병원 위생재료 9그룹(32종) 단가계약(고시금액 미만),대전보훈병원 위생재료 9그룹(고시미만)
대전보훈병원 치과 진료재료(Resin Refill 등 236종) 단가계약,대전보훈병원 치과 진료재료 236종
대전본원 정보시스템1군 운영·유지관리(2025년~2026년),대전본원 정보시스템1군 운영·유지관리
대전본원 정보시스템2군 운영·유지관리(2025년~2026년),대전본원 정보시스템2군 운영·유지관리
대전소년원 2026년도 직원식당 위탁사업자 선정 제안요청  공고,대전소년원 직원식당 위탁사업자 선정
대전유성경찰서어린이집 2025년 식자재납품업체 선정입찰공고,대전유성경찰서어린이집 식자재 납품업체 선정
대전지방검찰청 천안지청 청사 옥상 내벽 도색 및 방수공사(실공고),대전지검 천안지청 옥상 도색·방수공사
대전지방고용노동청 천안지청 청사 증축 건설사업관리(감독권한대행),대전노동청 천안지청 증축 건설사업관리
대전지방교정청 산하 교정시설 방역소독 용역 소액수의  공고,대전지방교정청 교정시설 방역소독
대전지방식품의약품안전청 공용차량 임차 카탈로그 계약 제안요청,대전식약청 공용차량 임차 카탈로그계약
"대전테크노파크 추가 조성사업(토목,조경,기계포함) 안전점검 수행기관 지정 공고",대전테크노파크 추가 조성 안전점검기관 지정
대체시험자료를 활용한 화학물지 분류표시 적용에 관한 연구,대체시험자료 활용 화학물질 분류표시 연구
대통령직속 2050 탄소중립녹색성장위원회 홈페이지 유지보수(26~28년),2050 탄소중립녹색성장위 홈페이지 유지보수
대포항 (외옹치항) 정비 및 CLEAN 국가어항(남애항) 조성공사 통합 건설사업관리용역,대포항·남애항 정비·조성 통합 건설사업관리
대학기초연구소(G램프) 사업 성과분석 및 향후 발전 방향,대학기초연구소(G램프) 성과분석·발전방향
대학원 연구개발 지원사업(벽돌조) 실험실습 기자재(분쇄기),대학원 연구개발 지원 실습기자재(분쇄기)
대학원 연구개발 지원사업(옻칠) 실험실습기자재 구매(원심분리기),대학원 연구개발 지원 실습기자재(원심분리기)
대한민국학술원 석면 해체에 따른 천장재설치 및 내부정비 공사,대한민국학술원 석면 해체 천장재·내부정비
대형재난사고에 투입된 과학수사관 심리적 응급처치 프로토콜 연구,재난사고 과학수사관 심리적 응급처치 연구
대형함정 양현 축계 수리자재 예비품 구매(특수조건 필독),대형함정 양현 축계 수리자재 예비품 구매
대호방조제권역 하천기본계획 전략환경(기후변화)환경영향평가용역,대호방조제권역 하천기본계획 환경영향평가
덕명마을 만들기사업(토목) 마을경관개선사업 견적 제출 공고,덕명마을 만들기(토목) 마을경관개선
"덕수궁관리소 특별전 ‘대한제국, 양관을 짓다.’(가제) 전시연출 및 보조물 제작 설치",덕수궁 대한제국 양관 특별전 전시연출·제작
덕유산국립공원 덕유대야영장 전면개선사업 기본 및 실시설계 용역,덕유산 덕유대야영장 개선 기본·실시설계
덕유산국립공원 저지대 숲체험인프라 조성 기본 및 실시설계 용역,덕유산 저지대 숲체험인프라 기본·실시설계
덕포2배수문 등 6개소 시설물 정밀안전점검 및 성능평가용역,덕포2배수문 등 6개소 정밀안전점검·성능평가
데이터기반 산림행정업무시스템(e-푸른샘) 구축 2차 사업 감리 ,산림행정업무시스템(e-푸른샘) 2차 감리
데이터베이스 분석을 중점으로 한 인스턴트 메신저 등 분석기법 연구,데이터베이스 기반 인스턴트 메신저 분석기법
도둔지구(서천군) 연안정비사업 실시설계 경제성 검토(설계VE) 용역,도둔지구 연안정비 실시설계 설계VE
도로 안정성 및 회복탄력성 제고를 위한 포장 개선방안 연구,도로 안정성·회복탄력성 포장 개선방안 연구
도로분야 건설공사 안전점검 수행기관 지정 공고(국도87호선 철원 오지-동송 도로건설공사),도로분야 안전점검기관 지정(철원 오지-동송)
도로분야 제2차 기반시설 관리계획(2026~2030) 수립 연구,도로분야 제2차 기반시설 관리계획 수립
도로안전시설 설치 및 관리지침(미끄럼방지포장) 개정 연구,도로안전시설 관리지침(미끄럼방지포장) 개정
도로포장 및 실내지반시험동 강우재현 시설 및 부대시설 설치용역,도로포장·실내지반시험동 강우재현 시설 설치
"도박, 마약 등 중독성 범죄 치유선도프로그램 효과성 분석 연구용역",중독성 범죄 치유선도프로그램 효과성 분석
도서벽지 재가서비스 위탁 용역 수의계약 안내 공고(변경),도서벽지 재가서비스 위탁 수의계약
도서산림 유형별 우선관리도서산림 선정 및 관리목표별 평가 지표 발굴 연구,우선관리도서산림 선정·평가지표 발굴 연구
도서산림 훼손지 회복탄력성 평가 지표 발굴 및 토지이용 변화 현황 조사,도서산림 훼손지 회복탄력성 평가지표 발굴
도시·건축 디자인 품질 제고를 위한 정책 발굴 및 실천 방안 연구,도시·건축 디자인 품질 정책 발굴 연구
도시·건축 디자인 품질 제고를 위한 정책 발굴 및 실천 방안 연구 -랜드마크적 공공건축물 조성 및 건축자산 기반 지역 디자인거점 조성사업 중심으로,도시·건축 디자인 품질 정책 발굴 연구
도시·건축 디자인 품질 제고를 위한 정책 발굴 및 실천 방안 연구-랜드마크적 공공건축물 조성 및 건축자산 기반 지역 디자인거점 조성사업 중심으로,도시·건축 디자인 품질 정책 발굴 연구
도시침수 모니터링 시스템(RAINSYS) 활성화 방안 연구,도시침수 모니터링 시스템 활성화 방안 연구
도시환경기초시설 배출오염물질 영향정보 기상융합기술 고도화,도시환경기초시설 배출오염물질 영향정보 기상융합기술 고도
도심 내 공공 및 민간 복합사업의 개발 특성에 따른 제도개선 방안 연구,도심 내 공공 · 민간 복합사업의 개발 특성에 따른 제
도심·산단 지역 중심 유해성대기감시물질 취약 지점 및 우심 지역 평가 연구(I),도심·산단 지역 중심 유해성대기감시물질 취약 지점
도자문화관 신기술융합콘텐츠 제작 및 시스템 보완 계약 요청,도자문화관 신기술융합콘텐츠 제작 · 시스템 보완 계약
독도 울릉도 생물자원의 유전체 연구(7차년도) 용역사업 입찰공고 요청,독도 울릉도 생물자원의 유전체 연구 용역사업 입찰공고
독립운동 주제 인터랙티브 콘텐츠 제작 및 체험부스 운영 용역,독립운동 주제 인터랙티브 콘텐츠 제작 · 체험부스 운영
독성화학과 약독물실 감정장비(액체크로마토그래피 질량분석기) 구매,독성화학과 약독물실 감정장비 구매
동계작물 후작 지역 맞춤형 단기성벼 생산단지 조성사업 동력이앙기 구입(민간입찰대행),동계작물 후작 지역 맞춤형 단기성벼 생산단지 조성사업
동궁과 월지 동편Ⅱ-나지구 발굴조사 현장공개회 물품 설치,동궁과 월지 동편Ⅱ-나지구 발굴조사 현장공개회 물품 설
동대구우체국 소포우편물 아파트전담 위탁배달업체 용역 계약,동대구우체국 소포우편물 아파트전담 위탁배달업체 용역
동두천 국가산업단지 진입도로 건설공사 관급자재 구매(개질아스팔트),동두천 국가산업단지 진입도로 건설공사 관급자재 구매
동두천 국가산업단지 진입도로 건설공사 관급자재 구매(글래스팔트),동두천 국가산업단지 진입도로 건설공사 관급자재 구매
동두천 국가산업단지 진입도로 건설공사 혼합폐기물 처리용역,동두천 국가산업단지 진입도로 건설공사 혼합폐기물 처리
동두천경찰서 자율방범대 피복 (방한복등 3종) 제작 공고 ,동두천경찰서 자율방범대 피복 제작 공고
동료지원인 양성 및 활동 현황 조사연구: 교육체계 개선방향 모색,동료지원인 양성 · 활동 현황 조사연구: 교육체계 개선
동물 보호.복지 적정 인력 분석 및 업무 효율화 방안 연구,동물 보호.복지 적정 인력 분석 · 업무 효율화 방안
동물대체시험법의 OECD 시험지침 등재를 위한 검증 연구,동물대체시험법의 OECD 시험지침 등재를 위한 검증 연
동물모델을 활용한 토끼고기의 당뇨병 개선 효과 검증 연구,동물모델을 활용한 토끼고기의 당뇨병 개선 효과 검증 연
동물원 전시동물 질병 현황조사 및 부검·진단 매뉴얼 마련 용역,동물원 전시동물 질병 현황조사 · 부검·진단 매뉴얼 마
동부지역본부 청사 신축공사 관급자재(GHP실외기) 구매 설치,동부지역본부 청사 신축공사 관급자재 구매 설치
동북아 지역 대기오염물질 배출량 산정 및 개선 연구(Ⅲ),동북아 지역 대기오염물질 배출량 산정 · 개선 연구
동서금동행정복지센터 구청사(무상임대 공유재산) 실내건축공사,동서금동행정복지센터 구청사 실내건축공사
"동서트레일 서산안내소 조성사업(건축, 토목, 기계) 신축공사",동서트레일 서산안내소 조성사업 신축공사
동아시아 철새서식지 고병원성 조류인플루엔자 감시 연구(`25~`26),동아시아 철새서식지 고병원성 조류인플루엔자 감시 연구
동종 줄기세포치료제 개발을 위한 HLA 유전자편집 최적화 연구,동종 줄기세포치료제 개발을 위한 HLA 유전자편집 최적
동창천 매전1지구 외 1개지구 하천환경정비사업 건설사업관리(시공단계)용역,동창천 매전1지구 외 1개지구 하천환경정비사업 건설사업
동축산물검역검사 생물안전연구시설 설치공사 관급자재(빌딩자동제어장치) 구매,동축산물검역검사 생물안전연구시설 설치공사 관급자재 구매
동해 3007함 NO.1주기관(PIELSTICK 16PA) 라이너 교체 등 수리,동해 3007함 NO.1주기관 라이너 교체 등 수리
동해·묵호항 항만운영시설 유지보수공사 건설폐기물 처리용역,동해·묵호항 항만운영시설 유지보수공사 건설폐기물 처리
동해·묵호항 환경개선 및 노후항만시설 등 정비사업 건설폐기물 처리용역,동해·묵호항 환경개선 · 노후항만시설 등 정비사업 건설
동해경찰서 청사(1.3층 일부) 히트펌프형 냉난방기 실치공사,동해경찰서 청사 히트펌프형 냉난방기 실치공사
동해권 광역 선박교통관제(VTS) 전용회선 임대사업자 선정,동해권 광역 선박교통관제 전용회선 임대사업자 선정
동해면 기초생활거점조성사업 부지 철거공사 건설폐기물 처리 및 운반 용역,동해면 기초생활거점조성사업 부지 철거공사 건설폐기물 처
동해신항 기타광석부두 및 잡화부두 건설공사 건설폐기물(폐콘크리트) 처리용역,동해신항 기타광석부두 · 잡화부두 건설공사 건설폐기물
동해지방해양경찰청 특공대 휴대용 화학물질 탐지기 구매(중기업 확대),동해지방해양경찰청 특공대 휴대용 화학물질 탐지기 구매
동해항 3단계 방파호안(2공구) 축조공사(9차) 관급자재(해상레미콘),동해항 3단계 방파호안 축조공사 관급자재
동해항 남부두(1단계) 13번선석 개선사업 건설사업관리용역,동해항 남부두 13번선석 개선사업 건설사업관리용역
동해해양경찰서 P-72정 양현 발전기 총 분해 수리 용역,동해해양경찰서 P-72정 양현 발전기 총 분해 수리
"동해해양경찰서 경비함정 부분 청락, 도색 정비(동해, 부산)","동해해양경찰서 경비함정 부분 청락, 도색 정비"
동해해양경찰서 묵호파출소 연안구조정(S-13) 인터쿨러 교체 수리 용역,동해해양경찰서 묵호파출소 연안구조정 인터쿨러 교체 수리
동해해양경찰서 삼척파출소 수색구조 역량강화(로프구조장비 말로우 엑세스등 20점 48종) 물품 구매,동해해양경찰서 삼척파출소 수색구조 역량강화 물품 구매
동해해양경찰서 직원숙소(울릉 상록아파트 나동 105호) 환경개선 공사,동해해양경찰서 직원숙소 환경개선 공사
돼지폐포대식세포(PAM)  유전자 편집 세포주(2종) 제작,돼지폐포대식세포 유전자 편집 세포주 제작
돼지폐포대식세포(PAM) 활용 유전자 편집 세포주(2종) 구매 입찰 ,돼지폐포대식세포 활용 유전자 편집 세포주 구매 입찰
드럼스크린 제작 구매_순환여과양식시스템(RAS) 설비공사(기계설비) 관급자재,드럼스크린 제작 구매_순환여과양식시스템 설비공사 관급자
드론영상 자료처리 및 분석 SW 업그레이드(주요-2025-06-01),드론영상 자료처리 · 분석 SW 업그레이드
등대 조형물 제작·설치(등대를 활용한 어촌마을 환경개선),등대 조형물 제작·설치
디지털 기반 산림용 묘목 표현형 측정·분석 시스템 구축 ,디지털 기반 산림용 묘목 표현형 측정·분석 시스템 구축
디지털 보존과학 활용을 위한 보존처리 디지털 데이터 생성 및 관리 표준 수립,디지털 보존과학 활용을 위한 보존처리 디지털 데이터 생
디지털 복합문화관 건립공사 관급자재(계단겸용 휠체어 리프트) 구매,디지털 복합문화관 건립공사 관급자재 구매
디지털 아카이브 시범 서비스 공간 연출 설계 및 제작 설치,디지털 아카이브 시범 서비스 공간 연출 설계 · 제작
디지털 증거분석실 포렌식 장비구매(교차분석 전문프로그램)(5-사),디지털 증거분석실 포렌식 장비구매
디지털 증거분석실 포렌식 장비구매(분석 전문 프로그램)(5-마),디지털 증거분석실 포렌식 장비구매
"디지털 증거분석실 포렌식 장비구매(증거분석 보조프로그램)(5-아,하)",디지털 증거분석실 포렌식 장비구매
디지털 헬스케어 분야 생성형 인공지능 연구 윤리 가이드 개발,디지털 헬스케어 분야 생성형 인공지능 연구 윤리 가이드
"디지털문화관 건립 건축공사 관급자재(레미콘, 2차) 구매",디지털문화관 건립 건축공사 관급자재 구매
디지털뱅킹 이용고객 데이터 분석을 통한 효과성 검증 및 전략적 타깃마케팅 모델 개발,디지털뱅킹 이용고객 데이터 분석을 통한 효과성 검증
"디지털의료제품의 개발, 임상시험 등 안전성·유효성 평가를 위한 규제지원에 관한 업무 위·수탁","디지털의료제품의 개발, 임상시험 등 안전성·유효성 평가"
디지털의료제품의 전자적 침해행위의 예방 및 확산 방지를 위한 규제지원에 관한 업무 위·수탁,디지털의료제품의 전자적 침해행위의 예방 · 확산 방지를
디지털증거 관리 거버넌스 개선 및 관련 법령의 체계적 정비 방안,디지털증거 관리 거버넌스 개선 · 관련 법령의 체계적
디지털증거 유형분류 개선 및 공개모델 활용 분석기법 연구,디지털증거 유형분류 개선 · 공개모델 활용 분석기법 연
"디지털포렌식 분석 프로그램 갱신 및 구매(컴퓨터포렌식, 데이터 검색도구 등)",디지털포렌식 분석 프로그램 갱신 · 구매
"디지털헤리티지학과 실험실습기자재 구매(6차, 3D스캐너)",디지털헤리티지학과 실험실습기자재 구매
라오스 문화자원 관리 및 문화콘텐츠 개발 역량강화 지원 사업 종료평가 연구용역,라오스 문화자원 관리 · 문화콘텐츠 개발 역량강화 지원
라오스 탄소감축 기반지원을 위한 산림복원 및 주민 소득개선 사업 타당성 조사,라오스 탄소감축 기반지원을 위한 산림복원 · 주민 소득
라이다 방식의 연직 온·습도 관측장비 국내외 기술조사 및 현업 활용 최적 이론·기술 규격 개발,라이다 방식의 연직 온·습도 관측장비 국내외 기술조사
라이다 영상을 활용한 목재수확작업 현장 적용 가능성 평가,라이다 영상을 활용한 목재수확작업 현장 적용 가능성 평
랜드마크시티 1호 수변공원(2단계) 조성공사 건설사업관리용역,랜드마크시티 1호 수변공원 조성공사 건설사업관리용역
마늘․양파 동해방지용 부직포 구입 수의계약 견적제출 안내공고,마늘․양파 동해방지용 부직포 구입 수의계약 견적제출 안
마리면 행정복지센터 및 웰니스 문화자치센터 건립사업 설계공모,마리면 행정복지센터 · 웰니스 문화자치센터 건립사업 설
마산우체국(마산합포구) 아파트전담 소포우편물 위탁배달 용역,마산우체국 아파트전담 소포우편물 위탁배달 용역
마산우체국(마산회원구) 아파트전담 소포우편물 위탁배달 용역,마산우체국 아파트전담 소포우편물 위탁배달 용역
마산항 소형선부두 도로정비 등 환경개선사업 폐기물처리용역,마산항 소형선부두 도로정비 등 환경개선사업 폐기물처리
마산항 제5부두 및 포철부두 배후부지 성능개선 시설공사 폐기물처리용역,마산항 제5부두 · 포철부두 배후부지 성능개선 시설공사
마산항 제5부두 및 포철부두 배후부지 시설공사 등 통합건설사업관리용역(가격입찰),마산항 제5부두 · 포철부두 배후부지 시설공사 등 통합
마산항 제5부두 야적장 부지 재포장(델디씨) 건설사업관리용역,마산항 제5부두 야적장 부지 재포장 건설사업관리용역
"마약 예방 온라인 교육자료(직종별, 물질별) 제작 및 배포",마약 예방 온라인 교육자료 제작 · 배포
마약류 중독 회복을 위한 취업지원 등 직업재활 실태조사 및 방안연구,마약류 중독 회복을 위한 취업지원 등 직업재활 실태조사
마약류사범 실태조사를 활용한 평가도구 및 재범예방 프로그램 개발,마약류사범 실태조사를 활용한 평가도구 · 재범예방 프로
마약중독 피치료감호자의 근거기반 치료전략 및 처우 개선 방안 ,마약중독 피치료감호자의 근거기반 치료전략 · 처우 개선
마을기업법 시행 대비 지자체 실행체계 및 정책모델 마련 연구,마을기업법 시행 대비 지자체 실행체계 · 정책모델 마련
"마을만들기사업(석평2리, 현동2리) 세부설계 용역(건축)",마을만들기사업 세부설계 용역
마이데이터 지원 플랫폼 구축(2차) 개인정보 영향평가 용역,마이데이터 지원 플랫폼 구축 개인정보 영향평가 용역
"마중물 플라자 건립 건축(토목, 조경, 기계포함)공사 안전점검 수행기관 지정 공고",마중물 플라자 건립 건축공사 안전점검 수행기관 지정
마크로라이드 내성 마이코플라즈마 뉴모니아의 병원체 특성 및 환자 치료반응 분석연구,마크로라이드 내성 마이코플라즈마 뉴모니아의 병원체 특성
마한역사문화센터 건립사업에 따른 영산호 관광지 교통영향평가(변경) 용역,마한역사문화센터 건립사업에 따른 영산호 관광지 교통영향
마한역사문화센터 건립사업에 따른 영산호 관광지 환경보전방안 검토 용역,마한역사문화센터 건립사업에 따른 영산호 관광지 환경보전
만경강 고산1지구 하천환경정비사업 관급자재(혼합골재)구매,만경강 고산1지구 하천환경정비사업 관급자재구매
만경강 고산2지구 하천환경정비사업 관급자재(혼합골재) 구매,만경강 고산2지구 하천환경정비사업 관급자재 구매
만경강 등 7개 국가하천 실시간 모니터링체계 유지관리용역(긴급),만경강 등 7개 국가하천 실시간 모니터링체계 유지관리
만성감염 바이러스 치료물질의 의약화학적 구조 최적화 및 약물성 평가,만성감염 바이러스 치료물질의 의약화학적 구조 최적화
만인의총 유적종합정비(2단계) 관련 수목 생육환경 개선사업,만인의총 유적종합정비 관련 수목 생육환경 개선사업
만인의총 유적종합정비(2단계) 사업 공사 폐기물 처리용역 시행,만인의총 유적종합정비 사업 공사 폐기물 처리용역 시행
만호해역(해남 김 양식장) 어장수용력 산정 인자 조사(Ⅱ),만호해역 어장수용력 산정 인자 조사
맞춤제작 보조기기(경사로) 품질 측정 장비 사용 수수료 용역,맞춤제작 보조기기 품질 측정 장비 사용 수수료 용역
"맞춤형 석사과정(경찰 행정, 기획 전문가 양성) 위탁교육",맞춤형 석사과정 위탁교육
매리센터 분석관련 소모품(실린지 등 57종) 구매(입찰),매리센터 분석관련 소모품 구매
매리센터 분석관련 시약(메틸알콜 등 43종) 구매(입찰),매리센터 분석관련 시약 구매
매리센터 시험분석용 시약 및 소모품(메탄올 등 140종) 구매(입찰),매리센터 시험분석용 시약 · 소모품 구매
매체접촉형 재활용환경성평가를 위한 모델링평가 가이드라인 마련연구,매체접촉형 재활용환경성평가를 위한 모델링평가 가이드라인
머신러닝을 통한 온실가스 농도 예측 및 센서 기반 우심지역 집중감시 기법 개발,머신러닝을 통한 온실가스 농도 예측 · 센서 기반 우심
먹거리통합지원센터 건립공사 관급자재 구매[빌딩자동제어장치],먹거리통합지원센터 건립공사 관급자재 구매[빌딩자동제어장
메르스 감염 10년 이후 회복기 환자의 임상 및 면역학적 장기추적 조사,메르스 감염 10년 이후 회복기 환자의 임상 · 면역학
메르스 치료용 항체 비임상생산체계 고도화 및 영장류 비임상 평가,메르스 치료용 항체 비임상생산체계 고도화 · 영장류 비
메타바코딩과 안정동위원소 데이터를 활용한 먹이망기반 상호작용 연구,메타바코딩과 안정동위원소 데이터를 활용한 먹이망기반 상
멧돼지 유래 아프리카돼지열병(ASF) 바이러스 유전자 특성 및 백신개발(Ⅴ) 용역,멧돼지 유래 아프리카돼지열병 바이러스 유전자 특성
멸종위기 고산지역 침엽수종 모니터링(5년차) 및 정밀조사 용역,멸종위기 고산지역 침엽수종 모니터링 · 정밀조사 용역
모듈러 주택 활성화를 위한 장수명 주택 인증기준 개선방안 마련 연구,모듈러 주택 활성화를 위한 장수명 주택 인증기준 개선방
"모바일 기기 분석 획득프로그램 라이선스 갱신(5-나,바)",모바일 기기 분석 획득프로그램 라이선스 갱신
모바일 프린터 용지(우편물 도착안내서 출력용) 제조구매 연간단가,모바일 프린터 용지 제조구매 연간단가
모바일·클라우드포렌식 분석기능 개선 및 검찰 포렌식 서비스 연계 개발,모바일·클라우드포렌식 분석기능 개선 · 검찰 포렌식 서
모바일기기 분석프로그램 라이선스( MD-RED)(5-라),모바일기기 분석프로그램 라이선스
"목감천 하천정비사업 2차 SPC합성형라멘교(개웅교,너부대교) 구매 설치",목감천 하천정비사업 2차 SPC합성형라멘교 구매 설치
"목발(겨드랑이, 팔꿈치) 품질 측정 장비 사용 수수료 용역",목발 품질 측정 장비 사용 수수료 용역
"목조건축 활성화를 위한 기술발전, 인력양성, 선도사례 추진 연구","목조건축 활성화를 위한 기술발전, 인력양성, 선도사례"
목포경찰서 가스열펌프(GHP)  배출가스 저감장치 구매 설치,목포경찰서 가스열펌프 배출가스 저감장치 구매 설치
목포교도소 공산품(간장 등 151종)  구매 2단계(규격/가격 동시) 입찰,목포교도소 공산품 구매 2단계 입찰
목포교도소 급식용 농산물(감자 등 55종) 구매  2단계(규격/가격 동시) 입찰,목포교도소 급식용 농산물 구매 2단계 입찰
목포교도소 급식용 수산물(가자미 등 85종) 구매 2단계 (규격/가격 동시) 입찰,목포교도소 급식용 수산물 구매 2단계 입찰
목포교도소 급식용 축산물(돼지고기 등 24종) 구매 2단계(규격/가격 동시) 입찰,목포교도소 급식용 축산물 구매 2단계 입찰
목포교도소 수용자 자비부담 안경(안경테 등)구매 소액수의 견적제출 공고,목포교도소 수용자 자비부담 안경구매 소액수의 견적제출
목포남항 투기장 환경개선사업(도로공사) 건설폐기물(폐아스콘) 처리용역,목포남항 투기장 환경개선사업 건설폐기물 처리용역
목포남항 투기장 환경개선사업(도로공사) 건설폐기물(폐콘크리트) 처리용역,목포남항 투기장 환경개선사업 건설폐기물 처리용역
목포남항 투기장 환경개선사업(도로공사) 관급자재(협잡물파쇄기),목포남항 투기장 환경개선사업 관급자재
목포북항 국가어업지도선부두 확장공사 폐기물(폐콘크리트) 처리용역,목포북항 국가어업지도선부두 확장공사 폐기물 처리용역
목포북항 항만 환경개선사업(생활SOC) 건설폐기물(페아스콘) 처리용역,목포북항 항만 환경개선사업 건설폐기물 처리용역
목포북항 항만 환경개선사업(생활SOC) 건설폐기물(페콘크리트) 처리용역,목포북항 항만 환경개선사업 건설폐기물 처리용역
목포세관 완도지원센터 선박용 유류(저유황 경유) 구매 단가계약,목포세관 완도지원센터 선박용 유류 구매 단가계약
목포신항 제2준설토투기장 건설 기본 및 실시설계 건설사업관리용역,목포신항 제2준설토투기장 건설 기본 · 실시설계 건설사
목포항 대반동 수제선 정비공사 폐기물(폐합성수지) 처리용역,목포항 대반동 수제선 정비공사 폐기물 처리용역
목포항 및 흑산도항 항만시설물 유지보수공사 건설폐기물(폐콘크리트) 처리용역,목포항 · 흑산도항 항만시설물 유지보수공사 건설폐기물
목포항 및 흑산도항 항만시설물 유지보수공사 폐기물(폐아스콘) 처리용역,목포항 · 흑산도항 항만시설물 유지보수공사 폐기물 처리
목포항 및 흑산도항 항만시설물 정밀안전점검 및 성능평가용역,목포항 · 흑산도항 항만시설물 정밀안전점검 · 성능평가
목포항 연안여객부두 개축공사 건설폐기물(폐콘크리트) 처리용역,목포항 연안여객부두 개축공사 건설폐기물 처리용역
목포항 재해취약지구 정비사업 기본 및 실시설계 건설사업관리용역,목포항 재해취약지구 정비사업 기본 · 실시설계 건설사업
목포해양경찰서 1509함 NO.1 보일러 수관 신규제작 및 교체수리,목포해양경찰서 1509함 NO.1 보일러 수관 신규제작
"목포해양경찰서 3015함 등 6척, 구명뗏목 개방검사 및 자동이탈기 교체수리","목포해양경찰서 3015함 등 6척, 구명뗏목 개방검사"
목포해양경찰서 방제16호함 LNG(액화천연가스) 공급 계약 (2차),목포해양경찰서 방제16호함 LNG 공급 계약
"목포해양경찰서 진도파출소 청사 리모델링 환경개선 공사(건축, 기계)",목포해양경찰서 진도파출소 청사 리모델링 환경개선 공사
"목포해양경찰서 진도파출소 청사 증축 공사(건축, 기계, 토목)",목포해양경찰서 진도파출소 청사 증축 공사
무공해차 환경인증평가 교육 가상현실 VR 프로그램 유지보수 용역(2025년),무공해차 환경인증평가 교육 가상현실 VR 프로그램 유지
"무궁화1, 17호 전자해도표시시스템(ECDIS) 구매·설치","무궁화1, 17호 전자해도표시시스템 구매·설치"
"무궁화11호, 13호 전자해도표시시스템(ECDIS) 구매, 설치","무궁화11호, 13호 전자해도표시시스템 구매, 설치"
"무궁화35호, 36호 정기수리 관급자재(발전기관 부품) 구매","무궁화35호, 36호 정기수리 관급자재 구매"
"무궁화35호, 36호 정기수리 관급자재(주기관 부품) 구매","무궁화35호, 36호 정기수리 관급자재 구매"
"무궁화35호, 36호 추가 수리자재(주기관, 발전기관 부품) 구매","무궁화35호, 36호 추가 수리자재 구매"
무등산국립공원 탐방기반시설 조성사업 소규모 재해영향평가 용역,무등산국립공원 탐방기반시설 조성사업 소규모 재해영향평가
무등산국립공원 탐방기반시설 조성사업 소규모 환경영향평가 용역,무등산국립공원 탐방기반시설 조성사업 소규모 환경영향평가
무등산국립공원 화암야영장 조성사업 소규모 재해영향평가 용역,무등산국립공원 화암야영장 조성사업 소규모 재해영향평가
무등산국립공원 화암야영장 조성사업 소규모 환경영향평가 용역,무등산국립공원 화암야영장 조성사업 소규모 환경영향평가
"무병묘 순화 및 스마트팜 실습교육장 신축공사(전기, 통신)",무병묘 순화 · 스마트팜 실습교육장 신축공사
무상원조 수행체계 통합 및 효율화를 위한 제도 개선방안 연구,무상원조 수행체계 통합 · 효율화를 위한 제도 개선방안
무선전력전송 전자파 인체노출량 일반표준 평가방법 개발 및 전자파 저감기술 선행 연구,무선전력전송 전자파 인체노출량 일반표준 평가방법 개발
무안공항 활주로 연장사업(토목) 관급자재(순환골재) 구매,무안공항 활주로 연장사업 관급자재 구매
무안국제공항 활주로 연장사업(전기) 관급자재(PAD TR) 제작 구매,무안국제공항 활주로 연장사업 관급자재 제작 구매
무안국제공항 활주로 연장사업(토목) 관급자재(혼합골재) 구매,무안국제공항 활주로 연장사업 관급자재 구매
무안항공대 CN-235(B705) 적외선 열상장비(FLIR) 구매 교체,무안항공대 CN-235 적외선 열상장비 구매 교체
무역항(인천항) 안티드론 및 통합관제장비 구매설치 감리용역,무역항 안티드론 · 통합관제장비 구매설치 감리용역
무인교통단속장비 무선망(전용회선)이동통신 사업자 선정 조달계약,무인교통단속장비 무선망이동통신 사업자 선정 조달계약
무인교통단속장비 무선망(전용회신)이동통신 사업자 선정 조달 계약,무인교통단속장비 무선망이동통신 사업자 선정 조달 계약
무인비행장치 다중센서를 활용한 수치지형도 및 공간정보 분야 적용 연구,무인비행장치 다중센서를 활용한 수치지형도 · 공간정보
무정전전원장치(UPS) 및 수배전반 정류기용 축전기 구매 교체(축전지 구매),무정전전원장치 · 수배전반 정류기용 축전기 구매 교체
무정전전원장치(UPS) 및 수배전반 정류기용 축전지 구매 교체(축전지 구매) ,무정전전원장치 · 수배전반 정류기용 축전지 구매 교체
무주 무주-설천 도로확장공사 전기공사 등 3건 재해예방 기술지도용역,무주 무주-설천 도로확장공사 전기공사 등 3건 재해예방
무주-설천 도로확장공사 및 임실-장수(2공구) 도로시설개량공사 편입 무연분묘 개장용역,무주-설천 도로확장공사 · 임실-장수 도로시설개량공사
문경 프리미엄 감홍사과 선별장 및 체험전시홍보관 기본 및 실시설계 용역,문경 프리미엄 감홍사과 선별장 · 체험전시홍보관 기본
문막읍 동화리 1546-2일원 외 2개소 농업기반시설 정비공사,문막읍 동화리 1546-2일원 외 2개소 농업기반시설
문막읍 후용2리 마을만들기(자율개발) 마을회관 리모델링 공사(건축),문막읍 후용2리 마을만들기 마을회관 리모델링 공사
문막읍 후용2리 마을만들기(자율개발) 마을회관 리모델링 공사(기계),문막읍 후용2리 마을만들기 마을회관 리모델링 공사
문막읍 후용2리 마을만들기(자율개발) 마을회관 리모델링공사(전기),문막읍 후용2리 마을만들기 마을회관 리모델링공사
문화산업의 공정유통환경 조성을 위한 제도 개선 방안 연구,문화산업의 공정유통환경 조성을 위한 제도 개선 방안 연
"문화유산 과학센터 건립공사 관급자재(자동제어설치공사, 원격검침자동제어설치공사) 구매",문화유산 과학센터 건립공사 관급자재 구매
문화유산 과학센터 건립공사 관급자재(진공온수보일러) 구매,문화유산 과학센터 건립공사 관급자재 구매
문화유산과학센터 건립 전기공사 관급자재(조명자동제어설비) 구매,문화유산과학센터 건립 전기공사 관급자재 구매
문화유산지구 탐방객수의 효율적인 산정을 위한 계수기 구매 및 설치,문화유산지구 탐방객수의 효율적인 산정을 위한 계수기 구
문화체육관광부 공무직 근로자 직무분석 및 임금체계 설계 연구,문화체육관광부 공무직 근로자 직무분석 · 임금체계 설계
물류 교통·환경 정비지구 지원사업 추진체계 및 제도개선 방안 연구,물류 교통·환경 정비지구 지원사업 추진체계 · 제도개선
물사출 분쇄기 [Recoilless Water Disrupter],물사출 분쇄기 [Recoilless Water Disr
물품 수의견적 제출안내 공고(품목별 생력재배 및 신기술 실천시범 민간보조사업 입찰대행),물품 수의견적 제출안내 공고
물품 수의견적 제출안내(생활개선회 농작업안전 재해예방 실천 민간보조사업 입찰대행),물품 수의견적 제출안내
물품 수의계약 견적제출 안내 공고[국산밀 생산단지 지역특화 가공 활성화 시범사업(민간입찰대행)],물품 수의계약 견적제출 안내 공고[국산밀 생산단지 지역
물품 수의계약 견적제출 안내 공고[소비트렌드 맞춤형 칼라수박단지 육성시범사업 포장박스제작 (입찰대행)],물품 수의계약 견적제출 안내 공고[소비트렌드 맞춤형 칼
물품 입찰 공고(독도수산연구센터 시험연구장비 자동어체측정기 구입),물품 입찰 공고
"물품(25~26년 겨울철 제설자재-소금, 염화칼슘) 구매","물품(25~26년 겨울철 제설자재-소금, 염화칼슘)"
"물품(SAS 통계프로그램 사용권) 구매 소액수의 견적제출 공고(사전상담과, 영양기능연구과)",물품 구매 소액수의 견적제출 공고
물품(SAS 통계프로그램 사용권) 구매 소액수의 견적제출 공고(식품위해평가과),물품 구매 소액수의 견적제출 공고
물품(SAS 프로그램 구독권) 구매 소액수의 견적제출 공고(제2025-34호),물품 구매 소액수의 견적제출 공고
물품(SIMULIA Abaqus Unified 구독권) 구매 소액수의 견적제출 공고(의료기기연구과),물품 구매 소액수의 견적제출 공고
물품(SIMULIA Abaqus Unified 구독권) 구매 소액수의계약 견적제출 공고(의료기기연구과),물품 구매 소액수의계약 견적제출 공고
"물품(분석저울 5대) 구매 입찰(비임상자원연구과, 첨가물포장과, 혈액제제검정과, 화장품연구과)",물품 구매 입찰
"물품(분석저울 5대) 구매 입찰(의약품연구과, 비임상자원연구과)",물품 구매 입찰
물품(액체크로마토그래프 질량분석기) 구매 요청(백신검정과),물품 구매 요청
물품(야생동물 주요 감염병 분석용 시약 및 소모품) 구매,물품(야생동물 주요 감염병 분석용 시약 · 소모품)
"물품(왕복식진탕기 등 3대) 구매 소액수의계약 견적제출 공고(잔류물질과, 첨단바이오융복합연구과)",물품 구매 소액수의계약 견적제출 공고
물품(의료용분리방식임상화학자동분석장치) 구매 입찰(독성연구과),물품 구매 입찰
"물품(초순수제조장치 2대) 구매 입찰(첨가물포장과, 영양기능연구과)",물품 구매 입찰
물품(탁상형냉장원심분리기 2대) 구매 입찰(첨단바이오융복합연구과),물품 구매 입찰
"물품(탁상형냉장원심분리기 3대) 구매 입찰(생약연구과, 비임상자원연구과)",물품 구매 입찰
물품계약 소액수의 전자입찰 공고(벼 육묘이앙 자동화 단지 조성사업) ,물품계약 소액수의 전자입찰 공고
물품계약 전자입찰 공고[농기계 임대사업(노후농기계 대체)],노후농기계 대체
물품계약 전자입찰(긴급)(밭작물 정밀파종 및 시비기술 시범사업),밭작물 정밀파종 · 시비기술 시범사업
물품구매 소액수의 견적제출 안내 공고(소비트렌드 맞춤형 칼라수박단지 육성시범 포장박스 제작),소비트렌드 맞춤형 칼라수박단지 육성시범 포장박스 제작
물품구매 소액수의 견적제출 안내 공고[농기계임대사업소 임대장비(디스크 모아)구입},디스크 모아
"물품구매 소액수의 견적제출안내(국산밀 생산 지역특화 가공 활성화 시범, 휴립복토기, 민간입찰대행","국산밀 생산 지역특화 가공 활성화 시범, 휴립복토기"
물품구매 수의견적 제출안내 공고(논타작물 이모작 작부체계 안정생산 기술지원사업-민간입찰대행),논타작물 이모작 작부체계 안정생산 기술지원사업
물품구매 수의견적 제출안내공고(논타작물 이모작 작부체계 안정생산 기술지원사업-민간입찰대행),논타작물 이모작 작부체계 안정생산 기술지원사업
물품구매 수의견적 제출안내공고(논타작물 이모작 작부체계 안정생산 기술지원사업-민간입찰대행)(2차),논타작물 이모작 작부체계 안정생산 기술지원사업
물품구매 수의계약 견적제출 안내 공고[2025년 친환경 무농약 농산물 생산단지 조성사업 유기농업자재 구입],친환경 무농약 농산물 생산단지 조성사업 유기농업자재 구
물품구매 수의계약 견적제출 안내 공고[2025년 친환경 무농약쌀 생산단지 조성사업 제초용 우렁이 구입],친환경 무농약쌀 생산단지 조성사업 제초용 우렁이 구입
물품구매 수의계약 견적제출 안내공고[2025년 친환경 무농약 쌀 생산단지 조성사업 유기농업자재 구입],친환경 무농약 쌀 생산단지 조성사업 유기농업자재 구입
물품구매(수산시험연구 조사용 소모품 등 166종) 입찰공고,수산시험연구 조사용 소모품 등 166종
물품구매(제초용 우렁이) 입찰공고[(입찰대행)벼 직파재배 경영합리화 기술시범사업],제초용 우렁이
물품제작(RAS 통합제어시스템 모델 제작/첨단양식실증센터-821/이진환),RAS 통합제어시스템 모델 제작
물품제작(수산자원조사용 원격 어군 모니터링 시스템 시작품 제작),수산자원조사용 원격 어군 모니터링 시스템 시작품 제작
물품제작(스마트양식 수처리시스템 테스트모듈(생물여과) 제작,스마트양식 수처리시스템 테스트모듈 제작
물품제작(어군 탐지용 해저면 계류 물품 구매 및 제작/수산자원연구센터-679),어군 탐지용 해저면 계류 물품 구매 · 제작
물환경화학평가팀 시험분석용 소모품(필터 등 141종) 구매(입찰)퇴적물측정망,물환경화학평가팀 시험분석용 소모품 구매퇴적물측정망
물환경화학평가팀 시험분석용 시약(아세톤 등 98종) 구매(입찰)수질측정망,물환경화학평가팀 시험분석용 시약 구매수질측정망
미관리 수질오염물질 탐색체계 구축(2025) 연구용역(왜관센터),미관리 수질오염물질 탐색체계 구축
미국 국립문서기록관리청(NARA) 소장 한국관련자료 조사 수집 사업,미국 국립문서기록관리청 소장 한국관련자료 조사 수집 사
미국 농업정책 동향 분석 및 농업 재정지출 방식에 대한 연구,미국 농업정책 동향 분석 · 농업 재정지출 방식에 대한
미국 ｢비특혜 원산지｣ Advance Ruling 기준 연구,미국 ｢비특혜 원산지｣ Advance Ruling 기준
미디어커머스의 식품 및 의료제품 온라인 부당광고 실태 조사·연구,미디어커머스의 식품 · 의료제품 온라인 부당광고 실태
미래 과학치안 혁신기술 체계수립 및 하이브리드 위협 대응방안 연구,미래 과학치안 혁신기술 체계수립 · 하이브리드 위협 대
미래 대한민국 해운업과 한국선주상호보험조합의 역할 및 과제 연구,미래 대한민국 해운업과 한국선주상호보험조합의 역할
미래 산림기술자 육성을 위한 종합교육센터 건립 타당성조사,미래 산림기술자 육성을 위한 종합교육센터 건립 타당성조
미래기후변화를 고려한 국가온실가스감축시나리오(2035 NDC 등)에 따른 대기질 전망연구,미래기후변화를 고려한 국가온실가스감축시나리오에 따른 대
미래지향적 국가유산 기능수행체계 및 현장 관리체계 방안 마련 심화 연구 용역,미래지향적 국가유산 기능수행체계 · 현장 관리체계 방안
미래형 식물공장 및 스마트팜베드 구축공사(건축) 전자입찰 공고,미래형 식물공장 · 스마트팜베드 구축공사
미래형 식물공장 및 스마트팜베드 구축사업(전기공사) 견적제출 안내 공고,미래형 식물공장 · 스마트팜베드 구축사업
미생물 혼합조 포장 시스템 구입(미생물배양실 장비 현대화 관련),미생물 혼합조 포장 시스템 구입
미세먼지 및 오존 생성원인 파악을 위한 도심 상공 대기오염 원인물질 분포특성 파악(Ⅳ),미세먼지 · 오존 생성원인 파악을 위한 도심 상공 대기
미세먼지(PM2.5 등) 노출에 의한 중장기 건강영향평가(2025),미세먼지 노출에 의한 중장기 건강영향평가
미세먼지-건강영향평가를 위한 모델링 기반 노출특성 평가(2025),미세먼지-건강영향평가를 위한 모델링 기반 노출특성 평가
미세먼지-건강영향평가를 위한 환경보건 취약지역 모니터링(2025),미세먼지-건강영향평가를 위한 환경보건 취약지역 모니터링
미진단 희귀질환 진단기술 고도화를 위한 long-read 시퀀싱 데이터 생산(II),미진단 희귀질환 진단기술 고도화를 위한 long-rea
미호강 병천천1권역 하천기본계획 전략환경(기후변화)환경영향평가용역,미호강 병천천1권역 하천기본계획 전략환경환경영향평가
미호강 병천천2권역 하천기본계획 전략환경(기후변화)환경영향평가용역,미호강 병천천2권역 하천기본계획 전략환경환경영향평가
미호강 조천권역 하천기본계획 전략환경(기후변화)환경영향평가용역,미호강 조천권역 하천기본계획 전략환경환경영향평가
미호천 강외지구 등 3개소 하천정비사업 가연성폐기물처리용역,미호천 강외지구 등 3개소 하천정비사업 가연성폐기물처리
민·관 공동 도시개발사업 협약 적정성 검토체계 및 가이드라인 마련 연구,민·관 공동 도시개발사업 협약 적정성 검토체계 · 가이
민간공사 전자대금지급시스템-전자카드 연계제도 도입 및 운영방안,민간공사 전자대금지급시스템-전자카드 연계제도 도입
민간주도형 비점오염저감 실천사업 주민선호도 조사를 통한 개선 방안 마련,민간주도형 비점오염저감 실천사업 주민선호도 조사를 통한
민주화운동 구술 사료 수집 사업(1980년대 연합체의 탄생과 활동),민주화운동 구술 사료 수집 사업
민주화운동기념공원 전기안전관리대행용역 소액수의 견적서 제출 공고,민주화운동기념공원 전기안전관리대행 견적서 제출 공고
밀양 부북 오례-운전 국도건설공사 기본 및 실시설계 건설엔지니어링 ,밀양 부북 오례-운전 국도건설공사 기본 · 실시설계 건
밀양 삼랑진 삼람-삼랑 등 2건 재해영향평가 건설엔지니어링,밀양 삼랑진 삼람-삼랑 등 2건 재해영향평가 건설엔지니
밀양강 중도지구 하천환경정비사업 건설폐기물(가연성) 처리용역,밀양강 중도지구 하천환경정비사업 건설폐기물 처리
밀양구치소 수용자 자비구매 안경 등 소액수의 견적입찰 공고,밀양구치소 수용자 자비구매 안경 등 견적
밀양나노 국가산단진입도로 건설공사(소방공사) 재해예방 기술지도용역,밀양나노 국가산단진입도로 건설공사 재해예방 기술지도
밀양나노 국가산단진입도로 건설공사(통신공사) 재해예방 기술지도용역,밀양나노 국가산단진입도로 건설공사 재해예방 기술지도
바이러스 선천면역센서 탐색용 감염모델 개발 및 자원화를 통한 치료후보물질 발굴 및 평가,바이러스 선천면역센서 탐색용 감염모델 개발 · 자원화를
바이오매스 비율 산정을 위한 굴뚝배출가스 시료채취 및 자동 흑연화장치 개발 연구,바이오매스 비율 산정을 위한 굴뚝배출가스 시료채취
바이오빅데이터 활용 확산을 위한 보건의료연구정보 익명화 기술 최적화 연구,바이오빅데이터 활용 확산을 위한 보건의료연구정보 익명화
바이오차 및 천적 활용 시설재배지 온실가스 감축 기술 시범사업 토양개량제(바이오차) 구입 (민간입찰대행),바이오차 · 천적 활용 시설재배지 온실가스 감축 기술
바이오첨단농업복합단지 복합수경 재배단지 스마트농업용 지게차 구입,바이오첨단농업복합단지 복합수경 재배단지 스마트농업용 지
바코드 기반의 모바일 물품관리 효율성 개선방안 연구 용역,바코드 기반의 모바일 물품관리 효율성 개선방안 연구
반달가슴곰 공존문화 조성을 위한 충돌예방물품(목책기) 구매,반달가슴곰 공존문화 조성을 위한 충돌예방물품 구매
반달가슴곰 대규모 전장 유전체 및 전사체 유전자 정보 수집,반달가슴곰 대규모 전장 유전체 · 전사체 유전자 정보
반려동물 연관산업 지원을 위한 바이오리소스 및 대체시험법 R&DB 전략 수립,반려동물 연관산업 지원을 위한 바이오리소스 · 대체시험
반려동물 인프라 구축사업(동물보호센터 건립) 냉난방기 구입 설치,반려동물 인프라 구축사업 냉난방기 구입 설치
반려동물 인프라 구축사업(동물보호센터 건립) 자동제어설치공사(구입),반려동물 인프라 구축사업 자동제어설치공사
반려동물 헬스케어사업부지 기존 창고 철거 폐기물처리 용역,반려동물 헬스케어사업부지 기존 창고 철거 폐기물처리
발달장애 치료를 위한 디지털의료기기(디지털의료기기소프트웨어) 개발,발달장애 치료를 위한 디지털의료기기 개발
발전기 수리자재 예비품(INJECTOR) 구매(특수조건 필독),발전기 수리자재 예비품 구매
밥쌀용 고품질 신품종 확대 및 보급시범 가공 및 유통창고 신축 소액(수의) 견적 제출(입찰대행),밥쌀용 고품질 신품종 확대 · 보급시범 가공 · 유통창
방글라데시 친환경 항만개발 기본계획 수립 및 타당성 조사,방글라데시 친환경 항만개발 기본계획 수립 · 타당성 조
방사능 방재 및 해양 방사능 감시체계 최적화 방안 연구(수의시담),방사능 방재 · 해양 방사능 감시체계 최적화 방안 연구
방사능영향평가 및 구조부지평가 IT 인프라 통합 유지보수,방사능영향평가 · 구조부지평가 IT 인프라 통합 유지보
방사선안전관리 통합정보망 추가기능 개발 PMO 용역(2025년),방사선안전관리 통합정보망 추가기능 개발 PMO
방사선작업종사자 안전관리 제고 방안 수립을 위한 연구(수의시담),방사선작업종사자 안전관리 제고 방안 수립을 위한 연구
방송통신전파교란감시시스템 유지보수용역(2년 장기계속계약),방송통신전파교란감시시스템 유지보수
"방제18호정 NO.1,2 발전원동기 및 제너레이터 총분해수리","방제18호정 NO.1,2 발전원동기 · 제너레이터 총분"
밭농업 기계화 우수모델 육성사업 농기계 구입(파종기 및 피복기),밭농업 기계화 우수모델 육성사업 농기계 구입
밭농업 기계화 우수모델 육성사업 농기계(파종기 및 피복기) 구입,밭농업 기계화 우수모델 육성사업 농기계 구입
밭작물 스피드브리딩 추가설치 공사_관급자재(식물생장조절실),밭작물 스피드브리딩 추가설치 공사_관급자재
배출권거래제 온실가스 굴뚝연속자동측정기기 운영 개선을 위한 공정시험기준 고도화 연구,배출권거래제 온실가스 굴뚝연속자동측정기기 운영 개선을
배출원별 부지경계 오염물질 저비용 모니터링 방법 개발(I) 용역,배출원별 부지경계 오염물질 저비용 모니터링 방법 개발
배출저감 지역협의체 실태조사 및 지원방안 마련(새로운 공고),배출저감 지역협의체 실태조사 · 지원방안 마련
백담계곡탐방로(은선도~청룡담) 조성사업 건설사업관리 용역,백담계곡탐방로 조성사업 건설사업관리
백령면 농기계임대사업소 유지보수 및 교육장 설치 전기 공사,백령면 농기계임대사업소 유지보수 · 교육장 설치 전기
백령면 유용미생물배양실 배양시설 오버홀 및 업그레이드 공사,백령면 유용미생물배양실 배양시설 오버홀 · 업그레이드
백운산 농촌테마공원 조성사업 철거공사 폐기물처리 용역(2차),백운산 농촌테마공원 조성사업 철거공사 폐기물처리
백운산 농촌테마공원(근린공원) 조성공사 GIS-DB 구축용역,백운산 농촌테마공원 조성공사 GIS-DB 구축
버섯 액체배양 균체 확보 및 배양액 추출물 제작(2025년),버섯 액체배양 균체 확보 · 배양액 추출물 제작
벌교-주암(3-1공구) 도로확장공사 폐기물(폐아스콘) 위탁처리용역,벌교-주암 도로확장공사 폐기물 위탁처리
벌교-주암(3-2공구) 도로확장공사 및 곡성 석곡IC-겸면(2공구) 도로시설개량공사 편입 무연분묘 개장용역,벌교-주암 도로확장공사 · 곡성 석곡IC-겸면 도로시설
"벌채목을 활용한 기후대별 유인생물(곤충, 버섯 등) 모니터링1",벌채목을 활용한 기후대별 유인생물 모니터링1
법과학분석과 일선 청 노후 영상녹화장비 교체(화상분석시스템),법과학분석과 일선 청 노후 영상녹화장비 교체
법무부 기록관 시스템(법무행정기록시스템) 구축 3차 감리 사업,법무부 기록관 시스템 구축 3차 감리 사업
법무부 기록관 시스템(법무행정기록정보시스템) 구축 3차 ,법무부 기록관 시스템 구축 3차
"법무부 외국인보호위원회 임차청사 인테리어 공사(건축,기계) 입찰공고(수정)",법무부 외국인보호위원회 임차청사 인테리어 공사
"법제분야 ODA 사업의 확장, 다양화 전략 및 업무추진 재설계 방안 연구","법제분야 ODA 사업의 확장, 다양화 전략 · 업무추진"
법화학 감정 장비 구매(시료 전처리 시스템)_(제한/규가동),법화학 감정 장비 구매_
베트남 ODA사업(재난안전분야) 사전타당성 조사 연구용역,베트남 ODA사업 사전타당성 조사
벼 육묘이앙 자동화 단지 조성 시범사업 농기계 구입(민간입찰대행),벼 육묘이앙 자동화 단지 조성 시범사업 농기계 구입
벼 육묘이앙 자동화 단지 조성 시범사업 비료 및 농약 구입(민간입찰대행),벼 육묘이앙 자동화 단지 조성 시범사업 비료 · 농약
"벼 육묘이양 자동화단지 조성사업 농기계 구매(이앙기,볍씨파종기)(민간입찰대행)",벼 육묘이양 자동화단지 조성사업 농기계 구매
벼 직파재배 경영합리화 기술시범사업 영농자재(제초제) 구입,벼 직파재배 경영합리화 기술시범사업 영농자재 구입
"벼 직파재배 경영합리화 기술시범사업 영농자재(철분, 소석고) 구입 ",벼 직파재배 경영합리화 기술시범사업 영농자재 구입
벼 직파재배 확대 기술지원 사업 농업기계(무인비행기) 구입(입찰대행),벼 직파재배 확대 기술지원 사업 농업기계 구입
벼신품종 조기확산 및 브랜드육성 재배단지 조성시범(이앙기) 수의견적 공고(민간입찰대행),벼신품종 조기확산 · 브랜드육성 재배단지 조성시범 공고
변산반도 내소사 화장실 신축공사 장애물 없는 생활환경(BF) 예비인증 용역,변산반도 내소사 화장실 신축공사 장애물 없는 생활환경
변산반도국립공원 고사포야영장 내 체류인프라(카라반) 정비,변산반도국립공원 고사포야영장 내 체류인프라 정비
변이바이러스 기반 코로나19 mRNA 백신 임상시험 효능평가 시험법 다기관 검증,변이바이러스 기반 코로나19 mRNA 백신 임상시험 효
병원급 의료기관 간병서비스 실태조사 및 제도화 방안 연구,병원급 의료기관 간병서비스 실태조사 · 제도화 방안 연
병해충 드론 공동방제단 육성지원사업 드론 구입 (민간보조사업 입찰대행),병해충 드론 공동방제단 육성지원사업 드론 구입
병해충 영상진단 효율화를 위한 사용자 편의성 개선 연구용역,병해충 영상진단 효율화를 위한 사용자 편의성 개선
보건복지 분야 성희롱·성폭력 방지를 위한 유관기관 협업 방안 연구,보건복지 분야 성희롱·성폭력 방지를 위한 유관기관 협업
보건복지상담센터 상담전화(129. 109) 통신사업자 선정,보건복지상담센터 상담전화 통신사업자 선정
보건의료 데이터·인공지능 활용전략 및 실행계획 수립을 위한 기초 연구,보건의료 데이터·인공지능 활용전략 · 실행계획 수립을
보령·홍성 대기오염 측정 및 성분 분석시스템 위탁점점 관리 용역,보령·홍성 대기오염 측정 · 성분 분석시스템 위탁점점
"보령권역 국도(21,36,40,77호선)  도로제설 및 결빙제거작업",보령권역 국도 도로제설 · 결빙제거작업
보령해경구조대 구조정(KCG R-17) No.3 선외기 불량부품 교체수리 계약의뢰,보령해경구조대 구조정 No.3 선외기 불량부품 교체수리
보령해양경찰서 구조대보트 NO.1 선외기엔진 총분해수리 용역,보령해양경찰서 구조대보트 NO.1 선외기엔진 총분해수리
보성출장소 국도유지관리 시 발생폐기물(폐합성수지)처리용역,보성출장소 국도유지관리 시 발생폐기물처리
보안강화를 위한 검찰 네트워크 분리 10차 및 통합배선반 사업,보안강화를 위한 검찰 네트워크 분리 10차 · 통합배선
보안강화를 위한 검찰네트워크 분리 10차 사업 감리기술용역,보안강화를 위한 검찰네트워크 분리 10차 사업 감리기술
보은국토 관내 남부1권역 도로포장 보수공사 폐기물처리용역,보은국토 관내 남부1권역 도로포장 보수공사 폐기물처리
보은국토 관내 남부2권역 도로포장 보수공사 폐기물처리용역,보은국토 관내 남부2권역 도로포장 보수공사 폐기물처리
보은국토 관내 남부권역 옹벽 및 절토사면 배수로 정비용역,보은국토 관내 남부권역 옹벽 · 절토사면 배수로 정비
보은국토 관내 북부권역 옹벽 및 절토사면 배수로 정비용역,보은국토 관내 북부권역 옹벽 · 절토사면 배수로 정비
보은국토 관내 중부1권역 도로포장 보수공사 페기물처리용역,보은국토 관내 중부1권역 도로포장 보수공사 페기물처리
보은국토 관내 중부2권역 도로포장 보수공사 폐기물처리용역,보은국토 관내 중부2권역 도로포장 보수공사 폐기물처리
"보은국토 제설대기소(진천 교성, 청주 금암, 옥천 지오) 신축공사",보은국토 제설대기소 신축공사
보존 가치가 큰 소나무류 산림지역에 대한 재선충병 관리계획 마련,보존 가치가 큰 소나무류 산림지역에 대한 재선충병 관리
보호외국인 급식용 식자재(공산품) 납품 계약 조달 입찰 공고,보호외국인 급식용 식자재 납품 계약 조달
보호외국인 급식용 식자재(김치류) 납품 계약 조달 입찰 공고,보호외국인 급식용 식자재 납품 계약 조달
보호외국인 급식용 식자재(농/수산물) 납품 계약 조달 입찰 공고,보호외국인 급식용 식자재 납품 계약 조달
보호외국인 급식용 식자재(빵류) 납품 계약 조달 입찰 공고,보호외국인 급식용 식자재 납품 계약 조달
보호외국인 급식용 식자재(축산품) 납품 계약 조달 입찰 공고,보호외국인 급식용 식자재 납품 계약 조달
보훈대상자 지원제도 분석을 통한 보훈체계 내실화 연구 용역,보훈대상자 지원제도 분석을 통한 보훈체계 내실화 연구
"보훈문무관 철거 및 둘레길 등 안전, 보안강화공사 건설폐기물 처리용역","보훈문무관 철거 · 둘레길 등 안전, 보안강화공사 건설"
보훈문화유산 유네스코 세계기록유산 등재를 위한 전략수립 연구 용역,보훈문화유산 유네스코 세계기록유산 등재를 위한 전략수립
보훈지청 도서벽지(남해군) 국가유공자등의 재가복지서비스 위탁 용역 계약,보훈지청 도서벽지 국가유공자등의 재가복지서비스 위탁 계
복합 해양환경재난 대응을 위한 차세대 방제체계 구축 연구용역,복합 해양환경재난 대응을 위한 차세대 방제체계 구축
"복합위기 시대, 사회적 대화 의제 및 과제 국민 인식조사 용역 입찰","복합위기 시대, 사회적 대화 의제 · 과제 국민 인식조"
본관동 원무2부 공간 재배치 시설공사(건축) 소액수의 견적공고,본관동 원무2부 공간 재배치 시설공사 견적공고
본관동 인터벤션실 설치 관련 시설재배치공사 관급자재(가스소화설비 HFC-23) 제작·설치,본관동 인터벤션실 설치 관련 시설재배치공사 관급자재 제
봉화군 구시장 주차타워 외 1건 감독권한대행 등 통합건설사업관리용역(PQ 후 가격입찰),봉화군 구시장 주차타워 외 1건 감독권한대행 등 통합건
"봉화군 농어촌취약지역 생활여건개조사업 세부설계 용역(도촌1리, 분천2리)",봉화군 농어촌취약지역 생활여건개조사업 세부설계
봉화군 농촌공간 재구조화 및 재생 기본시행계획 수립 용역,봉화군 농촌공간 재구조화 · 재생 기본시행계획 수립
봉화군 농촌신활력플러스사업 키움공동체 활성화사업 운영용역(민간입찰대행),봉화군 농촌신활력플러스사업 키움공동체 활성화사업 운영
부곡 친환경농업단지 친환경농자재(토양개량 및 작물생육용)구입(민간대행),부곡 친환경농업단지 친환경농자재구입
부곡생태농업단지 친환경농자재(병해충관리용) 구입(민간대행),부곡생태농업단지 친환경농자재 구입
부남방조제역 하천기본계획 전략환경(기후변화)환경영향평가용역,부남방조제역 하천기본계획 전략환경환경영향평가
부당이득 환수금 징수율 제고를 위한 미수채권 관리강화 방안 연구 용역,부당이득 환수금 징수율 제고를 위한 미수채권 관리강화
부동산 PF 제도 선진화를 위한 부동산개발업 제도 개선 방안 연구,부동산 PF 제도 선진화를 위한 부동산개발업 제도 개선
부동산개발사업 관리 등에 관한 법률 하위법령 제정에 관한 연구,부동산개발사업 관리 등에 관한 법률 하위법령 제정에 관
부동산개발사업 통합관리시스템 구축을 위한 정보화전략계획(ISP) 수립 용역,부동산개발사업 통합관리시스템 구축을 위한 정보화전략계획
부론면 정산3리 마을만들기(자율개발) 마을회관 리모델링 공사(기계),부론면 정산3리 마을만들기 마을회관 리모델링 공사
부론면 정산3리 마을만들기(자율개발) 마을회관 리모델링 공사(전기),부론면 정산3리 마을만들기 마을회관 리모델링 공사
부산 감천항 3부두 2단계 확장구역 영상감시시스템 설치 공사,부산 감천항 3부두 2단계 확장구역 영상감시시스템 설치
부산~양산~울산 광역철도 건설사업 타당성평가 및 기본계획,부산~양산~울산 광역철도 건설사업 타당성평가 · 기본계
부산강서우체국(지역1) 아파트전담 소포우편물 위탁배달 용역,부산강서우체국 아파트전담 소포우편물 위탁배달
부산강서우체국(지역2) 아파트전담 소포우편물 위탁배달 용역,부산강서우체국 아파트전담 소포우편물 위탁배달
"부산교도소 1,2수용동 옥상방수공사 소액수의 견적제출 공고","부산교도소 1,2수용동 옥상방수공사 견적제출 공고"
부산교도소 2026년도 수용자 자비구매물품[과일류 7종] 입찰 공고,부산교도소 수용자 자비구매물품
부산교도소 군수품 CNC 작업장 주재료(환봉 등 20종) 입찰,부산교도소 군수품 CNC 작업장 주재료
부산교도소 급식용 공산품(가래떡 등 216종) 구매 2단계(규격가격동시) 입찰공고,부산교도소 급식용 공산품 구매 2단계
"부산교도소 급식용 공산품(가래떡 등 222종) 구매 2단계(규격,가격동시) 입찰 공고",부산교도소 급식용 공산품 구매 2단계
부산교도소 급식용 김치류(배추김치 등 9종) 구매 입찰 공고,부산교도소 급식용 김치류 구매
부산교도소 급식용 농산물 구매 2단계(규격·가격 동시) 입찰 공고,부산교도소 급식용 농산물 구매 2단계
부산교도소 급식용 농산물(감자 등 78종) 구매 2단계(규격·가격 동시) 입찰 공고,부산교도소 급식용 농산물 구매 2단계
부산교도소 급식용 수산물 구매 2단계[규격가격동시] 입찰공고,부산교도소 급식용 수산물 구매 2단계
"부산교도소 급식용 수산물(가자미 등 53종) 구매 2단계(규격,가격 동시) 입찰 공고",부산교도소 급식용 수산물 구매 2단계
"부산교도소 급식용 우유류(우유 등 12종) 구매 2단계[규격,가격동시] 입찰공고",부산교도소 급식용 우유류 구매 2단계
부산교도소 급식용 절임류(간장고추지 등 20종) 구매 2단계[규격․가격 동시] 입찰 공고,부산교도소 급식용 절임류 구매 2단계
부산교도소 급식용 축산물 구매 2단계[규격가격동시] 입찰공고,부산교도소 급식용 축산물 구매 2단계
"부산교도소 급식용 축산물(돼지고기 등 34종) 구매 2단계(규격,가격 동시) 입찰 공고",부산교도소 급식용 축산물 구매 2단계
"부산교도소 수용자 자비구매 안경(렌즈,안경테) 소액수의 견적서 제출공고",부산교도소 수용자 자비구매 안경 견적서 제출공고
부산교도소 음식물쓰레기 위탁처리용역 단가계약 소액수의 견적 제출 공고,부산교도소 음식물쓰레기 위탁처리 단가계약 견적 제출 공
부산교도소 직원 급식용 일반미 구매(소액수의) 견적 제출 입찰공고,부산교도소 직원 급식용 일반미 구매 견적 제출
부산구치소 2025년도 하반기 수용자 자비구매물품(과일류 6종) 구매 단가계약,부산구치소 하반기 수용자 자비구매물품 구매 단가계약
부산구치소 2026년도 상반기 수용자 자비구매물품(과일류 6종) 입찰,부산구치소 상반기 수용자 자비구매물품
부산구치소 급식용 김치류(배추김치 등 13종) 구매 단가계약,부산구치소 급식용 김치류 구매 단가계약
부산구치소 급식용 부식물(닭고기 등 39종) 구매 단가계약,부산구치소 급식용 부식물 구매 단가계약
부산구치소 급식용 부식물(배추김치 등 13종) 구매 단가계약,부산구치소 급식용 부식물 구매 단가계약
부산구치소 급식용 부식물(콩나물 등 3종) 구매 단가계약,부산구치소 급식용 부식물 구매 단가계약
부산구치소 급식용 수산물(가자미 등 70종) 구매 2단계 단가계약,부산구치소 급식용 수산물 구매 2단계 단가계약
부산구치소 급식용 수산물(가자미 등 76종) 구매 2단계 단가계약,부산구치소 급식용 수산물 구매 2단계 단가계약
"부산구치소 급식용 절임류 구매 2단계(가격, 규격 동시) 단가 계약",부산구치소 급식용 절임류 구매 2단계 단가 계약
부산구치소 급식용 축산물(닭고기 등 39종) 구매 단가계약,부산구치소 급식용 축산물 구매 단가계약
부산구치소 보안과 직원목욕실 이전 설치공사[건축분야] 소액수의 견적서 제출 안내 공고,부산구치소 보안과 직원목욕실 이전 설치공사 견적서 공고
부산구치소 보안과 직원목욕실 이전 설치공사[기계분야] 소액수의 견적서 제출 안내 공고,부산구치소 보안과 직원목욕실 이전 설치공사 견적서 공고
부산구치소 수용자 소모품(고무신 등 104종) 구매 2단계(규격/가격 동시),부산구치소 수용자 소모품 구매 2단계
부산구치소 수용자 자비 구매(안경테 등) 견적입찰 소액수의계약,부산구치소 수용자 자비 구매 견적 계약
부산기계공고 기계시스템과 용접실습실 환기설비공사 소액수의(견적) 공고,부산기계공고 기계시스템과 용접실습실 환기설비공사 공고
부산기계공고 동아리관 1층 용접실습실 전기설비공사 소액수의(견적) 공고,부산기계공고 동아리관 1층 용접실습실 전기설비공사 공고
부산기계공고 동아리관 1층 전기용접실습실 조성공사 소액수의(견적) 공고,부산기계공고 동아리관 1층 전기용접실습실 조성공사 공고
부산기계공고 무한상상관 옥상 방수 및 기타 보수공사 소액수의(견적) 공고,부산기계공고 무한상상관 옥상 방수 · 기타 보수공사 공
부산기계공고 전기공사실습실 증설공사 소액수의(견적) 공고,부산기계공고 전기공사실습실 증설공사 공고
부산보훈병원 다중핵산검출전동화장비 무상임대 조건부 검사시약 구입,부산보훈병원 다중핵산검출전동화장비 무상임대 조건부 검사
부산보훈병원 자동미생물동정기 무상임대 조건부 검사시약 구입,부산보훈병원 자동미생물동정기 무상임대 조건부 검사시약
부산보훈병원 자동미생물동정시스템 무상임대 조건부 검사시약 구입,부산보훈병원 자동미생물동정시스템 무상임대 조건부 검사시
부산보훈병원 자체의약품(166종) 연간 단가계약(긴급) 1군,부산보훈병원 자체의약품 연간 단가계약 1군
부산보훈병원 자체의약품(166종) 연간 단가계약(긴급) 2군 - 수의시담,부산보훈병원 자체의약품 연간 단가계약 2군 - 수의시담
부산보훈병원 자체의약품(166종) 연간 단가계약(긴급) 2군-고시금액미만,부산보훈병원 자체의약품 연간 단가계약 2군-고시금액미만
부산보훈병원 자체의약품(166종) 연간 단가계약(긴급) 2차 - 2군 고시금액미만,부산보훈병원 자체의약품 연간 단가계약 2차 - 2군 고
부산보훈병원 자체의약품(166종) 연간 단가계약(긴급) 2차 - 3군 고시금액미만,부산보훈병원 자체의약품 단가계약
부산보훈병원 자체의약품(166종) 연간 단가계약(긴급) 3군-고시금액미만,부산보훈병원 자체의약품 단가계약
부산북부경찰서어린이집 2025년 식자재 납품업체 선정 입찰공고,부산북부경찰서어린이집 식자재 납품
부산사상경찰서 가스열펌프(GHP) 배출가스 저감장치 구매 설치,부산사상경찰서 GHP 배출가스 저감장치
부산사상우체국 건립공사 안전관리계획서 검토 및 정기안전점검 수행기관 지정 공고,부산사상우체국 안전점검 수행기관 지정
부산세관 관세박물관 건립 기본 및 실시 설계용역 설계공모(제안공모),부산세관 관세박물관 설계공모
부산세관 청사 리모델링 사업 관급자재(자동제어설비) 구매,부산세관 청사 리모델링 자동제어설비
부산세관 청사 리모델링 사업 관급자재(폐쇄형배전반) 구매 설치,부산세관 청사 리모델링 폐쇄형배전반
"부산지방보훈청, 부산광역시 국가유공자등의 재가복지서비스 위탁 용역",부산보훈청 국가유공자 재가복지 위탁
부산표지소 전방향전술항행표지시설(VORTAC) 장비 구매설치 사업,부산표지소 전방향전술항행표지시설 구매
부산항 북항 1단계 재개발사업 총사업비 정산 및 사후관리방안 연구용역,부산항 북항 1단계 재개발 총사업비 정산
부산항 신항 남컨 서측(피더.잡화)부두 민간투자사업 제안서 검토 등 위탁연구 ,부산항 신항 남컨 서측부두 제안서 검토
부산항 진해신항 남측 방파호안((1단계 1공구) 축조공사 건설사업관리용역,진해신항 남측 방파호안 1공구 건설관리
부산항 진해신항 남측 방파호안(1단계 2공구) 축조공사(3차) 폐콘크리트 처리용역,진해신항 남측 방파호안 폐콘크리트 처리
부산항 진해신항 제작장 조성공사 폐기물(폐콘크리트) 처리용역,진해신항 제작장 조성 폐콘크리트 처리
부산항 진해신항 준설토투기장(3구역) 호안(2공구) 축조공사,진해신항 준설토투기장 호안 축조공사
부산항 진해신항 준설토투기장(3구역) 호안(2공구) 축조공사 건설폐기물(폐콘크리트) 처리용역,진해신항 준설토투기장 호안 폐콘 처리
부산항 진해신항(1단계) 준설공사 실시설계 건설사업관리(설계VE포함)용역 ,진해신항 준설공사 실시설계 건설관리
부산항 해경소형선부두 축조공사 관급자재(고로슬래그 시멘트) 구매 요청,부산항 해경소형선부두 고로슬래그시멘트
"부산항VTS 업무용 차량 임차(장기, 카탈로그) 수의시담",부산항VTS 업무용 차량 임차
부산항과 가덕도신공항 간 통합 물류체계 구축방안 연구용역,부산항·가덕도신공항 통합 물류체계 연구
부산해양경찰서 광안리파출소 연안구조정 양현 주기관 총분해수리,광안리파출소 구조정 주기관 총분해수리
"부석사권역 휴게음식점(창고) 및 화장실 리모델링 및 증축공사(건축, 설비)",부석사 휴게음식점·화장실 리모델링 증축
부안경찰서 증축 및 환경개선공사 관급자재(탄소난방) 조달구매 설치,부안경찰서 증축 탄소난방 조달구매
부안군농업기술센터 농기계교육 실습 및 보관시설 구축공사 수의견적 제출 변경공고,부안 농기계교육 실습·보관시설 구축
부안군농업기술센터 새기술실증시범농장 배수로 정비 및 시설물 설치공사 수의견적 공고,부안 실증시범농장 배수로·시설물 설치
부안해양경찰서 비상대기소 신축공사 건설사업관리용역(건축),부안해경 비상대기소 신축 건설관리
부안해양경찰서 해경구조대 수중탐색장비(사이드스캔소나) 구매,부안해경 수중탐색장비 사이드스캔소나
부여 관북리 유적(16차) 출토 유물 3D 프린팅 복원 용역,부여 관북리유적 출토유물 3D 복원
부여 관북리유적 16차 발굴조사 출토 목재 산소동위원소 연대 분석 연구 용역,부여 관북리유적 목재 산소동위원소 연대
부여 관북리유적 17차 발굴조사 출토유물 전자도면 작성 용역,부여 관북리유적 출토유물 전자도면 작성
부여 관북리유적 일대 선행 발굴유구 3차원 기록화 연구(2차),부여 관북리유적 발굴유구 3차원 기록화
부여 관북리유적 출토 목간 유물 전문가 적외선 사진 촬영 용역,부여 관북리유적 목간 적외선 사진 촬영
부여 관북리유적(18차) 유구분포조사를 위한 산지일시이용허가 용역,부여 관북리유적 산지일시이용허가
부여 부소산성 17차  학술발굴조사 유구 복토용 물품 구입,부여 부소산성 발굴조사 복토용 물품
"부여 왕릉원 3,4호분 발굴보고서 수록 방사성탄소연대 측정 용역",부여 왕릉원 방사성탄소연대 측정
부여 왕흥사지 형상 기록화 및 3D Modeling 구축,부여 왕흥사지 형상 기록화·3D 모델링
부천우편집중국 방음시설공사 건설재해예방기술지도용역(건설분야),부천우편집중국 방음시설 재해예방기술지도
북상면 기초생활거점 2단계 기본 및 시행계획 수립 및  지역역량강화 용역,북상면 기초생활거점 2단계 계획 수립
북한강 강촌지구 배수영향구간 정비사업 소규모환경영향평가 용역(1차),북한강 강촌지구 정비 소규모환경영향평가
북한강 지촌지구 하천환경정비사업(3차) 목재데크(데크로드),북한강 지촌지구 하천정비 목재데크
북한법령 데이터화 및 검색서비스 개발 용역 단일응찰 후 수의시담 공고,북한법령 데이터화·검색서비스 개발
북한산 나눔터(舊 탐방안내소) CCTV(내부) 구매·설치,북한산 나눔터 내부 CCTV 구매·설치
북한산 나눔터(舊탐방안내소) 내부 홍보·안내시설 설치 공사,북한산 나눔터 내부 홍보·안내시설 설치
북한산 도심형 탐방로 재해위험지구(태고사 일원) 정비 공사,북한산 도심형 탐방로 재해위험지구 정비
북한산 도심형 탐방로(범골약수터·백운대피소) 차단시설 설치 공사,북한산 도심형 탐방로 차단시설 설치
북한산 문화유산지구(심곡암 일원) 데크설치공사 실시설계용역,북한산 문화유산지구 데크설치 실시설계
북한산 삼천지구 정비사업 지장물 석면해체·제거공사(2차),북한산 삼천지구 정비 석면해체·제거
북한산 탐방안내소 별관 리모델링공사 및 舊청수장 정비공사(건축) 감리용역,북한산 탐방안내소 별관 리모델링 건축감리
북한산 탐방안내소 별관 리모델링공사 및 舊청수장 정비공사(전기) 감리용역,북한산 탐방안내소 별관 리모델링 전기감리
북한산국립공원 고지대 무방류 순환 수세식 화장실 기초공사,북한산 고지대 무방류 화장실 기초공사
북한산국립공원 고지대 무방류 순환 수세식 화장실 설치공사,북한산 고지대 무방류 화장실 설치공사
북한산국립공원 내 미사용시설 철거 및 복원 중장기 추진계획 수립 용역,북한산 미사용시설 철거·복원 계획 수립
북한산국립공원 내 미사용시설 철거 및 복원사업 실시설계 용역,북한산 미사용시설 철거·복원 실시설계
북한산국립공원 문화유산지구(삼천사화장실) 정비공사 실시설계용역,북한산 삼천사화장실 정비 실시설계
북한산국립공원 자생식물원 탄소흡수 및 저장량 산정 연구 용역,북한산 자생식물원 탄소흡수량 산정 연구
북한산국립공원 탐방안내소 신축사업 장애물 없는 생활환경(BF) 인증 용역,북한산 탐방안내소 신축 BF 인증
북한산국립공원 특별보호구역(우이령길) 샛길출입 통제시설 설치공사,북한산 우이령길 샛길출입 통제시설 설치
북한산국립공원 훼손지 복원사업지 노후 통제시설불 보수자재 구매·설치,북한산 훼손지 통제시설 보수자재 구매
북한이탈주민 인식개선 및 남북한 주민통합을 위한 정책사업 발굴,북한이탈주민 인식개선 정책사업 발굴
분석장비 외자구매(액체크로마토그래피_High Performance Liquid Chromatography),분석장비 외자구매 액체크로마토그래피
분석장비 외자구매(엑스선 형광분석기_X-ray Fluoroscence Spectrometer),분석장비 외자구매 엑스선 형광분석기
분석장비 외자구매(엑스선 회절분석기_X-ray Diffractometer),분석장비 외자구매 엑스선 회절분석기
분석장비 외자구매(전위차적정기_Automatic Potentiometric Titrators),분석장비 외자구매 전위차적정기
분석장비 외자구매(지방추출기_Automated Soxhlet Extractor),분석장비 외자구매 지방추출기
분석장비 외자구매(휴대용 엑스선 형광분석기_Handheld XRF),분석장비 외자구매 휴대용 엑스선 형광분석기
불합리한 관행 등 개선을 위한 조직문화 진단도구 표준안 개발,조직문화 진단도구 표준안 개발
불합리한 기술규제 개선을 통한 25년도 기술규제 전주기 합리화,기술규제 전주기 합리화
블록체인 기반 모바일 전자어업허가증 정보화전략계획(ISP),모바일 전자어업허가증 ISP
비상대비 비밀문서 정부 직접발간체계 도입 운영 방안 마련 용역,비상대비 비밀문서 정부 직접발간체계 연구
비점오염원관리지역 모니터링 및 관리 개선 연구(2025),비점오염원관리지역 모니터링·관리 연구
비축물자 2025년도 화물자동차 운송용역(연간단가) 계약,비축물자 화물자동차 운송용역
빅데이터 플랫폼 운영 고도화 및 관세조사 분야 신기술 도입 방안 연구,빅데이터 플랫폼 고도화·관세조사 신기술
사과 기계화 재배체계 구축을 위한 장비 구입(과수용 적화기 외 4종),사과 기계화 재배 장비 구입
사등-장평 국도건설공사 실시설계(보완) 건설엔지니어링 교통영향평가용역,사등-장평 국도 실시설계 교통영향평가
사등-장평 국도건설공사 실시설계(보완) 건설엔지니어링 재해영향평가용역,사등-장평 국도 실시설계 재해영향평가
사등-장평 국도건설공사 실시설계(보완) 건설엔지니어링(1차),사등-장평 국도 실시설계 건설엔지니어링
"사료 중의 비타민(A, B6, D2, D3) 분석법 개선",사료 중 비타민 분석법 개선
"사료 중의 비타민(A, B6, D2, D3) 분석법 개선 연구",사료 중 비타민 분석법 개선 연구
사망자와 유족의 프라이버시 보호 및 디지털 유산에 관한 연구,사망자·유족 프라이버시·디지털유산 연구
사법-치료-재활 연계모델 운영(사법-치료-재활 연계 참여조건부 기소유예),사법-치료-재활 연계 기소유예 운영
사업장 대기배출정보 통합플랫폼 마련을 위한 표준화 정보 관리체계 구축(Ⅰ),대기배출정보 통합플랫폼 표준화 관리체계
사업장 부문 배출량 산정방법 개선 및 배출계수 현행화(Ⅵ),사업장 배출량 산정방법 개선·배출계수
사이버테러 대응 솔루션(Recon) 라이선스 갱신(1-라),사이버테러 대응 솔루션 라이선스 갱신
사천면 석교리 205-1 일원 농업생산기반정비공사 관급자재(전석),사천면 농업생산기반정비 관급자재 전석
사출물 외함 탄화형상에 따른 출화 추정기법 연구(고도화),사출물 외함 탄화형상 출화 추정기법 연구
사회변화에 대응하기 위한 축산물 안전관리 제도 개선방안 연구,축산물 안전관리 제도 개선방안 연구
사회복지 분야 법령 등 어려운 문장 정비를 위한 연구 용역,사회복지 법령 문장 정비 연구
사회적약자 보호 종합플랫폼 시스템 구축 개인정보영향평가 사업,사회적약자 보호 플랫폼 개인정보영향평가
산림 생태관광 운영사례와 지역경제에 미치는 영향 분석 연구,산림 생태관광 지역경제 영향 분석 연구
산림과 잇닿은 토지 건축신고 등에 대한 산림재난방지 검토 업무량 산정 ,산림 토지 건축신고 산림재난방지 업무량
산림보호구역 여건변화 분석 및 지정해제 심의기준 개선안 마련연구,산림보호구역 지정해제 심의기준 개선 연구
산림복원 전문인력 양성을 위한 교육 개발 및 기술자격제도 운영방안 연구,산림복원 전문인력 교육·자격제도 연구
산림복원에 대한 산림생물다양성 평가 국제표준인증 방안 연구,산림복원 생물다양성 국제표준인증 연구
산림복원용 소재식물 적응력 검증을 위한 임시 시드존 유전다양성 연구(3),산림복원 소재식물 시드존 유전다양성 연구
산림복원용 자생식물의 장거리 유전체를 이용(Pacbio Sequencing)한 참조 유전체 제작,산림복원 자생식물 참조 유전체 제작
산림복원지 사후 모니터링 기관 및 자생식물 공급센터 운영실적 평가체게 수립,산림복원지 모니터링·공급센터 평가체계
산림복원지 사후 모니터링 기관 및 자생식물 공급센터 운영실적 평가체계 수립,산림복원지 모니터링·공급센터 평가체계
산림분야 주요 논쟁 및 갈등 사례 분석을 통한 산림정책 개선방안 연구,산림분야 갈등사례 분석 산림정책 개선 연구
산림약용자원연구소 위탁연구용역1_바위수국 등 약용자원 2품목의 동물모델 기반 약리효능 3종 검정,산림약용자원 동물모델 약리효능 검정
산림용 스마트 양묘장 빅데이터 수집·분석 플랫폼 체계 구축(Ⅱ) ,산림용 스마트 양묘장 빅데이터 플랫폼 구축
"산림유전자원보호구역 금강소나무숲 보전을 위한 실태 분석 연구(1차년도,봉화군)",금강소나무숲 보전 실태 분석 연구
산림유전자원보호구역 식물분포 조사 및 관리효과성 평가 연구,산림유전자원보호구역 식물분포·관리 평가
산림유전자원보호구역 유형별 新지정 기준(안) 적용 연구(2),산림유전자원보호구역 新지정 기준 적용
산림자원 생산기반 재구축을 위한 채종원 발전방안 연구 용역,채종원 발전방안 연구
산림자원 생산기반 재구축을 위한 채종원 발전방안 연구용역,채종원 발전방안 연구
산림자원분야 재정 효율화를 위한 산림자원법 하위법령 개정 방안 연구,산림자원법 하위법령 개정 방안 연구
산림재난 대응을 위한 중고도 장기체공형 무인비행장치 도입,산림재난 대응 장기체공형 무인비행장치
산림휴양 통합플랫폼 온·오프라인 결제 서비스 대행사 선정,산림휴양 통합플랫폼 결제 서비스 대행사
산불진화인력 개인안전장비(방염안전모) 구입 제안서 제출 안내 및 입찰 공고,산불진화인력 방염안전모 구입
산불진화인력 개인안전장비(방염안전모) 구입 제안서 제출안내 및 입찰 공고,산불진화인력 방염안전모 구입
산불피해지 산악기상관측망 및 땅밀림 계측장비 긴급복구 사업,산불피해지 산악기상관측망 긴급복구
산사태(땅밀림) 피해 우려지 모니터링 체계 기초조사 및 시범구축 연구」,산사태 우려지 모니터링 체계 시범구축 연구
산업·사회구조변화 및 기술발전에 따른 법제 혁신 방안 연구 ,산업·사회구조변화 법제 혁신 방안 연구
산업단지 주변 어장환경 유해물질 조사 및 추적기술 개발 연구 I,산업단지 어장환경 유해물질 조사 연구
산업체 연계 지역특화 가공용 팥 원료곡 생산기반 조성사업 탈곡기 등 구입,가공용 팥 생산기반 조성 탈곡기 구입
산청 신안-생비량 국도건설공사 가연성 건설폐기물 처리용역(Ⅲ),산청 신안-생비량 국도 건설폐기물 처리
산청군먹거리통합지원센터 공공급식 식재료 배송차량 임차(리스) 용역,산청 공공급식 식재료 배송차량 임차
산촌생태마을 체험학습장(서면·사북면) 내진성능평가 용역 ,산촌생태마을 체험학습장 내진성능평가
산학연 연계 그린바이오 유망 신산업 육성  및 미래인재 양성 전략 연구용역,그린바이오 신산업 육성·인재양성 연구
살생물제 분류방법 시스템 구축 및 안전성평가시스템 고도화,살생물제 분류·안전성평가시스템 고도화
살생물제의 효과·효능 평가 기반 마련 및 고도화 연구 - 살균·진균 대상 보존제류,살생물제 효과·효능 평가 기반 연구
살생물제품 품질관리 기준 및  제품 재난 위기관리 방안 마련 연구,살생물제품 품질관리·재난 위기관리 연구
삼겹살 품질 검정을 위한 돼지 초음파 영상 측정방법 설정 연구용역,삼겹살 품질 검정 돼지 초음파 측정 연구
삼국시대 중앙과 지방 고인골 3차원 자료집성 및 활용연구(3차),삼국시대 고인골 3차원 자료집성 연구
삼산면 기초생활거점조성사업 부대시설 정비사업 견적 제출 공고,삼산면 기초생활거점 부대시설 정비
삼척경찰서어린이집 2025학년도 식자재 납품업체 선정 공고,삼척경찰서어린이집 식자재 납품
삼척경찰서어린이집 2026학년도 식자재 납품업체 선정 입찰 공고,삼척경찰서어린이집 식자재 납품
삼척항방사제등대 외 1개소 개량공사 기본 및 실시설계용역,삼척항방사제등대 개량 기본·실시설계
상가수리 대비 워터제트(HAMILTON) 부속 예비품(메인샤프트 등 9종) 구매(특수조건 필독),상가수리 워터제트 부속 예비품 구매
"상설전시실(제2, 3, 4전시실) 전시 영상기기 및 시스템 정비 용역 계약 요청",상설전시실 전시 영상기기·시스템 정비
상주 내서 신촌-서원 국도건설공사 기본 및 실시설계 건설엔지니어링 ,상주 신촌-서원 국도 기본·실시설계
상주 내서 신촌-서원 등 3건 건설사업관리(설계단계) 건설엔지니어링,상주 신촌-서원 등 건설관리 설계단계
"상주교도소 2025년 하반기 급식용 공산품 구매  2단계(규격, 가격 동시) 입찰 공고",상주교도소 급식용 공산품 구매
상주교도소 2025년 하반기 급식용 김치류 구매 입찰 공고,상주교도소 급식용 김치류 구매
"상주교도소 2025년 하반기 급식용 농산물 구매 2단계(규격,  가격 동시) 입찰 공고",상주교도소 급식용 농산물 구매
"상주교도소 2025년 하반기 급식용 수산물 구매 2단계(규격, 가격 동시) 입찰 공고",상주교도소 급식용 수산물 구매
"상주교도소 2025년 하반기 급식용 축산물 구매 2단계(규격, 가격 동시) 입찰 공고",상주교도소 급식용 축산물 구매
새로운 음성합성 기술과 화자 인식에 강인한 페이크보이스 탐지 기술 개발,페이크보이스 탐지 기술 개발
새로운 환경변화에 대응하기 위한 해외센터 효율화 방안 연구,해외센터 효율화 방안 연구
새만금 국가산단 공동 방류관로 건설 전기공사 건설사업관리 용역,새만금 국가산단 방류관로 전기 건설관리
새만금 국가산단 공동 방류관로 건설사업관리 용역(감독권한대행),새만금 국가산단 방류관로 건설관리
새만금 국가산업단지 공동 방류관로 건설사업 GIS DB구축 용역,새만금 국가산단 방류관로 GIS DB구축
새만금 국가산업단지 공동 방류관로 건설사업 건설폐기물 처리용역,새만금 국가산단 방류관로 건설폐기물 처리
새만금 국가산업단지 공동 방류관로 건설사업 전기공사(전기 및 계측제어),새만금 국가산단 방류관로 전기공사
새만금 스마트그린 국가시범산단 전력시설 1단계 구축공사(전력분야),새만금 국가시범산단 전력시설 전력공사
새만금 스마트그린 국가시범산단 전력시설 1단계 구축공사(토목분야),새만금 국가시범산단 전력시설 토목공사
새만금 스마트그린 국가시범산단 통합관제센터 건설사업관리 용역(감독권한대행),새만금 국가시범산단 통합관제센터 건설관리
"새만금 신항 진입도로 등 개설공사 폐기물(폐콘, 폐아스콘)처리용역",새만금 신항 진입도로 폐기물 처리
새만금 신항만 크루즈 관광산업 육성 및 유치를 위한 기본구상 용역,새만금 신항만 크루즈 관광산업 기본구상
새만금 아리울뱃길 조성사업 기본구상 및 타당성 조사 연구용역,새만금 아리울뱃길 기본구상·타당성 조사
새만금 이차전지 처리수 방류에 따른 어업생태계 영향범위 조사 용역,새만금 이차전지 처리수 어업생태계 영향
새만금 지역간 연결도로 1공구 건설사업관리(시공단계) 용역 집행공고,새만금 연결도로 1공구 건설관리 시공단계
새만금 지역간 연결도로 2공구 건설사업관리(시공단계) 용역 집행공고,새만금 연결도로 2공구 건설관리 시공단계
새만금 지역간 연결도로 3공구 건설사업관리(시공단계) 용역,새만금 연결도로 3공구 건설관리 시공단계
새만금 지역간연결도로 3공구 건설사업관리용역(시공단계)  집행계획 및 평가자료 제출 공고,새만금 연결도로 3공구 건설관리 시공단계
새만금개발청 5급 승진후보자 역량강화 교육 및 평가운영 용역,새만금개발청 5급 승진후보자 역량강화 교육
새만금사업지역 내 민간주도 개발사업의 공공성 확보방안 연구용역,새만금 민간개발 공공성 확보방안 연구
새만금산단 공동방류관로 건설사업 관급자재 구매(제수밸브),새만금산단 방류관로 관급자재 제수밸브
새만금산단 공동방류관로 건설사업 관급자재 구매(체크밸브),새만금산단 방류관로 관급자재 체크밸브
새만금산단 공동방류관로 건설사업 관급자재구매(유지보수 크레인 호이스트),새만금산단 방류관로 크레인 호이스트
새만금산단 공동방류관로 관급자재 구매(중계펌프 유출밸브-버터플라이),새만금산단 방류관로 유출밸브 버터플라이
새만금유역 농업비점오염관리를 위한 거버넌스 운영(3차년도) 용역,새만금유역 농업비점오염 거버넌스 운영
새만금유역 주민참여 농업비점오염 관리 및 체계적 관리방안 마련 연구용역,새만금유역 주민참여 농업비점오염 관리
새만금파출소 연안구조정 발전기 수리자재(Panda 10000i PMS 1종 1점) 구매,새만금파출소 구조정 발전기 수리자재
새만금파출소 연안구조정 발전기 수리자재(Panda 10000i PMS 1종 1점) 구매(입찰참가자격 및 특수조건 확인필수),새만금파출소 구조정 발전기 수리자재
새만금파출소 연안구조정 주기관 기자재(OVERHAUL KIT GASKET 등 57종 328점) 구매,새만금파출소 구조정 주기관 기자재 구매
새만금파출소 연안구조정 주기관 기자재(OVERHAUL KIT GASKET 등 57종 328점) 구매(입찰참가자격 및 특수조건 필수확인),새만금파출소 구조정 주기관 기자재 구매
생명-농림기상 평가모델 개발 및 산불사례별 진화 지원정보 연구,생명-농림기상 평가모델·산불 진화 연구
생물산업 지원 기반 구축을 위한 대량증식 연구(2025년),생물산업 대량증식 연구
생물성 연소에 의한 극미세먼지 및 가스상 전구물질 배출 특성 연구(Ⅱ),생물성 연소 극미세먼지·가스상 전구물질
"생물안전3등급 연구시설 서버,인버터유니트 교체 및 DDC전원 경보회로 구축",생물안전3등급 시설 서버·인버터 교체
생물자원 기술이전 기업을 위한 스케일업 지원사업 운영 대행,생물자원 기술이전 기업 스케일업 지원
생산해역에 대한 플랑크톤 및 패류독소 조사지점 선정 연구,생산해역 플랑크톤·패류독소 조사지점 선정
생체시료 중 합성마약 분석법 표준화(Ⅰ) - 합성대마 등 합성마약 모발분석법 개발 및 유효성 확인,생체시료 합성마약 모발분석법 개발
생체시료를 활용한 피해질환의 조기진단 방안마련 연구(III),생체시료 피해질환 조기진단 방안 연구
"생활부문(생물성 연소, 유기용제 사용) 배출량 산정방법 개선 연구(Ⅲ)",생활부문 배출량 산정방법 개선 연구
생활화학제품 내 유해화학물질 함량 확인 시험분석 검증 자료 생산,생활화학제품 유해화학물질 함량 시험분석
생활화학제품 및 살생물제품 피해사례 정보 수집체계 구축방안 연구,생활화학제품·살생물제품 피해정보 수집
서귀포 3003함 발전기관(CUMMINS KTA38DM1 ASS′Y) 구매(특수조건 필독),서귀포 3003함 발전기관 구매
서귀포 5002함 등 6척 MGPS(CU ANODE ASSY 등 26종 56점) 구매,서귀포 5002함 등 MGPS 구매
서귀포 5002함 스턴튜브 수리부속 구매(특수조건 필독),서귀포 5002함 스턴튜브 수리부속 구매
서귀포해양경찰서 1010함 자이로 콤파스 교체 수리 용역,서귀포해경 1010함 자이로 콤파스 교체
서대구우체국 소포우편물 아파트전담 위탁배달업체 용역 계약,서대구우체국 소포 아파트 위탁배달
서대문경찰서 청사 신축공사 감독권한대행 등 건설사업관리용역,서대문경찰서 청사 신축 건설관리
서망항 정비공사 기본 및 실시설계 경제성 검토(설계VE) 용역,서망항 정비 기본·실시설계 설계VE
서부정비창 신설사업 관급자재(전력제어 및 통합SI) 구매,서부정비창 신설 전력제어·통합SI 구매
서부정비창 운용장비(고압 스프레이 장비) 구매(특수조건 필독),서부정비창 고압 스프레이 장비 구매
"서부정비창 장비구매(장애인표준사업장, 장비보관용 렉 등 1식)",서부정비창 장비보관용 렉 구매
서북부경남 거점APC 딸기선별시스템 제작 및 설치(긴급),서북부경남 거점APC 딸기선별시스템 설치
서산 대산 독곶-대로 도로건설공사 건설사업관리(시공단계),서산 독곶-대로 도로건설 건설관리 시공
"서산권역 국도(29,32,38호선)  도로제설 및 결빙제거작업",서산권역 국도 도로제설·결빙제거
서산센터 이전 및 차고(대용량포) 신축사업 관급자재(냉난방기) 구매,서산센터 이전·차고 신축 냉난방기 구매
서산센터 이전 및 차고(대용량포) 신축사업 관급자재(설비 제로에너지 자동제어) 구매,서산센터 신축 설비 자동제어 구매
서산센터 이전 및 차고(대용량포) 신축사업 관급자재(전기-분전반/전동기제어반) 구매,서산센터 신축 전기 분전반·제어반 구매
서울강남경찰서 가스열펌프(GHP) 배기가스 저감장치 구매설치,서울강남경찰서 GHP 배기가스 저감장치
서울경찰청 2기동대 가스열펌프(GHP) 배출가스 저감장치 구매,서울경찰청 2기동대 GHP 배출가스 저감장치
"서울관악경찰서 직장어린이집 개원물품(교구,교재) 구매입찰 공고",서울관악경찰서 어린이집 개원물품 구매
서울광진경찰서 가스열펌프(GHP)배기가스 저감장치구매설치,서울광진경찰서 GHP 배기가스 저감장치
서울구로우체국 아파트전담 소포우편물 위탁배달용역(구로구지역),서울구로우체국 아파트 소포 위탁배달
서울구로우체국(금천구 지역) 아파트전담 소포우편물 위탁배달용역,서울구로우체국 아파트 소포 위탁배달
서울남부교도소  전자경비시스템 유지관리용역 소액수의 견적제출 공고,서울남부교도소 전자경비시스템 유지관리
"서울남부교도소 급식용 공산품구매 2단계 경쟁(규격,가격동시) 입찰 공고",서울남부교도소 급식용 공산품 구매
"서울남부교도소 급식용 농산물 구매 2단계경쟁(규격,가격동시) 입찰 공고",서울남부교도소 급식용 농산물 구매
"서울남부교도소 급식용 농산물구매 2단계경쟁(규격,가격동시) 입찰공고",서울남부교도소 급식용 농산물 구매
"서울남부교도소 급식용 수산물 구매 2단계 경쟁(규격,가격동시) 입찰 공고",서울남부교도소 급식용 수산물 구매
"서울남부교도소 급식용 수산물 구매 2단계(규격,가격동시) 입찰 공고",서울남부교도소 급식용 수산물 구매
"서울남부교도소 급식용 유제품구매 2단계경쟁(규격,가격동시) 입찰공고",서울남부교도소 급식용 유제품 구매
서울남부교도소 급식용 축산물 2단계 경쟁(규격가격동시) 입찰 공고,서울남부교도소 급식용 축산물 구매
"서울남부교도소 급식용 축산물 구매 2단계경쟁(규격,가격)동시 입찰공고",서울남부교도소 급식용 축산물 구매
"서울남부구치소 급식용 공산품 387종 구매2단계(규격,가격동시)입찰 공고",서울남부구치소 급식용 공산품 387종 구매
"서울남부구치소 급식용 공산품 413종 구매2단계(규격,가격동시)입찰 공고",서울남부구치소 급식용 공산품 413종 구매
"서울남부구치소 급식용 농산물 73종 구매2단계(규격,가격동시) 입찰공고",서울남부구치소 급식용 농산물 73종 구매
"서울남부구치소 급식용 농산물 80종 구매2단계(규격,가격동시) 입찰공고",서울남부구치소 급식용 농산물 80종 구매
"서울남부구치소 급식용 수산물 73종 구매 2단계(규격,가격동시) 입찰 공고",서울남부구치소 급식용 수산물 73종 구매
"서울남부구치소 급식용 수산물 78종 구매 2단계(규격,가격동시) 입찰 공고",서울남부구치소 급식용 수산물 78종 구매
"서울남부구치소 급식용 유제품류 5종 구매2단계(규격,가격동시)입찰 공고",서울남부구치소 급식용 유제품 5종 구매
"서울남부구치소 급식용 절임류 20종 구매2단계(규격,가격동시) 입찰 공고",서울남부구치소 급식용 절임류 20종 구매
"서울남부구치소 급식용 절임류20종 구매 2단계(규격,가격동시) 입찰 공고",서울남부구치소 급식용 절임류 20종 구매
"서울남부구치소 급식용 축산물 46종 구매2단계(규격,가격동시) 입찰 공고",서울남부구치소 급식용 축산물 46종 구매
"서울남부구치소 급식용 축산물47종 구매 2단계(규격,가격 동시) 입찰 공고",서울남부구치소 급식용 축산물 47종 구매
서울남부구치소 전자경비시스템 유지관리 용역 소액수의 견적제출 안내 공고(긴급),서울남부구치소 전자경비시스템 유지관리
서울남부구치소 직원 급식용 양곡 소액수의 견적제출 안내공고,서울남부구치소 직원 급식용 양곡 구매
서울대학교사범대학부설중학교 1학년 수련활동 위탁용역 2단계 입찰(규격.가격 동시입찰) 공고,서울사대부중 1학년 수련활동 위탁
서울대학교사범대학부설중학교 2026년 교복 제조.구매 단가계약 입찰공고,서울사대부중 교복 제조·구매 단가계약
서울대학교사범대학부설중학교 2학년 소규모테마형교육여행 위탁 용역 2단계입찰(규격. 가격 동시입찰) 공고,서울사대부중 2학년 교육여행 위탁
서울대학교사범대학부설중학교 [본관] 가스열펌프(GHP) 배출가스 저감장치 구매 설치 입찰공고,서울사대부중 본관 GHP 배출가스 저감장치
서울도봉경찰서어린이집 2025년 식자재 납품업체 선정 입찰공고,서울도봉경찰서어린이집 식자재 납품업체 선정
서울동부구치소 급식용 양곡류 구매 소액수의계약 견적제출 안내공고,서울동부구치소 급식용 양곡류 구매
서울동부구치소 대체복무생활관 증축공사 건설폐기물 처리용역,서울동부구치소 대체복무생활관 폐기물 처리
서울식약청 시험검사장비(이산화황 전처리 장비) 구매 입찰,서울식약청 이산화황 전처리 장비 구매
서울식약청 시험분석용 시약.초자 구매 입찰공고(정기 4차},서울식약청 시약·초자 구매(4차)
서울식약청 시험분석용 시약.초자 구매 입찰공고(정기1차),서울식약청 시약·초자 구매(1차)
서울식약청 시험분석용 시약.초자 구매 입찰공고(정기2차),서울식약청 시약·초자 구매(2차)
서울식약청 시험분석용 시약.초자 구매 입찰공고(정기5차),서울식약청 시약·초자 구매(5차)
서울식약청 시험분석용 시약.초자 구매 입찰공고(정기6차),서울식약청 시약·초자 구매(6차)
서울식약청 시험분석용 시약.초자 구매 입찰공고(정기8차),서울식약청 시약·초자 구매(8차)
서울식약청 시험분석용 시약.초자 구매 입찰공고(정기9차),서울식약청 시약·초자 구매(9차)
서울식약청 시험분석용 시약.초자구매 입찰공고(정기10차),서울식약청 시약·초자 구매(10차)
서울양천우체국 복합청사 정보통신공사 건설재해예방 기술지도용역,서울양천우체국 정보통신공사 재해예방 기술지도
서울중앙지방검찰청 별관 경사형 휠체어리프트 노후부품 교체공사,서울중앙지검 휠체어리프트 부품 교체공사
서울지방우정청 동서울우편집중국 전동견인트랙터(2대) 구매,동서울우편집중국 전동견인트랙터 2대 구매
"서울지방우정청 집배 순로구분대 제작, 구매(소액수의 견적제출 안내 공고)",서울지방우정청 집배 순로구분대 제작·구매
서울청사 별관 정보통신시설 전기계통 이중화 구축 2차 전기공사,서울청사 별관 전기계통 이중화 전기공사
서울청사 창성동 별관  X-ray 소형화물 검색기 구매 설치,서울청사 별관 X-ray 화물검색기 구매·설치
서울출입국·외국인청 신축공사 관급자재(출입문자동화시스템),서울출입국청 신축 관급자재 출입문자동화시스템
서울출입국외국인청 신축공사 관급자재(빌딩자동제어장치) 구매,서울출입국청 신축 관급자재 빌딩자동제어장치
서천군 구청사 리모델링공사 감독권한대행 등 건설사업관리용역,서천군 구청사 리모델링 건설사업관리
서특단 1002함 등 2척 수리소요 일반자재 및 예비품(배수구망 등 16종) 구매,서특단 1002함 등 일반자재·예비품 구매
서특단 523함 발전기관 복구수리 부속 및 예비품 구매(특수조건 필독),서특단 523함 발전기관 복구수리 부속 구매
서특단 523함 발전기관(CUMMINS QSM11DMGA) 부속(실린더블럭) 구매(특수조건 필독),서특단 523함 발전기관 실린더블럭 구매
서해5도특별경비단 야간항해보조장비 제작 및 설치(수의시담),서해5도특별경비단 야간항해보조장비 제작·설치
서해상 탄소에어로졸 질량흡수단면값 산출 및 광흡수계수 재산정 연구용역,서해상 탄소에어로졸 광흡수계수 재산정 연구
서해선~경부고속선 연결선 철도건설사업 기본계획 및 타당성평가,서해선~경부고속선 연결선 철도 기본계획
"서해어업관리단 가스열펌프(GHP) 배출가스 저감장치 구매, 설치",서해어업관리단 GHP 배출가스 저감장치 구매
"서해지방해양경찰청 고정익 정비고 신축 설계 용역(건축, 통신, 소방)",서해해경청 고정익 정비고 신축 설계
서해지방해양경찰청 고정익 항공기 정비고 신축 설계 용역(전기),서해해경청 고정익 정비고 신축 설계(전기)
석관동캠퍼스 송추공방동 냉·난방설비 개선 물품(EHP) 구입,석관동캠퍼스 송추공방동 냉난방설비 EHP 구입
석조문화유산 표면오염물 제거를 위한 레이저 세척기술 연구,석조문화유산 레이저 세척기술 연구
석조문화유산의 기후변화 위험도평가를 위한 지표개발 기초연구,석조문화유산 기후변화 위험도평가 지표개발
석포 산림피해지 안정적 식생도입을 위한 공법 및 사례조사 ,석포 산림피해지 식생도입 공법·사례조사
선박수출 확대 CA컨테이너 수출 기술 시범사업 CA용 질소발생기 구입,선박수출 CA컨테이너 질소발생기 구입
선박수출 확대 CA컨테이너 수출 기술 시범사업 CA용 질소발생기 구입(입찰대행),선박수출 CA컨테이너 질소발생기 구입
선박재활용협약 대응 및 선박재활용시설 현대화 사업을 위한 사전 기획연구,선박재활용시설 현대화 사전 기획연구
선박충돌재현 기술 고도화 및 국제인증시스템 개발 연구용역,선박충돌재현 기술 고도화·국제인증 연구
선제적 경제사회구조 전환 대응을 위한 전략적 조달방안 연구,경제사회구조 전환 전략적 조달방안 연구
설비보전실습실(자동화로봇관) 교류아크용접기 등 8종 구입,설비보전실습실 교류아크용접기 등 구입
설악산 백담주차장화장실 정비공사 관급자재(불법촬영카메라탐지시스템),설악산 백담주차장화장실 불법촬영탐지시스템
설악산 봉정암화장실 정비공사 관급자재(초절수양변기) 구매,설악산 봉정암화장실 초절수양변기 구매
설악산 장수대화장실 정비공사 관급자재(초절수양변기) 구매,설악산 장수대화장실 초절수양변기 구매
섬강 국가하천권역 하천기본계획 및 하천시설관리대장 작성 용역,섬강 하천기본계획·시설관리대장 작성
섬강 횡성·지정지구 배수영향구간 정비사업 소규모환경영향평가 용역,섬강 횡성·지정지구 소규모환경영향평가
섬진강 구례지구 하천환경정비사업 매장유산 정밀발굴조사용역,섬진강 구례지구 매장유산 정밀발굴조사
섬진강 국가하천 시설물 유지보수사업 재해예방 기술지도용역,섬진강 국가하천 유지보수 재해예방 기술지도
섬진강 대강1지구 하천정비사업 폐콘크리트 위탁처리용역(1차),섬진강 대강1지구 폐콘크리트 위탁처리
섬진강 선변지구 하천정비사업 폐기물(폐콘크리트) 위탁처리용역,섬진강 선변지구 폐콘크리트 위탁처리
섬진강 월전1지구 하천환경정비사업 등 3개소 국가유산 영향진단용역,섬진강 월전1지구 등 국가유산 영향진단
섬진강 임실1지구 하천정비사업 폐기물(폐아스콘) 위탁처리용역(1차),섬진강 임실1지구 폐아스콘 위탁처리
섬진강 임실2지구 하천정비사업 폐기물(폐아스콘) 위탁처리용역,섬진강 임실2지구 폐아스콘 위탁처리
섬진강 적성2제 등 10개소 정밀안전점검 및 성능평가용역,섬진강 적성2제 등 정밀안전점검·성능평가
섬진강 적성2지구 하천환경정비사업 폐아스콘 위탁처리용역(1차),섬진강 적성2지구 폐아스콘 위탁처리
섬진강 적성2지구 하천환경정비사업 폐콘크리트 위탁처리용역(1차),섬진강 적성2지구 폐콘크리트 위탁처리
성곡 친환경농업단지 친환경농자재(토양개량 및 작물생육용) 구입(민간대행),성곡 친환경농업단지 친환경농자재 구입
성남-장호원 도로건설공사(제6-1공구) 건설폐기물(가연성 혼합폐기물) 위탁처리용역,성남-장호원 도로 가연성 혼합폐기물 처리
성남-장호원 도로건설공사(제6-1공구) 매장유산 정밀발굴조사용역,성남-장호원 도로 매장유산 정밀발굴조사
성차기반 소화기계질환 진단·치료기술 개선 및 임상현장 적용,성차기반 소화기계질환 진단·치료기술 개선
성차기반 심혈관계질환 진단·치료기술 개선 및 임상현장 적용,성차기반 심혈관계질환 진단·치료기술 개선
성폭력사범 심리치료의 재범방지 및 사회적 비용 절감효과 연구,성폭력사범 심리치료 재범방지 효과 연구
세계 생물다양성 프레임워크 이행을 위한 유전자 다양성 국가지표(안)(2차년도),생물다양성 유전자 다양성 국가지표(2차)
세계유산위원회 의제 분석 및 유네스코 유산 정책 대응 연구,세계유산위원회 의제 분석·정책 대응 연구
세무플랫폼 대응방안 마련을 위한 엔티스 고도화 정보화전략계획(ISP) 수립 사업,세무플랫폼 엔티스 고도화 ISP 수립
세종대왕 역사문화관 주변 및 효종영릉 관람로 등 소나무 전정 사업,세종대왕 역사문화관·효종영릉 소나무 전정
세종지구 등 2개소 홍수안전확보사업 소규모환경영향평가 용역,세종지구 등 홍수안전 소규모환경영향평가
"세풍산단 내부간선도로 개설사업 관급자재(특허, 합성형라멘) 구매",세풍산단 간선도로 관급자재 합성형라멘
세풍산단 내부간선도로 개설사업 폐기물(폐합성수지) 처리 용역,세풍산단 간선도로 폐합성수지 처리
세풍일반산단 조성사업 건설사업관리용역 외 1개 사업 사업수행능력 평가서 제출 안내 공고,세풍일반산단 조성 건설사업관리 등 평가서 제출
세풍일반산단 조성사업 건설사업관리용역 외 1개 사업 사업수행능력 평가서 제출 안내 공고(1사 1건),세풍일반산단 조성 건설사업관리 평가서 제출
센서류(Aranet base station PRO PLUS 등 13품목) 구매,센서류 Aranet 등 13품목 구매
소방 비상통신 주요기능 정립 및 활용성 강화 정책연구(수의시담),소방 비상통신 기능 정립·활용성 강화 연구
소방공무원 순환식 체력시험 장비 시제품 제조 구매(수의시담),소방공무원 순환식 체력시험 장비 시제품
소방공무원 중장기 교육수요 분석에 따른 교육훈련기관 역할 재정립 및 보강 인프라 산출에 관한 연구,소방공무원 교육수요 분석 교육훈련기관 연구
소방공무원의 마음건강 증진을 위한 보건안전지원사업 개선방안 연구,소방공무원 보건안전지원사업 개선방안 연구
소방공무원의 마음건강 증진을 위한 보건안전지원사업 개선방안 연구 ,소방공무원 보건안전지원사업 개선방안 연구
소방공무원의 현장안전사고 예방을 위한 데이터 분석도구 제작,소방공무원 현장안전사고 예방 데이터 분석도구
소방관서 자체 팀 단위 재난상황 역할 모의훈련을 위한 가상 재난환경 시나리오 및 영상 개발 연구 용역,소방관서 재난상황 모의훈련 시나리오 개발
소방드론 표준 지상운영시스템 고도화 개발 및 특화임무 활성화 연구,소방드론 지상운영시스템 고도화 연구
소방안전교육 지원·홍보물품 제작 및 배부(워크지)(수의시담),소방안전교육 홍보물품 워크지 제작·배부
소방안전교육 지원·홍보물품 제작 및 배부(판촉물인쇄)(수의시담),소방안전교육 홍보물품 판촉물 제작·배부
소방청 공식 캐릭터 응용동작 디자인 개발 용역(수의시담),소방청 공식 캐릭터 응용동작 디자인 개발
소방청 국가재난대응시설 야외훈련장 토공사 및 아스콘 포장공사(수의시담),소방청 재난대응시설 토공사·아스콘 포장
소방청 국가재난대응시설 특수차량 차고지 마감공사 및 부대공사(수의시담),소방청 재난대응시설 차고지 마감공사
소방청 법무업무 지원 외부 법률정보서비스 운영(수의시담),소방청 법무업무 외부 법률정보서비스 운영
소방청 소관 기타공공기관 2024년도 경영실적 평가 용역(수의시담),소방청 공공기관 경영실적 평가
소방청 재난안전통신망 단말기 부대품 2차 구매(수의시담),소방청 재난안전통신망 단말기 부대품 구매
소방청 주요업무 추진 및 비전  영상 컨텐츠 제작 용역(수의시담),소방청 주요업무·비전 영상 컨텐츠 제작
소방항공 운항관리시스템 고도화 3차 사업 감리용역(수의시담),소방항공 운항관리시스템 고도화 3차 감리
"소백산북부 천동탐방안내소 전시시설물 설계 및 제작, 설치",소백산 천동탐방안내소 전시시설물 제작·설치
소비자 오인 방지를 위한 기능성표방식품의 관리 방안 연구,기능성표방식품 소비자 오인 방지 관리 연구
소비자 타켓층 세분화를 통한 맞춤형 벼 생산.유통체계 마련 연구,맞춤형 벼 생산·유통체계 마련 연구
소상공인 등 영업자 휴업·폐업 부담 완화 법령 정비방안 연구용역,소상공인 휴업·폐업 부담 완화 법령 정비
소액 물품구매 견적제출 안내 공고_거제9경 공곶이 경관조성용 수선화 구입,거제9경 공곶이 경관조성용 수선화 구입
"소액(수의) 견적제출 안내 변경공고[농촌지도기반조성 전환사업장비(액비, 퇴비부숙도 판정기) 구매]",농촌지도기반 전환사업 부숙도판정기 구매
소액(수의)견적 제출 안내 공고[입찰대행(논타작물 이모작 작부체계 안정생산 기술지원사업 물품(자율주행장치 등 3종 3대) 구매],이모작 작부체계 자율주행장치 등 구매
소액(수의)견적제출 안내공고(바이오차 및 천적활용 시설재배지 온실감축 기술 시범사업 물품(바이오차) 구매),온실감축 시범사업 바이오차 구매
소액(수의)견적제출 안내공고[입찰대행](논타작물 이모작 작부체계 안정생산 기술지원사업 물품(자율주행장치 등 3종 3대) 구매),이모작 작부체계 자율주행장치 등 구매
소액(수의)견적제출 안내공고[입찰대행](벼 직파재배 경영합리화기술 시범사업 물품(선택성 제초제 등12종) 구매,벼 직파재배 선택성 제초제 등 구매
소액공사 견적제출  안내공고-삼거지구(상동) 용배수로 정비공사,삼거지구 상동 용배수로 정비공사
소액공사 견적제출 안내 공고_둔덕면 거림마을 농로개설공사(2차분),둔덕면 거림마을 농로개설공사(2차)
소액공사 견적제출 안내공고-동부면 오송마을 구거(841-1) 정비공사,동부면 오송마을 구거 정비공사
소액공사 견적제출 안내공고-사등면 유교마을 농로개설공사(잔여분),사등면 유교마을 농로개설공사
소액공사 견적제출 안내공고_2025년 거제식물원 열린관광지 조성사업 무장애조성공사,거제식물원 열린관광지 무장애조성공사
소액공사 견적제출 안내공고_거제면 내간리 1043-17번지 일원 농로개설공사,거제면 내간리 일원 농로개설공사
소액공사 견적제출 안내공고_거제면 내간마을 농로 연결공사(1차분),거제면 내간마을 농로 연결공사(1차)
소액공사 견적제출 안내공고_거제면 소랑마을 구거 석축 정비공사,거제면 소랑마을 구거 석축 정비공사
소액공사 견적제출 안내공고_농기계임대사업소 세륜시설 설치공사(토목),농기계임대사업소 세륜시설 설치공사
소액공사 견적제출 안내공고_농업개발원 노후 포장 및 배수 개선공사,농업개발원 노후 포장·배수 개선공사
소액공사 견적제출 안내공고_농업기술센터 구내식당 환기설비 개선공사,농업기술센터 구내식당 환기설비 개선공사
소액공사 견적제출 안내공고_동부면 오송마을 구거(844-3) 정비공사,동부면 오송마을 구거 정비공사
소액공사 견적제출 안내공고_둔덕면 거림마을 농로 개설공사,둔덕면 거림마을 농로 개설공사
소액공사 견적제출 안내공고_둔덕면 상서마을 농로 정비공사,둔덕면 상서마을 농로 정비공사
소액공사 견적제출 안내공고_둔덕면 술역마을 농로 잔여구간 정비공사,둔덕면 술역마을 농로 정비공사
소액공사 견적제출 안내공고_사등면 오량마을 구거 정비공사(잔여분),사등면 오량마을 구거 정비공사
소액공사 견적제출 안내공고_사등면 청곡마을 농로 확포장 공사,사등면 청곡마을 농로 확포장 공사
소액공사 견적제출 안내공고_수양동 제산마을 구거 정비공사,수양동 제산마을 구거 정비공사
소액공사 견적제출 안내공고_연초면 양지지구 준영구 논두렁 설치공사,연초면 양지지구 준영구 논두렁 설치
소액공사 견적제출 안내공고_일운면 신촌~국도14호선 구거 정비공사,일운면 신촌~국도14호선 구거 정비
소액공사 견적제출 안내공고_장목면 구영마을 구거정비 및 농로개설공사,장목면 구영마을 구거정비·농로개설
소액공사 견적제출 안내공고_장목면 송진마을 구거 정비 및 확장 공사,장목면 송진마을 구거 정비·확장 공사
소액공사 견적제출 안내공고_장목면 율천마을 구거 정비공사,장목면 율천마을 구거 정비공사
소액공사 견적제출 안내공고_하청면 서대마을 용수로(잔여구간) 정비공사,하청면 서대마을 용수로 정비공사
소액공사 견적제출 안내공고_하청면 유계구거(서편소류지) 정비공사,하청면 유계구거 정비공사
소액물품 견적제출 안내공고_과학영농실증포 개선 온실복합환경제어반 구매 설치,과학영농실증포 온실복합환경제어반 구매
소액물품구매 견적제출 안내공고_2025년 친환경 쌀 생산단지 조성 병해충관리용 유기농업자재 구입,친환경 쌀 생산단지 유기농업자재 구입
소액수의 견적공고[가축분뇨분석실 운영 액비부숙도 측정기 구입],가축분뇨분석실 액비부숙도 측정기 구입
소액수의 견적제출 공고문 [CLEAN 국가어항(다대다포항) 조성공사 건설폐기물(가연성)처리용역],국가어항 다대다포항 건설폐기물 처리
소액수의 견적제출 안내 공고(농업기술원 포트이앙기 구입),농업기술원 포트이앙기 구입
소액수의 견적제출 안내공고(기술보급 블렌딩 수꽃가루 생산기반 조성 시범 사업(비가림시설하우스 공사)(강○훈))(민간대행입찰),블렌딩 수꽃가루 비가림시설하우스 공사
소액수의 견적제출 안내공고(기술보급 블렌딩 수꽃가루 생산기반 조성 시범 사업(비가림시설하우스 공사)(고○운))(대행입찰),블렌딩 수꽃가루 비가림시설하우스 공사
소액수의 견적제출 안내공고(기술보급 블렌딩 수꽃가루 생산기반 조성 시범 사업(비가림시설하우스 공사)(신○범)),블렌딩 수꽃가루 비가림시설하우스 공사
소액수의 견적제출 안내공고(기술보급 블렌딩 수꽃가루 생산기반 조성 시범사업(비가림시설하우스공사)(고○운)),블렌딩 수꽃가루 비가림시설하우스 공사
소액수의 견적제출 안내공고(내서농산물도매시장 채소동 비가림시설 설치공사),내서농산물도매시장 채소동 비가림시설 설치
소액수의 견적제출 안내공고(서천군 구청사 리모델링 건축공사 관급자재(GHP실외기) 구매),서천군 구청사 리모델링 관급자재 GHP실외기
소액수의 견적제출 안내공고(종묘산업특구 우량묘목 생산기반구축지원 포트묘 육묘하우스 설치),종묘산업특구 포트묘 육묘하우스 설치
소액수의 견적제출 안내공고(청년농업인 스마트팜 사관학교 시설구축 토목공사),청년농 스마트팜 사관학교 토목공사
소액수의 견적제출 안내공고-거제면 서정리(서원마을) 기계화경작로 확포장공사,거제면 서정리 기계화경작로 확포장
"소액수의 견적제출 안내공고[단감과수 일소피해 경감제 구입(탄산칼슘 수용제 2kg 3,318포)]",단감 일소피해 경감제 탄산칼슘 구입
소액수의 견적제출 안내공고[부산청 교량표지(3개소) 유지관리 용역],부산청 교량표지 3개소 유지관리
소액수의 견적제출 안내공고_둔덕면 상서마을 농로개설공사(2차분),둔덕면 상서마을 농로개설공사(2차)
소액수의 안내공고[2025년 내수면 방류사업용 토속어(자라) 구입],내수면 방류사업용 자라 구입
소액수의계약 견적 제출 안내 공고(청년농업인 자립기반구축 지원사업),청년농업인 자립기반구축 지원사업
소액수의계약 견적 제출 안내공(청년농업인 자립기반구축 지원사업),청년농업인 자립기반구축 지원사업
소액수의계약 견적제출 안내 공고(청년농업인 자립기반구축 지원사업),청년농업인 자립기반구축 지원사업
소액수의계약 견적제출 안내(2025년도 부산항관리센터 등 4개소 소모품 구매),부산항관리센터 등 4개소 소모품 구매
소액수의계약 견적제출 안내(2025년도 영도등대 전기시설 보수공사),영도등대 전기시설 보수공사
소액용역 견적제출 공고_재해위험저수지(부춘) 비상대처계획(EAP) 수립 용역,재해위험저수지 부춘 비상대처계획 수립
소액용역 견적제출 안내 공고_산방1저수지 외 4개소 주변 지형 3차원 데이터 구축 용역,산방1저수지 등 3차원 데이터 구축
소액용역 견적제출 안내공고_농업개발원 노후 포장 및 배수 개선공사 폐기물처리 용역,농업개발원 포장·배수 개선 폐기물처리
소액용역 견적제출 안내공고_제19회 거제섬꽃축제 행사 기획운영 용역,제19회 거제섬꽃축제 기획운영
소양강 하류권역 하천기본계획 수립 및 하천시설관리대장작성용역,소양강 하류권역 하천기본계획 수립
"소프트웨어 연간 사용권(GPU가상화솔루션, 서버인증서) 구매",GPU가상화솔루션 등 SW 사용권 구매
소화물배송대행서비스사업 인증제 평가 및 개선방안 마련 연구,소화물배송대행 인증제 평가·개선 연구
속리산 생태탐방원 조성공사 본인증 용역(건축물에너지효율등급 및 제로에너지),속리산 생태탐방원 본인증 용역
송도 6공구 생활폐기물 자동집하시설 악취개선 기본 및 실시설계용역,송도 6공구 생활폐기물 자동집하 악취개선 설계
송도11-1공구 기반시설 건설(1구역) 가로등 설치공사-가로등 콘크리트기초,송도11-1공구 1구역 가로등 콘크리트기초
송도11-1공구 기반시설 건설(2구역) 가로등 설치공사-가로등 콘크리트기초,송도11-1공구 2구역 가로등 콘크리트기초
송도11-1공구 기반시설 건설공사(1-1구역) 관급자재(제진기)구매,송도11-1공구 1-1구역 관급자재 제진기
송도11-1공구 기반시설 건설공사(1-1구역) 폐기물처리용역(5차),송도11-1공구 1-1구역 폐기물처리(5차)
송도11-1공구 기반시설 건설공사(1-1구역)-저소음 비배수성 아스팔트콘크리트,송도11-1공구 1-1구역 저소음 아스팔트콘크리트
송도11-1공구 기반시설 건설공사(1-1구역)-중계펌프 외 2건,송도11-1공구 1-1구역 중계펌프 외 2건
송도11-1공구 기반시설 건설공사(1-1구역)-초음파 다회선 습식 유량계,송도11-1공구 1-1구역 초음파 습식 유량계
송도11-1공구 기반시설 건설공사(1-1구역)-협잡물 반출 컨베이어,송도11-1공구 1-1구역 협잡물 반출 컨베이어
송도11-1공구 기반시설 건설공사(1-1구역)-협잡물 이송 컨베이어,송도11-1공구 1-1구역 협잡물 이송 컨베이어
송도11-1공구 기반시설 건설공사(1-1구역)-흡수정교반기,송도11-1공구 1-1구역 흡수정교반기
송도11-1공구 기반시설 건설공사(1-2구역)-수문권양기,송도11-1공구 1-2구역 수문권양기
송도11-1공구 기반시설 건설공사(1-2구역)-중계펌프 외 2건,송도11-1공구 1-2구역 중계펌프 외 2건
송도11-1공구 기반시설 건설공사(3구역)-보조기층(순환골재),송도11-1공구 3구역 보조기층 순환골재
송도11-1공구 기반시설 건설공사(3구역)-보조기층(혼합골재),송도11-1공구 3구역 보조기층 혼합골재
송도11-1공구 기반시설 건설공사(3구역)-잡석(혼합골재) 3차 구매,송도11-1공구 3구역 잡석 혼합골재 3차
송도11-1공구 기반시설 건설공사(3구역)-잡석5차 구매,송도11-1공구 3구역 잡석 5차 구매
송도국제도시 공유재산(8공구 A5) 내 무단경작지 정비(표토제거) 공사,송도국제도시 8공구 무단경작지 정비공사
송도국제도시 워터프런트 1-2단계 건설공사 관급자재(순환골재) 구매,송도 워터프런트 1-2단계 관급자재(순환골재)
송도국제도시 워터프런트 1-2단계 건설공사 관급자재(혼합골재 75mm) 구매,송도 워터프런트 1-2단계 관급자재(혼합골재)
송도국제도시 워터프런트 1-2단계 건설공사-사석 외 2종,송도 워터프런트 1-2단계 사석 외 2종
"송도국제도시 워터프런트 지장물(가로등, 공원등) 이설공사",송도 워터프런트 지장물(가로등) 이설공사
송도하수처리장 2단계 기전설비 증설사업 기계공사-분리막미세스크린,송도하수처리장 2단계 증설 분리막미세스크린
송도하수처리장 2단계 기전설비 증설사업 기계공사-수문밸브,송도하수처리장 2단계 증설 수문밸브
송도하수처리장 2단계 기전설비 증설사업 기계공사-수중펌프,송도하수처리장 2단계 증설 수중펌프
송도하수처리장 2단계 기전설비 증설사업 기계공사-스크루컨베이어,송도하수처리장 2단계 증설 스크루컨베이어
송도하수처리장 2단계 기전설비 증설사업 기계공사-슬러지펌프,송도하수처리장 2단계 증설 슬러지펌프
송도하수처리장 2단계 기전설비 증설사업 기계공사-에어컨베이어,송도하수처리장 2단계 증설 에어컨베이어
송도하수처리장 2단계 기전설비 증설사업 기계공사-오수처리용산기장치,송도하수처리장 2단계 오수처리용산기장치
송도하수처리장 2단계 기전설비 증설사업 기계공사-전동식와이어로프호이스트,송도하수처리장 2단계 전동식호이스트
송도하수처리장 2단계 기전설비 증설사업 기계공사-편흡입벌류트펌프,송도하수처리장 2단계 편흡입벌류트펌프
송도하수처리장 2단계 기전설비 증설사업 기계공사-평면스크린,송도하수처리장 2단계 증설 평면스크린
송도하수처리장 2단계 기전설비 증설사업 기계공사-호기조 산기장치,송도하수처리장 2단계 호기조 산기장치
송도하수처리장 2단계 기전설비 증설사업 전기공사 책임감리 용역,송도하수처리장 2단계 전기공사 책임감리
송도하수처리장 2단계 기전설비 증설사업 전기공사(열질량식유량계),송도하수처리장 2단계 열질량식유량계
송도하수처리장2단계 기전설비 증설사업 전기공사-프로세스제어설비,송도하수처리장 2단계 프로세스제어설비
송라면 대전1리 취약지역 생활여건 개조사업 건설폐기물 처리 및 운반 용역,송라면 대전1리 생활여건 개조 폐기물처리
"송악 동화1리 마을만들기사업 기반확충공사(건축, 기계) 소액수의 견적제출 공고",송악 동화1리 마을만들기 기반확충(건축·기계)
송악 동화1리 마을만들기사업 기반확충공사(전기) 소액수의 견적제출 공고,송악 동화1리 마을만들기 기반확충(전기)
수도권 예보정확도 향상을 위한 국제공동 집중관측자료 활용기술개발(IV)(예보/수도권),수도권 예보정확도 향상 집중관측기술개발
수도권 지역 대기 중 2차 생성 유무기 질소함유 오염물질 집중 관측(III),수도권 2차생성 질소함유 오염물질 관측
수도권지역 이차유기탄소(SOC) 기여도 평가 및 주요 생성 요인 분석(I),수도권 이차유기탄소 기여도 평가·분석
수문조사시설 정비사업 실시설계용역 소액수의 견적제출 공고,수문조사시설 정비 실시설계
수산공익직불제 관리시스템 운영 및 유지관리(2026~2027),수산공익직불제 관리시스템 운영·유지관리
수산과학조사선 탐구17호 기관부품(워터제트 및 주기관 16종),탐구17호 기관부품(워터제트 등 16종)
수산물 함유 요오드(I) 섭취와 배출 및 건강관련성 연구,수산물 요오드 섭취·배출·건강관련성 연구
수산부산물 유래 고균 미생물 활용 카로티노이드 소재 생산,수산부산물 고균 활용 카로티노이드 생산
수산분야 재해대응 제도정비 및 체계적 운영방안 마련을 위한 기획 연구,수산분야 재해대응 제도정비 기획연구
수산생물 검방역 관리 기술개발 연구용 시약 및 소모품 구매(120품목),수산생물 검방역 연구용 시약·소모품(120품목)
수산생물 검방역 관리 기술개발 연구용 시약 및 소모품 구매(39품목),수산생물 검방역 연구용 시약·소모품(39품목)
수산생물 병원체 분자생물학 분석장비 구입(유전자검출기 외 1종),수산생물 병원체 분석장비(유전자검출기 등)
"수산생물전염병(SVC, VHS) Viability qPCR 현장 적용 연구",수산생물전염병 Viability qPCR 현장적용 연구
수산용의약품 및 국가출하승인 백신 검정용 시약 및 소모품 구매(76품목),수산용의약품 백신 검정용 시약(76품목)
수산용의약품 잔류분석 및 백신검정 개선 연구용 시약 및 소모품 구매(125품목),수산용의약품 잔류분석 연구용 시약(125품목)
수산용의약품 잔류분석 및 백신검정 개선 연구용 시약 및 소모품 구매(73품목),수산용의약품 잔류분석 연구용 시약(73품목)
수생태팀 시험분석용 시약 및 소모품(필터 등 42종) 구매(입찰),수생태팀 시험분석용 시약·소모품(42종)
수수 품종 맞춤형 한국형 고량주 공정 확립 및 시제품 개발용역,수수 한국형 고량주 공정확립·시제품 개발
수수 품종 맞춤형 한국형 고량주 공정확립 및 시제품 개발 검증 용역 ,수수 고량주 공정확립·시제품 개발 검증
수요자 요구 분석을 통한 정부책임형 유보통합 추진 방안 연구,정부책임형 유보통합 추진방안 연구
수요자 참여 식량작물 특성화 시범사업 가공장비 구입 공고(민간입찰대행),식량작물 특성화 가공장비 구입
수요자 참여 식량작물 특성화 시범사업 농기계 구입 공고(민간입찰대행),식량작물 특성화 농기계 구입
수용자 내의류 원단 염색가공 용역 소액수의 견적제출 안내(원주교도소),수용자 내의류 원단 염색가공(원주교도소)
"수용자 자비부담 안경(렌즈, 안경테) 구매 소액수의 견적제출 공고",수용자 자비부담 안경 구매
"수용자 자비부담 안경(렌즈,안경테) 구매 소액수의 견적제출 안내공고",수용자 자비부담 안경 구매
"수원구치소 급식용 식품(공산품,  냉동, 양곡) 구매 2단계 경쟁 입찰",수원구치소 급식 식품(공산품·냉동·양곡)
"수원구치소 급식용 식품(공산품, 냉장) 구매 2단계 경쟁 입찰 ",수원구치소 급식 식품(공산품·냉장)
수원구치소 수용자 자비부담 안경류 구매 소액수의 견적제출,수원구치소 수용자 자비부담 안경류 구매
수원국토 시설안전관리과 소관 재해예방 기술지도용역(건설분야),수원국토 재해예방 기술지도(건설분야)
수원국토 시설안전관리과 소관 재해예방 기술지도용역(전기·통신·소방),수원국토 재해예방 기술지도(전기·통신·소방)
수원지방검찰청 안산지청 전기자동차 충전시설 설치 및 운영사업자 선정(무상),안산지청 전기차 충전시설 설치·운영자 선정
수원출입국·외국인청 평택출장소 청사 신축 건설사업관리용역,평택출장소 청사 신축 건설사업관리
수원출입국·외국인청 평택출장소 청사 신축 관급자재(고강도콘크리트말뚝),평택출장소 청사 신축 고강도콘크리트말뚝
수원출입국·외국인청 평택출장소 청사 신축공사 건설폐기물처리용역,평택출장소 청사 신축 건설폐기물처리
수원출입국외국인청 평택출장소 청사 신축공사 관급자재(고강도콘크리트말뚝),평택출장소 청사 신축 고강도콘크리트말뚝
수의견적 제출안내 공고[과수 무병묘 조성시설 신축공사(민간입찰대행)],과수 무병묘 조성시설 신축
수의견적 제출안내 공고[문경사과연구소 운영 장비 구입(굴착기)],문경사과연구소 운영장비(굴착기) 구입
"수의견적제출 안내공고[서천읍 화성2리, 문산면 금복2리 마을만들기사업 기본·시행계획수립 및 실시설계용역]",서천읍 화성2리 등 마을만들기 계획·설계
"수의견적제출안내 공고(독도수산연구센터 삼중자망을 이용한 울릉도, 독도 어획시험 조사  선박용선)",독도수산 울릉도·독도 어획시험 선박용선
수의계약 견적제출 안내공고(가족형 단기 임대주택 조성공사(전기)),가족형 단기 임대주택 조성(전기)
수의계약 견적제출 안내공고(가족형 단기 임대주택 조성공사(통신)),가족형 단기 임대주택 조성(통신)
수의계약 견적제출 안내공고(과학영농 실증시범포 보수공사),과학영농 실증시범포 보수공사
수의계약 견적제출 안내공고(농업인 교육 복합시설 조성공사(건축)),농업인 교육 복합시설 조성(건축)
수의계약 견적제출 안내공고(임대사업용 농업기계(결속기) 구입),임대사업용 농업기계(결속기) 구입
수의계약 안내 공고[2025년 개 사육농장 석면해체공사],개 사육농장 석면해체공사
"수의계약 안내공고[농기계 임대사업소 본소 세척장 설치 공사(건축, 설비)]",농기계임대 본소 세척장 설치(건축·설비)
수의계약 안내공고[농기계 임대사업소 서부분소 도로포장 공사],농기계임대 서부분소 도로포장공사
"수의계약 안내공고[농기계 임대사업소 서부분소 세척장 설치 공사(건축, 설비)]",농기계임대 서부분소 세척장 설치(건축·설비)
수의계약 안내공고[농기계 임대사업소 서부분소 세척장 설치 공사(전기)],농기계임대 서부분소 세척장 설치(전기)
수의시담 - 영양염 결핍에 따른 김 황백화 발생기작 구명(Ⅱ),영양염 결핍 김 황백화 발생기작 구명(Ⅱ)
수의시담 공고(2025년 국가정책정보협의회 공동전시 대행 용역사업),국가정책정보협의회 공동전시 대행
수의시담 공고(2025년 국립세종도서관 국외정책동향 번역구축사업),국립세종도서관 국외정책동향 번역구축
수의시담(국립제주호국원 가스열펌프(GHP) 저감장치 구매 설치),국립제주호국원 GHP 저감장치 구매·설치
수입 복족류 유사명칭 적절성 검증을 통한 과학적 명칭 부여 확립연구,수입 복족류 과학적 명칭 부여 확립연구
수중레저 안전관리 강화를 위한 수중레저법 전부개정 등 법령체계 개선 연구용역,수중레저법 전부개정 법령체계 개선 연구
수중레저 안전관리 강화를 위한 수중레저법 전부개정 등 법령체계 개선 용역,수중레저법 전부개정 법령체계 개선
"수질, 먹는물, 폐기물 분야 숙련도 시험 표준시료 제조(2025)",수질·먹는물·폐기물 숙련도 표준시료 제조
수질검사실험 정보관리 포탈시스템 유지관리(2025-2027),수질검사실험 정보관리 포탈 유지관리
수질오염 우심지역 내 항생제 내성 모니터링 및 관리방안 연구(II),수질오염 우심지역 항생제 내성 모니터링(II)
수처리제(부식억제제·기타제제) 실태조사 및 관리개선 연구,수처리제 실태조사·관리개선 연구
순직소방공무원 추모 문화조성을 위한 소방청 로비 환경개선(수의시담),소방청 로비 환경개선
순창 쌍치 쌍계-금성 등 2개소 국가지원지방도 시설개량공사 교통안전진단용역,순창 국가지원지방도 개량 교통안전진단
순창 인계-쌍치(2공구) 도로시설개량공사 가연성폐기물 위탁처리용역,순창 인계-쌍치 가연성폐기물 위탁처리
순창 인계-쌍치(2공구) 도로시설개량공사 불연성폐기물 위탁처리용역,순창 인계-쌍치 불연성폐기물 위탁처리
순천 벌교-주암(3-1공구)도로확장공사 전기공사 재해예방 기술지도용역,순천 벌교-주암 전기공사 재해예방 기술지도
순천경찰서 송광파출소 신축공사 재해예방기술지도용역(건축),송광파출소 신축 재해예방기술지도(건축)
순천경찰서어린이집 2025학년도 식자재 납품업체 선정 입찰공고,순천경찰서어린이집 식자재 납품업체 선정
"순천교도소 급식용 식품(공산 및 가공품 213종)2단계 경쟁(규격,가격) 입찰",순천교도소 급식 식품(공산·가공품 213종)
순천교도소 생활계폐기물 위탁처리용역 소액수의 견적제출 공고,순천교도소 생활계폐기물 위탁처리
순천교도소 수용자 자비구매물품(안경 등) 구매 소액수의 견적제출 공고,순천교도소 수용자 자비구매물품(안경 등)
"순천교도소 축산물 2단계 경쟁(규격,가격 동시) 입찰 공고",순천교도소 축산물 구매
순천국토 관내 교량 및 터널 시설물 보수공사 실시설계용역,순천국토 교량·터널 보수공사 실시설계
순천국토 관내 도로안전 및 도로유지보수 정비공사 실시설계용역,순천국토 도로안전·유지보수 정비 실시설계
순천국토 관내 도로안전 및 환경개선 도로안전시설물 정비공사,순천국토 도로안전시설물 정비공사
순천국토 관내 도로안전 및 환경개선 정비공사 실시설계용역,순천국토 도로안전·환경개선 정비 실시설계
"순천국토 도로안전 및 환경개선(교량, 터널) 실시설계용역",순천국토 도로안전·환경개선(교량·터널)
쉼표와 따옴표: 다섯 개의 대화》 교육 공간 및 장애인의 날 문화행사 운영 용역,교육공간·장애인의 날 문화행사 운영
스리랑카 해양수산 데이터센터 및 전자도서관 정보시스템 구축(2~3차년도),스리랑카 해양수산 데이터센터 구축(2~3차)
스마트 계측관리시스템 설치 소하천 대상 현장계측 실험 및 정략적  분석,소하천 현장계측 실험 및 정량적 분석
스마트 노사누리 구축 3차 사업 휴대용 LTE 사업자 선정,스마트 노사누리 3차 휴대용 LTE 사업자 선정
스마트 농업기계 실습장 조성 실험실용배기기(용접부스) 구입,스마트 농업기계 실습장 용접부스 구입
스마트 농업기계 실습장 조성 실험실용배기기(용접부스) 구입 ,스마트 농업기계 실습장 용접부스 구입
스마트 지반정보 관리체계 수립 및 항만 지반조사 관리 방안 마련 연구용역,스마트 지반정보·항만 지반조사 관리 연구
스마트곤충사육시설 관급자재(큰누에자동화시스템제작설치) 구입,스마트곤충사육 큰누에자동화시스템 구입
스마트양식 수처리시스템 운용 및 성능예측 소프트웨어 개발 (II),스마트양식 수처리 성능예측 SW 개발(II)
스마트팜 고도화 및 빅데이터 구축 시범사업 입찰대행(고OO),스마트팜 고도화·빅데이터 구축 입찰대행
스마트팜 고도화 및 빅데이터 구축 시범사업 입찰대행(권OO),스마트팜 고도화·빅데이터 구축 입찰대행
스마트팜 고도화 및 빅데이터 구축 시범사업 입찰대행(어OO),스마트팜 고도화·빅데이터 구축 입찰대행
스마트팜 친환경체험교육장 내부 벽면 도장 및 바닥 보수 공사,스마트팜 체험교육장 도장·바닥 보수
스마트팜 친환경체험교육장 새싹인삼 수경재배시스템 양액자동순환제어기 수리,스마트팜 새싹인삼 양액순환제어기 수리
스키드스티어로더 1대 구매 소액수의 견적 제출 안내 공고,스키드스티어로더 1대 구매
"스토킹 전자장치 부착제도 관련 경찰,법무부 시스템 연계 ISP 사업",스토킹 전자장치 경찰·법무부 연계 ISP
스톡홀름협약 대응 잠재적 후보물질의 환경 중 거동 특성 연구(II),스톡홀름협약 후보물질 환경 거동 연구(II)
"습지보호지역(신안 장도, 순천 동천하구) 보전계획 수립 연구용역",습지보호지역(신안 장도 등) 보전계획 수립
승강기 안전문화 정착 및 승강기산업 기술인력 역량강화 방안 연구 용역,승강기 안전문화·기술인력 역량강화 연구
시구아테라 등 아열대성 유독 미세조류 분포 및 발생특징 연구,시구아테라 등 아열대성 유독조류 연구
시군구 인구 시뮬레이션을 통한 권역별 거점지역 분석 및 추계 연구용역,시군구 인구 시뮬레이션 거점지역 분석
시대 변화에 따른 여성농업인의 역할과 가치 정립 방안 연구,여성농업인 역할·가치 정립 방안 연구
시목야영장 공원시설 전면개선사업 운영 물품(야외 테이블) 구매,시목야영장 공원시설 개선 야외 테이블 구매
시민자연학습장 산책로 개선(노후 침목계단 교체) 등 공사,시민자연학습장 산책로 개선 등 공사
시설 거주 아동의 정신건강 향상을 위한 체계적 평가와 개입프로그램 개발,시설 거주 아동 정신건강 개입프로그램 개발
"시설고추 생육 향상 농자재 구입(완효성 비료 20kg 1,712포)",시설고추 생육 향상 완효성 비료 구입
시설공사 수의견적 제출 안내공고(거창읍 교촌지구 마을반들기 자율개발사업(건축기계토목),거창읍 교촌지구 마을만들기 자율개발(건축 등)
시설공사 전자입찰 공고(긴급)[백령면 농기계임대사업소 유지보수 및 교육장 설치],백령면 농기계임대 유지보수·교육장 설치
시약 및 실험기자재 구매 입찰 (2025년 4월2기) 공고[제2025-164호],시약·실험기자재 구매(2025년 4월2기)
시약 및 초자류 등(Outlet filter complete 등 14품목) 입찰 구매,시약·초자류(Outlet filter 등 14품목)
시약 및 초자류 등(Sucrose 등 30품목) 입찰 구매,시약·초자류(Sucrose 등 30품목)
시약 및 초자류 등(토양용액체취센서 등 15품목) 입찰 구매,시약·초자류(토양용액체취센서 등 15품목)
시약 및 초자류(Snap cap Macro tube) 등 73품목 구매(긴급),시약·초자류(Snap cap 등 73품목)
시약·초자류(Attune shutdown solution 등 23품목) 구매 입찰,시약·초자류(Attune 용액 등 23품목)
시약·초자류(Collagenase Type II 등 80품목) 구매 입찰 ,시약·초자류(Collagenase 등 80품목)
시약·초자류(Potato Dextrose Agar(PDA) 배지 등 44품목) 입찰 구매,시약·초자류(PDA배지 등 44품목)
시약·초자류(distilled water 등 67품목) 구매 입찰,시약·초자류(distilled water 등 67품목)
시약·초자류(dpph assay kit 등 56품목) 구매 입찰,시약·초자류(dpph kit 등 56품목)
시약·초자류(proteasome 억제제 등 69품목) 구매 입찰,시약·초자류(proteasome억제제 등 69품목)
"시약병 5,000㎖ Duran Bottle외 99건 구매",시약병 Duran Bottle 외 99건 구매
시약초자류 (Ammonium acetate 등 62품목) 구매 입찰,시약초자류(Ammonium acetate 등 62품목)
"시약초자류 (mini cooler 등 63품목, 118호) 입찰 구매",시약초자류(mini cooler 등 63품목)
시약초자류 Ethyl heptanoate 등 33품목 구매 입찰,시약초자류(Ethyl heptanoate 등 33품목)
시약초자류 구매계약(매개체분석과 16-4-00002외 1건) 소액수의 견적공고 ,시약초자류 구매(매개체분석과 외 1건)
시약초자류 구매계약(매개체분석과 16-4-00009) 소액수의 견적공고 ,시약초자류 구매(매개체분석과 16-4-00009)
시약초자류 등(Combustion tube 등 15품목) 입찰 구매,시약초자류(Combustion tube 등 15품목)
시약초자류 등(PRE FILTER 등 17품목) 입찰 구매,시약초자류(PRE FILTER 등 17품목)
시약초자류 등(Petri Dish 등 30품목) 입찰 구매,시약초자류(Petri Dish 등 30품목)
시약초자류 등(Reservoirs 등 30품목) 입찰구매,시약초자류(Reservoirs 등 30품목)
시약초자류 입찰구매(Sodium chloride 등 61종),시약초자류(Sodium chloride 등 61종)
시약초자류(0.5ml 피펫 등 64품목)(25-74호)(긴급),시약초자류(0.5ml 피펫 등 64품목)
시약초자류(6-BAP 등 64품목) 입찰 구매(123호),시약초자류(6-BAP 등 64품목)
시약초자류(Ammonium acetate 등 92품목) 구매 입찰,시약초자류(Ammonium acetate 등 92품목)
시약초자류(Finnpipette 등 55품목) 구매 입찰,시약초자류(Finnpipette 등 55품목)
시약초자류(Laboratory bottle 등 75품목) 입찰 구매,시약초자류(Lab bottle 등 75품목)
시약초자류(Post combustion tube 등 30품목) 입찰 구매,시약초자류(Post combustion 등 30품목)
시약초자류(RNeasy Plus Mini kit 등 86품목) 구매 입찰,시약초자류(RNeasy kit 등 86품목)
시약초자류(methyl 등 23품목) 입찰 구매(128호),시약초자류(methyl 등 23품목)
시약초자류(protein gel 등 33품목) 입챁 구매(2025-113호),시약초자류(protein gel 등 33품목)
시약초자류(버퍼 등 62품목) 전자 입찰 구매(145호),시약초자류(버퍼 등 62품목)
시약초자류(아세토니트릴 등 49품목)(2025-134호) 전자 입찰,시약초자류(아세토니트릴 등 49품목)
시약초자류(트라이하이드레이트 등 67품목) 입찰 구매(139호),시약초자류(트라이하이드레이트 등 67품목)
시험소모품 1차 구매(working Brush 등 142종),시험소모품 1차(working Brush 등 142종)
시험소모품 3차 구매(Clear VOA Vial 등 121종)(긴급),시험소모품 3차(VOA Vial 등 121종)
시험연구사업 - 시약초자류(삼각플라스크 등 31품목) 입찰 구매,시험연구 시약초자류(삼각플라스크 등 31품목)
시험연구소 공용차량 장기임차 카탈로그 계약 공고(자동차렌트서비스),시험연구소 공용차량 장기임차
시험연구용 시약·초자류(Calcium Hydroxide 등 66품목) 구매,시험연구용 시약초자류(66품목)
시험연구용 시약·초자류(Research® plus 등 57품목) 구매,시험연구용 시약초자류(57품목)
시험연구용(현장조사 등) 업무차량 임차(전기차) 제안 재요청,시험연구용 업무차량 임차(전기차) 재요청
시험연구용-시약초자류(RNA키트 등 38품목) 입찰 구매(109호),시험연구용 시약초자류(RNA키트 등 38품목)
시흥화학재난합동방재센터 청사 방수공사 사전작업 철거 용역,시흥화학재난방재센터 방수 철거
식량작물 정밀농업 확대 스마트 장비구축 사업 농업기계 구입,식량작물 정밀농업 스마트장비 농업기계 구입
식물검역장비(해충분류동정 전자동 이미징시스템) 1SET 구매 중앙조달(식물검역검사),식물검역장비(해충분류 이미징시스템) 구매
식의약 인재양성교육 플랫폼 유지·보수 및 기능 고도화 방안,식의약 인재양성교육 플랫폼 유지·고도화
식의약 인재양성교육 플랫폼의 효율적 운영관리 방안 및 교육콘텐츠 마련,식의약 인재양성교육 플랫폼 운영·콘텐츠
식이섭취와 건강과의 상관성 분석 설계 및 식이-보건의료 연계DB 검증(24191영양안067),식이섭취-건강 상관성 분석 및 연계DB 검증
식품 중 동위원소비율 분석법 적용성 검토(25191선위안002),식품 중 동위원소비율 분석법 적용성 검토
식품·축산물 안전관리인증기준적용업소에 관한 업무 등의 위·수탁,식품·축산물 HACCP 업무 위·수탁
식품의약품안전처 연구개발과제 평가위원 후보단 정보 현행화,식약처 연구개발과제 평가위원 후보단 현행화
식품의약품안전평가원 시약 및 실험기자재 구매 (2025년 6월 2기) 입찰 공고[제2025-207호],식약평가원 시약·실험기자재(2025년 6월2기)
"식품의약품안전평가원 시약 및 실험기자재 구매 소액수의계약 견적제출 공고(4월, 제주 납품)[제2025-126호]","식약평가원 시약·실험기자재(4월,제주 납품)"
식품의약품안전평가원 시약 및 실험기자재 구매 소액수의계약 견적제출 공고[제2025-12호],식약평가원 시약·실험기자재(제2025-12호)
식품의약품안전평가원 시약 및 실험기자재 구매 입찰 2025년 8월 1기 [제2025-262호],식약평가원 시약·실험기자재(2025년 8월1기)
식품의약품안전평가원 시약 및 실험기자재 구매 입찰(2025년 1월 3기)[제2025-53호],식약평가원 시약·실험기자재(2025년 1월3기)
식품의약품안전평가원 시약 및 실험기자재 구매 입찰(2025년 2월1)[제2025-60호],식약평가원 시약·실험기자재(2025년 2월1)
식품의약품안전평가원 시약 및 실험기자재 구매 입찰(2025년 3월1기) 공고[제2025-103호],식약평가원 시약·실험기자재(2025년 3월1기)
식품의약품안전평가원 시약 및 실험기자재 구매 입찰(2025년 4월1기) 공고[제2025-142호],식약평가원 시약·실험기자재(2025년 4월1기)
식품의약품안전평가원 시약 및 실험기자재 구매 입찰(2025년 5월 1기) 공고[제2025-181호],식약평가원 시약·실험기자재(2025년 5월1기)
식품의약품안전평가원 시약 및 실험기자재 구매 입찰(2025년 7월 1기) 공고[제2025-228호],식약평가원 시약·실험기자재(2025년 7월1기)
식품의약품안전평가원 시약 및 실험기자재 구매 입찰(2025년 7월2기) 공고[제2025-245호],식약평가원 시약·실험기자재(2025년 7월2기)
식품의약품안전평가원 시약 및 실험기자재 구매 입찰_2025년 8월2기[제2025-272호],식약평가원 시약·실험기자재(2025년 8월2기)
식품의약품안전평가원 시약 및 실험기자재 구매 입찰_2025년 9월 2기,식약평가원 시약·실험기자재(2025년 9월2기)
식품의약품안전평가원 시약 및 실험기자재 구매(2025년 3월 2기) 입찰 공고 [제2025-125호],식약평가원 시약·실험기자재(2025년 3월2기)
식품의약품안전평가원 시약 및 실험기자재 구매입찰 2025년 9월1기 [제2025-275호],식약평가원 시약·실험기자재(2025년 9월1기)
식품의약품안전평가원 시약 및 실험기자재 구매입찰(제주생약자원관리센터) 변경 공고 [제2025-269호],식약평가원 시약·실험기자재(제주생약센터)
식품의약품안전평가원 시약 및 실험기자재 입찰 공고(2025년 1월 1기)[제2025-4호],식약평가원 시약·실험기자재(2025년 1월1기)
식품의약품안전평가원 시약 및 실험기자재 입찰(2025년 1월2기)[제2025-29호],식약평가원 시약·실험기자재(2025년 1월2기)
식품의약품안전평가원 시약 및 실험기자재 입찰(2025년 2월2기) 입찰공고[제2025-78호] ,식약평가원 시약·실험기자재(2025년 2월2기)
식품의약품안전평가원 시약 및 실험기자재 입찰(2025년 5월 2기) 공고[제2025-193호],식약평가원 시약·실험기자재(2025년 5월2기)
식품의약품안전평가원 시약 및 실험기자재 입찰(2025년 6월1기)[제2025-202호],식약평가원 시약·실험기자재(2025년 6월1기)
식품의약품안전평가원 잔류농약표준품 등 구매 입찰[(2025년 2월 2차) 제2025-54호],식약평가원 잔류농약표준품 등 구매
식품의약품안전평가원 표준품(시약) 등 구매입찰(2025년 7월) [제2025-229호],식약평가원 표준품(시약) 등 구매(2025년 7월)
식품자원개발부 시약초자류( n-Hexane 등 65품목) 구매 입찰,식품자원개발부 시약초자류(n-Hexane 등 65품목)
식품자원개발부 시약초자류(Dexamethasone 등 63품목) 입찰,식품자원개발부 시약초자류 입찰
식품자원개발부 시약초자류(Ethyl alcohol 등 29종) 구매 입찰,식품자원개발부 시약초자류 구매
신간회 활동 참여자의 참여 전·후 독립운동 활동에 대한 조사 연구,신간회 참여자 독립운동 활동 조사연구
신고기관 방사선안전관리자 정기교육 전 신고내용 인지기능 개발,방사선안전관리자 신고내용 인지기능 개발
신고된 신규화학물질의 스크리닝 평가 방안 마련(I) - AI 기반 유전독성 예측,신규화학물질 AI 유전독성 예측 평가
신규프로젝트 탐색연구(R&D) 연구용역 계약 요청 (과제명: KASA RND 성과관리 및 성과지표 개발),KASA RND 성과관리·지표 개발 탐색연구
신규프로젝트 탐색연구(R&D) 연구용역 계약 요청 (과제명: 다층궤도 군집 위성항법 개발사업의 기획연구),다층궤도 군집 위성항법 개발 기획연구
신규프로젝트 탐색연구(R&D) 연구용역 계약 요청 (과제명: 미래 우주항공기술 선행개발 사업 기획 연구),미래 우주항공기술 선행개발 기획연구
신규프로젝트 탐색연구(R&D) 연구용역 계약 요청 (과제명: 우주항공 기술경쟁력 진단모델 개발(1단계)),우주항공 기술경쟁력 진단모델 개발
신규프로젝트 탐색연구(R&D) 연구용역 계약 요청(과제명: 다층궤도 공공통신망 구축기획 및 소요기술 탐색연구),다층궤도 공공통신망 구축기획 탐색연구
신규프로젝트 탐색연구(위성영상 초고해상도 시·공간 특성 파악 및 시험 용역) ,위성영상 초고해상도 시공간 특성 분석
신규프로젝트 탐색연구(차세대 유·무인기용 항공엔진 소재·부품 핵심기술 개발) 연구용역 계약 건,유무인기용 항공엔진 소재부품 기술개발
신규프로젝트(다분야 융합 임무를 고려한 우주구조물 요구사항 개념설계 용역),우주구조물 요구사항 개념설계
"신기술, 신제품 인증기업 투자유치, 기업발굴, 해외진출 지원",신기술 인증기업 투자유치·해외진출 지원
신라 폐(석)탑 복원을 위한 기초현황조사 및 과학 분석 연구(2차) 용역,신라 폐석탑 복원 기초현황조사 분석연구
신라문화권 유적 출토 말 관련 성과 공개회 전시 연출 및 보조물 제작 설치,신라 출토 말 성과 공개회 전시 연출
신라왕경 핵심유적 복원·정비 종합계획 수립 연구(2026~2030),신라왕경 핵심유적 복원정비 계획 연구
"신설 2개 재외공관(슬로베니아, 시에라리온)용 비상위성통신 장비 구매",재외공관 비상위성통신 장비 구매
신설 공관(시에라리온) 외교정보전용망 구축 및 운영 사업(2026-2027년),시에라리온 공관 외교정보전용망 구축
신안 압해-해남 화원(2공구) 도로건설공사 및 곡성 석곡IC-겸면(2공구) 도로시설개량공사 편입 무연분묘 개장용역,신안·곡성 도로건설 무연분묘 개장
신안경찰서 직원관사 신축공사 재해예방기술지도 용역(건축),신안경찰서 관사 재해예방기술지도(건축)
신안경찰서 직원관사 신축공사 재해예방기술지도 용역(전기·통신) ,신안경찰서 관사 재해예방지도(전기통신)
신안경찰서 행정선(전남101호) 우현 주기관 신품 디젤 엔진 교체 수리,신안경찰서 행정선 디젤엔진 교체수리
신약 개발을 위한 국내 임상분리 결핵균에 대한 오믹스 데이터 활용 기반 구축 연구,임상분리 결핵균 오믹스 데이터 구축연구
신원면 대현지구 마을만들기 종합개발사업 기존 마을회관 해체공사,신원면 대현지구 마을회관 해체공사
신원면 대현지구 마을만들기 종합개발사업 기존 마을회관 해체공사 건설폐기물처리용역,대현지구 마을회관 해체 폐기물처리
"신전우체국 및 장평우체국 내진보강공사(구조, 건축) 설계 용역",신전·장평우체국 내진보강 설계
신종마약류 현황 분석 등 마약류 안전관리 체계 고도화 연구,신종마약류 분석 등 안전관리 고도화연구
신축아파트 사전방문 하자점검 대행 관련 실태조사를 통한 제도개선 방안 연구,신축아파트 사전방문 하자점검 제도개선
실작업 조건에서의 농업기계 및 건설기계 배출계수 개발(Ⅱ),농업·건설기계 배출계수 개발(Ⅱ)
실태조사를 활용한 원자력안전위원회 소관 기타공공기관 경영실적 평가체계 검토 연구용역 공고,원안위 기타공공기관 경영실적 평가연구
실험동물자원은행 보관장비(초저온냉동고) 정기예방점검·유지보수,실험동물자원은행 초저온냉동고 유지보수
심리분석면담을 위한 모범진술문(model statement) 개발,심리분석면담 모범진술문 개발
"쌀 수급 예측 모델 장비(시각화 서버, 분석용 HW/SW) 도입",쌀 수급 예측 모델 장비 도입
아․태 사이버범죄 역량강화 허브(APC-HUB) 홈페이지 및 온라인 교육시스템 고도화 3차 사업,아태 사이버범죄 허브 시스템 고도화
아동학대사범 보호관찰의 실태분석 및 효과적 지도감독 방안 연구,아동학대사범 보호관찰 실태·지도 연구
"아산권역 국도(21,34,38,39,43,45호선)  도로제설 및 결빙제거작업",아산권역 국도 제설·결빙제거작업
아시아 3개국 산림협력 사업의 사회경제적 가치 평가 및 정책적 활용 방안 연구,아시아 산림협력 사회경제 가치 평가
아시아·태평양 식품 규제기관장 협의체(아프라스) 사무국 운영지원,아프라스 사무국 운영지원
아열대작물 시험포 관급자재(온실복합환경제어시스템) 구매·설치,아열대작물 온실복합환경제어시스템 구매
아열대작물 재배하우스 구획정리 공사 수의(소액) 견적 제출,아열대작물 재배하우스 구획정리 공사
아열대작물실증센터 구축사업 전기공사 폐쇄형배전반 조달 구매,아열대작물센터 폐쇄형배전반 구매
아토피·천식 예방관리사업 기반 지역사회 미세먼지 중재연구 프로토콜 개발 및 시범연구,아토피·천식 미세먼지 중재연구 개발
아프리카돼지열병(ASF) 발생농가 및 예방적살처분농가 긴급 살처분 및 소멸처리 용역,ASF 발생농가 긴급 살처분·소멸처리
아프리카돼지열병(ASF) 차단 1･2차 울타리 관리방안 연구,ASF 차단 울타리 관리방안 연구
안강망 및 부푯줄 해양포유류 혼획저감 어구 수중거동 해석,해양포유류 혼획저감 어구 거동 해석
"안동교도소 급식용 식품(공산품) 2단계 구매(규격, 가격동시) 입찰공고",안동교도소 급식 공산품 구매 입찰
"안동교도소 급식용 식품(농산물) 2단계(규격, 가격 동시) 구매 입찰 공고",안동교도소 급식 농산물 구매 입찰
안동교도소 급식용 식품(수산물) 구매 2단계(규격ㆍ가격 동시) 입찰 공고,안동교도소 급식 수산물 구매 입찰
안동교도소 급식용 식품(축산물) 구매 2단계(규격ㆍ가격 동시) 입찰 공고,안동교도소 급식 축산물 구매 입찰
안동교도소 보안청사 화장실 및  수용자 목욕탕 리모델링 전기공사 입찰 공고,안동교도소 화장실·목욕탕 전기공사
안동교도소 보안청사 화장실 및 수용자 목욕탕 리모델링 계획보고,안동교도소 화장실·목욕탕 리모델링 계획
"안동교도소 수용자 자비구매 안경(렌즈, 안경테) 소액수의 견적 제출 공고",안동교도소 수용자 자비구매 안경 견적
안동댐하류권역 하천기본계획수립 및 하천시설관리대장 작성용역,안동댐하류권역 하천기본계획 수립
안동시 청년창업 임대형 양식단지 조성사업 기본 및 실시설계용역,안동시 청년창업 양식단지 설계
안동시 풍산읍 죽전지구 농촌공간정비사업 기본계획 수립 용역(협상에 의한 계약),풍산읍 죽전지구 농촌공간정비 기본계획
안면도지구대기감시소 철탑 및 옥상난간 보강 및 설치 공사,안면도 대기감시소 철탑·난간 보강공사
안산선(초지역∼중앙역) 철도지하화사업 타당성평가 및 기본계획 수립,안산선 철도지하화 타당성·기본계획
안성시 먹거리통합지원센터 건립공사 감독권한대행 등 건설사업관리용역 사업수행능력 평가  안내공고,안성 먹거리지원센터 건설사업관리 안내
안성시 먹거리통합지원센터 건립공사 감독권한대행 등 건설사업관리용역(사업수행능력 평가 ),안성 먹거리지원센터 건설사업관리 평가
안전성분석과 2025년도 유해물질 분석용 표준물질 일괄 구매,안전성분석과 유해물질 표준물질 구매
안전성분석과 토양 및 농산물 중 다이옥신류 잔류실태조사 위탁 분석,토양·농산물 다이옥신류 위탁 분석
안전제도 진단지원시스템 운영 관련 전산장비(노트북 컴퓨터) 구매,안전제도 진단지원 노트북 구매
안전제도 진단지원시스템 운영 관련 전산장비(컴퓨터서버) 구매,안전제도 진단지원 컴퓨터서버 구매
안전확인대상 생활화학제품 내 함유물질 및 사용물질의 시험 분석법 개발,생활화학제품 함유물질 시험분석법 개발
안중근 서 지역 순회전 전시 연출 설계 및 제작·설치 용역,안중근 서 지역 순회전 전시 연출 설계
액비부숙도 향상 완숙액비 생산 기술지원 사업추진을 위한 품질개선제(엠코드바이오클린) 구입,완숙액비 생산 품질개선제 구입
야생동물 보호시설(생츄어리) 조성사업 관급자재(빌딩자동제어장치) 조달구매 요청,야생동물 생츄어리 빌딩자동제어장치 구매
야생동물 유래 조류인플루엔자 바이러스의 분자역학적 특성 분석 용역,야생동물 조류인플루엔자 분자역학 분석
야생동물 질병 정보집(표준 행동 매뉴얼) 마련 용역 입찰 공고,야생동물 질병 정보집 마련 입찰
야생동물질병 정밀진단을 위한 병리조직 검사 및 시료확보(2025년),야생동물질병 병리조직 검사·시료확보
야생멧돼지 아프리카돼지열병(ASF) 수색 탐지견 운영 및 추가 육성사업,야생멧돼지 ASF 탐지견 운영·육성
야생조류 조류인플루엔자 발생 조기 대응을 위한 정밀 모니터링(25-26),야생조류 조류인플루엔자 정밀 모니터링
야영장업 야영시설 건축물 허용 타당성 분석 및 제도화 방안 연구,야영장 야영시설 타당성 분석·제도화 연구
약물 분석기(의료용 분리방식 임상화학 자동분석장치) 구매 입찰 공고,약물 분석기 임상화학 자동분석장치 구매
약물별·대상별 재활지원 프로그램 신규 개발·보급(2025),약물·대상별 재활지원 프로그램 개발
약용작물 분야 농산업 가치분석 및 연구개발 파급효과 분석 용역,약용작물 농산업 가치·R&D 효과 분석
양구농산물가공지원센터(해안점) 수질오염방지시설 조성공사(토목),양구농산물가공센터 수질오염방지시설 공사
양양군 현남 현북(농촌협약) 지역역량강화 및 식품사막 생필품구매 지원사업 용역 공고-긴급,양양 현남·현북 역량강화·생필품 지원
양양읍 농촌중심지활성화사업 지역역량강화 용역 공고(협상에 의한 계약)-긴급공고,양양읍 농촌중심지활성화 역량강화
양양출장소 관내 국도44·46호선 예초 등 도로환경개선공사,양양 국도44·46호선 예초 등 환경개선
양쯔강 희석수 유입에 따른 동중국해 북부해역의 생지화학적 변동 분석(I),동중국해 북부 생지화학적 변동 분석(I)
양파 공정육묘를 위한 내재해형 단독비닐하우스 설치공사(민간입찰대행),양파 육묘 내재해형 비닐하우스 설치
양파 공정육묘를 위한 내재해형 단동비닐하우스 설치공사(민간입찰대행),양파 육묘 내재해형 단동비닐하우스 설치
양파 기계화 우수모델 육성 사업용 땅속작물수확기(양파수집기) 구입,양파 기계화 땅속작물수확기 구입
어류양식시험장 순환여과양식시스템(RAS) 구축공사(기계설비),어류양식시험장 RAS 구축공사(기계설비)
어린이 먹을거리 영양표시 의무 단계적 확대를 위한 효과분석,어린이 먹을거리 영양표시 확대 효과분석
어린이 환경보건 출생코호트 자료(임신~영유아 48개월) 개인정보 처리 및 제공,어린이 환경보건 출생코호트 개인정보 처리
업무용 백신 소프트웨어 및 유틸리티 라이선스(연간사용권) 구매,업무용 백신 소프트웨어 라이선스 구매
업무용 차량 임차(국립농산물품질관리원 경기 경영직불 _12대),농관원 경기 업무용 차량 임차 12대
업종별 공통방지시설(대기·수질) 최적가용기법 기준서 제정(안) 마련 연구(Ⅰ),공통방지시설 최적가용기법 기준서 연구(Ⅰ)
업종별 공통시설(보일러) 최적가용기법 기준서 개정(안) 마련 연구(Ⅰ),공통시설 보일러 최적가용기법 기준서 연구
업종별 환경 및 에너지 경영시스템 최적가용기법 기준서 제정(안) 마련 연구(Ⅰ),환경·에너지 경영 최적가용기법 기준서 연구
여서항 외곽시설 보강공사(5차) 건설폐기물(폐콘크리트) 처리용역,여서항 외곽시설 보강 폐콘크리트 처리
여서항 외곽시설 보강공사(5차) 건설폐기물(폐합성수지) 처리용역,여서항 외곽시설 보강 폐합성수지 처리
여성가구 및 스토킹 등 범죄피해 가구 cctv 설치 사업,여성·스토킹 범죄피해 가구 CCTV 설치
여수 화태-백야(1공구) 도로건설공사 편입 무연분묘 개장용역,여수 화태-백야 도로건설 무연분묘 개장
여수구항 종화동 수제선 정비공사(2단계) 건설사업관리용역,여수구항 종화동 수제선 정비 건설관리
여수구항 종화동 수제선 정비공사(2단계) 기본 및 실시설계 경제성 검토(설계VE) 용역,여수구항 종화동 수제선 정비 설계VE
여수해경 2025년 전용부두(신북항) 전기안전관리자 위탁 용역,여수해경 전용부두 전기안전관리 위탁
여수해양경찰서 2026년 광양광역방제지원센터 민간위탁 용역,여수해경 광양광역방제지원센터 위탁
여수해양경찰서 연안구조정(6대) 야간항해보조장비 구매 설치,여수해경 연안구조정 야간항해장비 구매
여우증식 및 관리시설 확대를 위한 기본구상 및 타당성 용역,여우증식·관리시설 확대 타당성 용역
여주교도소 사업장생활계페기물(일반쓰레기 등) 처리 용역 공고,여주교도소 사업장생활계폐기물 처리
"여주교도소 수용자 자비부담 안경(렌즈,안경테) 구매 입찰",여주교도소 수용자 자비부담 안경 구매
"역사지리정보 DB 공간데이터 관리시스템 개발 용역(주요05, 이재훈)",역사지리정보 공간데이터 관리시스템 개발
연구개발 성과의 효율적 관리를 위한 특허 창출 활용 등 전주기적 생태계 구축(2025년),연구개발 성과 특허 전주기 생태계 구축
연구용역(형사사건과 밀접하게 관련된 필수 민사 법리 연구),형사사건 관련 필수 민사 법리 연구
"연구장비 (이동형 토양 메탄, 이산화탄소, 수분 분석 장비) 구매 입찰공고",이동형 토양 메탄·CO2 분석 장비 구매
연구장비 [농림위성 엽면적지수 지상관측망(DHP)] 구매,농림위성 엽면적지수 지상관측망 구매
연근해 저차해양생태계 생물 현황 및 먹이망 구조 파악(I),연근해 저차해양생태계 먹이망 파악(I)
연세대학교 6.25참전유공자 디지털 명비 디자인·제작·설치 및 영상제작 (긴급),연세대 6.25참전유공자 디지털 명비 제작
연세대학교 6.25참전호국영웅 디지털 명비 디자인 제작 설치 및 영상 제작,연세대 6.25참전영웅 디지털 명비 제작
연수경찰서어린이집 영유아아이들 식자재 납품업체 선정 신선하고 안전한 식재료 급식 간식 식자재 납품업체를 아래와 같이 공개 모집하오니 계약 체결의사가 있는 업체의 많은 참여바랍니다,연수경찰서어린이집 식자재 납품업체 선정
연천-신탄리2 도로건설공사 건설폐기물(폐아스팔트콘크리트) 처리용역,연천-신탄리2 도로 폐아스콘 처리
연천-신탄리2 도로건설공사 관급자재(레미콘 25-21-40) 구매 ,연천-신탄리2 도로 레미콘 구매
연평도항 외곽 및 기타시설 축조공사(부잔교 제조구매·설치),연평도항 외곽시설 부잔교 제조·설치
연합지휘통제체계(AKJCCS) 성능개량 체계개발 PMO사업,연합지휘통제체계 개량 PMO사업
연합지휘통제체계(AKJCCS) 성능개량 체계개발 감리용역 계약 위탁요청,연합지휘통제체계 개량 감리 위탁
영강 국가하천 승격구간 실시간 모니터링 체계 구축사업 금속기둥(15m) 구매,영강 국가하천 모니터링 금속기둥 구매
영강 별암지구 하천환경정비사업 건설사업관리(시공단계)용역,영강 별암지구 하천환경정비 건설관리
영남119특수구조대 수난구조훈련장 잠수풀장 유지보수 용역,영남119 수난구조훈련장 잠수풀장 보수
영덕농업테마파크 유리온실 추가수목 식재공사 견적제출 공고,영덕농업테마파크 유리온실 수목 식재
영목항 건설공사 실시설계 건설사업관리용역(설계VE 포함),영목항 건설 실시설계 건설사업관리
"영산,남평,노안,다도,동강,세지,반남치안센터 등 7개관서 내진성능평가 용역",영산 등 7개 치안센터 내진성능평가
영산강 나주2-1지구 하천환경정비사업 폐기물 위탁처리용역,영산강 나주2-1지구 하천정비 폐기물처리
영산강 담양지구 하천환경정비사업 등 6개소 국가유산 영향진단용역,영산강 담양지구 등 국가유산 영향진단
영산강 등 3개 수계 국가하천 실시간 모니터링 시스템 유지관리용역,영산강 등 국가하천 모니터링 유지관리
영산강 하류권역(함평천 등) 하천기본계획 전략환경영향평가용역,영산강 하류권역 하천기본계획 환경평가
영산강·섬진강 중권역 물환경관리계획(2026-2030) 수립 연구용역,영산강·섬진강 물환경관리계획 수립연구
영산강·섬진강유역 협력적 거버넌스 및 통합물관리 정책 실현 연구 용역,영산강·섬진강 통합물관리 정책 연구
영산강권역 AI 홍수예보 및 국가하천 승격을 고려한 홍수예보체계 개선 연구,영산강권역 AI 홍수예보체계 개선 연구
영산강물환경센터 외자장비_액체크로마토그래프(LCMSMS),영산강물환경센터 액체크로마토그래프
영암군 농업기계 안전교육 보관시설 관급자재(혼합골재) 구매,영암군 농업기계 안전교육시설 혼합골재
영오면 연당지구 농촌공간정비사업 조사측량 및 실시설계 용역 견적 제출 공고,영오면 연당지구 조사측량·실시설계
영오면 연당지구 농촌공간정비사업 편입건축물 철거공사 지정폐기물 처리 용역 견적 제출 공고,영오면 연당지구 철거 지정폐기물 처리
영월교도소(대체복무교육센터 포함) 급식용 공산품(수산물 포함) 구매 입찰,영월교도소 급식 공산품 구매 입찰
영유아 정서 심리 지원 프로그램 현황 및 수요 분석 연구 ,영유아 정서 심리 지원 프로그램 분석
영종~청라 연결도로(제3연륙교) 건설공사 1공구 폐기물처리용역(2차),제3연륙교 건설 1공구 폐기물처리(2차)
영종~청라 연결도로(제3연륙교) 건설공사 도로 사용개시 전 교통시설안전진단 용역,제3연륙교 도로 교통시설안전진단
영종~청라 연결도로(제3연륙교) 건설공사 제2공구-가열아스콘,제3연륙교 제2공구 가열아스콘
영종~청라 연결도로(제3연륙교) 건설공사 제2공구-개질아스콘,제3연륙교 제2공구 개질아스콘
영종국제도시 공공공지 및 시설물 유지관리 공사(연간단가),영종국제도시 공공공지 시설물 유지관리
영종국제도시 미단시티 해안둘레길 조성 사전타당성 조사용역,영종 미단시티 해안둘레길 타당성 조사
영종도 공기부양정 기지 방풍벽 설치 사업(공사) 계약 의뢰,영종도 공기부양정 기지 방풍벽 설치
영주 첨단베어링 국가산업단지 진입도로 건설공사 실시설계 문화재지표조사 건설엔지니어링,영주 베어링산단 진입도로 문화재지표조사
영주 첨단베어링 국가산업단지진입도로 건설공사 소규모지하안전영향평가 건설엔지니어링,영주 베어링산단 진입도로 지하안전평가
영주 첨단베어링 국가산업단지진입도로 건설공사 실시설계 건설엔지니어링 교통시설안전진단용역,영주 베어링산단 진입도로 교통안전진단
영주귀국 사할린동포 실태조사 사전연구 및 시범조사 연구용역,사할린동포 실태조사 사전·시범조사 연구
영주첨단베어링 국가산업단지 진입도로 소규모환경영향평가 건설엔지니어링,영주 베어링산단 진입도로 환경영향평가
영주첨단베어링 국가산업단지 진입도로 재해영향평가 건설엔지니어링,영주 베어링산단 진입도로 재해영향평가
영천시 아열대 실습형임대온실 조성공사 기본 및 실시설계 용역,영천시 아열대 실습형임대온실 설계
영현면 촌스런어울림센터 인테리어 정비사업 견적 제출 공고,영현면 촌스런어울림센터 인테리어 정비
예비품 및 서특단 1002함 등 2척 일반자재(스텐단니플 등 29종) 구매,서특단 1002함 등 일반자재 구매
예비품 및 서특단 1002함 등 3척 수리소요 일반자재(오링 등 27종) 구매,서특단 1002함 등 수리 일반자재 구매
예비품 및 서특단 1002함 등 3척 일반자재(클램프 등 26종) 구매,서특단 1002함 등 일반자재 구매
예비품 전기통신자재(BOARD 등 5종 12점) 구매(특수조건 필독),예비품 전기통신자재 구매
"예산국토 관내(당진, 아산, 천안권역) 비탈면 배수로 정비공사",예산국토 당진권역 비탈면 배수로 정비
"예산국토 관내(보령, 서산, 예산, 홍성권역) 비탈면 배수로 정비공사",예산국토 보령권역 비탈면 배수로 정비
예산국토 관내1권역 도로유지보수공사 등 건설폐기물처리용역,예산국토 관내1권역 도로보수 폐기물처리
예산국토 관내1권역 도로유지보수공사(하반기) 등 건설폐기물처리용역,예산국토 관내1권역 하반기 폐기물처리
예산국토 관내2권역 도로유지보수공사 등 건설폐기물처리용역,예산국토 관내2권역 도로보수 폐기물처리
예술 분야 후원 및 투자 활성화를 위한 세제 및 법제도 개정안 연구,예술 후원·투자 세제·법제도 개정 연구
예술의전당 2025년도(15차년도) LED 조명기 교체 구매설치,예술의전당 LED 조명기 교체 구매설치
예술의전당 공동구 노후 배관 교체 공사(수의견적-여성기업 또는 장애인기업 대상),예술의전당 공동구 노후 배관 교체공사
예술의전당 승강기 내부용 영상감시장치 구매설치(CCTV),예술의전당 승강기 내부 CCTV 구매설치
예술의전당 음악당 리사이틀홀 LED 조명시스템 교체 구매,예술의전당 리사이틀홀 LED 조명 교체
예술의전당 한가람미술관 리모델링 공사(건축)-80억 실적제한,예술의전당 한가람미술관 리모델링(건축)
예술의전당 한가람미술관 리모델링 공사(정보통신)-지역제한,예술의전당 한가람미술관 리모델링(통신)
예술의전당 한가람미술관 리모델링공사 건설폐기물 처리용역(긴급),예술의전당 미술관 리모델링 폐기물처리
"예술의전당 한가람미술관 리모델링공사 상주감리(건축,기계) 용역",예술의전당 미술관 리모델링 상주감리
예술의전당 한가람미술관 리모델링공사 시공감리(전기) 용역,예술의전당 미술관 리모델링 시공감리(전기)
예천감천우체국 건립공사 건설재해예방 기술지도용역(건설분야),예천감천우체국 건설재해예방 기술지도
예천지구 전기및계측제어(1차) 관급자재(감시제어시스템) 구매,예천지구 감시제어시스템 구매
옛 전남도청 개관 기념 기증전 전시영상 제작 및 설치 용역,옛 전남도청 기증전 전시영상 제작
옛 전남도청 전시설계 및 제작 설치 사업 감리용역(전기 통신),옛 전남도청 전시 설계·제작 감리(전기통신)
옛전남도청 복원콘텐츠 통합DB관리시스템 유지관리(홈페이지 항목 포함)용역,옛전남도청 복원콘텐츠 DB시스템 유지관리
오대산 진입도로 및 문화유산지구내 무장애탐방로 피안교 보안공사,오대산 무장애탐방로 피안교 보안공사
오대산국립공원 산문주차장 차량 안전시설(카스토퍼) 구매 설치,오대산 산문주차장 카스토퍼 구매설치
오산우체국 건립공사 안전관리계획서 검토 및 정기안전점검 수행기관 지정 공고,오산우체국 안전관리계획 검토 기관 지정
오송 국제 K-뷰티아카데미 건립공사(자동제어 시스템 설치공사),오송 K-뷰티아카데미 자동제어 설치공사
오천읍 세계지구 농촌공간정비사업(돈사) 철거공사 건설폐기물 처리 및 운반 용역,오천읍 세계지구 돈사 철거 폐기물처리
"옥과우체국 및  사가우체국 내진보강공사(구조, 건축) 설계 용역",옥과·사가우체국 내진보강 설계
옥천 복숭아 병해충 및 농업기상 종합 정보 시스템 구축 용역(협상에의한계약)(긴급),옥천 복숭아 병해충·농업기상 시스템 구축
옥천 스마트팜 실증 플랫폼 구축사업 기본 및 실시설계 용역,옥천 스마트팜 실증 플랫폼 설계
옥천군 농촌신활력플러스사업 국도4호선 VDS 이설 공사(통신),옥천군 국도4호선 VDS 이설공사(통신)
온두라스 아마팔라 항만개발 기본계획 수립 및 타당성 조사,온두라스 아마팔라 항만개발 타당성 조사
온라인도매시장 운영체계 개선방안 마련 및 중장기 로드맵 구축 연구,온라인도매시장 운영 개선·로드맵 연구
온라인심의정보시스템 구축을 위한 정보화전략계획(ISP) 수립,온라인심의정보시스템 ISP 수립
온실가스 관측 초소형 위성 개발  관제⸱수신 기술 개발(2025~2028),온실가스 관측 초소형 위성 관제수신 개발
온실가스 관측 초소형 위성 개발 - 알고리즘 및 활용기술 개발(2025),온실가스 위성 알고리즘·활용기술 개발
온실가스 기원분석 자료 생산 및 배출흡수 계절특성 분석 연구용역 계약,온실가스 기원분석 배출흡수 특성 연구
온실가스 배출 전망 시나리오 분석체계 구축 및 다각화 방안 마련 연구,온실가스 배출 시나리오 분석체계 구축
온실가스 측정의 신뢰성 평가 체계 구축(Ⅱ) - 도시지역 온실가스 관측망 설치·운영 방법 표준화 -,온실가스 측정 신뢰성 평가 체계 구축(Ⅱ)
"온실가스(이산화탄소, 메탄) 측정장비 유지보수(2025년)",온실가스 측정장비 유지보수(2025년)
"온실가스(이산화탄소, 메탄) 측정장비 유지보수(2026년)",온실가스 측정장비 유지보수(2026년)
올바른 119구급차 이용문화 확산을 위한 홍보물 인쇄(수의시담),119구급차 이용문화 확산 홍보물 인쇄
와인 제조시설 신축공사 (지역농업CEO 발전기반구축 지원사업) - 입찰대행,와인 제조시설 신축공사
완도 323함 등 3척 MGPS(CU ANODE ASS'Y 등 14종 28점) 구매,완도 323함 등 MGPS 구매
완도 323함 등 3척 전기통신자재(PLUG IN BOARD 등 6종 6점) 구매(특수조건 필독),완도 323함 등 전기통신자재 구매
완도해경 땅끝파출소 연안구조정(S-115) 우현 주기관 인터쿨러 구매,완도해경 연안구조정 주기관 인터쿨러 구매
완도해경 마량파출소 S-91정 양현 주기관 총분해수리 용역,완도해경 S-91정 주기관 총분해수리
완도해경 함정승조원 지원시설 관급자재 (빌딩자동제어장치) 구매 ,완도해경 함정승조원시설 빌딩자동제어장치
완도해경 함정승조원 지원시설 신축 시스템에어컨 구매(제조) 설치,완도해경 함정승조원시설 시스템에어컨 설치
완주 상운리 원상운 고분군 1~3차 발굴조사 보고서 발간,완주 원상운 고분군 발굴조사 보고서 발간
왕궁리유적 경관 분석모델 구축을 위한 3차원 모형 고도화 사업 용역,왕궁리유적 경관분석 3차원 모형 고도화
왕산면 송현리 334-5 일원 농로포장 정비공사 폐기물처리용역,왕산면 송현리 농로포장 폐기물처리
왕피천유역 생태경관보전지역 소나무 고사지 및 재선충병 모니터링,왕피천 소나무 고사지·재선충병 모니터링
왜관센터 시약 및 소모품(메틸알코올 등 22종) 구매(입찰),왜관센터 시약·소모품 22종 구매
왜관센터 시험분석용 시약 및 소모품(메틸알코올 등 105종)구매(입찰),왜관센터 시험분석 시약·소모품 105종 구매
외국인 계절근로 통합관리플랫폼 구축 사업 (1차년도) 감리 및 개인정보영향평가,외국인 계절근로 플랫폼 감리·개인정보영향평가
외국인 계절근로자 제도 지원 전문기관 지정 및 운영방안 연구,외국인 계절근로 지원기관 운영방안 연구
외래 병해충 표본 디지털 전환 인프라 구축 사업 리스 회사 선정 요청,외래 병해충 표본 디지털 전환 리스사 선정
외무공무원 역량개발을 위한 영사 시뮬레이션 교육 프로그램 개발 연구용역,외무공무원 영사 시뮬레이션 교육 개발
외식 나트륨·당류 저감 환경 조성을 위한 저감 메뉴 개발 지원,외식 나트륨·당류 저감 메뉴 개발 지원
외자(고성능 액체크로마토그래피 연계 안정동위원소 인터페이스 시스템) ,외자 액체크로마토그래피 안정동위원소 시스템
외자(기체크로마토그래프 질량분석기) 구매 요청(첨가물포장과),외자 기체크로마토그래프 질량분석기 구매
외자(액체크로마토그래프 질량분석기) 구매 요청(첨가물포장과),외자 액체크로마토그래프 질량분석기 구매
외자(탁상용핵자기공명분광기(NMR)) 구매 요청(약리마약연구과),외자 탁상용 핵자기공명분광기(NMR) 구매
요가·필라테스 표준약관 제정안 마련을 위한 실태조사 연구,요가·필라테스 표준약관 실태조사 연구
요양(병)원 화재 대비·대응체계 분석 및 강화 방안 연구,요양병원 화재 대응체계 분석·강화 연구
욕지항 다기능어항 조성공사 건설폐기물(폐합성수지) 처리용역(1차),욕지항 다기능어항 폐합성수지 처리
욕지항 다기능어항 조성공사 관급자재(해상레미콘 BP) 구매,욕지항 다기능어항 해상레미콘 BP 구매
욕지항 다기능어항 조성공사(6차) 건설폐기물(폐합성수지) 처리용역,욕지항 다기능어항 폐합성수지 처리(6차)
욕지항 다기능어항 조성공사(6차) 관급자재(열연강판) 구매,욕지항 다기능어항 열연강판 구매(6차)
욕창예방 매트리스(폼형) 품질 측정 장비 사용 수수료 용역,욕창예방 매트리스 품질측정 장비 수수료
용기포항 신항 동방파제 보강 기본 및 실시설계 건설사업관리(설계VE 포함)용역(1차),용기포항 동방파제 보강 설계 건설사업관리
용기포항 신항 동방파제 보강 기본 및 실시설계용역(1차),용기포항 동방파제 보강 실시설계
"용도별 국내육성 보리품종 생산,가공연계 보급 활성화 시범사업 입찰 공고(민간대행)",국내육성 보리품종 생산·가공 보급 시범
용역 소액수의 견적제출 공고(만경·동진·섬진강권역 수위관측소 신설사업 실시설계),만경·동진·섬진강 수위관측소 실시설계
용역 소액수의 견적제출 공고(영산․탐진․섬진강권역수위관측소 신설사업 실시설계),영산·탐진·섬진강 수위관측소 실시설계
용역 수의계약 견적제출 안내공고[농업기술센터 건축물 철거공사 건설폐기물처리 용역],농업기술센터 철거 건설폐기물 처리
용역 입찰 공고[거제시 망치지구 연안정비사업 기본설계용역(가격입찰)],거제 망치지구 연안정비 기본설계
용역 전자 입찰공고[마산항 재해취약지구 정비사업 기본 및 실시설계용역(가격입찰)],마산항 재해취약지구 정비 설계
용역 집행계획 및 사업수행능력 평가서 제출공고 [지세포항 정비공사 환경영향평가용역],지세포항 정비공사 환경영향평가
"용역(총톤수 10톤급 친환경 수산과학조사선 기본, 실시설계)",10톤급 친환경 수산과학조사선 설계
용역사업 집행계획 및 사업수행능력평가서 제출안내 공고(목포항 재해취약지구 정비사업 기본 및 실시설계용역),목포항 재해취약지구 정비 설계
용역사업 집행계획 및 사업수행능력평가서 제출안내 공고(흑산도항 재해취약지구 정비사업 기본 및 실시설계용역),흑산도항 재해취약지구 정비 설계
용역사업 집행계획 및 사업수행능력평가서 제출안내 공고[목포북항 항만 환경개선사업(생활SOC) 건설사업관리용역],목포북항 항만 환경개선 건설사업관리
용역사업 집행계획 및 사업수행능력평가서 제출안내 공고[목포신항 제2준설토 투기장 건설 기본 및 실시설계용역],목포신항 제2준설토 투기장 설계
용역사업 집행계획 및 사업수행능력평가서 제출안내 공고[목포항 및 흑산도항 항만시설물 정밀안전점검 및 성능평가용역],목포항·흑산도항 시설물 정밀안전점검
용역사업 집행계획 및 사업수행능력평가서 제출안내 공고[서망항 정비공사 기본 및 실시설계용역],서망항 정비공사 기본·실시설계
용역사업 집행계획 및 사업수행능력평가서 제출안내 공고[초평항 건설공사 사후환경영향조사용역(운영시)],초평항 건설 사후환경영향조사(운영시)
용역집행 계획 및 사업수행능력평가서 제출안내 공고[서부정비창 신설사업 사후환경영향조사(운영시) 용역],서부정비창 신설 사후환경영향조사
용역집행계획 및 사업수행능력평가자료 제출 공고[마산항 제5부두 및 포철부두 배후부지 시설공사 등 통합건설사업관리용역],마산항 제5부두·포철부두 통합건설사업관리
우리 국민과 주한미군 간 민군관계 발전을 위한 SNS 채널 및 서포터즈 운영,주한미군 민군관계 SNS·서포터즈 운영
우리 기업의 전략적 진출 지원을 위한 중남미 지역공동체와의 협력 사업,중남미 지역공동체 협력 진출 지원
우리나라 주변해역에 출현하는 어란 및 자치어의 시공간분석,주변해역 어란·자치어 시공간분석
우성해상(주) 물류창고 신축공사(미음동 1651-1번지),우성해상 물류창고 신축공사
우수치유농업시설 품질인증 기준모델 육성 온실 제작 구매 수의견적제출 안내공고(민간입찰대행),우수치유농업 품질인증 육성온실 제작
우정사업 디지털 중장기(2026~2030) 전략계획 수립,우정사업 디지털 중장기 전략계획 수립
우주감시 인프라 및 정보서비스 국내 수요·공급 생태계 구축 방안 연구,우주감시 인프라·정보서비스 생태계 연구
우주항공청 연구개발사업 연구개발비 위탁정산 회계법인 선정,우주항공청 연구개발비 위탁정산 회계법인
우즈베키스탄 경찰 전문교육원의 경찰교육·훈련 마스터플랜 수립 ,우즈베키스탄 경찰교육 마스터플랜 수립
우체국 국제우편물 주소 수기기표지 6종 제조구매 연간단가,국제우편물 주소 수기기표지 6종 제조
우체국 내진성능평가 제3자 검증 용역(광혜원우체국 등 6국),우체국 내진성능평가 제3자 검증(6국)
우체국 자과초금 및 점외 자동화(365코너) 통합 위탁운송 용역 계약,우체국 자동화 통합 위탁운송
우체국금융 압류 법원공탁 위탁업체 선정 및 연간(1년) 수수료 단가계약,우체국금융 압류 법원공탁 위탁업체 단가
"우체국소포 운송장 3종(B형, 초소형, 녹색) 제조구매 연간단가",우체국소포 운송장 3종 제조 연간단가
우크라이나 전쟁 이후 러북관계 전망 및 대응전략 연구용역(긴급),우크라이나 전쟁 이후 러북관계 전망 연구
운동장애(틱장애 등) 치료를 위한 디지털의료기기(디지털의료기기소프트웨어) 개발,운동장애 치료 디지털의료기기 개발
운전경험정보관리시스템(DIOS) 활용을 위한 국내외 원전사건정보 및 TS LOC 진입정보 분석,DIOS 원전사건·TS LOC 진입정보 분석
운전경험정보관리시스템(DIOS)의 활용을 위한 국내외 원전 사건정보 및 TS LCO 진입정보 분석,DIOS 원전사건·TS LCO 진입정보 분석
운행차 저감장치 결함확인검사 대상장치 선정(2025) - 배출가스 저감장치,운행차 저감장치 결함확인검사 대상 선정
울릉 사동항 함정승조원 지원시설 관급자재(냉난방기 구매설치) 구매 요청,울릉 사동항 함정승조원시설 냉난방기
울릉 사동항 함정승조원 지원시설 관급자재(자동제어 및 에너지제로시스템) 구매,울릉 사동항 함정승조원시설 자동제어시스템
울릉(사동)항 태풍피해 복구공사 건설폐기물(폐합성수지) 처리용역(7차),울릉 사동항 태풍복구 폐합성수지 처리(7차)
울릉공항 건설공사 건설폐기물(폐콘크리트) 처리용역(5차),울릉공항 건설 폐콘크리트 처리(5차)
울릉공항 건설공사 건설폐기물(폐합성수지) 처리용역(5차),울릉공항 건설 폐합성수지 처리(5차)
울릉공항 태풍피해 복구공사 건설폐기물(폐콘크리트) 처리용역(6차),울릉공항 태풍복구 폐콘크리트 처리(6차)
울릉공항(태풍피해 복구공사) 관급자재(해상BP레미콘) 구매,울릉공항 태풍복구 해상BP레미콘 구매
울릉공항건설공사(6차) 관급자재(수도용폴리에틸렌관) 구매,울릉공항 수도용폴리에틸렌관 구매(6차)
울릉군 남양3리지구 연안정비사업 기본 및 실시설계 경제성 검토(설계VE)용역 ,울릉 남양3리 연안정비 경제성검토(VE)
울산 1009함 공기압축기 부속(LT-2216X) 구매(특수조건 필독),울산 1009함 공기압축기 부속 구매
울산 1009함 주기관(PIELSTICK) 총분해수리 부속 구매(특수조건 필독),울산 1009함 주기관 총분해수리 부속 구매
울산 농소-경주 외동 국도건설공사 가연성 건설폐기물 처리용역,울산 농소-경주 국도 건설폐기물 처리
울산 테크노산단 활력있고 아름다운거리 조성 플러스 사업 기본(디자인) 및 실시설계용역,울산 테크노산단 거리조성 설계
울산1009함 주기관(PIELSTICK 12PA) 총분해수리(W6),울산1009함 주기관 총분해수리(W6)
울산HTV 일반산단 2단계 조성사업 문화재 정밀발굴조사용역(잔여구간),울산HTV 산단 2단계 문화재 정밀발굴
"울산HTV일반산업단지 2단계 조성사업 사후환경영향조사용역(공사시, 3차년도)",울산HTV 산단 2단계 사후환경영향조사
"울산HTV일반산업단지(1단계)조성사업 사후환경영향조사용역(운영시,1차년도)",울산HTV 산단 1단계 사후환경영향조사
울산·포항 유해화학물질 사외배관 정보현행화 및 QR표지판 구축,울산·포항 유해화학물질 배관 QR표지판
"울산고용복지플러스센터 7, 8, 10층 냉난방기 교체 공사 수의견적 제출 안내 공고",울산고용복지센터 냉난방기 교체 공사
울산구치소 부식물(김치류 7종) 구매단가 계약 입찰 공고,울산구치소 김치류 7종 구매단가
울산구치소 사업장 생활폐기물 수거 및 위탁처리 용역 소액수의 견적 제출 공고,울산구치소 생활폐기물 수거·위탁처리
울산구치소 수용동 스프링클러 설치를 위한 설계 용역 입찰 공고,울산구치소 수용동 스프링클러 설계
울산구치소 수용자 혈액검사 용역 단기 계약 소액수의 견적 제출 공고,울산구치소 수용자 혈액검사
울산구치소 음식물쓰레기 수거 및 위탁처리 용역 소액수의 견적 제출,울산구치소 음식물쓰레기 수거·처리
울산농소-경주외동 국도건설공사 매장유산 정밀발굴조사용역(Ⅱ),울산농소-경주 국도 매장유산 정밀발굴(Ⅱ)
울산동부경찰서어린이집 2025학년도 식자재납품업체 선정 공고,울산동부서어린이집 식자재납품업체 선정
울산보호관찰소 청사 증축공사 관급자재(빌딩자동제어장치) 구매,울산보호관찰소 증축 빌딩자동제어장치
울산신항 남방파제(1-1공구) 보강공사 건설폐기물(폐합성수지) 처리용역,울산신항 남방파제 보강 폐합성수지 처리
울산신항 북항 방파호안 보강공사 기본 및 실시설계 건설사업관리(설계VE 포함) 용역,울산신항 북항 방파호안 보강 건설사업관리
"울산울주경찰서 직장어린이집 개원물품(교구,교재) 구매입찰 공고",울산울주서어린이집 개원 교구·교재 구매
"울산울주경찰서 직장어린이집 개원물품(전자제품, 주방용품, 사무용가구) 구매 입찰공고",울산울주서어린이집 개원 전자제품 등 구매
울산자유무역지역 표준공장 증설사업 관급자재(빌딩자동제어시스템) 구매요청,울산자유무역지역 표준공장 빌딩자동제어
울산자유무역지역 표준공장 증축공사(건축공사) 관급자재(불연세라믹합금도금강판) 구매,울산자유무역지역 표준공장 도금강판 구매
울산해양경찰서 2026년도 함정 고상폐기물 위탁처리 단가계약,울산해경 함정 고상폐기물 위탁처리 단가
울산해양경찰서 방제13함 LNG(액화천연가스) 구매 소액수의 견적공고,울산해경 방제13함 LNG 구매
울산해양경찰서 방제13함 선박용 천연가스(LNG) 공급건,울산해경 방제13함 선박용 LNG 공급
울진 202정 등 2척 주기관 수리자재 및 예비품 구매(특수조건 필독),울진 202정 등 주기관 수리자재·예비품
울진 원자력수소 국가산업단지 진입도로 사전타당성평가 건설엔지니어링,울진 원자력수소 산단 진입도로 타당성평가
울진군 봉평2지구 연안정비사업 건설폐기물(폐콘크리트) 처리용역,울진 봉평2지구 연안정비 폐콘크리트 처리
울진권역 국가어항(구산·사동항) 정비사업 건설사업관리용역,울진 구산·사동항 정비 건설사업관리
울진권역 국가어항(구산항) 정비사업 사후환경영향조사용역(공사시),울진 구산항 정비 사후환경영향조사
"울진권역 국가어항(죽변, 오산항) 정비사업 건설사업관리용역",울진 죽변·오산항 정비 건설사업관리
울진권역 국가어항(죽변항) 정비사업 사후환경영향조사용역(공사시),울진 죽변항 정비 사후환경영향조사
웅양면 기초생활거점 2단계 기본 및 시행계획 수립 및 지역역량강화 용역,웅양면 기초생활거점 2단계 계획·역량강화
"웅양면 단노을 농촌유휴시설활용 지역활성화사업(건축,기계,토목)",웅양면 단노을 농촌유휴시설 지역활성화
원격상관관계 기반 통계학적 기후예측 모델 시공간 상세화분석,원격상관관계 통계 기후예측 모델 상세화
"원내 도로, 주차장 포장 및 안전시설물 설치공사 건설폐기물 운반 및 처리용역",원내 도로·주차장 포장 폐기물 운반·처리
"원내 도로, 주차장 포장 및 안전시설물 설치공사 설계용역",원내 도로·주차장 포장 설계
"원내 도로,주차장 포장 및 안전시설물 설치공사 건설폐기물 처리용역",원내 도로·주차장 포장 건설폐기물 처리
원료·제조물 분야 중대시민재해 법령 이행기반(정책) 구축사업(II),원료·제조물 중대시민재해 정책 기반 구축
원료·제조물 분야 중대시민재해 법령 이행기반(홍보) 구축사업(II),원료·제조물 중대시민재해 홍보 기반 구축
원산지검정과 분광영상 융합 기술을 활용한 원산지검정법 개발 연구,원산지검정·분광영상 융합 검정법 개발
원예과 딸기 원원묘 보급 및 신품종 육성 육묘장 보강공사,원예과 딸기 원원묘 보급 육묘장 보강
원예과 블루벨리 첨단육종 연구장비(초정밀 식물생장상) 구입,원예과 블루베리 육종 초정밀 식물생장상
원예과 스마트 정밀농업 장비(기상데이터측정장비 외 1종) 구입,원예과 스마트농업 기상데이터측정장비
원예실증시험포장 스마트농업 테스트베드 하우스 개보수 및 피복교체 공사,원예 스마트농업 테스트베드 하우스 개보수
원예작물 난방제 병해충 발생 사전예측 연구 시설 전기공사,원예작물 난방제 병해충 예측 시설 전기
원예작물난방제병해충방생사전예측연구시설(환경과 병해충 검정온실 증축) 공사,원예작물 병해충 예측 검정온실 증축
원예특작 품목별 디지털육종 연구자 역량 강화 및 중장기 전략 수립 용역,원예특작 디지털육종 역량강화·전략 수립
원자력 안전 전문 교수인력 양성사업 체계 기획 및 교육훈련과정 개발,원자력 안전 교수인력 양성 교육과정 개발
원자력 안전에 대한 도전과 협력에 관한 동향 조사(수의시담),원자력 안전 도전·협력 동향 조사
"원자력, 방사선‧방재 규제선진화 신규사업 기획‧신청‧대응 연구 및 지원",원자력·방사선·방재 규제선진화 신규 기획
"원자력, 방사선‧방재 규제선진화 신규사업 기획‧신청‧대응 연구 및 지원(수의시담)",원자력·방사선·방재 규제선진화 기획(시담)
원자력·방사선 안전규제 분야 인력 실태 및 수요전망 조사,원자력·방사선 안전규제 인력 수요전망
원자력안전 사전실습 교육강화 사업 현황분석 및 개선방안 연구용역,원자력안전 사전실습 교육강화 개선 연구
원자력안전 사전실습 교육강화 사업 현황분석 및 개선방안 연구용역(수의시담),원자력안전 사전실습 교육강화 연구(시담)
원자력안전 연구개발 성과물 원자료 관리 전략 수립 연구(수의시담),원자력안전 R&D 원자료 관리전략(시담)
원자력안전규제 지시관리시스템(AI솔로몬) 운영 및 유지보수,원자력안전규제 지시관리시스템 유지보수
원자력안전기반조성사업 성과지표 검토 및 신규 통합지표 개발,원자력안전기반 성과지표·통합지표 개발
원자력안전위원회 정책연구용역(미래환경변화에 따른 원자력 안전규제 조직 효율화 방안 연구),원자력안전규제 조직 효율화 방안 연구
원자력안전위원회 정책연구용역(방사선이용 안전관리 부실 우려기관의 대응방안 연구),방사선이용 안전관리 부실 대응방안 연구
원자력안전위원회 정책연구용역(원자력안전법에 따른 과징금·과태료 부과기준 개선방안 마련),원자력안전법 과징금·과태료 기준 개선
원자력안전위원회 정책연구용역(차등접근을 적용한 규제체계 개선방안 및  PSA적용성 검토),차등접근 규제체계 개선·PSA 적용성 검토
원전 안전관련 펌프 및 밸브 가동중시험 DB 관리 프로그램 개발,원전 펌프·밸브 가동중시험 DB 프로그램
원전 해체 관련 자체처분 규제기준 현행화 방안 연구(수의시담),원전 해체 자체처분 규제기준 현행화(시담)
원정리 노후 폐유수용시설 해체(철거) 공사 건설폐기물 처리 용역 ,원정리 폐유수용시설 해체 건설폐기물 처리
원주교도소 대체복무생활관 이전 신축공사 건설사업관리용역 ,원주교도소 대체복무생활관 건설사업관리
원주교도소 신축 통신공사 관급자재(무인접견시스템 구매 및 설치),원주교도소 신축 무인접견시스템 구매
원주교도소 의무교도대 생활관 신축 이전부지 내 폐기물 처리 용역,원주교도소 생활관 이전부지 폐기물 처리
원주교도소 의무교도대 생활관 이전부지 내 건설폐기물 처리용역,원주교도소 생활관 이전부지 폐기물 처리
원주교도소 의무교도대 생활관 이전부지 내 방치폐기물 위탁처리 용역,원주교도소 생활관 방치폐기물 위탁처리
원주교도소 의무교도대 생활관 이전부지 내 방치형 폐기물 위탁처리 용역 공고,원주교도소 생활관 방치폐기물 위탁처리
"원주교도소 직영작업장 재료(면사 40수 25,000kg/면사 60수 3,000kg) 구매 ",원주교도소 직영작업장 면사 구매
원주우체국 FC실 환경개선 공사 소액수의  견적제출 공고,원주우체국 FC실 환경개선 공사
원주천 관설지구 하천정비사업 3차 Hicom 강거더 제작 및 설치,원주천 관설지구 하천정비 Hicom 강거더
원주천 관설지구 하천정비사업 3차 레미콘 25-40-150,원주천 관설지구 하천정비 레미콘
원주천 관설지구 하천정비사업(3차) T.R.M 가설교량 제작 및 설치,원주천 관설지구 하천정비 TRM 가설교량
원주천 관설지구 하천정비사업(3차) 산성교 LF합성거더 제작 및 설치,원주천 관설지구 산성교 LF합성거더
월성 발굴조사 고환경 분석용 장비(소형 진공동결건조기) 구매,월성 발굴조사 소형 진공동결건조기 구매
월출산 탐방기반시설 조성사업(건축) 기본 및 실시설계 용역,월출산 탐방기반시설 조성 설계
월출산국립공원 탐방기반시설 조성사업 소규모 환경영향평가 용역,월출산 탐방기반시설 소규모 환경영향평가
위기관리 매뉴얼 관리·운영 및 재난대응 점검체계 마련 연구,위기관리 매뉴얼 운영·재난대응 점검 연구
위도항 기후변화대응 외곽시설 보강공사(4차) 관급자재(해상레미콘) 구매,위도항 외곽시설 보강 해상레미콘(4차)
위성관측 온실가스 자료를 활용한 기후위기 적응효과 분석 연구(2025),위성 온실가스 기후위기 적응효과 분석
위성영상 기반 북한 재난재해 모니터링 체계 구축 방안 연구(긴급),위성영상 북한 재난 모니터링 체계 연구
위성영상 기반 북한 재난재해 모니터링 체계 구축 방안 연구(긴급) 단독응찰에 따른 수의시담 공고,위성영상 북한 재난 모니터링 연구(시담)
위성자료 기반 재난관리 모니터링 정보의 표출 확산 체계 구축,위성자료 재난관리 모니터링 표출 체계
위성항법보정시스템 장비·예비품 구매(GNSS 수신기 및 안테나),위성항법보정시스템 GNSS 수신기·안테나
위천 상류 국가하천 승격구간 실시간 모니터링 체계 구축사업,위천 상류 국가하천 실시간 모니터링 구축
위천 상류 국가하천 승격구간 실시간 모니터링 체계 구축사업 금속기둥(15m) 구매,위천 상류 모니터링 금속기둥 구매
위천 하류 국가하천 승격구간 실시간 모니터링 체계 구축사업,위천 하류 국가하천 실시간 모니터링 구축
위천 하류 국가하천 승격구간 실시간 모니터링 체계 구축사업 금속기둥(15m) 구매,위천 하류 모니터링 금속기둥 구매
위천면 기초생활거점 2단계 기본 및 시행계획 수립 및 지역역량강화 용역,위천면 기초생활거점 2단계 계획·역량강화
위치추적기를 활용한 AI 감수성 조류의 시공간적 질병발생 추적 연구(25~26),위치추적기 AI 감수성 조류 질병발생 추적
위해가능영양성분 등 저감화 지원을 위한 식품영양정보 활용성 강화 연구,위해가능영양성분 저감 식품영양정보 연구
위해성 기반 극미세먼지(PM-1.0) 관리 선진화 연구(II),위해성 기반 극미세먼지 관리 연구(II)
위험기상 선행관측 연구개발 강화를 위한 K-드롭존데 시작품 개발,위험기상 선행관측 K-드롭존데 시작품 개발
위험물 분야 국가 기술·전문자격 신설 타당성 검증 연구용역,위험물 국가 기술·전문자격 신설 타당성
위험물시설 일반점검 요령 및 예방규정 작성지침 발간(수의시담),위험물시설 점검요령·예방규정 발간(시담)
위험성이 높은 리튬전지 등 특수가연물 지정관리를 위한 연구용역,리튬전지 등 특수가연물 지정관리 연구
위험성이 높은 리튬전지 등 특수가연물 지정관리를 위한 연구용역(수의시담),리튬전지 등 특수가연물 지정관리(시담)
유기물 특성을 이용한 가축분 퇴비 부숙도 지표 개발 연구,유기물 가축분 퇴비 부숙도 지표 개발
유기용제 종류별 휘발성 유기화합물 관리 기준 마련 연구(I) 계약 요청,유기용제 휘발성유기화합물 관리기준 연구
유네스코 세계유산 국제해석설명센터 건립공사 건축설계 용역,유네스코 세계유산 해석설명센터 건축설계
유럽 탄소국경조정제도 확정기 대응 지원 및 국제인정협력체계 구축 방안 연구(Ⅰ),유럽 탄소국경조정제도 대응·인정협력 연구
유로7 브레이크 제도 도입에 따른 시험 수수료 원가 산정,유로7 브레이크 시험 수수료 원가 산정
유망소재 대량증식 연구 및 추출물 확보를 위한 위탁재배(2차),유망소재 대량증식 추출물 위탁재배(2차)
유산기술학과 및 디지털헤리티지학과 연구개발 전산기자재 구매(컴퓨터),유산기술·디지털헤리티지학과 전산기자재
유실물종합관리시스템 DB 고도화 및 이관 사업 개인정보영향평가,유실물종합관리시스템 DB 개인정보영향평가
유아동 정신건강 10년 장기추적조사를 통한 청소년 정신건강문제 발생원인 규명,유아동 정신건강 장기추적 발생원인 규명
유역기반 지하수-지표수 수질수량 통합관리방안 연구(2025)-소유역 지하수-하천 상호작용 평가 중심으로-,유역 지하수-지표수 수질수량 통합관리
유역하수도 기인 미량오염물질 모니터링 및 관리체계 도입기반 마련 연구(VI),유역하수도 미량오염물질 관리체계 연구(VI)
유용 모발건강 소재의 임상 피부 자극 안정성 및 효력 평가,모발건강 소재 피부 자극 안전성·효력 평가
"유용미생물 배양 장비(저장조, 칠러, 에어드라이어, 살균수 제조장치) 구입 및 설치",유용미생물 배양 장비 구입·설치
유용미생물 친환경비료 생산기반 구축 기술지원(건축) 공사,유용미생물 친환경비료 생산기반 기술지원
"유전독성시험 교차 검증 연구(OECD TG471, TG473, TG474)(24211독성국242)",유전독성시험 교차 검증 연구
유전자가위 치료제의 단일세포 전사체 분석(25201바약안001),유전자가위 치료제 단일세포 전사체 분석
유전자원 디지털염기설열정보(DSI) 쟁점분석 및 대응 방향 연구(2025년),유전자원 디지털염기서열정보 쟁점분석
유전자원법 이행을 위한 나고야의정서 당사국의 규제절차 연구(2025년),나고야의정서 당사국 규제절차 연구
유전자원법 이행을 위한 유전자원 접근 이용현황 조사 및 홍보 이행지원(2025),유전자원 접근·이용현황 조사 이행지원
유전자원정보공유체계(ABSCH) 개선 및 고도화(2025년),유전자원정보공유체계(ABSCH) 고도화
유전정보 기반 급성바이러스 감염증 치료 마커 발굴 및 평가,유전정보 급성바이러스 치료 마커 발굴
유전정보 활용 국화 우수계통 조기 선발 평가 기술개발 연구용역,유전정보 국화 우수계통 조기선발 기술
유전정보 활용 국화 우수계통 조기선발 평가 기술개발 용역,유전정보 국화 우수계통 조기선발 기술
유전체 정보 기반 구축을 위한 반송 비교유전체 조립 및 분석,유전체 기반 반송 비교유전체 조립·분석
유치원 개별화교육계획 실행을 위한 교육진단 및 평가 방안 연구,유치원 개별화교육 교육진단·평가 연구
유행성이하선염 백신 후보주의 장기면역원성 및 감염방어능 평가를 위한 영장류 실험 연구,유행성이하선염 백신 영장류 면역원성 평가
율촌1·세풍산단 공공폐수처리시설 통합 운영관리 용역 기술제안서 제출 안내 및 입찰공고(긴급),율촌1·세풍산단 폐수처리시설 통합 운영관리
율촌1·세풍산단 공공폐수처리시설 통합 운영관리 용역 기술제안서 제출안내 및 입찰 공고(긴급),율촌1·세풍산단 폐수처리시설 통합 운영관리
율촌제1산단 공공폐수처리시설 분리막 구매 및 설치 전자입찰 공고,율촌1산단 폐수처리시설 분리막 구매·설치
율촌제1산단 공공폐수처리시설 설치사업(1-2단계) 전기공사 감리 용역 사업집행계획 및 사업수행능력평가서 제출안내 공고(긴급),율촌1산단 폐수처리시설(1-2단계) 전기공사 감리
율촌제1산단 공공폐수처리시설 설치사업(1-2단계) 전기공사(긴급),율촌1산단 폐수처리시설(1-2단계) 전기공사
율촌제1산단 공공폐수처리시설 수질원격감시체계(TMS) 유지관리 용역 소액수의견적 제출 공고,율촌1산단 폐수처리시설 TMS 유지관리
"율촌제1산단 공공폐수처리시설(1-2단계) 설치사업 관급자재(공법기자재, 고속응집침전설비)",율촌1산단 폐수처리시설 관급자재(공법기자재 등)
율촌제1산단 공공폐수처리시설(1-2단계) 설치사업 재해예방기술지도 용역,율촌1산단 폐수처리시설 재해예방기술지도
율촌제1산단 완충저류시설 설치·운영계획 수립 및 타당성조사 용역 소액 수의 견적제출 공고,율촌1산단 완충저류시설 설치·운영계획 타당성조사
율촌제1산단 정배수장 현대화사업 전기공사 감리 용역 사업수행능력평가서 제출 안내 공고,율촌1산단 정배수장 현대화 전기공사 감리
율촌제1산단 정배수장 현대화사업 폐기물 처리 용역(폐콘크리트·폐아스콘) 전자입찰 공고,율촌1산단 정배수장 현대화 폐기물 처리
은평세무서 청사 신축공사 감독 권한대행 등 건설사업관리용역,은평세무서 청사 신축 건설사업관리
음성 삼봉리 등 8개소 도로포장 보수공사-JHEAC개질아스팔트,음성 삼봉리 등 8개소 도로포장 개질아스팔트
음성분석 관련 과학수사 장비 조달 사업(AI 기반 음질개선 시스템),음성분석 과학수사 장비(AI 음질개선)
음성분석 관련 과학수사 장비 조달 사업(딥러닝 기반의 화자식별 시스템),음성분석 과학수사 장비(딥러닝 화자식별)
음성분석 관련 과학수사 장비 조달 사업(딥페이크 음성 분석 시스템),음성분석 과학수사 장비(딥페이크 음성분석)
음압격리병실 구축 공사 관급자재(출입통제설비) 구매(설치포함),음압격리병실 관급자재 출입통제설비
음압격리병실 구축 공사 관급자재(화상전화) 구매(설치포함),음압격리병실 관급자재 화상전화
의령경찰서 이전 신축공사 관급자재 (GHP실외기) 구매 계획,의령경찰서 신축 관급자재 GHP실외기
의령경찰서 이전 신축공사 관급자재 (냉난방기) 구매(설치) 공사,의령경찰서 신축 관급자재 냉난방기 설치
의령경찰서 이전 신축공사 관급자재(빌딩자동제어장치) 발주 요청,의령경찰서 신축 관급자재 빌딩자동제어장치
의료기기 GMP 상호인정 기반 마련을 위한 MDSAP 가입추진,의료기기 GMP 상호인정 MDSAP 가입추진
의료기기 배상책임보험(공제) 가입 품목 확대 및 제도 개선 방안에 관한 연구,의료기기 배상책임보험 품목확대 제도개선 연구
의료질 평가 종별·기능별 분리평가 지표개발 및 보상체계 연구,의료질 평가 종별·기능별 지표개발 연구
의료혁신 의제 선정을 위한 국민참여 워크숍 행사 위탁용역,의료혁신 의제선정 국민참여 워크숍
의성 노지 스마트농업 시범사업 정보시스템 구축 감리 용역,의성 노지 스마트농업 정보시스템 감리
의성군 축산용 임대농기계 구입(사료작물파종기) 구입 수의견적 제출 안내 공고,의성군 축산 임대농기계 사료작물파종기 구입
의성군 핵과류 다축수형 시험포장 조성공사 수의견적 제출안내 공고,의성 핵과류 다축수형 시험포장 조성
의약외품 제조 및 품질관리기준(GMP) 자율도입 확대를 위한 업체 지원 사업,의약외품 GMP 자율도입 확대 업체지원
의약품 부작용 피해구제 제도 개선을 위한 중장기계획 수립,의약품 부작용 피해구제 중장기계획 수립
의약품 위해성 관리계획(RMP) 운영 개선 및 약물감시 사례 고찰 연구,의약품 위해성관리계획 운영개선 연구
의약품(Sodium Hyaluronate 0.5mg(1mgmL) 등 18품목) 구매 입찰 공고,의약품 Sodium Hyaluronate 등 18품목
의정부지방검찰청 남양주지청 구내식당 위탁운영자 선정 모집공고,남양주지청 구내식당 위탁운영자 선정
이건희 기증 석조문화유산 운송설치 및 옥외 전시연출(2단계) 용역,이건희 기증 석조문화유산 운송·전시(2단계)
이동측정차량을 이용한 입자상물질 배출원 추적방안 연구(II),이동측정차량 입자상물질 배출원 추적(II)
이동형 분석 디바이스 기반 약물치료명령 준수여부 판별기법 개발,이동형 분석 약물치료명령 준수판별기법 개발
이미지 증거 분석 장비 구매(고해상도 문서감정 촬영장비),이미지 증거분석 고해상도 문서감정 촬영장비
이상기상극복과수 안정생산 기술보급 햇빛차단망 설치(민간대행),이상기상 과수 안정생산 햇빛차단망 설치
이상기후 대응 수국류 신품종 선발·교잡육종 조합 및 교배 효율증진을 위한 세포유전학적 분석,이상기후 수국 신품종 교잡육종 세포유전 분석
이어도 해양과학기지 활용 황동중국해 중장기 해양환경 변화 연구(Ⅴ),이어도 기지 황동중국해 해양환경 변화(Ⅴ)
이차 유기 에어로졸(SOA) 생성 모델을 통한 국내 기여도 평가(Ⅱ),이차 유기 에어로졸 생성모델 국내기여도(Ⅱ)
이차 전지의 연소 시 공기 중 화학물질 발생 특성과 건강 유해성 연구 용역,이차전지 연소 화학물질·건강유해성 연구
이천경찰서 사무동 증축공사 관급자재[고강도콘크리트말뚝] 구매,이천경찰서 증축 관급자재 고강도콘크리트말뚝
이천경찰서 사무동 증축공사 전기안전점검 수행기관 지정 공고,이천경찰서 증축 전기안전점검 기관 지정
"이천시 농업테마공원 무장애 공원 조성 공사(건축, 기계)",이천시 농업테마공원 무장애공원 조성(건축·기계)
이천시 농축산 스마트 혁신단지 기본계획 용역(협상에 의한 계약),이천시 농축산 스마트혁신단지 기본계획
이천시 반려동물 테마파크 조성사업 도시관리계획(신설) 및 실시설계 용역,이천시 반려동물 테마파크 도시관리계획·실시설계
이천시 반려동물 테마파크 조성사업 소규모환경영향평가 용역,이천시 반려동물 테마파크 소규모환경영향평가
이천시 반려동물 테마파크 조성사업 재해영향성 검토 및 재해영향평가 용역,이천시 반려동물 테마파크 재해영향평가
이천시 청소년상담복지센터 청소년 자유공간(휴카페) 인테리어공사,이천 청소년상담센터 휴카페 인테리어
익산 국가식품클러스터 2단계 국가산업단지 진입도로 등 2건 사전타당성조사용역,익산 식품클러스터 진입도로 등 사전타당성조사
익산 미륵사 중원 금당지 토양 및 석재 시료 분석 연구(2차) 용역,익산 미륵사 금당지 토양·석재 시료분석(2차)
익산 왕궁리유적 배수문제 원인분석 및 개선방안 연구 용역,익산 왕궁리유적 배수문제 원인분석 연구
익산119화학구조센터 방수를 위한 철거 및 보수용역 계획,익산119화학구조센터 방수 철거·보수
익산시관내 국도대체우회도로(서수-평장1) 건설공사 매장유산 발굴(정밀) 조사용역,익산 국도우회도로(서수-평장1) 매장유산 발굴조사
익산시관내 국도대체우회도로(서수-평장1) 건설공사-순환골재(소액),익산 국도우회도로(서수-평장1) 순환골재
익산시관내 국도대체우회도로(서수-평장1) 건설공사-혼합골재 ,익산 국도우회도로(서수-평장1) 혼합골재
인공지능 관련 법령 간 정합성 검토 및 법제개선 연구용역,인공지능 법령 정합성 검토·법제개선 연구
인공지능 기반 우리나라 주변해역 표층해류와 수온장 예측 정확도 향상 연구(I),AI 기반 주변해역 표층해류·수온장 예측(I)
인공지능 기술발전에 따른 민사책임 법리의 적용 가능성과 개선방향 연구,AI 민사책임 법리 적용가능성 개선방향 연구
인공지능 모델 기반 전기차 1회충전 주행거리 인증 및 검증 프로세스 개발(Ⅱ),AI 전기차 1회충전 주행거리 인증·검증(Ⅱ)
인공지능 예측을 통한 자생식물의 항균·항바이러스 유용물질 탐색(1차년도),AI 자생식물 항균·항바이러스 물질탐색(1차)
인공지능 활용을 통한 과기정통부 행정의 생산성 및 효율성 강화 방안 연구,AI 활용 과기정통부 행정 생산성 강화 연구
인공지능(AI) 일상화 시대를 대비하기 위한 글로벌 사회의 디지털 경제 법제 현황 및 법제 발전 방향 연구,AI 시대 글로벌 디지털경제 법제 발전방향 연구
인공지능(AI) 활용 먹는샘물 현장 실시간 모니터링 시스템 적용성 평가,AI 먹는샘물 실시간 모니터링 적용성 평가
인니 국가해양관리를 위한 한국 정지궤도위성 활용기반 구축(ODA),인니 해양관리 한국 정지궤도위성 활용기반(ODA)
인니 국가해양관리를 위한 한국 정지궤도위성 활용시스템 구축(ODA),인니 해양관리 한국 정지궤도위성 활용시스템(ODA)
"인조잔디 운동장, 주차장 조성 및 경비실동 증축 전기공사",인조잔디 운동장·주차장 경비실 증축 전기공사
인지노화 연구를 위한 코호트 기반 뇌영상 인공지능 학습용 데이터 구축,인지노화 뇌영상 AI 학습용 데이터 구축
인천 312함 전기통신자재(WIRING HARNESS 등 13종 15점) 구매(특수조건 필독),인천 312함 전기통신자재 13종 구매
인천 미추홀구 범죄예방을 위한 원도심 안심거리 조성 공사,인천 미추홀구 원도심 안심거리 조성
인천검단경찰서 신축사업 감독 권한대행 등 건설사업관리용역,인천검단경찰서 신축 건설사업관리
인천경찰청 광역수사대 재건축 공사 관급자재(빌딩자동제어시스템),인천경찰청 광역수사대 재건축 빌딩자동제어
인천경찰특공대 훈련시설 증축공사 감독 권한대행 등 건설사업관리용역,인천경찰특공대 훈련시설 증축 건설사업관리
인천구치소 2026년도 수용자 자비구매물품 과일류 7종 구매 ,인천구치소 수용자 자비구매 과일류 7종
인천글로벌캠퍼스 도서관 열람환경 개선공사 기본 및 실시설계 용역,인천글로벌캠퍼스 도서관 개선 설계
인천글로벌캠퍼스 학생기숙사 증축공사 가연성 폐기물처리용역,인천글로벌캠퍼스 기숙사 증축 가연성폐기물 처리
인천남항 예부선 계류지 정비공사 건설폐기물(폐콘크리트) 처리용역,인천남항 예부선 계류지 폐콘크리트 처리
인천삼산경찰서 부개2파출소 재건축 공사(건축+기계+토목),인천삼산경찰서 부개2파출소 재건축
인천서부경찰서어린이집 2025년도 식자재납품업체 선정 입찰공고,인천서부경찰서어린이집 식자재납품업체 선정
인천신항 진입도로 지하차도 건설(고가차도) 기본 및 실시설계용역,인천신항 진입도로 지하차도(고가차도) 설계
인천신항 진입도로 지하차도 건설(지하차도) 기본 및 실시설계용역,인천신항 진입도로 지하차도 기본·실시설계
인천신항 진입도로 지하차도 건설(지하차도) 설계단계 건설사업관리용역,인천신항 진입도로 지하차도 설계단계 건설관리
인천신항 진입도로 지하차도 건설(지하차도) 전기공사 설계용역,인천신항 진입도로 지하차도 전기공사 설계
"인천신항 항로 연장 및 증심준설공사 건설폐기물(폐합성수지, 폐타이어) 처리용역",인천신항 항로연장·증심준설 폐합성수지 처리
"인천신항 항로 연장 및 증심준설공사 건설폐기물(폐합성수지,폐타이어) 처리용역",인천신항 항로연장·증심준설 폐합성수지 처리
인천신항 항만배후단지(2-1단계) 등 사전타당성 검토용역,인천신항 항만배후단지(2-1단계) 사전타당성
인천중동우체국 건립 기계설비공사 건설재해예방 기술지도용역,인천중동우체국 기계설비 재해예방 기술지도
인천중동우체국 건립 제로에너지 및 조명전열제어 제작 설치,인천중동우체국 제로에너지·조명전열제어 설치
인천중동우체국 건립공사 정기안전 및 안전관리계획서 검토수행기관 지정 공고,인천중동우체국 안전관리계획 검토기관 지정
인천지방검찰청 북부지청 신축공사 관급자재(경질우레탄단열재),인천지검 북부지청 신축 관급자재 경질우레탄단열재
인천지방검찰청 북부지청 신축공사 관급자재(그라스울단열재),인천지검 북부지청 신축 관급자재 그라스울단열재
인천지방검찰청 북부지청 신축공사 관급자재(빌딩자동제어장치) 구매,인천지검 북부지청 신축 관급자재 빌딩자동제어
인천지방국세청 청사 신축공사 감독 권한대행 등 건설사업관리용역,인천지방국세청 청사 신축 건설사업관리
인천지방국세청 청사 신축공사 건설폐기물(가연성폐기물) 처리용역,인천지방국세청 청사 신축 가연성폐기물 처리
"인천지방국세청 청사 신축공사 건설폐기물, 혼합폐기물 처리용역",인천지방국세청 청사 신축 혼합폐기물 처리
인천지방국세청 청사 신축공사 관급자재(콘크리트 말뚝) 조달구매,인천지방국세청 청사 신축 콘크리트말뚝 구매
인천지방국세청 청사 신축공사 안전점검 수행기관 지정 공고,인천지방국세청 청사 신축 안전점검기관 지정
인천항 연안부두 수제선 정비공사 건설폐기물(폐합성수지)처리용역,인천항 연안부두 수제선정비 폐합성수지 처리
"인천해사고 인조잔디 운동장, 주차장 조성 및 경비실동 증축 소방공사",인천해사고 운동장·주차장·경비실 증축 소방공사
"인천해사고 인조잔디 운동장, 주차장 조성 및 경비실동 증축 정보통신공사",인천해사고 운동장·주차장·경비실 증축 정보통신
인천해사고 인조잔디운동장 및 주차장 조성공사 상주감리용역,인천해사고 인조잔디운동장·주차장 상주감리
인체 장기 유사도 향상을 위한 오가노이드 혈관화 기술 개발,오가노이드 혈관화 기술개발
인체조직 기증·이식 현황 관리 및 인체조직통합안전관리시스템 교육 사업,인체조직 기증·이식 현황관리 시스템 교육
인플루엔자 및 호흡기바이러스 치료후보물질 동물효능평가 거점실험실 운영,인플루엔자 호흡기바이러스 동물효능평가 운영
일반 산림병해충 방제 약제(나무주사) 단가계약(2차) (디노테퓨란 액제 10%),산림병해충 나무주사 약제 디노테퓨란 단가계약
일반 산림병해충 방제 약제(나무주사) 단가계약(디노테퓨란-에마벡틴벤조에이트 분산성액제 19.5%),산림병해충 나무주사 디노테퓨란-에마벡틴 단가계약
일반 산림병해충 방제 약제(나무주사) 단가계약(아바멕틴-설폭사플로르 분산성액제 6%),산림병해충 나무주사 아바멕틴-설폭사플로르 단가계약
일반 산림병해충 방제 약제(나무주사) 단가계약(에마멕틴벤조에이트 유제 2.15%),산림병해충 나무주사 에마멕틴벤조에이트 단가계약
일반국도 등 회전교차로 설치 컨설팅 및 정책효과 분석 연구,일반국도 회전교차로 컨설팅·정책효과 분석
일반국도(포장) 대수선(리모델링)의 효율적인 관리 방안 연구,일반국도 포장 대수선 효율적 관리방안 연구
"일반해역 생산패류에 대한 중금속, 항생물질 및 농약 분석",일반해역 생산패류 중금속·항생물질·농약 분석
일본 고향납세제 사례 비교검토를 통한 고향사랑기부 제도개선 방안 연구,일본 고향납세 사례 고향사랑기부 제도개선 연구
임대농기계 구입(농업기계 확대공급 지원사업) [마늘파종기],임대농기계 구입 마늘파종기
임대농기계 구입(농업기계 확대공급 지원사업)[마늘파종기],임대농기계 구입 마늘파종기
임상시험 참여자 보호를 위한 피해보상 가이드라인 해설서 및 교육자료 제작,임상시험 피해보상 가이드라인 해설서·교육자료
임신성 당뇨병 여성의 자녀에 대한 단기 건강 영향 평가 및 전향적 가계 코호트 구축,임신성 당뇨 자녀 건강영향 평가·코호트 구축
임실 성수-진안 진안(3공구) 도로시설개량 전기공사 재해예방 기술지도용역,임실 성수-진안(3공구) 도로개량 재해예방 지도
임실 성수-진안 진안(3공구) 도로시설개량 폐아스콘 위탁처리용역,임실 성수-진안(3공구) 도로개량 폐아스콘 처리
임실-장수(1공구) 도로시설개량공사 전기공사 등 3건 재해예방 기술지도용역,임실-장수(1공구) 도로개량 재해예방 기술지도
임실-장수(1공구) 도로시설개량공사 지정폐기물(석면) 위탁처리용역,임실-장수(1공구) 도로개량 석면 위탁처리
임실-장수(2공구) 도로시설개량공사 지정폐기물(석면) 위탁처리용역,임실-장수(2공구) 도로개량 석면 위탁처리
임실-장수(2공구) 도로시설개량공사 혼합폐기물 위탁처리용역,임실-장수(2공구) 도로개량 혼합폐기물 처리
임업 발전을 위한 임업인의 날 및 숲가꾸기 모니터링 행사,임업인의 날 및 숲가꾸기 모니터링 행사
임진강 적성지구 등 3개지구 하천정비사업 매장유산지표조사용역,임진강 적성지구 등 하천정비 매장유산지표조사
입지특성에 따른 구상나무 생활사 규명을 위한 연륜연대 분석 용역,구상나무 생활사 규명 연륜연대 분석
입찰공고(2025년 국립세종도서관 국외정책동향 번역구축사업),국립세종도서관 국외정책동향 번역구축
입찰대행(2025년 저온기 시설수박 재배 노동력 절감 시범사업 터널 자동개폐시설 설치) 공고,시설수박 노동력절감 터널 자동개폐시설 설치
입찰대행(귀농 청년 맞춤형 아이디어 지원사업 내재해형 단동 비닐하우스 설치 공사),귀농청년 내재해형 단동 비닐하우스 설치
입찰대행(귀농 청년 맞춤형 아이디어 지원사업 청국장 제조 및 가공장비 구입),귀농청년 청국장 제조·가공장비 구입
입찰대행(귀농 청년 맞춤형 아이디어 지원사업 한우축사 개선 물품 구입 및 설치),귀농청년 한우축사 개선 물품 구입·설치
입찰대행(기후변화대응 상추 연중생산 시스템 구축 시범 고설베드 및 관수시설 설치 공사(망성)),상추 연중생산 고설베드·관수시설 설치(망성)
입찰대행(기후변화대응 상추 연중생산 시스템 구축 시범 고설베드 및 관수시설 설치 공사(용안)) 공고,상추 연중생산 고설베드·관수시설 설치(용안)
입찰대행(신기술 접목 차세대 영농인 육성지원 곡물건조기 구입),차세대 영농인 곡물건조기 구입
입찰대행(신기술 접목 차세대 영농인 육성지원 농업기계 구입),차세대 영농인 농업기계 구입
입찰대행(청년농업인 드론활용 농작업지원단 운영 드론 구입),청년농업인 드론활용 농작업지원 드론 구입
입찰대행(청년농업인 시설하우스 설치지원 하우스 설치공사),청년농업인 시설하우스 설치
입체적 해양기상 관측망을 통한 위험기상 목표관측 및 분석 기술개발 ,입체적 해양기상 관측망 위험기상 목표관측 기술
자기적합확인 대상 확대 및 인증업무 민간 이관 실행방안 연구 용역,자기적합확인 확대·인증 민간이관 실행방안 연구
자동차 배출가스 결함확인검사용 시험자동차 선정(2025) - 대형차,자동차 배출가스 결함확인 시험차 선정 대형차
자동차 배출가스 결함확인검사용 시험자동차 선정(2025) - 소형차,자동차 배출가스 결함확인 시험차 선정 소형차
자동차 배출가스 및 소음 인증시스템 고도화 구축 (2차),자동차 배출가스·소음 인증시스템 고도화(2차)
자동차 배출가스 및 소음 인증시스템 고도화 구축(2차) 감리,자동차 배출가스·소음 인증시스템 고도화 감리
자동차 비배기 마모입자 측정장치 통합관리 장치(융복합배관유지보수 장비),자동차 비배기 마모입자 측정장치 통합관리
자동차 온실가스 규제 대응을 위한 중소 부품사 패키지 지원 연구(I),자동차 온실가스 중소부품사 패키지 지원(I)
자료구조 체계분석 및 개선을 통한 이관 자료 DB고도화 연구(Ⅱ),이관자료 DB고도화 연구(Ⅱ)
자료구조 체계분석 및 개선을 통한 이관 자료 DB고도화 연구(Ⅲ),이관자료 DB고도화 연구(Ⅲ)
자산/내부정보화/국무조정실 세종청사 노후 백본스위치 교체,국무조정실 세종청사 노후 백본스위치 교체
자생생물 경제적 가치 확산을 위한 신소재 개발 및 표준화 사업 기획 연구,자생생물 신소재 개발·표준화 기획 연구
자생생물 조사발굴 연구 원핵생물분야(2025년) 용역 계약 요청,자생생물 조사발굴 원핵생물분야 연구
자생식물 종자의 품질관리 매뉴얼을 위한 종자 생리 연구 (II),자생식물 종자 품질관리 종자생리 연구(II)
자생식물 종자의 품질관리 매뉴얼을 위한 종자 생리 연구(II),자생식물 종자 품질관리 종자생리 연구(II)
자연사관 생동하는 지구 SOS 구체투영시스템 개선사업 수의시담,자연사관 지구 SOS 구체투영시스템 개선
자연자본공시 기업 대응방안 연구(1차년도) 용역 입찰 요청,자연자본공시 기업 대응방안 연구(1차)
자연자본공시(TNFD) 적용을 위한 생태정보 평가 체계 구축 연구,자연자본공시 생태정보 평가체계 구축 연구
"자연학습장 운영 강화를 위한 시설(안내데스크, 창고) 설치 공사",자연학습장 안내데스크·창고 설치
자연해수 내 병원체 모니터링을 통한 수산생물전염병 발생 예측 연구,자연해수 병원체 모니터링 수산생물전염병 예측
자원봉사인증 실적 관리 및 인센티브 제도 개선 방안 연구,자원봉사인증 실적관리·인센티브 개선 연구
자율운항선박 개발 및 상용화 촉진을 위한 기본계획 수립 연구,자율운항선박 상용화 기본계획 수립 연구
자율주행자동차 시범운행지구 고도화 및 활성화를 위한 연구,자율주행차 시범운행지구 고도화 연구
자치단체 기능조정 및 사무특례 도입을 위한 사무분석 연구용역,자치단체 기능조정·사무특례 사무분석 연구
자치법규 입법효과 분석 및 우수 자치입법 모델 마련 연구,자치법규 입법효과 분석·우수입법 모델 연구
자폐 스펙트럼 장애(ASD) 치료를 위한 디지털의료기기(디지털의료기기소프트웨어) 개발,자폐 스펙트럼 장애 디지털의료기기 개발
자폐성 발달장애 바이오헬스 빅데이터 고도화 및 디지털의료기기 개발,자폐성 발달장애 빅데이터·디지털의료기기 개발
작물식품과 기후변화대비 연구장비(식물생장조절실 등 3종) 구입,작물식품과 기후변화 연구장비 3종 구입
작물식품과 농업인 버섯재배 실습교육 장비(무균대 등 7종) 구입,작물식품과 버섯재배 실습교육 장비 7종 구입
작물식품과 농업인 버섯재배 실습교육 장비(액체종균배양기) 구입,작물식품과 버섯재배 액체종균배양기 구입
작물식품과 새만금 간척지 비닐하우스 및 관수제어시스템 구축공사,작물식품과 새만금 비닐하우스·관수제어 구축
잔류농약표준품 등 구매입찰 공고 (2025년 2월 1차)[제2025-41호],잔류농약표준품 등 구매
잔류성유기오염물질 배출량 산정을 위한 배출계수 개선 연구,잔류성유기오염물질 배출량 배출계수 개선 연구
잠사곤충시험장 꿀벌자원 우수품종 도서격리 증식장 구축사업 설계용역,잠사곤충시험장 꿀벌 증식장 구축 설계
장기군의관 인력양성모형별 편익 분석 및 군병원 발전방안 연구,장기군의관 양성모형 편익분석 군병원 발전 연구
장기면 기초생활거점조성사업(2단계) 기본계획 수립 및 지역역량강화,장기면 기초생활거점조성(2단계) 기본계획
장기면 방산지구 농촌공간정비사업(축사) 철거공사 건설폐기물 처리 및 운반 용역,장기면 방산지구 농촌공간정비 철거 폐기물 처리
장기추적조사 데이터 비식별처리 및 공개·분양용 자료 개발,장기추적조사 데이터 비식별·공개자료 개발
장병급식 전자조달체계 구축사업 DBMS 증설 및 이중화 도입,장병급식 전자조달 DBMS 증설·이중화
장애성인 생애주기별 평생교육 프로그램 모델 개발 기초 연구,장애성인 생애주기별 평생교육 모델 개발
장애인 개인예산제 시범사업 모니터링 및 효과성 평가 연구,장애인 개인예산제 모니터링·효과성 평가
장애인 안전정보 표시기준 가이드라인 연구(의료기기 전문용어의 표준화된 수어 개발 및 안내서 제작 연구),의료기기 전문용어 수어 개발·안내서 제작
장애학생 인권보호를 위한 성 인권 교육 콘텐츠(중·고) 개발,장애학생 성 인권 교육 콘텐츠(중·고) 개발
장흥교도소 급식용 공산품 (가공유 등 344종) 구매 입찰 공고,장흥교도소 급식용 공산품 344종 구매
장흥교도소 급식용 공산품(가공유 등 347종) 구매 입찰 ,장흥교도소 급식용 공산품 347종 구매
장흥교도소 급식용 김치류 (막김치 등 7종) 구매 입찰 공고,장흥교도소 급식용 김치류 7종 구매
장흥교도소 급식용 수산물 (냉동가오리 등 72종) 구매 입찰 공고,장흥교도소 급식용 수산물 72종 구매
장흥교도소 급식용 축산물 (닭가슴살 등 29종) 구매 입찰 공고,장흥교도소 급식용 축산물 29종 구매
장흥교도소 급식용 축산물(닭가슴살 등 30종) 구매 입찰  ,장흥교도소 급식용 축산물 30종 구매
재난 트라우마 동료지원가 양성 교육과정 시범운영 및 강사용 매뉴얼 개발,재난 트라우마 동료지원가 양성과정·매뉴얼 개발
재난 피해 종이기록물의 방사선 소독처리 적용 연구 및 체계 구축(제3과제),재난 피해 종이기록물 방사선 소독처리 연구
재난관리물품 공급망 위험관리 및 민간 물류체계 활용전략 연구용역,재난관리물품 공급망 위험관리·물류전략 연구
재난안전 분야 기술로드맵 고도화 및 기술수준 등 조사·분석 기획 연구,재난안전 기술로드맵 고도화·기술수준 조사
재난안전 분야 평가제도 효율화 및 재난관리평가 개선 방안 연구,재난안전 평가제도 효율화·재난관리평가 개선
"재난안전분야 드론 활용 방안 및 드론 활용 활성화를 위한 기술개발, 제도개선 방안 정책연구",재난안전 드론 활용 기술개발·제도개선 연구
재난안전예산의 효율적 투자를 위한 사업선정 기준 및 분류체계 개발,재난안전예산 사업선정 기준·분류체계 개발
재난안전통신망 운영·사용 규정 개정 및 활용지표 개발 연구용역,재난안전통신망 운영규정 개정·활용지표 개발
재난현장의 민간단체 간 역할조정 및 협력체계 강화방안 연구용역,재난현장 민간단체 역할조정·협력체계 강화 연구
재난형 가축전염병 발생농가와 관련 시설에서의 청소.소독 및 방제 표준 매뉴얼 마련 연구,재난형 가축전염병 청소·소독 표준매뉴얼 연구
재외공관 국유화 관저 유지관리 효율화를 위한 평가기준 연구 용역,재외공관 국유화 관저 유지관리 평가기준 연구
재외공관 웹표준 및 개방형 통합업무관리시스템 전환용 서버 구매,재외공관 통합업무관리시스템 전환용 서버 구매
재외공관 통합업무관리시스템 개선(웹표준 및 개방형 확산 2차),재외공관 통합업무관리시스템 개선(2차)
재외공관에 특화된 계약법 예규(적격심사 세부기준) 제정 초안 수립 연구,재외공관 계약법 예규 제정 초안 연구
재외동포 소통 플랫폼 구축 및 운영 기본계획 수립 연구용역,재외동포 소통 플랫폼 구축·운영 연구
"재외동포의 비자, 출입국, 장기체류, 사회통합 고충 사례 실태조사(주재국․국내)",재외동포 비자·체류·사회통합 고충 실태조사
재해 저감을 위한 자연재해저감 종합계획 통합 활용체계 연구,자연재해저감 종합계획 통합 활용체계 연구
저차 해양생태계 예측기반 구축 및 데이터베이스 고도화 (Ⅰ),저차 해양생태계 예측기반 구축·DB 고도화
저출산 초고령 사회를 위한 무형유산 전승 및 보전 방안 연구,저출산·초고령 무형유산 전승·보전 방안 연구
저탄소 건축 선도를 위한 건축물 에너지 관리모델 개발 연구용역,저탄소 건축물 에너지 관리모델 개발
저탄소 건축 선도를 위한 건축물 에너지 관리모델 개발 용역,저탄소 건축물 에너지 관리모델 개발
적덕2리 농어촌취약지역 생활여건개조사업 휴먼케어 및 주민역량강화용역,적덕2리 생활여건개조 휴먼케어·주민역량강화
적외복사 관측자료 정확도 향상을 위한 검·교정 장비 기술개발,적외복사 관측자료 검·교정 장비 기술개발
적정 수준의 취업비자 발급규모 산정을 위한 실태조사·계량분석 연구,취업비자 발급규모 산정 실태조사·계량분석
전국 도서지역 산림기능구분 체계 고도화 및 세부지표 발굴?적용 연구,도서지역 산림기능구분 체계 고도화 연구
전국 출입국외국인관서 노후 네트워크 인프라 개선(1차) 사업,출입국관서 노후 네트워크 인프라 개선
전국소방기술경연대회 구급분야 교육용 영상촬영 및 제작(수의시담),전국소방기술경연대회 구급분야 교육영상 제작
전국오염원 조사 DB 및 웹 시스템 구축(Ⅸ) 전산감리 ,전국오염원 조사 DB·웹 시스템 구축 전산감리
전군 감염병 감시지원체계 구축 감리사업 및 개인정보 영향평가,전군 감염병 감시지원체계 구축 감리·영향평가
전기차 배터리 인증관리 시스템 구축을 위한 정보화전략계획(ISP) 수립,전기차 배터리 인증관리 시스템 ISP 수립
전기차 사용후 배터리 자원순환 클러스터 공간디자인 및 전시물 제작설치,전기차 배터리 자원순환 클러스터 공간디자인
전기차 사용후 배터리 자원순환 클러스터 기계공사 관급자재(히트펌프 추가분),전기차 배터리 클러스터 기계공사 관급자재
전기차 사용후 배터리 자원순환 클러스터 배터리 재활용 분석장비(엑스선형광분석기) 구매설치,전기차 배터리 재활용 분석장비 구매설치
전기차 사용후 배터리 자원순환 클러스터 배터리 재활용 실증시험 연구장비(부대장치) 구매,전기차 배터리 재활용 실증시험 연구장비 구매
전기통신금융사기 통합분석대응시스템 고도화 개인정보영향평가,전기통신금융사기 분석대응시스템 영향평가
전기통신금융사기 통합분석대응시스템 고도화 사업(2차년도),전기통신금융사기 통합분석대응시스템 고도화
전기통신금융사기 통합신고대응센터 상담시스템 고도화 감리(2차년도),전기통신금융사기 상담시스템 고도화 감리
전기통신금융사기 통합신고대응센터 상담시스템 고도화(2차년도),전기통신금융사기 상담시스템 고도화
전기화재 감정기법 매뉴얼 개발(전기기기 데이터북)(2차),전기화재 감정기법 매뉴얼 개발
전남 경찰특공대 훈련시설 증축 건설사업관리용역(감독권한대행),전남 경찰특공대 훈련시설 증축 건설관리
"전남 경찰특공대 훈련시설 증축공사(건축,토목,기계,조경)",전남 경찰특공대 훈련시설 증축공사
전남경찰청 여성청소년과 불법촬영 간이탐지카드 구매 수의계약 전자견적 제출 안내 공고,전남청 불법촬영 간이탐지카드 구매
전남경찰특공대 훈련시설 증축공사 재해예방기술지도 용역(전기·통신·소방),전남경찰특공대 훈련시설 증축 재해예방기술지도
전남신안경찰서 행정선 우현 주기관 디젤엔진 신품 구매 및 설치,전남신안서 행정선 디젤엔진 구매·설치
전라·제주 제외 전국 지진·지진해일 관측장비 유지관리 용역,전국 지진·지진해일 관측장비 유지관리
전라남도 마한 문화유산의 세계유산적 가치 학술대회 자료집 및 인쇄물 제작,전남 마한 문화유산 학술대회 자료집 제작
전라남도경찰청 여성청소년과 사회적약자 대상 범죄예방 안심 CCTV 설치 등 용역,전남청 사회적약자 범죄예방 안심 CCTV 설치
전문과정 성취도 평가 및 유해화학물질 전문가 인정 개선방안 마련,전문과정 평가·유해화학물질 전문가 인정 개선
전문항공교통관제사 도입에 따른 항공교통관제사 채용제도 연구,전문항공교통관제사 채용제도 연구
전북문화유산센터 보존과학실 기자재(천장형후드 등 7종) 자산 구입,전북문화유산센터 보존과학실 기자재 구입
전북문화유산연구센터 건립공사 관급자재 구매(재활용폐기물보관시설),전북문화유산연구센터 건립 관급자재 구매
전북문화유산연구센터 복합문화공간 설계·연출 및 제작·설치 용역,전북문화유산센터 복합문화공간 설계·제작
전북청 고속도로순찰대 제12지구대 신축공사 관급자재(탄소난방) 조달구매 설치,전북청 고속도로순찰대 신축 관급자재 설치
전자상거래법상 국내대리인 지정 요건 및 실효적 운영방안에 관한 연구,전자상거래법 국내대리인 지정·운영방안 연구
전자입찰 공고(긴급)『승용형 농기계용 자동조향장치 시범 보급』,승용형 농기계 자동조향장치 시범 보급
전쟁기념관 6.25전쟁 아카이브 관리시스템(K-AMS)유지보수,전쟁기념관 6.25 아카이브 시스템 유지보수
전쟁기념관 내 디지털 체험존(Tell us your story) 신설,전쟁기념관 디지털 체험존 신설
"전쟁기념관 문화아카데미 환경개선공사 2차 (건축,인테리어)",전쟁기념관 문화아카데미 환경개선공사
전쟁기념사업회 이병형홀 및 대회의실 LED 전광판 제조·구매 설치,전쟁기념사업회 LED 전광판 제조·설치
전주교도소 신입수용자 등 혈액검사 소액수의 견적 제출 공고,전주교도소 신입수용자 혈액검사
전주교도소 음식물류 폐기물 위탁처리용역 소액수의 견적제출 공고,전주교도소 음식물류 폐기물 위탁처리
전주국토 관내 방호울타리 등 도로안전 및 환경개선 실시설계용역,전주국토 방호울타리 등 도로개선 실시설계
전주국토 시설안전관리과 전기·통신·소방분야 재해예방 기술지도용역,전주국토 전기·통신·소방 재해예방 기술지도
전주시관내 국도대체우회도로(용진-우아1)건설공사 폐콘크리트 위탁처리용역,용진-우아1 우회도로 폐콘크리트 위탁처리
전주시관내 국도대체우회도로(용진-우아2) 건설공사 폐아스콘 위탁처리용역(1차),용진-우아2 우회도로 폐아스콘 위탁처리
전주시관내 국도대체우회도로(용진-우아2) 건설공사-순환골재(소액) ,용진-우아2 우회도로 순환골재
전주시관내 국도대체우회도로(용진-우아2) 건설공사-혼합골재(소액) ,용진-우아2 우회도로 혼합골재
전주와 조선왕실실 내 왕실 기록문화유산 공간 설계 및 조성,전주·조선왕실 기록문화유산 공간 설계·조성
전주지방검찰청 군산지청 구내식당 위탁 운영자 선정모집공고,군산지청 구내식당 위탁 운영자 선정
전주지방검찰청 군산지청 팬코일유닛 드레인 배관 교체 공사,군산지청 팬코일유닛 드레인 배관 교체
전통건축부재 보존센터 제3수장고 건립공사 재해예방 기술지도(건설 공사),전통건축부재 보존센터 수장고 재해예방지도
"전통건축부재 보존센터 제3수장고 건립공사 재해예방 기술지도(전기,소방)(1차)",전통건축부재 보존센터 수장고 재해예방지도
전통건축부재보존센터 제3수장고 건립공사(1차) 관급자재(H형강),전통건축부재보존센터 수장고 관급자재 H형강
전통건축부재보존센터 제3수장고 건립공사(1차) 관급자재(고강도콘크리트말뚝),전통건축부재보존센터 수장고 관급자재 말뚝
전통건축부재보존센터 제3수장고 건립공사(2차) 관급자재(H형강),전통건축부재보존센터 수장고 관급자재 H형강
전통건축학과 설계동 증축 공사 건설재해예방 기술지도(소방) 용역,전통건축학과 설계동 증축 재해예방지도
전통건축학과 설계동 증축 공사(건축) 건설재해예방 기술지도 용역,전통건축학과 설계동 증축 재해예방지도
전통민속마을의 지속가능성을 위한 오솔길 정비사업 기초연구,전통민속마을 오솔길 정비 기초연구
절토사면(STA.0+980~1+420)-우측 등 2개소 정밀안전점검 및 성능평가,절토사면 등 2개소 정밀안전점검·성능평가
점자간행물 손끝으로 읽는 국정 제작(2026~2027년도),점자간행물 국정 제작
"정밀검사 분석장비 구매(부산, 인천지원 고순도감마선분광분석기)",정밀검사 분석장비 고순도감마선분광분석기 구매
"정밀농업 기반 밀,콩 작부체계 보급 시범(동력예취기, 파종기) -민간입찰대행",정밀농업 밀·콩 작부체계 보급 시범
정밀발효 신기술 적용 새로운 식품원료의 안전성 평가 방법 연구,정밀발효 식품원료 안전성 평가방법 연구
정밀의료 실현을 위한 헬스케어 및 인공지능 개발 연구 기획,정밀의료 헬스케어·AI 개발 연구 기획
정보공개제도의 합리적 개선방안 연구를 위한 정책연구과제 용역,정보공개제도 개선방안 정책연구
정보유통허브 연계 확대 및 구비서류 제로화 지원 사업(2차),정보유통허브 연계 확대·구비서류 제로화 지원
정보화 용역[자동차 배출가스 및 소음 인증시스템 유지관리(25년)],자동차 배출가스·소음 인증시스템 유지관리
정보화물품 구매(IP도메인 정보분석 솔루션 라이선스 갱신),IP도메인 정보분석 솔루션 라이선스 갱신
정부-시민사회 국제개발협력사업 책무성과 효과성 제고를 위한 제도 개선 방안 연구,국제개발협력 책무성·효과성 제도개선 연구
정부대전청사 방호장비(X-Ray 수하물 검색기) 구매설치,정부대전청사 X-Ray 수하물검색기 구매설치
정부대전청사 전기 및 승강기분야 2분기 유지보수용 자재 구매,정부대전청사 전기·승강기 유지보수 자재 구매
정부서울청사 별관 노후 공기조화기 교체공사 관급자재(자동제어설비) 구매,정부서울청사 별관 공기조화기 교체 관급자재
"정부세종청사 11동, 13-1동 통제식회전문 및 울타리감지기 개선공사",정부세종청사 통제식회전문·울타리감지기 개선
정부세종청사 1~15동 작업공간 등기구 교체 및 설치 전기공사,정부세종청사 등기구 교체 전기공사
"정부세종청사 3동 3층 업무공간 조성 공사(건축, 기계)",정부세종청사 3동 업무공간 조성 공사
"정부세종청사 7, 8동 정밀안전진단 및 내진성능평가 용역",정부세종청사 정밀안전진단·내진성능평가
"정부세종청사 7동, 11~13동 개별냉난방기 설치 전기공사",정부세종청사 개별냉난방기 설치 전기공사
"정부세종청사 7동, 11동 인터넷망 구성 변경을 위한 광케이블 포설 공사",정부세종청사 광케이블 포설 공사
정부초청외국인장학사업(GKS) 장학생 취업·정주 등 졸업 후 진로지원 전략 연구 용역,정부초청외국인장학생 졸업 후 진로지원 연구
정부춘천지방합동청사 그린리모델링(창호 및 노후시설 보수공사) 사업(2차년도),정부춘천합동청사 그린리모델링 사업
정산3리 마을만들기(자율개발) 마을회관 리모델링 공사(건축),정산3리 마을회관 리모델링 공사
"정선국토 관내 방재시설(전기, 통신, 소방) 보수공사 실시설계용역",정선국토 방재시설 보수 실시설계
정선국토 관내 사고잦은곳 및 마을주민 보호구간 개선공사 관급자재_친환경 교면포장재,정선국토 도로개선 관급자재 교면포장재
"정선국토 관내 영월, 평창권역 교량 및 터널보수공사 실시설계용역",정선국토 영월·평창 교량·터널보수 실시설계
정선국토 관내 영월·평창권역 도로유지보수공사 폐기물처리용역,정선국토 영월·평창 도로유지보수 폐기물처리
"정선국토 관내 정선, 삼척권역 교량 및 터널보수공사 실시설계용역",정선국토 정선·삼척 교량·터널보수 실시설계
정선국토 사고잦은곳 및 마을주민 보호구간 개선공사 관급자재_친환경 교면포장재,정선국토 도로개선 관급자재 교면포장재
정선국토 사고잦은곳 및 마을주민 보호구간 개선공사 폐기물처리용역,정선국토 도로개선 폐기물처리
정선군 농업기술센터 농업기계 교육훈련 장비(스키드스티어 로더) 구매,정선군 농업기계 교육훈련 장비 구매
정선군 농업기술센터 농업기계 임대사업 고온살균 소독장비 구입설치,정선군 농업기계 고온살균 소독장비 구입설치
정성적 및 준정량적 위해도 평가와 위해관리대책 마련 연구,정성적·준정량적 위해도 평가·관리대책 연구
정신건강 인식의 다수준(multi-level) 개입 및 국가 간 비교를 위한 한국형 정신건강 낙인 척도 타당화,한국형 정신건강 낙인 척도 타당화
정신건강의학과 임상역량 강화를 위한 표준적 심리사회적 프로그램 개발,정신건강의학 임상역량 심리사회 프로그램 개발
정읍경찰서 농소파출소 리모델링 및 내진보강공사 건축설계 용역,정읍서 농소파출소 리모델링·내진보강 설계
정읍교도소 급식용 공산품 구매 2단계 경쟁(규격가격동시) 입찰공고,정읍교도소 급식용 공산품 구매
정읍교도소 급식용 김치류(포기김치 등 9종) 구매 입찰공고,정읍교도소 급식용 김치류 구매
정읍교도소 급식용 농산물 구매 2단계 경쟁(규격가격동시) 입찰공고,정읍교도소 급식용 농산물 구매
정읍교도소 급식용 농산물 구매 2단계 경쟁(규격가격동시)입찰공고,정읍교도소 급식용 농산물 구매
정읍교도소 급식용 수산물 구매 2단계 경쟁(규격가격동시) 입찰공고,정읍교도소 급식용 수산물 구매
정읍교도소 급식용 수산물 구매 2단계 경쟁(규격가격동시)입찰공고,정읍교도소 급식용 수산물 구매
정읍교도소 급식용 축산물 구매 2단계 경쟁(규격가격동시) 입찰공고,정읍교도소 급식용 축산물 구매
정읍시 동물보호센터 신축조성을 위한 기본 및 실시설계 용역,정읍시 동물보호센터 신축 기본·실시설계
정지궤도 환경위성 기본산출물 개선을 위한 인공지능 모델 개발 연구(Ⅲ),정지궤도 환경위성 산출물 개선 AI 모델 개발
정지궤도 환경위성 활용 강화 및 중장기 로드맵 수립 방안 연구,정지궤도 환경위성 활용 강화·로드맵 연구
정지궤도 환경위성(GEMS) 산출물 개선을 위한 표준화 자료 구축 및 도구 개발(Ⅱ),환경위성 산출물 표준화 자료·도구 개발
정지궤도 환경위성(GEMS) 자료 기반 기후분야 활용기술 개발(Ⅴ),환경위성 기후분야 활용기술 개발
정지궤도 환경위성(GEMS) 전층농도 산출 알고리즘 및 입력자료 개선(Ⅴ),환경위성 전층농도 산출 알고리즘 개선
정책 소통 디지털 포럼(Korea on Point) 영문 웹사이트 운영 및 관리,정책소통 디지털 포럼 영문 웹사이트 운영
정책 자문기능 강화를 위한 한림원간 교류 및 협력 방안 연구,정책 자문 한림원간 교류·협력 방안 연구
정책분석을 위한 국가 배출 및 대기질 평가체계(NEAS) 고도화 연구(Ⅰ),국가 배출·대기질 평가체계 고도화 연구
정책연구과제 입찰 공고(계속고용 제도화∙확산을 위한 전문가 포럼 연구),계속고용 제도화·확산 전문가 포럼 연구
정책연구과제 입찰 공고(고용노동통계조사 표본설계 연구 2건),고용노동통계조사 표본설계 연구
정책연구과제 입찰공고(온톨로지 기반 근로감독관 AI 지원시스템 구축 방안 연구),근로감독관 AI 지원시스템 구축방안 연구
정책연구용역(AML 제도이행평가 위험노출부문 평가개선을 위한 연구),AML 위험노출부문 평가개선 연구
정책연구용역(고용행정데이터에 기반한 고용정책 및 서비스 개선방안 연구),고용행정데이터 기반 고용정책 개선방안 연구
정책연구용역(금융환경 변화에 따른 금융위원회 조직혁신 방안),금융환경 변화 금융위 조직혁신 방안
정책연구용역(장기·고정금리 주택담보대출 활성화 및 주담대 자산을 활용한 은행의 전략적 유동성 확보 방안),장기·고정금리 주담대 활성화·유동성 확보 방안
정책연구용역(제7차 금융중심지 기본계획 수립을 위한 선행연구),제7차 금융중심지 기본계획 선행연구
정책환경 및 행정수요 변화에 대응한 해양수산 기능 재정립 방안 연구용역,해양수산 기능 재정립 방안 연구
정책환경 변화에 따른 교육 현안 진단 및 과제 발굴 연구,교육 현안 진단·과제 발굴 연구
정치 양극화 시대의 외교-트럼프 시대 미국외교 전환의 국내적 배경과 함의 민관합동 협의체 운영,트럼프 시대 미국외교 전환 협의체 운영
제11차 세계식물원교육총회(ICEBG) 해외인사 초청 운영 대행,세계식물원교육총회 해외인사 초청 운영
제12회 SF어워드 기획 및 운영 위탁용역 조달계약 요청,제12회 SF어워드 기획·운영
제12회 공주정신건강학술문화제 행사 대행 용역 입찰 공고,공주정신건강학술문화제 행사 대행
제13회 서울국제경쟁포럼 및 제3회 한·ASEAN·CIS 경쟁정책 협의회 행사 기획,서울국제경쟁포럼·한아세안 경쟁정책 협의회
제13회 아시아 법제 전문가 회의 및 아시아 법제기구 협의체 설립 행사 용역,아시아 법제 전문가 회의·협의체 설립 행사
제16회 향수옥천 포도·복숭아 축제 품종전시관 임차 및 설치 용역,향수옥천 포도·복숭아 축제 품종전시관 임차
제16회 향수옥천 포도·복숭아축제 행사대행 용역(수의시담),향수옥천 포도·복숭아축제 행사대행
제16회 향수옥천 포도·복숭아축제 행사대행 용역(협상에의한계약),향수옥천 포도·복숭아축제 행사대행
제18차 한·중·일 황사공동연구단 실무그룹 회의 등 행사대행 용역,한·중·일 황사공동연구단 회의 행사대행
제18회 경상북도후계농업경영인대회 시설물 설치 및 행사 대행 용역(민간입찰대행),경북후계농업경영인대회 시설물·행사 대행
제19회 산림교육전문가 역량강화 보수교육 및 전국 숲해설 경연대회 운영 ,산림교육전문가 보수교육·숲해설 경연 운영
제1차 모바일포렌식 SW도구 라이선스 갱신 및 구매(지엠디소프트),모바일포렌식 SW도구 라이선스 갱신·구매
제1차 미세먼지 관리 종합계획 최종평가 및 제2차 종합계획 평가 기반 마련 연구,미세먼지 관리 종합계획 평가 기반 연구
제1차 해양폐기물 및 해양오염퇴적물 관리 기본계획 변경계획 수립 연구,해양폐기물·오염퇴적물 관리 기본계획 수립
제20회 남해 마늘한우 축제 대형텐트 임차 및 관리 용역,남해 마늘한우 축제 대형텐트 임차·관리
제20회 남해 마늘한우 축제 몽골텐트 및 행사물품 임차 및 관리 용역,남해 마늘한우 축제 몽골텐트·물품 임차
제20회 대한민국 자원봉사대상 시상식 및 2026년 세계 자원봉사자의 해 비전 선포식 행사 운영,자원봉사대상 시상식·비전 선포식 운영
제22회 익산 천만송이 국화축제 옥외광고물 설치 및 철거 용역,익산 국화축제 옥외광고물 설치·철거
제23회 대학(원)생 모의공정위 경연대회 운영대행 위탁사업,대학생 모의공정위 경연대회 운영대행
제23회 창원 전국민속 소힘겨루기대회 경기장 등 임차 용역,창원 전국민속 소힘겨루기대회 경기장 임차
제26회 전국 119소방동요 경연대회 행사 운영(수의시담),전국 119소방동요 경연대회 행사 운영
제26회 전국119소방동요 경연대회 부상품 제작(수의시담),전국119소방동요 경연대회 부상품 제작
제27회 강원특별자치도농촌지도자대회 행사기획 및 운영 용역(협상),강원 농촌지도자대회 행사기획·운영
"제2연화봉 환경저해시설 정비, 복원사업 기본 및 실시설계 용역",제2연화봉 환경저해시설 정비·복원 설계
제2차 간선급행버스체계(BRT) 종합계획(26-30) 수립 연구,간선급행버스체계 종합계획 수립 연구
제2차 광역교통 기본계획(‘21~’40) 전략환경영향평가 변경 협의 용역,광역교통 기본계획 전략환경영향평가 변경
제2차 국민건강보험 종합계획 2024년 시행계획 평가 연구,국민건강보험 종합계획 시행계획 평가 연구
제2차 모바일포렌식 SW도구 라이선스 갱신 및 구매(파이널데이터),모바일포렌식 SW도구 라이선스 갱신·구매
제2차 물 재이용 기본계획 변경 수립 전략환경영향평가(기후변화영향평가 포함) 용역,물 재이용 기본계획 변경 전략환경영향평가
제2차 생물자원관 기본계획(안)(2026~2030) 마련 연구,생물자원관 기본계획안 마련 연구
제2차 생활화학제품 및 살생물제 관리 종합계획 수립 연구,생활화학제품·살생물제 관리 종합계획 수립
제2차 선박교통관제 기본계획(26~30년) 수립 연구용역,선박교통관제 기본계획 수립 연구
제2차 선박교통관제 기본계획(26년~30년) 수립 연구용역,선박교통관제 기본계획 수립 연구
제2차 시약.초자.센서류(온습도 데이터로거 등 23품목)입찰 구매,시약·초자·센서류 입찰 구매
제2차 재외국민보호기본계획(2026년-2030년)에 관한 정책연구용역,재외국민보호기본계획 정책연구
제2차 전북특별자치도 도립공원 보전·관리계획 수립 최종보고서 인쇄,전북 도립공원 보전·관리계획 보고서 인쇄
제2차 지역특화작목 연구개발 및 육성 추진 전략 수립 연구용역,지역특화작목 연구개발·육성 전략 연구
제2회 대한민국 보훈문화제 푸드 페스타 기획 및 운영 대행 용역,보훈문화제 푸드 페스타 기획·운영 대행
제30회 농업인의 날 국가기념 및 부대행사 인쇄물(옥외광고) 홍보 용역,농업인의 날 부대행사 인쇄물 홍보
제30회 농업인의 날 국가기념 행사 및 부대행사 공연 계약,농업인의 날 행사·부대행사 공연
제32차 마약류퇴치국제협력회의(ADOLIMICO) 기획 및 운영 용역 사업,마약류퇴치국제협력회의 기획·운영
제33차 공개심의대상 외교문서 스캐닝 및 마이크로필름 제작사업,공개심의 외교문서 스캐닝·마이크로필름 제작
"제3차 나무섬,남형제섬 주변해역 해양보호구역 관리기본계획 수립(2026~2030년) 수립 연구용역 입찰공고",나무섬·남형제섬 해양보호구역 관리계획 수립
제3차 나무섬·남형제섬 주변해역 해양보호구역 관리기본계획 수립(2026~2030년) 수립 연구용역 ,나무섬·남형제섬 해양보호구역 관리계획 수립
제3차 노숙인 등의 복지 및 자립지원 종합계획 수립을 위한 연구,노숙인 복지·자립지원 종합계획 수립 연구
제3차 노후준비 지원에 관한 5개년 기본계획(안) 수립 연구,노후준비 지원 5개년 기본계획 수립 연구
제3차 시약.초자.센서류(에탄올 등 39품목) 입찰 구매,시약·초자·센서류 입찰 구매
제3차 특수외국어 교육 진흥 5개년 기본계획 수립을 위한 정책연구 위탁 용역,특수외국어 교육진흥 기본계획 정책연구
제41차 APEC 반부패·투명성 실무협의단 총회 및 반부패 고위급 대화 대행,APEC 반부패·투명성 실무협의단 총회 대행
제42차 ICAO 총회 한국의 밤 행사대행 및 대표단 지원,ICAO 총회 한국의 밤 행사대행·대표단 지원
제48차 유네스코 세계유산위원회 행사 총괄 운영 대행 용역,유네스코 세계유산위원회 행사 운영 대행
제4기 배출권거래제 온실가스 검증 역량 향상을 위한 검증기법 개발 연구(Ⅱ),배출권거래제 온실가스 검증기법 개발 연구
제4기(23~27) 국가산단지역 주민 환경오염노출 및 건강영향조사 (III) (노출 및 실태조사),국가산단 주민 환경오염노출 건강영향조사
제4기(23~27) 국가산단지역 주민 환경오염노출 및 건강영향조사 (III) (환경조사),국가산단 주민 환경오염노출 건강영향조사
제4기(`25~`29) 폐금속광산지역 주민건강영향조사(Ⅰ),폐금속광산지역 주민건강영향조사
제4차 국민기초생활보장제도 기본계획 및 종합계획 수립 연구,국민기초생활보장제도 기본·종합계획 연구
제4차 수산생물질병 관리 기술 종합계획 수립 및 이행 활성화 방안 연구,수산생물질병 관리 종합계획 수립 연구
제4차 시약.초자.센서류(무슌채수병 등 33품목) 입찰 구매,시약·초자·센서류 입찰 구매
제4차 자연환경보전기본계획(2026~2035) 수립 연구,자연환경보전기본계획 수립 연구
제4차 잔류성오염물질 관리 기본계획(2026~2030) 수립 연구,잔류성오염물질 관리 기본계획 수립 연구
제58차 UN ESCAP/WMO 태풍위원회 총회 개최 행사 대행 용역,UN ESCAP/WMO 태풍위원회 총회 행사 대행
제5차 광역교통시행계획(’26~’30) 수립 연구(2차),광역교통시행계획 수립 연구
제5차 국가환경종합계획(’20~’40) 수정계획 수립 연구(Ⅱ),국가환경종합계획 수정계획 수립 연구
제5차 시약.초자.센서류(와이프올 등 54품목) 입찰 구매,시약·초자·센서류 입찰 구매
제5회 한글실험프로젝트 한글을 쓰는 도구(가제) 작가 인터뷰 영상 제작,한글실험프로젝트 작가 인터뷰 영상 제작
제5회 한글실험프로젝트 한글을 쓰는 도구(가제) 전시연출 설계 및 제작 설치,한글실험프로젝트 전시연출 설계·제작 설치
제6차 지역산림계획(2018~2037) 중간평가 및 변경수립 용역,지역산림계획 중간평가·변경수립
제7회 전국소방체전 선수단 온열질환 예방물품 구매(수의시담),전국소방체전 온열질환 예방물품 구매
"제8차 당대회 이후 북한 김정은 체제 및 전략 평가, 향후 전망 및 대응",북한 김정은 체제·전략 평가 및 전망
"제8차 당대회 이후 북한 김정은 체제 및 전략 평가, 향후 전망 및 대응 단일응찰에 따른 수의시담 공고",북한 김정은 체제·전략 평가 및 전망
제8차 아시아태평양 규제기관 바이오의약품 품질관리 현장교육,아태 규제기관 바이오의약품 품질관리 교육
제요4리 취약지역 생활여건 개조사업 기본계획 및 시행계획(세부설계) 수립 용역,제요4리 취약지역 생활여건 개조 계획 수립
제주 3002함 주기관(MAN) 단계별정비 부속 구매(특수조건 필독),제주 3002함 주기관 단계별정비 부속 구매
제주 3012함 기기부속(공기압축기) 구매(특수조건 필독),제주 3012함 공기압축기 부속 구매
제주 3012함 함수 스러스터 수리자재 구매(특수조건 필독),제주 3012함 함수 스러스터 수리자재 구매
제주 제2공항 건설공사 건설사업관리(설계단계) 및 설계VE용역,제주 제2공항 건설사업관리·설계VE
제주 지역특화작목 연구인프라 시설 구축 계장제어시스템(관급자재) 구입,제주 지역특화작목 연구인프라 계장제어시스템 구입
제주 크루즈터미널 자동심사대 설치 사업 감리 및 개인정보영향평가 용역,제주 크루즈터미널 자동심사대 감리·영향평가
제주3002함 주기관(MANB&W28-32A) 단계별정비(W5),제주3002함 주기관 단계별정비
제주경찰청 가스열펌프(GHP) 배출가스 저감장치 구매 설치,제주경찰청 GHP 배출가스 저감장치 구매설치
제주경찰청 가스열펌프(GHP) 배출가스 저감장치 구매(설치),제주경찰청 GHP 배출가스 저감장치 구매설치
제주교도소 급식용 공산품류 구매 2단계(규격/가격 동시) 입찰 공고,제주교도소 급식용 공산품류 구매
"제주교도소 급식용 공산품류 구매 2단계[규격,가격동시] 입찰공고",제주교도소 급식용 공산품류 구매
제주교도소 급식용 농산물류 구매 2단계[규격·가격동시] 입찰공고,제주교도소 급식용 농산물류 구매
제주교도소 급식용 축산물류 구매 2단계[규격·가격동시] 입찰 공고,제주교도소 급식용 축산물류 구매
제주국제공항 관제동 신축공사(건축공사Ⅱ) 관급자재(AL압연강판) 구매 및 설치,제주공항 관제동 신축 관급자재 AL압연강판 구매설치
제주국제공항 관제동 신축공사(건축공사Ⅱ) 관급자재(AL창호) 구매 및 설치,제주공항 관제동 신축 관급자재 AL창호 구매설치
제주서부경찰서 노형지구대 등 5개 관서 내진성능평가 용역 ,제주서부경찰서 노형지구대 등 5곳 내진성능평가
제주시험연구센터 만능재료시험기 2.5kN 구매 입찰 공고,제주시험연구센터 만능재료시험기 2.5kN 구매
제주시험연구센터 신규시험장비 도입(만능재료시험기 2MN),제주시험연구센터 만능재료시험기 2MN 도입
제주우체국 등 6개소 제3종 시설물 정기안전점검 용역 소액수의 견적 제출,제주우체국 등 6곳 시설물 정기안전점검
제주우체국 등 9개소 소방시설 점검 용역 소액수의 견적서 제출 안내 ,제주우체국 등 9곳 소방시설 점검
제주지방해양경찰청 과학수사계 침수물리복구포렌식 장비 구매,제주해경 침수물리복구 포렌식 장비 구매
제주출입국외국인청 보호외국인 급식용 식자재(공산품) 단가계약 소액수의 견적제출 공고,제주출입국청 보호외국인 급식 공산품 단가
제주출입국외국인청 보호외국인 급식용 식자재(김치류) 단가계약 소액수의 견적제출 공고,제주출입국청 보호외국인 급식 김치류 단가
제주출입국외국인청 보호외국인 급식용 식자재(농산물) 단가계약 소액수의 견적제출 공고,제주출입국청 보호외국인 급식 농산물 단가
제주출입국외국인청 보호외국인 급식용 식자재(수산물) 단가계약 소액수의 견적제출 공고,제주출입국청 보호외국인 급식 수산물 단가
제주출입국외국인청 보호외국인 급식용 식자재(축산품) 단가계약 소액수의 견적제출 공고,제주출입국청 보호외국인 급식 축산품 단가
제주해양경찰서 경비함정 사업장폐기물 위탁처리 용역(단가),제주해경 경비함정 사업장폐기물 위탁처리
제주해양경찰서 구조·구급 경찰관 특수건강검진 위탁(총액),제주해경 구조구급 경찰관 특수건강검진
제주해양경찰서 추자파출소 리모델링 공사(건축·기계)-석면철거 포함,제주해경 추자파출소 리모델링 공사
제주해양경찰서 추자파출소 리모델링 공사(건축·기계-석면철거 포함),제주해경 추자파출소 리모델링 공사
제천경찰서 어린이집 2025학년도 식자재납품업체선정입찰공고,제천경찰서 어린이집 식자재 납품업체 선정
제천경찰수련원 통신서비스(IPTV 및 인터넷) 업체 선정,제천경찰수련원 통신서비스 업체 선정
제천시 농촌 에너지 전환 로드맵 수립 연구용역 [협상에 의한 계약],제천시 농촌 에너지전환 로드맵 수립 연구
제천시 청년농촌보금자리 조성사업 기본 및 시행계획 수립 용역,제천시 청년농촌보금자리 조성 계획 수립
제천시 청년농촌보금자리 조성사업 기본 및 실시설계용역(제안공모)(재공모),제천시 청년농촌보금자리 실시설계
"제품보존용, 제품표면처리용 및 섬유·가죽용 보존제 노출평가 방법론 마련",보존제 노출평가 방법론 마련
제품안전 정보지 SAFETY KOREA 제작 용역 사업 공고,제품안전 정보지 SAFETY KOREA 제작
제품안전 정책·정보안내 시스템 고도화 ISP 수립  용역 사업 공고,제품안전 정책정보 시스템 고도화 ISP 수립
조달계약 요청_동부저수지 수변공원 조성사업 관급자재(출렁다리) 구입,동부저수지 수변공원 관급자재 출렁다리 구입
조달사업 내외부 환경변화에 따른 조달특별회계 중장기 운영개선방안 연구,조달특별회계 중장기 운영개선방안 연구
조달사업의 내·외부 환경변화에 따른  조달특별회계 수수료 운영개선 방안 연구,조달특별회계 수수료 운영개선 방안 연구
조달청 전력시설물 설계 . 감리업자 사업수행능력평가기준 제정등을 위한 연구용역,전력시설물 설계감리 수행능력평가기준 연구
조달청 홍보물품 제작 계약 요청(마스코트 해리티지 굿즈),조달청 홍보물품 마스코트 굿즈 제작
조도 체험학습관 건축물 에너지효율등급 및 제로에너지건축물 본인증 용역,조도 체험학습관 에너지효율·제로에너지 인증
조류연구센터 20주년 기념식 및 국제철새심포지엄 행사 전문 업체 위탁 용역,조류연구센터 20주년 기념식·심포지엄 위탁
조류예측 및 수질오염사고분석 모델링 자동가시화체계 개발(낙동강 수계 대상 시범 구축),조류예측·수질오염사고 모델링 가시화체계 개발
"조류질병과,AI연구진단과 겔다큐멘테이션시스템  2대 구입",조류질병과 등 겔다큐멘테이션시스템 2대 구입
"조위관측소(안흥, 보령, 영광, 흑산도) 도수관 소제 및 환경정비",조위관측소 4곳 도수관 소제·환경정비
"조위관측소(안흥,보령,영광,흑산도) 도수관 소제 및 환경정비",조위관측소 4곳 도수관 소제·환경정비
조종실음성기록장치(CVR)인출장비 [CVR Download Equipment],조종실음성기록장치 CVR 인출장비
종자검정연구센터 LMO 유전자분석 소모품(Fluidigm용 SNP Assay 등 2종) 구입,종자검정센터 LMO 유전자분석 소모품 구입
종자보증제도 개선을 위한 국제사례 조사 및 제도개선 방안 연구,종자보증제도 개선 국제사례 조사 연구
종자비산모델 예측 정확도 개선 및 천연갱신지 모수·수림대 적정 배치 방안 마련 ,종자비산모델 정확도 개선·배치방안 마련
종자사업소 꿀벌자원 우수품종 군산 연도 증식장 조성 장비 구입(실체현미경 등 5품목),종자사업소 꿀벌 증식장 장비 구입
종자사업소 우량종자 저장창고 신축 및 리모델링 공사 설계용역,종자사업소 종자 저장창고 신축·리모델링 설계
종자사업소 잠사곤충시험장 잠실 방수 등 노후시설 보수 공사 수의계약 안내 공고,종자사업소 잠실 방수 등 노후시설 보수
종천면 장구3리 마을만들기(자율개발) 사업(토목)(장기계속공사),종천면 장구3리 마을만들기 토목공사
종합적성검사 판정결과 검정 질문지 등 개발 연구용역(수의시담),종합적성검사 판정결과 검정 질문지 개발
주사전자현미경(Scanning Electron Microscopy) 구매,주사전자현미경 구매
주상면 기초생활거점 조성사업 기존 건축물 해체공사 석면철거공사,주상면 거점조성 건축물 해체 석면철거공사
주상면 기초생활거점 조성사업 기존 건축물 해체공사 폐기물처리용역(긴급),주상면 거점조성 건축물 해체 폐기물처리
주요 갯벌어장 유용생물 서식실태 조사 및 환경특성 통합 분석,주요 갯벌어장 유용생물 서식실태 조사
주요 연안지역 대상 고해상도 예측모델 개발 및 지진해일 전파 특성 연구,연안 고해상도 예측모델 개발·지진해일 연구
주요 연안지역 대상 고해상도 예측모델 개발 및 지진해일 전파 특성 연구(수의시담),연안 고해상도 예측모델 개발·지진해일 연구
주요국 국가중요기술 관리체계 현황 및 정책적 시사점 연구,주요국 국가중요기술 관리체계 현황 연구
주의력결핍 과잉행동장애(ADHD) 치료를 위한 디지털의료기기(디지털의료기기소프트웨어) 개발,ADHD 치료 디지털의료기기 개발
주제관 특별전 밤의 현대사 전시연출 설계 및 제작설치 용역,특별전 밤의 현대사 전시연출 설계·제작
"주택가격비준표 특성항목 개선을 위한 2차 연구:수도권, 지방광역시 및 세종특별자치시를 대상으로",주택가격비준표 특성항목 개선 2차 연구
주택건설공사 감리자(건축) 모집 공고(송도국제도시 11공구 RC3BL 공동주택 신축공사),송도 11공구 RC3BL 공동주택 건축감리 모집
주택건설공사 감리자(건축) 모집 공고(송도국제도시 G5-11블록 주상복합 신축공사),송도 G5-11블록 주상복합 건축감리 모집
주택건설공사 감리자(건축) 모집 공고(송도국제도시 G5-1블록 주상복합 신축공사),송도 G5-1블록 주상복합 건축감리 모집
주택건설공사 감리자(건축) 모집 공고(인천경제자유구역 영종하늘도시 A50BL 공동주택 신축공사),영종하늘도시 A50BL 공동주택 건축감리 모집
"주택건설공사 감리자(건축) 모집 공고(인천영종하늘도시 A19BL, A20BL 공동주택 신축공사)",영종하늘도시 A19·A20BL 건축감리 모집
"주택건설공사 감리자(건축) 모집 공고（인천영종하늘도시 RC4-1,2BL 대방 디에트르 건설공사）","영종하늘도시 RC4-1,2BL 건축감리 모집"
주택건설공사 감리자(소방) 모집 공고(송도국제도시 11공구 RC3BL 공동주택 신축공사),송도 11공구 RC3BL 공동주택 소방감리 모집
주택건설공사 감리자(소방) 모집 공고(송도국제도시 G5-11블록 주상복합 신축공사 ),송도 G5-11블록 주상복합 소방감리 모집
주택건설공사 감리자(소방) 모집 공고(송도국제도시 G5-1블록 주상복합 신축공사),송도 G5-1블록 주상복합 소방감리 모집
주택건설공사 감리자(소방) 모집 공고(인천영종하늘도시 A19BL 공동주택 신축공사),영종하늘도시 A19BL 공동주택 소방감리 모집
주택건설공사 감리자(소방) 모집 공고(인천영종하늘도시 A20BL 공동주택 신축공사),영종하늘도시 A20BL 공동주택 소방감리 모집
"주택건설공사 감리자(소방) 모집 공고(인천영종하늘도시 RC4-1,2BL 대방 디에트르 건설공사)","영종하늘도시 RC4-1,2BL 소방감리 모집"
주택건설공사 감리자(전기) 모집 공고(송도국제도시 11공구 RC3BL 공동주택 신축공사),송도 11공구 RC3BL 공동주택 전기감리 모집
주택건설공사 감리자(전기) 모집 공고(송도국제도시 G5-11블록 주상복합 신축공사),송도 G5-11블록 주상복합 전기감리 모집
주택건설공사 감리자(전기) 모집 공고(송도국제도시 G5-1블록 주상복합 신축공사),송도 G5-1블록 주상복합 전기감리 모집
"주택건설공사 감리자(전기) 모집 공고(인천영종하늘도시 A19BL, A20BL 공동주택 신축공사)",영종하늘도시 A19·A20BL 전기감리 모집
"주택건설공사 감리자(전기) 모집 공고(인천영종하늘도시 RC4-1,2BL 대방 디에트르 건설공사)","영종하늘도시 RC4-1,2BL 전기감리 모집"
주택도시기금 대체투자자산 사후관리 및 공정가치평가 검증 용역,주택도시기금 대체투자자산 공정가치평가 검증
주택도시기금 여유자금 운용보조기관 선정 제안서 검증용역 ,주택도시기금 운용보조기관 제안서 검증
주택용 소방시설 설치 공익광고 홍보영상물 제작(수의시담),주택용 소방시설 공익광고 홍보영상 제작
주행 및 배터리 정보 등을 이용한 전기자동차 환경성능 관리체계 도입 연구(III),전기차 환경성능 관리체계 도입 연구 III
중·고등학교 식품안전·영양 교재 개정 및 청소년 당류 줄이기 교육 프로그램 운영,중고교 식품안전영양 교재 개정·당류 교육
중규모 대류계 위험기상 발달 메커니즘 분석기술 개발(II) ,중규모 대류계 위험기상 발달 분석기술 개발 II
중대산업재해 예방을 위한 안전보건 실태조사 및 관리체계 개선 연구,중대산업재해 예방 안전보건 실태조사 연구
중동물 생물안전 3등급 시설[중동물 ABL3] 음압형 부검대 시스템 구매,중동물 ABL3 음압형 부검대 시스템 구매
중부산세무서 청사 신축사업 건설사업관리용역(감독권한대행),중부산세무서 청사 신축 건설사업관리
중부산세무서 청사신축 건설공사 안전점검 수행기관 지정 공고,중부산세무서 청사신축 안전점검기관 지정
중부지방고용노동청 경기지청 증축공사 관련 통합배선 및 구내통신이전공사,중부고용청 경기지청 통합배선·구내통신이전
중부지방해양경찰청 청사 신축공사 재해예방기술지도 용역(전기·통신·소방분야),중부해경 청사 신축 재해예방기술지도
중부지방해양경찰청 청사 신축사업 가연성(소각)폐기물 처리용역,중부해경 청사 신축 가연성폐기물 처리
중부지방해양경찰청 청사 신축사업 건설사업관리（감독권한대행 등）용역,중부해경 청사 신축 건설사업관리
중부지방해양경찰청 특공대 실내사격장 신축공사 감독 권한대행 등 건설사업관리용역,중부해경 특공대 실내사격장 건설사업관리
중부지역본부 청사 신축공사 재해예방 기술지도 용역(건축),중부지역본부 청사 신축 재해예방 기술지도 건축
"중부지역본부 청사 신축공사 재해예방 기술지도 용역(전기,통신,소방)",중부지역본부 청사 신축 재해예방 기술지도 전기
"중부청 특공대 실내사격장 신축공사(건축, 토목, 기계, 폐기물)",중부청 특공대 실내사격장 신축공사
중소 제조업체 대상 나트륨·당류 저감 제품 개발 기술 지원,중소제조업 나트륨·당류 저감 제품개발 지원
중소기업 등에 대한 경쟁법 적용제외 관련 비교법적 연구 - 해외사례 중심으로,중소기업 경쟁법 적용제외 비교법적 연구
중소기업 빅데이터플랫폼(SIMS 기업마당) G-클라우드 전환 및 고도화 감리용역,중소기업 빅데이터플랫폼 G클라우드 전환 감리
"중소기업빅데이터플랫폼(SIMS, 기업마당) G-클라우드 전환 및 고도화",중소기업 빅데이터플랫폼 G클라우드 전환 고도화
중소도시 거점 육성을 위한 투자선도지구 활성화 방안 연구,중소도시 거점 투자선도지구 활성화 방안 연구
중앙경찰학교 2025년 냉난방용 및 온수용 유류(부생유) 구매 단가계약 입찰공고,중앙경찰학교 냉난방용 유류 구매 단가
중앙경찰학교 2025년 액화석유가스(일반용프로판) 구매 계약 입찰 공고,중앙경찰학교 액화석유가스 구매
중앙경찰학교 생활관 증축공사 건설사업관리용역(감독권한대행),중앙경찰학교 생활관 증축 건설사업관리
"중앙경찰학교 생활관 증축공사(토목, 조경, 기계 포함) 안전점검 수행기관 지정 공고",중앙경찰학교 생활관 증축 안전점검기관 지정
중앙경찰학교 제318-321기 신임교육생 종합훈련복 구매 긴급공고,중앙경찰학교 신임교육생 종합훈련복 구매
중앙냉난방설비 보수공사용 관급자재(흡수식냉온수기) 구매(설치포함),중앙냉난방설비 관급자재 흡수식냉온수기 구매
중앙보훈병원 업무용 차량(방문재활 및 호스피스) 임차 용역,중앙보훈병원 방문재활·호스피스 차량 임차
중장기 감축목표 수립 지원을 위한 온실가스-에너지 모형 비교연구,중장기 감축목표 온실가스에너지 모형 비교연구
중증열성혈소판감소증후군(SFTS) 치료용 항체 비임상 시료 공정개발 및 생산,SFTS 치료 항체 비임상 시료 공정개발·생산
중증장애인 생물표본제작사 양성·운영 관련 유아용 책자 4권 인쇄,중증장애인 표본제작사 유아용 책자 4권 인쇄
중증장애인 생물표본제작사 양성·운영 관련 유아용 책자 디자인,중증장애인 표본제작사 유아용 책자 디자인
중증장애인 생물표본제작사 양성·운영관련 유아용 책자 4권 인쇄,중증장애인 표본제작사 유아용 책자 4권 인쇄
"중형급(담수용량 3,000리터 이상) 산불진화용 헬리콥터 임차",중형급 산불진화용 헬리콥터 임차
중형함정 계획정비 기관부속 예비품(RUBBER GASKET 등 10종) 구매(특수조건 필독),중형함정 기관부속 예비품 10종 구매
즐거운 생활 교육과정 재구조화에 따른 특수교육 교과용도서 편찬 지침 개발 연구,즐거운 생활 특수교육 교과서 편찬지침 연구
지능형 불법 대기배출시설 분석 시스템 마련을 위한 기초 데이터 조사 용역,지능형 불법 대기배출시설 분석 기초데이터 조사
"지능형 외교안보 데이터 플랫폼 구축 사업 국가용 암호화 장비 연계 장비(HW, SW) 구매",외교안보 데이터플랫폼 암호화 연계장비 구매
지능형 해양수산재난정보체계 운영 및 유지관리(2026~2027),지능형 해양수산재난정보체계 운영·유지관리
지리산국립공원 장터목대피소 정비사업 기본 및 실시설계용역,지리산 장터목대피소 정비 실시설계
지리산국립공원전북사무소 청사 신축사업 전기공사 관급자재 구매,지리산국립공원 전북사무소 청사 전기 관급자재
지방간 질환 진단․치료를 위한 이행제고 프로그램 적용 실증연구,지방간 진단치료 이행제고 프로그램 실증연구
지방소멸위기 극복을 위한 자생형 자연유산관리협약 체계 마련 및 지역공동체 활동모델 가이드라인 연구,자연유산관리협약 체계·공동체 활동모델 연구
지방자치단체분권 실현을 위한 「광역 단위 상향식 특례 부여 제도 도입」 연구용역,광역 단위 상향식 특례 부여 제도 도입 연구
지속가능발전 인식 및 실천 확산을 위한 홍보 전략 수립 연구,지속가능발전 인식·실천 확산 홍보전략 연구
지속가능한 ICT R&D를 위한 투자 지원체계 개편방안 연구,지속가능 ICT R&D 투자 지원체계 개편 연구
지속가능한 그린리모델링 생태계 조성 및 산업 육성방안 연구,그린리모델링 생태계 조성·산업 육성 연구
지식재산 활용도 제고를 위한 국가연구개발사업 질적 성과분석 모델 개발,국가R&D 질적 성과분석 모델 개발
지역 교육력 제고 및 지역과 상생하는 통합학교 운영방안 연구,지역 교육력 제고 통합학교 운영방안 연구
지역 배출 및 대기질 평가 체계(L-NEAS) 운영·개선 기반 구축 연구,지역 배출·대기질 평가체계 운영개선 연구
지역·캠퍼스 균형 발전을 위한 통합 국립대학의 자원배분 모형 개발,통합 국립대학 자원배분 모형 개발
지역경찰관서 전기차 충전 시설 설치에 따른 전기공사 관급자재(태양광발전장치) 구매 설치,지역경찰관서 전기차충전 관급자재 태양광 구매
지역균형발전을 위한 국립공연예술기관 지역 확산 기초 연구,국립공연예술기관 지역 확산 기초 연구
지역농업 경쟁력 강화 대응 기반조성 장비 구입 수의견적 공고,지역농업 경쟁력 강화 기반조성 장비 구입
지역농업 경쟁력 강화 대응 기반조성 장비(전동지게차) 구입 수의견적 공고,지역농업 기반조성 전동지게차 구입
지역농업 경쟁력강화 대응 기반조성 실험장비 구입 수의견적 공고,지역농업 기반조성 실험장비 구입
지역농업 경쟁력강화 대응 기반조성 씨감자망실하우스 보수공사 수의견적 공고,지역농업 씨감자망실하우스 보수공사
지역농업CEO 발전기반구축 지원사업(농업용창고 및 농산물선별장 신축)(민간입찰대행),지역농업CEO 농업용창고·선별장 신축
지역농업CEO발전기반구축 지원사업(저온저장고 및 작업장 신축)(민간입찰대행),지역농업CEO 저온저장고·작업장 신축
지역모델의 물리역학과정 및 초기장 개선 기반연구I 용역계약 체결 요청,지역모델 물리역학·초기장 개선 기반연구 I
"지역목재 이용 야외공연장 조성공사(건축, 기계) 상주감리용역",지역목재 야외공연장 조성 상주감리
지역목재 이용 야외공연장 조성공사(소방)관급자재_소화펌프,지역목재 야외공연장 소방 관급자재 소화펌프
지역별 복합문화예술 거점 조성을 위한 정책수요 및 실태 연구,복합문화예술 거점 조성 정책수요 연구
지역사랑상품권 기본계획 수립을 위한 실태조사 및 발전 방안 모색 연구용역,지역사랑상품권 기본계획 실태조사 연구
지역사회 기반 노인 치매고위험군 코호트 추적조사를 통한 치매예방관리 연구(2차),노인 치매고위험군 코호트 추적 예방관리 연구
지역생물다양성전략 이행 점검 지원 모니터링 연구(1차년도),지역생물다양성전략 이행점검 모니터링 연구
지역안전을 위한 유해성평가 기반 배출 대상물질 검토 방안 연구,지역안전 유해성평가 배출대상물질 검토 연구
지역통일허브로서의 통일+센터 중장기 발전방안 정책연구용역,통일+센터 중장기 발전방안 정책연구
지역특성화 사업 물품(콤바인 등 4종 5대) 구매 입찰 공고[입찰대행],지역특성화 물품 콤바인 등 4종 구매
지역특화시범사업 풋마늘 재배를 위한 연동비닐하우스 설치공사(민간입찰대행),지역특화 풋마늘 연동비닐하우스 설치공사
지역특화품목 육성단지 조성사업( 시설하우스) 공사 수의계약 견적 제출(민간입찰대행),지역특화품목 육성단지 시설하우스 공사
지역화학사고대비체계 활성도 평가·분석을 통한 이해당사자 역량 강화 방안 연구,지역화학사고대비체계 평가·역량강화 연구
지자체 국가유산 전문인력 전문교육 교과과정 개발 연구용역,지자체 국가유산 전문인력 교육과정 개발
지자체 라돈관리계획 수립 지원을 위한 실내라돈조사 사업 평가,지자체 라돈관리계획 실내라돈조사 평가
지자체 화물운송 행정 일관성 확보를 위한 가이드라인 마련 연구,지자체 화물운송 행정 가이드라인 연구
지정면 월송4리 농어촌 취약지역 생활여건 개조사업 기본계획수립 용역,지정면 월송4리 생활여건 개조 기본계획
지진분석소프트웨어(Antelope) 5.15 버전 업그레이드 구매 계약,지진분석SW Antelope 5.15 업그레이드 구매
지하매설배관 검사기법 적용 타당성 및 지상배관 검사기술 도입 연구,지하매설배관 검사기법·지상배관 검사기술 연구
지하수 중 오염물질 인공지능(AI) 감시 및 예측 시스템 유지관리(2025~2027),지하수 오염물질 AI 감시예측 시스템 유지관리
직소천자동차야영장 이용  편의시설(야외 테이블) 구매 및 설치,직소천자동차야영장 야외테이블 구매설치
"직영작업장 재료(면사 40수 25,000kg/면사 60수 3,000kg) 구매",직영작업장 재료 면사 구매
직접구매 해외식품 등 판매자 자율적 관리의 기술지원 방안 연구,해외식품 판매자 자율관리 기술지원 연구
진도군 고체 유용미생물 생산자동시스템에 따른 멸균미생물배양기 제조설치,진도군 멸균미생물배양기 제조설치
진안경찰서 정천상전파출소 리모델링 및 내진보강공사 건축설계 용역,진안경찰서 정천상전파출소 리모델링 설계
"진주교도소 급식용 공산품 1차 구매 2단계(규격,가격동시) 입찰",진주교도소 급식용 공산품 1차 구매
"진주교도소 급식용 공산품 2차 구매(규격, 가격 동시) 입찰공고",진주교도소 급식용 공산품 2차 구매
"진주교도소 급식용 공산품 3차 구매(규격,가격 동시) 입찰공고",진주교도소 급식용 공산품 3차 구매
"진주교도소 급식용 공산품 4차 구매(규격,가격 동시) 입찰 공고",진주교도소 급식용 공산품 4차 구매
진주교도소 급식용 김치류 1차 구매(적격심사 제한경쟁) 입찰,진주교도소 급식용 김치류 1차 구매
진주교도소 급식용 김치류 2차 구매(적격심사 제한경쟁) 입찰,진주교도소 급식용 김치류 2차 구매
"진주교도소 급식용 농산물 2차 구매(규격,가격 동시) 입찰공고",진주교도소 급식용 농산물 2차 구매
"진주교도소 급식용 수산물 구매 2단계(규격, 가격 동시) 입찰 공고",진주교도소 급식용 수산물 구매
"진주교도소 급식용 축산물 1차 구매(2단계, 규격 가격 동시) 입찰 공고",진주교도소 급식용 축산물 1차 구매
"진주교도소 급식용 축산물 2차 구매(2단계, 규격 가격 동시) 입찰 공고",진주교도소 급식용 축산물 2차 구매
진주교도소 수용자 자비구매 안경류 소액수의(견적입찰) 입찰 공고,진주교도소 수용자 자비구매 안경류 소액수의
진주교도소 액화석유가스 (LPG) 1차 구매 단가 계약 입찰,진주교도소 액화석유가스 1차 구매 단가
"진주교도소 여성수용동 증축공사(간접가열보일러)제조, 구매 소액수의 입찰",진주교도소 여성수용동 증축 간접가열보일러
"진주국토 고성,거제,창원권역 비탈면 배수로 등 일상관리공사",진주국토 고성거제창원 비탈면 배수로 관리공사
진주국토 관내 도로시설안전관리사업(1권역) 통합 건설사업관리엔지니어링,진주국토 도로시설안전관리 1권역 건설사업관리
진주국토 관내 도로시설안전관리사업(2권역) 통합 건설사업관리엔지니어링,진주국토 도로시설안전관리 2권역 건설사업관리
진주국토 관내 도로안전운영사업(1권역) 통합 건설사업관리엔지니어링,진주국토 도로안전운영 1권역 건설사업관리
진주국토 관내 도로안전운영사업(2권역) 통합 건설사업관리엔지니어링,진주국토 도로안전운영 2권역 건설사업관리
"진주국토 하동,남해,진주권역 비탈면 배수로 등 일상관리공사",진주국토 하동남해진주 비탈면 배수로 관리공사
진주상평 등 2개소 완충저류시설 수질계측기기 구매 및 설치 용역,진주상평 등 2곳 완충저류시설 수질계측기 구매
진천군 진천읍 행정리 문안주유소 앞(잣고개정상) 교차로 등 3개소 사고잦은곳 개선공사,진천 행정리 교차로 등 3곳 사고잦은곳 개선
진천군 진천읍 행정리 문안주유소 앞(잣고개정상) 교차로 등 3개소 사고잦은곳 개선공사 폐기물처리용역,진천 행정리 사고잦은곳 개선 폐기물처리
진천군 진천읍 행정리 문안주유소 앞(잣고개정상) 교차로 등 3개소 사고잦은곳 개선공사(전기),진천 행정리 사고잦은곳 개선공사 전기
진해경찰서 실내사격장 환경개선 간이스프링클러 설치 소방공사,진해경찰서 실내사격장 간이스프링클러 소방공사
진해만 어장환경 개선을 위한 해수통로 시스템 활용 타당성 연구,진해만 어장환경 개선 해수통로 타당성 연구
"질병관리청 시약초자류 구매(신종병원체분석과, 16-6-00066)",질병관리청 시약초자류 구매
질병관리청 시약초자류 구매계약(16-2-00004외 5건) ,질병관리청 시약초자류 구매
질병관리청 시약초자류 구매계약(16-2-00009외 9건) ,질병관리청 시약초자류 구매
질병관리청 시약초자류 구매계약(16-2-00015외 8건),질병관리청 시약초자류 구매
질병관리청 시약초자류 구매계약(16-2-00027외 12건),질병관리청 시약초자류 구매(13건)
질병관리청 시약초자류 구매계약(16-2-00052외 16건),질병관리청 시약초자류 구매(17건)
질병관리청 시약초자류 구매계약(16-2-00080외 5건),질병관리청 시약초자류 구매(6건)
질병관리청 시약초자류 구매계약(16-2-00086외 15건),질병관리청 시약초자류 구매(16건)
질병관리청 시약초자류 구매계약(16-2-00101외 15건),질병관리청 시약초자류 구매(16건)
질병관리청 시약초자류 구매계약(16-2-00103외 14건),질병관리청 시약초자류 구매(15건)
질병관리청 시약초자류 구매계약(16-2-00129외 11건),질병관리청 시약초자류 구매(12건)
질병관리청 시약초자류 구매계약(16-2-00137외 9건),질병관리청 시약초자류 구매(10건)
질병관리청 시약초자류 구매계약(16-3-00004외 7건),질병관리청 시약초자류 구매(8건)
질병관리청 시약초자류 구매계약(16-3-00009외 4건),질병관리청 시약초자류 구매(5건)
질병관리청 시약초자류 구매계약(16-3-00067외 14건),질병관리청 시약초자류 구매(15건)
집행계획 및 사업수행능력 평가서 제출 안내 공고(울산신항 북항 방파호안 보강공사 기본 및 실시설계용역),울산신항 북항 방파호안 보강 기본·실시설계
집행계획 및 사업수행능력 평가서 제출 안내 공고(울산항 등 항만시설 정밀안전진단 및 정밀안전점검 용역),울산항 항만시설 정밀안전진단·점검
차기 자동차 배출허용기준 도입에 따른 시험방법 개선에 관한 연구(I),차기 자동차 배출허용기준 시험방법 개선연구
차세대 KICS 소프트웨어 연간 사용권 구매(형사사법정보시스템 서버 OS 등 라이선스 갱신),차세대 KICS 소프트웨어 사용권 구매
차세대 금융위 정보시스템 구축 사업(1차) 위탁 감리(의사운영정보팀),차세대 금융위 정보시스템 구축 위탁감리
차세대 농업인 성공모델 육성사업(사료배합기) 견적 제출 공고(민간입찰대행),차세대 농업인 육성(사료배합기) 견적
차세대 바이러스 감염병 첨단바이오 기반확보 및 고도화 연구전략마련,차세대 바이러스 감염병 바이오 연구전략
차세대 범죄예방정보시스템 구축(1차) 감리 및 개인정보영향평가 용역,차세대 범죄예방정보시스템 감리·영향평가
차세대 보훈병원 정보시스템 인프라(클라우드 서비스) 임차,차세대 보훈병원 정보시스템 클라우드 임차
차세대 부동산종합공부시스템 구축(2차) 사업 개인정보영향평가,차세대 부동산종합공부시스템 영향평가
"차세대 사과디지털 과원 및 통합관리시스템 신축공사(건축,토목,기계)",차세대 사과디지털 통합관리시스템 신축(건축)
차세대 사과디지털 과원 및 통합관리시스템 신축공사(전기),차세대 사과디지털 통합관리시스템 신축(전기)
차세대 운송수단 분석 장비 구매(자율주행차 플랫폼)(7),차세대 운송수단 분석장비(자율주행차) 구매
차세대염기서열분석 기반 항결핵제 감수성 검사 개발 킷트의 기능 개선 및 성능 평가,NGS 기반 항결핵제 감수성검사 킷트 평가
참돔이리도바이러스에 대한 신속 진단 키트 개발 응용 연구,참돔이리도바이러스 신속진단키트 개발연구
창녕-고암 국도건설공사 문화재 발굴(시굴 및 표본)조사 용역,창녕-고암 국도 문화재 발굴(시굴·표본)조사
창녕군 농산물 가공품 및 포장디자인 개발 용역(협상에 의한 계약),창녕군 농산물 가공품·포장디자인 개발
창덕궁 후원 및 인정전(1단계 보완) 권역 조경 정비 사업,창덕궁 후원·인정전 권역 조경정비
창업이민 인재양성 프로그램 위탁운영(지식재산 인재양성 및 발명/창업 대전),창업이민 인재양성 프로그램 위탁운영
창업이민 인재양성 프로그램(지식재산 인재양성 및 발명창업 대전)위탁운영 조달계약,창업이민 인재양성 프로그램 위탁운영
창원교도소  급식용 공산품(가스오부시 등 321종)  2단계 단가계약 입찰공고,창원교도소 급식 공산품(321종) 단가계약
창원교도소 급식용 공산품(가스오부시 등 256종) 2단계 단가계약 입찰공고,창원교도소 급식 공산품(256종) 단가계약
창원교도소 급식용 공산품(가스오부시 등 315종) 2단계 단가계약 입찰공고,창원교도소 급식 공산품(315종) 단가계약
창원교도소 급식용 공산품(가스오부시 등 317종) 2단계 단가계약 입찰공고,창원교도소 급식 공산품(317종) 단가계약
창원교도소 급식용 김치류(배추김치 등 7종) 구매 입찰공고,창원교도소 급식 김치류(7종) 구매
창원교도소 급식용 농산물(가지 등 46종) 2단계 단가계약 구매 입찰공고,창원교도소 급식 농산물(46종) 단가계약
창원교도소 급식용 수산물(가자미 등 51종) 2단계 단가계약 입찰공고,창원교도소 급식 수산물(51종) 단가계약
창원교도소 급식용 수산물(가자미 등 69종) 2단계 단가계약 입찰공고,창원교도소 급식 수산물(69종) 단가계약
창원교도소 급식용 우유(우유 등 10종) 2단계 단가계약 입찰공고,창원교도소 급식 우유(10종) 단가계약
창원교도소 급식용 우유류(우유등 9종) 2단계 단가계약 입찰공고,창원교도소 급식 우유류(9종) 단가계약
창원교도소 급식용 축산물(닭고기 등 23종)  2단계 단가계약 입찰공고,창원교도소 급식 축산물(23종) 단가계약
창원교도소 급식용 축산물(닭고기 등 23종) 2단계 단가게약 입찰공고,창원교도소 급식 축산물(23종) 단가계약
창원교도소 급식용 축산물(닭고기 등 33종) 2단계 단가계약 입찰공고,창원교도소 급식 축산물(33종) 단가계약
창원교도소 직원급식용 양곡류(일반미 등 4종) 구매 입찰 공고,창원교도소 직원급식 양곡류(4종) 구매
"창원두대동우체국, 마산삼계우체국, 진해웅동2동우체국 내진성능평가 용역",창원두대동우체국 등 내진성능평가
창원보호관찰소 청사 증축공사 관급자재(고강도콘크리트말뚝) ,창원보호관찰소 증축 관급자재(콘크리트말뚝)
창원세무서 소액수의 물품(제조)구매 견적제출 공고(칼라투수아스콘),창원세무서 소액 물품구매(칼라투수아스콘)
"창원시 농기계임대사업소 임대농기계 구입(콩정선기, 랩피복기, 원형결속기, SS기, 휴립피복기)",창원시 임대농기계 구입(콩정선기 등)
창원시 농촌공간 재구조화 및 재생 기본계획 수립 용역 사업수행능력평가 제출,창원시 농촌공간 재생 기본계획 수행능력평가
창원시 농촌공간 재구조화 및 재생 기본계획 수립 용역 사업수행능력평가 제출 안내 공고,창원시 농촌공간 재생 기본계획 수행능력평가
창원해양경찰서 2026년 정보시스템 유지보수 업체 선정 공고,창원해양경찰서 정보시스템 유지보수 선정
창원해양경찰서 가스열펌프(GHP) 배출가스 저감장치 구매 설치 ,창원해양경찰서 GHP 배출가스 저감장치 설치
창조관 배면 바닥 구조물 설치공사 건설폐기물처리용역 소액수의(견적) 공고,창조관 바닥 구조물 건설폐기물처리
채소시험연구 노후시설 개보수(딸기 다단재배용 첨단 육묘시스템 구축),채소시험 개보수(딸기 첨단 육묘시스템)
채소시험연구 노후시설 개보수(채소기초기반연구 조직배양실 제작 설치),채소시험 개보수(조직배양실 제작설치)
척추골수염 감염증에서 주사용 항생제 정주치료와 경구항생제 조기전환 치료 비교 임상시험 기획연구,척추골수염 항생제 치료 비교 임상시험 기획
천성항 남방파제 건설공사 건설폐기물(폐콘크리트) 처리용역,천성항 남방파제 폐콘크리트 처리
천성항 남방파제 건설공사 건설폐기물(폐합성수지) 처리용역,천성항 남방파제 폐합성수지 처리
천안개방교도소 급식용 식자재(공산품 등) 구매 입찰 공고,천안개방교도소 급식 식자재 구매
"천안교도소 급식용 공산품 2단계(규격, 가격 동시) 입찰 공고",천안교도소 급식 공산품 2단계 입찰
"천안교도소 급식용 공산품 구매 2단계(규격, 가격 동시) 입찰 공고",천안교도소 급식 공산품 2단계 입찰
"천안교도소 급식용 농산물 구매 2단계(가격, 규격 동시) 입찰 공고",천안교도소 급식 농산물 2단계 입찰
"천안교도소 급식용 수산물 구매 2단계(규격, 가격 동시) 입찰 공고",천안교도소 급식 수산물 2단계 입찰
"천안교도소 급식용 축산물 구매 2단계(규격, 가격 동시) 입찰 공고",천안교도소 급식 축산물 2단계 입찰
천안교도소 수용자 자비부담 안경구매 소액수의 견적제출 공고,천안교도소 수용자 자비부담 안경 구매
"천안교도소 스팀다단식 취사기 구입,설치 소액수의 견적 공고",천안교도소 스팀다단식 취사기 구입·설치
"천안권역 국도(1,21,34,43호선)  도로제설 및 결빙제거작업",천안권역 국도 제설·결빙제거
천안서북경찰서어린이집 2025학년도 식자재납품 입찰업체 선정공고,천안서북서어린이집 식자재납품 선정
첨단 과학기술기반의 전력분야 국가 에너지 안보 확립방안 연구,첨단 과학기술기반 전력 에너지안보 연구
첨단 관세행정 연구개발 과제선정을 위한 사전기획 연구용역,첨단 관세행정 R&D 사전기획 연구
첨단기술을 활용한 해양포유류 서식 특성 연구와 분석 기술 개발,첨단기술 활용 해양포유류 서식 연구·기술
첨단산업 배출수의 어장환경 생태 위해성 관리체계 구축 연구 I,첨단산업 배출수 어장환경 위해성 관리연구
청년 스마트 미꾸리 양식 창업 사관학교 전력 기반시설 공사,청년 미꾸리양식 창업 사관학교 전력공사
청년내일저축계좌 만기 해지자 효과성 분석(4년차 패널조사) 및 개선방안,청년내일저축계좌 만기해지자 효과성 분석
청년농업인 스마트팜 사관학교 온실(관리동) 내부공사 수의견적 제출공고,청년농업인 스마트팜 온실 내부공사 견적
청년농업인 영농대행단 운영사업 드론 및 드론관련물품 구입,청년농업인 영농대행단 드론 구입
청년농업인 영농대행단 운영사업 드론 및 드론관련물품 구입(입찰대행),청년농업인 영농대행단 드론 구입(입찰대행)
청년창업 및 거창활력 복합센터 건립에 따른 기존건축물 해체공사,청년창업·거창활력 복합센터 해체공사
청년창업 및 거창활력 복합센터 건립에 따른 기존건축물 해체공사 건설폐기물처리용역,청년창업복합센터 해체 건설폐기물처리
청년창업 및 거창활력복합센터 건립에 따른 기존건축물 석면 해체공사,청년창업복합센터 석면 해체공사
청년창업농 스마트팜 단지 조성 통신공사 소액(수의) 견적 제출,청년창업농 스마트팜 통신공사 견적
청년창업농 스마트팜 단지조성 건축공사(건축‧온실‧기계설비) 감리 용역 수의(소액) 견적 제출,청년창업농 스마트팜 건축공사 감리 견적
청도군 반려동물 헬스케어 건립사업 기본 및 실시설계 용역,청도군 반려동물 헬스케어 기본·실시설계
청라의료복합타운 남측도로(중1-468호선) 개설공사 외 1건 통합건설사업관리용역,청라의료복합타운 남측도로 통합사업관리
청라호수공원 미디어시설물 개선사업 관급자재(수경시설 제어시스템),청라호수공원 미디어시설 관급자재(제어시스템)
청렴윤리 및 국민권익보호 교육 지원법 제정안 마련 연구용역,청렴윤리·국민권익보호 교육법 제정 연구
청사 천장재 교체 및 도장공사 등 실내건축부분(석면철거 후),청사 천장재 교체·도장 실내건축
청소년·청년 근로권익 보호를 위한 상담·권리구제 위탁사업 입찰공고,청소년·청년 근로권익 상담·권리구제 위탁
청송 청송 청송-부남 감연 국도건설공사 건설사업관리(시공단계),청송-부남 국도건설 건설사업관리(시공)
청양 운곡-공주 신풍 도로건설공사 소규모 지하안전영향평가,청양 운곡-공주 도로건설 지하안전영향평가
청주 에어로폴리스 2지구 폐수처리시설 설치공사(정보통신설비) 수의견적 제출안내 공고,청주 에어로폴리스2 폐수처리 정보통신 견적
청주 에어로폴리스 2지구 폐수처리시설 소방공사 수의견적 제출안내 공고,청주 에어로폴리스2 폐수처리 소방공사 견적
청주 에어로폴리스 3지구 산업단지 진입도로 기본 및 실시설계용역 건설사업관리(설계단계) 및 설계VE 용역,청주 에어로폴리스3 진입도로 설계 사업관리
청주 에어로폴리스3지구 산업단지 진입도로 소규모 재해영향평가 용역,청주 에어로폴리스3 진입도로 재해영향평가
청주 에어로폴리스3지구 산업단지 진입도로 소규모 환경영향평가 용역,청주 에어로폴리스3 진입도로 환경영향평가
"청주공항 주기장 확장 시설공사(토목, 항공등화) 책임건설사업관리 용역",청주공항 주기장 확장 책임건설사업관리
청주교도소 내진보강설계 검증용역 소액수의 견적서 제출 안내 공고,청주교도소 내진보강설계 검증 견적
청주보호관찰소 청사 증축공사 관급자재(심재준불연PIR단열재),청주보호관찰소 증축 관급자재(불연단열재)
청주시 국도대체우회도로(북일~남일1) 건설공사(국동교차로 전기),청주시 국도대체우회도로 건설(전기)
"청주여자교도소 급식용 공산품 구매 2단계(규격,가격 동시) 입찰",청주여자교도소 급식 공산품 2단계 입찰
"청주여자교도소 급식용 농산물 구매 2단계(규격,가격 동시)입찰 공고",청주여자교도소 급식 농산물 2단계 입찰
청주여자교도소 급식용 수산물 구매 2단계(규격·가격 동시)입찰 공고,청주여자교도소 급식 수산물 2단계 입찰
청주여자교도소 급식용 유제품 구매 2단계(규격·가격 동시)입찰 공고,청주여자교도소 급식 유제품 2단계 입찰
청주여자교도소 급식용 축산물 구매 2단계(규격·가격 동시)입찰 공고,청주여자교도소 급식 축산물 2단계 입찰
"청주여자교도소 수용자 자비구매 안경류(렌즈, 안경테) 소액수의(견적입찰) 입찰공고",청주여자교도소 수용자 안경류 견적입찰
청하 용두리 송수관로 설치공사(2단계) 건설폐기물 처리 및 운반 용역,청하 용두리 송수관로 건설폐기물 처리·운반
체외진단의료기기 WHO PQ 인증 획득을 위한 전주기 기술지원,체외진단의료기기 WHO PQ 인증 기술지원
체외진단의료기기 임상적 성능시험 관리제도 및 체계 강화 방안 연구,체외진단의료기기 성능시험 관리체계 연구
체육관 냉난방기 설치 등 시설개선 공사(전기) 감리 용역,체육관 냉난방기 설치 시설개선(전기) 감리
초고령화 시대 도서관 서비스를 위한 사서 역량 강화 교육과정 개발 연구,초고령화 시대 도서관 사서 역량강화 교육개발
초고속 해상무선통신망(LTE-M) 기지국 장비 구매 및 설치,초고속 해상무선통신망 기지국 구매·설치
"초광역 역사문화권 전략계획 수립 연구(가야, 탐라 역사문화권)",초광역 역사문화권 전략계획 연구(가야·탐라)
초단기모델의 구름 및 강수 진단 분석 연구 용역계약 체결 요청,초단기모델 구름·강수 진단분석 연구
초등학교 교과과정 활용을 위한 어린이 화학안전 교육 콘텐츠 개발,초등 어린이 화학안전 교육콘텐츠 개발
초소형 초분광센서를 이용한 녹조 우심지역 영상 촬영 및 분광특성 측정(25),초소형 초분광센서 녹조지역 영상·분광측정
총톤수(G/T) 40톤급 친환경 감시정 건조 책임감리 용역,40톤급 친환경 감시정 건조 책임감리
최고품질 공주쌀(예찬) 확대 조성사업 무기질비료(단한번) 구입,최고품질 공주쌀 무기질비료(단한번) 구입
"최고품질 공주쌀(예찬) 확대 조성사업 무기질비료(맞춤30호, 한번에축조) 구입",최고품질 공주쌀 무기질비료(맞춤30호) 구입
최고품질 공주쌀(예찬) 확대 조성사업 무기질비료(미생물올코팅) 구입 ,최고품질 공주쌀 무기질비료(올코팅) 구입
최고품질 공주쌀(예찬) 확대 조성사업 무기질비료(일회만290) 구입,최고품질 공주쌀 무기질비료(일회만290) 구입
최근 변화하는 기후특성을 반영한 역학·통계모델 기반의 기압계 패턴 예측 기술 개발(II),기후특성 반영 기압계 패턴 예측기술 개발
최신 딥 러닝 및 자료처리 기법을 활용한 낙동강 AI 홍수예보 체계 개선,딥러닝 활용 낙동강 AI 홍수예보 체계개선
추정・비표적 분석기법을 활용한 인체 소변내 가소제류 및 유기인계 탐색,비표적 분석 인체 소변내 가소제류 탐색
축산자원개발부 이전에 따른 이주단지조성사업 건설폐기물 처리용역,축산자원개발부 이주단지 건설폐기물 처리
축산자원개발부이전에 따른 이주단지조성사업 감독권한대행 등 건설사업관리 용역,축산자원개발부 이주단지 건설사업관리
"춘천, 철원권역 차선도색공사 등 2건, 유리알 구매(긴급)",춘천·철원 차선도색 유리알 구매(긴급)
춘천교도소 급식용 축산물(닭고기 등 9종) 구매 입찰 공고,춘천교도소 급식 축산물(9종) 구매
춘천교도소 급식용 축산물(돼지고기 등 13종) 구매 입찰 공고,춘천교도소 급식 축산물(13종) 구매
춘천국유림관리소 공용차량 장기임차 카탈로그계약 입찰 공고,춘천국유림관리소 공용차량 장기임차
춘천출입국외국인사무소 2026년 보호외국인 급식공급 용역,춘천출입국 보호외국인 급식공급
출입국규제 통합관리시스템 구축 정보화전략기획(ISP)수립,출입국규제 통합관리시스템 ISP 수립
출입통제시스템 개인정보 안정성 확보조치를 위한 기능 개발,출입통제시스템 개인정보 안정성 기능개발
충강119항공대 중형헬기(AS365N2) 탑재용 구명정 외주검사,충강119항공대 중형헬기 구명정 외주검사
충남 스마트팜 경영실습장  LED보광등 설치공사 관급자재 구입,충남 스마트팜 LED보광등 관급자재 구입
"충남경찰청 산하 경찰서(논산, 홍성) IP 교환기 교체(리스)",충남경찰청 IP 교환기 교체(리스)
충남형 스마트팜 복합단지 조성사업(서부) 실시설계용역(전기) 소액수의 견적 ,충남형 스마트팜(서부) 실시설계(전기) 견적
충남형 스마트팜 복합단지(서부) 토공정리 및 세륜기 설치공사 소액수의 견적,충남형 스마트팜(서부) 토공·세륜기 설치 견적
충남형 스마트팜 복합단지(청남상장지구) 조성사업 지반조사용역,충남형 스마트팜(청남상장) 지반조사
충남형 스마트팜 사관학교 체계구축사업 온실(내부)설치공사 관급자재 구입,충남형 스마트팜 사관학교 온실설치 관급자재
충무공 이순신 장군 탄신 제480주년 기념 체험프로그램 운영,충무공 탄신 480주년 체험프로그램 운영
충무공 이순신 장군 탄신 제480주년 기념행사 음향.영상장비 임차 및 영상 촬영,충무공 탄신 480주년 음향·영상장비 임차
충북경제자유구역 발전계획 수립 연구용역(협상에 의한 계약),충북경제자유구역 발전계획 연구
충북북부보훈지청 도서벽지(제천시) 국가유공자등의 재가복지서비스 위탁 용역 계약,충북북부보훈 제천 재가복지서비스 위탁
충북북부보훈지청 도서벽지(증평군) 국가유공자등의 재가복지서비스 위탁 용역 계약,충북북부보훈 증평 재가복지서비스 위탁
충주 모남리 등 4개소 도로포장 보수공사-Nano Phalt 개질아스팔트,충주 모남리 등 도로포장 보수(개질아스팔트)
충주 사암리 등 7개소 도로포장 보수공사-저탄소형PSMA,충주 사암리 등 도로포장 보수(PSMA)
충주 오석리 등 9개소 도로포장 보수공사-CHAF PSMA아스콘,충주 오석리 등 도로포장 보수(PSMA아스콘)
충주 장미산성 발굴조사 출토 고목재 연륜연대 및 수종분석 용역,충주 장미산성 출토 고목재 연륜·수종분석
충주 장미산성 발굴조사 출토 목곽시설 3D 디지털 기록화 용역,충주 장미산성 출토 목곽시설 3D 기록화
충주 탄금대토성 일원 학술조사 산지일시사용허가 실시설계 용역,충주 탄금대토성 산지일시사용 실시설계
충주구치소 급식용 공산품 구매 2단계(규격·가격 동시)입찰,충주구치소 급식 공산품 2단계 입찰
충주구치소 급식용 공산품 구매 2단계(규격·가격 동시)입찰 ,충주구치소 급식 공산품 2단계 입찰
충주구치소 급식용 농산물 구매 2단계(규격·가격 동시)입찰,충주구치소 급식 농산물 2단계 입찰
충주구치소 급식용 농산물 구매 2단계(규격·가격 동시)입찰 ,충주구치소 급식 농산물 2단계 입찰
충주구치소 급식용 축·수산물 구매 2단계(규격·가격 동시)입찰,충주구치소 급식 축·수산물 2단계 입찰
충주구치소 급식용 축·수산물 구매 2단계(규격·가격 동시)입찰 ,충주구치소 급식 축·수산물 2단계 입찰
충주구치소 본관동 옥상 방수공사 건설폐기물 처리용역 소액수의 견적제출 공고,충주구치소 옥상 방수 건설폐기물 처리 견적
충주구치소 수용자 자비구매(과일류 9종) 구매 소액수의 견적제출,충주구치소 수용자 자비구매 과일류 견적
충주국토 관내 낙석정비 등 도로유지보수 건설엔지니어링(실시설계),충주국토 낙석정비 등 유지보수 실시설계
충주국토 관내 도로안전 및 환경개선(보도설치 등) 건설엔지니어링(실시설계),충주국토 도로안전·환경개선 실시설계
충주국토 관내 도로포장정비 등 도로유지보수 건설엔지니어링(실시설계),충주국토 도로포장정비 유지보수 실시설계
충주국토 관내 절토사면 및 옹벽 상·하반기 정기안전점검용역(국도38호선 음성 감곡 문촌 절토사면 등 39개소),충주국토 절토사면·옹벽 정기안전점검(39개소)
충주국토 관내 절토사면 및 옹벽 상·하반기 정기안전점검용역(국도3호선 충주 수안보 수회 절토사면 등 35개소),충주국토 절토사면·옹벽 정기안전점검(35개소)
충주국토 관내 절토사면 및 옹벽 상·하반기 정기안전점검용역(국도5호선 단양 단성 북하 보강토옹벽 등 29개소),충주국토 절토사면·옹벽 정기안전점검(29개소)
충주국토 관내 절토사면 및 옹벽 상·하반기 정기안전점검용역(국도5호선 단양 대강 용부원 절토사면 등 39개소),충주국토 절토사면·옹벽 정기안전점검(39개소)
"충주국토 관내(충주, 단양, 제천) 소파보수공사 폐기물처리용역",충주국토(충주·단양·제천) 소파보수 폐기물처리
"충주국토 관내(충주, 음성, 괴산) 소파보수공사 폐기물처리용역",충주국토(충주·음성·괴산) 소파보수 폐기물처리
충주국토 남부권역 65개소 비탈면(산마루측구 등) 배수로 정비공사,충주국토 남부권역 비탈면 배수로 정비
충주국토 북부권역 64개소 비탈면(산마루측구 등) 배수로 정비공사,충주국토 북부권역 비탈면 배수로 정비
충주바이오헬스 국가산단 진입도로 건설공사 국가유산영향진단,충주바이오헬스 진입도로 국가유산영향진단
충주바이오헬스 국가산단 진입도로 건설공사 소규모환경영향평가,충주바이오헬스 진입도로 소규모환경영향평가
충청북도 농업·농촌체험 늘봄 연계 프로그램 개발 연구용역,충북 농업·농촌체험 늘봄 프로그램 개발
취득시효 기타 부동산 물권 변동 관련 민법 규정에 관한 연구,취득시효 등 부동산 물권변동 민법 연구
측지 VLBI 모니터링 시스템 개선 및 결합측량 도구 개발,측지 VLBI 모니터링 개선·결합측량 도구개발
치과재료 Accessory gutter point 등 258종 구매 입찰공고 (긴급),치과재료 등 258종 구매(긴급)
"치매환자 재산관리지원서비스 업무지침, 교육교재 등 운영매뉴얼 개발 연구",치매환자 재산관리지원 운영매뉴얼 개발
치안 AI 활성화를 위한 데이터 정책 및 기술 관리 연구,치안 AI 데이터 정책·기술 관리 연구
"치안정책연구소 2차 교통사고 예방 목적의 e-Call 서비스의 국내 도입을 위한 제도, 기술에 관한 정책 연구 용역",치안정책연 e-Call 도입 제도·기술 연구
치안정책연구소 Layer-2 블록체인 기반 가상자산 추적을 위한 제도 및 실무 적용 방안 연구 용역,치안정책연 블록체인 가상자산 추적 연구
치안정책연구소 경찰관 체력검정 종목 변경 여부 및 대체 종목 개발 연구 용역,치안정책연 경찰관 체력검정 종목 연구
치안정책연구소 경찰패널연구 온라인 설문조사 응답자 모바일 상품권 구입,치안정책연 패널연구 설문 모바일상품권 구입
치안정책연구소 베이비붐 세대 경찰관 전직지원 수요증대에 따른 내실화방안 연구 용역,치안정책연 경찰관 전직지원 내실화 연구
치안정책연구소 비살상무기 치안현장의 운용기준 수립 연구 용역,치안정책연 비살상무기 운용기준 연구
치안정책연구소 어린이 놀이터 범죄예방환경설계 가이드 연구 용역,치안정책연 어린이 놀이터 범죄예방설계 연구
치안정책연구소 자율주행차 준법운행 평가센터 구축방안 수립 연구 용역,치안정책연 자율주행차 평가센터 구축 연구
치유관광산업 육성에 관한 법률(안) 시행령 및 시행규칙 제정 방안 연구,치유관광산업 육성법 시행령·규칙 연구
치유농업 서비스 확산 시범사업(아치연동형 비닐하우스 설치공사),치유농업 서비스 확산 시범(비닐하우스 설치)
치유농업 팜핑장 조성 시범사업 견적 제출 공고(민간입찰대행),치유농업 팜핑장 조성 시범 견적
치유농업센터 구축(2년차) 건축공사 소액수의 견적제출 안내공고,치유농업센터 구축 건축공사 견적
치유농업센터 신축 건축공사 도급자 관급자재(단열재) 구입,치유농업센터 신축 관급자재(단열재) 구입
친족확인 및 DNA-DB 반복 감식용 시약 조달 구매 사업,친족확인·DNA-DB 감식용 시약 구매
친환경 위장 표시광고 인식제고 및 합리적 결혼 서비스 이용 캠페인 운영,친환경 위장표시 인식제고·결혼서비스 캠페인
친환경농업관리실 농업용수 정밀분석장비(이온크로마토그래프) 구입,친환경농업 정밀분석장비(이온크로마토그래프)
친환경농업미생물플랜트 고농도 미생물배양기 추가 설치 구입,친환경농업 고농도 미생물배양기 설치 구입
친환경선박의 개발 및 보급 촉진을 위한 기본계획 및 보급시행계획 수립 연구,친환경선박 개발·보급 기본계획 수립연구
친황경 항만순찰선 대체건조 주요장비(하이브리드 시스템) 구매,친환경 항만순찰선 주요장비(하이브리드) 구매
칠백의총 수목 생육환경개선 및 재선충병 방제사업 감리용역,칠백의총 수목 생육개선·재선충 방제 감리
칠백의총 수목 환경개선 및 재선충병 방제사업 실시설계 용역 시행,칠백의총 수목 환경개선·재선충 방제 설계
칠백의총 옥외소화전 물탱크 설치공사 및 옥외소화전 교체공사,칠백의총 옥외소화전 물탱크·교체공사
침구경락 ICT융합연구동 건립공사 안전점검 수행기관 지정 공고,침구경락 ICT융합연구동 건립 안전점검기관 지정
캐논 디지털복합기 IR-ADV DX C5870i 2대 구매,캐논 디지털복합기 C5870i 2대 구매
캐논 디지털복합기 IR-ADV DX C5870i 2대 구매 ,캐논 디지털복합기 C5870i 2대 구매
커넥티드카 소재부품 인증평가센터 건립사업-빌딩자동제어장치,커넥티드카 인증평가센터 빌딩자동제어장치
콩 자립형 융복합단지 조성사업 콩선별기 구입(민간입찰대행),콩 자립형 융복합단지 콩선별기 구입
클라우드 환경의 데이터 획득 분석 기술연구 및 절차검토(2차년도),클라우드 데이터 획득 분석 기술연구(2차년도)
키르기즈공화국 문화자원관리 지원 ODA 사업 용역 계약 요청,키르기즈 문화자원관리 지원 ODA
키르기즈공화국 문화자원관리 지원 ODA사업 종료 평가연구 용역,키르기즈 문화자원관리 ODA 종료평가 연구
킨텍스 제3전시장 건립공사 우선시공분 안전점검 수행기관 지정 공고,킨텍스 제3전시장 건립 안전점검기관 지정
탄력적 속도규제 효과성 분석 및 보호구역 위험지표 개발 정책연구용역 ,탄력적 속도규제 효과성·보호구역 위험지표 연구
탄소국경조정메카니즘(CBAM) 기본값 및 신규 추가 품목 분석을 통한 확정기간 대비 전략 연구,CBAM 기본값·신규품목 분석 확정기간 전략
탄소중립 기술정보 종합 및 활용기반 구축 – 중전기기 SF6 배출전망 및 감축분석 연구,탄소중립 중전기기 SF6 배출전망·감축 연구
탄소중립 기술정보 종합 및 활용기반 구축-NDC·탄소중립 이행을 위한 농축수산 세부 부문 연계 모형 구축,NDC 농축수산 부문 연계모형 구축
탄소중립 기술정보 종합 및 활용기반 구축-산업부문 감축을 위한 자가 및 공통 기기 기술자료 구축,산업부문 감축 자가·공통기기 기술자료 구축
탄소중립 기술정보 종합 및 활용기반 구축-수소불화탄소 감축 기술 DB·소비량 감축 모형 개발,수소불화탄소 감축 기술DB·소비량 모형 개발
탄소중립 기술정보 종합 및 활용기반 구축-전과정 평가(LCA)를 고려한 도로부문 중·장기 온실가스 감축잠재량 분석 연구,도로부문 중장기 온실가스 감축잠재량 분석
탄소중립 실현을 위한 최소녹색기준 개편 및 녹색조달 활성화방안 연구용역,최소녹색기준 개편·녹색조달 활성화 연구
탄소중립 항만 사업화 전략 연구 및 시범사업 계획 수립 용역,탄소중립 항만 사업화 전략·시범사업 계획
탄소중립기본법 체계 내 국제감축사업 제도 정비를 위한 법령 개선 연구,국제감축사업 제도정비 법령개선 연구
탄자니아 싱글윈도우(잔지바르) 및 원산지관리시스템 구축 사업,탄자니아 싱글윈도우·원산지관리시스템 구축
태백산사고를 중심으로 본 조선시대 외사고운영체계와 소장자료 연구,태백산사고 조선시대 외사고운영체계 연구
태안 313함 MGPS(CU ANODE ASS’Y등 4종 8점) 구매,태안 313함 MGPS 4종 8점 구매
태안 313함 및 예비품 전기통신자재(SERVO VALVE 1종 4점)구매(특수조건 필독),태안 313함 전기통신자재 서보밸브 구매
"태안권역 국도(32,38호선)  도로제설 및 결빙제거작업",태안권역 국도 도로제설·결빙제거
태안해안 생태탐방원 조성사업 설계 경제성 검토(VE) 용역,태안해안 생태탐방원 설계 VE
태안해안 생태탐방원 조성사업 설계단계 안전관리 이행 용역,태안해안 생태탐방원 설계단계 안전관리
태안해안국립공원 청사 신축공사 건설사업관리 용역(시공단계의 감독권한대행),태안해안국립공원 청사 신축 건설사업관리
태안해양경찰서 경비함정 합성섬유로프 10종 63점 제조납품,태안해경 경비함정 합성섬유로프 제조납품
태안해양경찰서 볼보펜타 주기관 실린더 롱블럭 어셈블리 구매 소액수의 견적공고,태안해경 볼보펜타 실린더 롱블럭 구매
태안해양경찰서 신형 형사기동정 계류시설(해상부유구조물) 설치 공사 ,태안해경 형사기동정 계류시설 설치
태양에너지 기반 전력 생산 및 달 표면 무선 전력전송 기술 기획연구,태양에너지 전력생산·달 무선전력전송 연구
"태화강 울주 1,2지구 하천환경정비사업 소규모환경영향평가 용역",태화강 울주1·2지구 정비 소규모환경영향평가
터널 및 지하역사 등의 유지관리 및 성능점검 기준개발 연구,터널·지하역사 유지관리 성능점검 기준개발
토사재해 취약성 평가 및 저감기술 개발 실증실험을 위한 모형주택·보강체 구조해석 및 물량산출,토사재해 모형주택·보강체 구조해석·물량산출
토양환경개선을 위한 중금속 내성 자생식물 탐색발굴(2025년),토양개선 중금속 내성 자생식물 탐색발굴
"토지가격비준표 특성항목 개선을 위한 2차 연구 : 수도권, 지방광역시 및 세종특별자치시를 대상으로",토지가격비준표 특성항목 개선 2차 연구
통계조사·실적보고 통합시스템 검증기능 강화 및 정보공개 심의시스템 기능 개선,통계조사 통합시스템 검증·정보공개 심의 개선
통영구치소 수용자 자비구매(안경) 소액수의 견적제출 안내 공고,통영구치소 수용자 자비구매 안경
통영해양경찰서 고현파출소 연안구조정(S-105정) 정기수리 계약,통영해경 연안구조정 S-105정 정기수리
통일부 정보시스템실 무정전전원장치(UPS) 구매 수의견적 공고,통일부 무정전전원장치 UPS 구매
통합관리사업장 대기 배출영향분석  모델링 기법 적용성 평가,통합관리사업장 대기 배출영향분석 모델링 평가
"통합관제센터 전기, 통신, 소방공사 재해예방기술지도 용역",통합관제센터 전기·통신·소방 재해예방 기술지도
통합처리 바이오가스화 시설의 기술지침 개정을 위한 기초조사,통합처리 바이오가스화 기술지침 개정 기초조사
통합학급 교육활동 지원을 위한 특수교육교원 운영 방안 정책연구,통합학급 지원 특수교육교원 운영방안 연구
통합환경관리제도 운영을 위한 기술정보지원시스템 기능개선 및 고도화(Ⅸ),통합환경관리 기술정보지원시스템 고도화
통합환경관리체계 전환을 위한 허가배출기준 설정방법 표준화 방안 마련 연구,통합환경관리 허가배출기준 설정방법 표준화
특별소방검사(화재안전조사) 운영매뉴얼 인쇄용역(수의시담),특별소방검사 운영매뉴얼 인쇄
특별전 '창덕궁 벽화(가제)' 도록 및 홍보물 제작 용역,특별전 창덕궁 벽화 도록·홍보물 제작
"특별전 「다시 떠오른 조선통신사선, 다시 나아간 바닷길(가제)」 전시 연출 및 보조물 제작 설치",특별전 조선통신사선 전시 연출·보조물 제작
"특별전 미륵사지 손칼(가제) 전시연출설계 및 제작, 설치",특별전 미륵사지 손칼 전시연출설계·제작
특별전 오세아니아: 대양의 예술(가제) 영상 제작 및 설치 용역,특별전 오세아니아 영상 제작·설치
"특별전 후지산에 오르다, 야마나시山梨 포장, 운송, 설치 용역",특별전 후지산 포장·운송·설치
"특산자원 융복합 기술지원 급속냉동고 물품 구입(긴급, 민간입찰대행)",특산자원 융복합 급속냉동고 구입
"특산자원 융복합 기술지원 황토가마 물품 구입(긴급, 민간입찰대행)",특산자원 융복합 황토가마 구입
특송우편화물 대상 지식재산권 침해물품 검사보조 민간전문가 위탁용역,특송화물 지식재산권 침해물품 검사보조 위탁
특수교육 AI 디지털교과서 도입에 따른 교수·학습모델 개발 연구,특수교육 AI 디지털교과서 교수학습모델 연구
특수미 가공생산단지 조성 시범사업(곡물건조기) 견적 제출 공고(민간입찰대행),특수미 가공생산단지 곡물건조기
특수미 생산가공단지 조성 시범 사업(민간보조 입찰대행-오O진),특수미 생산가공단지 조성 시범
파리협정 투명성체계 대응을 위한 국가 온실가스 단기 배출 전망방법 기초 연구,파리협정 국가 온실가스 단기 배출전망 연구
파속채소 신품종 안정생산 기술 시범사업 양파 종자 구입 공고 (민간입찰대행),파속채소 신품종 양파 종자 구입
파주삼릉·남양주순강원 역사문화관 전시 개편 및 신규 조성,파주삼릉·남양주순강원 역사문화관 전시개편
팔공산국립공원 자연관찰로 및 무장애탐방로 조성사업 실시설계 용역,팔공산 자연관찰로·무장애탐방로 실시설계
팔공산국립공원 자연관찰로 및 무장애탐방로 조성사업 측량 용역,팔공산 자연관찰로·무장애탐방로 측량
팔공산국립공원동부사무소 갓바위 저지대 숲체험 인프라 조성사업 실시설계 용역,팔공산 갓바위 숲체험 인프라 실시설계
팔공산국립공원동부사무소 해설 및 탐방안내 영상 제작 용역,팔공산동부 해설·탐방안내 영상 제작
팔용농산물도매시장 저온저장고 설치공사(기계) 관급자재 구입,팔용도매시장 저온저장고 설치 관급자재(기계)
팔용농산물도매시장 저온저장고(창원청과) 설치공사 관급자재 구입,팔용도매시장 저온저장고 설치 관급자재
"패류기술개발연구동(먹이생물배양동,다목적연구동) 해체공사 건설폐기물처리용역",패류기술개발연구동 해체 건설폐기물처리
"평강천 평강지구 하천환경정비사업 건설폐기물(가연성,혼합)처리용역",평강천 평강지구 정비 건설폐기물처리
"평창강 영월읍지구 하천환경정비사업 3차, 수문문비(문비, 문틀)",평창강 영월읍지구 정비 수문문비
"평창강 영월읍지구 하천환경정비사업 3차, 원형자동문비(문비, 문틀)",평창강 영월읍지구 정비 원형자동문비
"평창강 평창읍(마지)지구 하천정비사업 4차, 사석(30kg 이상)",평창강 평창읍지구 정비 사석
평창강 평창읍(마지)지구 하천정비사업 문화재 발굴조사 용역,평창강 평창읍지구 정비 문화재 발굴조사
평창강 평창읍(마지)지구 하천정비사업(4차) 레미콘(25-45-180),평창강 평창읍지구 정비 레미콘
"평창강 평창읍(마지)지구 하천환경정비사업(4차),  혼합골재(40mm 내외)",평창강 평창읍지구 정비 혼합골재
평창강 평창읍(천동)지구 하천정비사업 문화재 발굴조사 용역,평창강 평창읍천동지구 정비 문화재 발굴조사
"평창강 평창읍(천동)지구 하천환경정비사업 4차(사석,잡석)",평창강 평창읍천동지구 정비 사석·잡석
평택·당진항 국제여객터미널 무정전 전원장치(UPS) 설치공사,평택·당진항 국제여객터미널 UPS 설치
평택·당진항 안티드론 및 통합관제장비 구매·설치 감리용역,평택·당진항 안티드론·통합관제장비 감리
평택경찰서 비전지구대 재건축공사 [건설폐기물 처리용역] - 소액수의,평택경찰서 비전지구대 재건축 폐기물처리
평택남부경찰서어린이집 2025년 식자재 납품업체 선정 입찰공고,평택남부서어린이집 식자재 납품업체 선정
평택당진항 국도38호선 연결도로 개설공사 관급자재(혼합골재),평택당진항 국도38호선 연결도로 혼합골재
평택당진항 국도38호선 연결도로 개설공사(3차) 관급자재(순환골재),평택당진항 국도38호선 연결도로 순환골재
평택당진항 신국제여객부두 장치장 운영시설 건설사업 건설사업관리용역,평택당진항 신국제여객부두 장치장 건설사업관리
평택당진항 외곽시설 보강공사 건설폐기물(폐아스콘) 처리용역,평택당진항 외곽시설 보강 폐아스콘 처리
평택당진항 외곽시설 보강공사 건설폐기물(폐콘크리트) 처리용역,평택당진항 외곽시설 보강 폐콘크리트 처리
평택당진항 잡화부두 창고2동 건설공사 실시설계 설계경제성 검토(설계VE) 용역,평택당진항 잡화부두 창고 실시설계 VE
평택당진항 진입도로(신평~내항) 건설공사 건설사업관리용역,평택당진항 진입도로 건설사업관리
평택당진항 진입도로(신평~내항) 건설공사 사후환경영향조사용역,평택당진항 진입도로 사후환경영향조사
평택당진항 항만배후단지 제2연결교량 건설공사 관급자재(수중불분리 레미콘),평택당진항 제2연결교량 수중불분리 레미콘
평택당진항 항만배후단지 통제시설 설치공사(정보·통신) 감리 용역,평택당진항 항만배후단지 통제시설 감리
평택우체국 건립공사 관급자재(고강도콘크리트말뚝 및 파일이음밴드),평택우체국 건립 고강도콘크리트말뚝 관급자재
평택우체국 건립공사 안전관리계획서 검토 및 정기안전점검 수행기관 지정 공고,평택우체국 건립 안전관리계획 검토기관 지정
평택해양경찰서 2026년도 경비함정 주부식 납품업체 선정 공고(협상에 의한 계약),평택해경 경비함정 주부식 납품업체 선정
평화와 번영을 위한 제주포럼 성과 점검 및 활성화 방안 모색,제주포럼 성과 점검·활성화 방안
폐LFP이차전지 관련 현황 자료 조사 및 재활용 가능성 평가,폐LFP이차전지 현황조사·재활용 가능성 평가
폐결핵 치료효과 조기 평가를 위한 글로벌 바이오마커 개발 연구,폐결핵 치료효과 글로벌 바이오마커 개발
"폐기물 정책 토론회, 종량제 성과공유 및 대국민 홍보 추진",폐기물 정책 토론회·종량제 성과공유 홍보
폐기물업종 유해화학물질 취급시설 기준(안) 마련 연구 변경공고,폐기물업종 유해화학물질 취급시설 기준 연구
폐기물업종 유해화학물질 취급시설 기준(안) 마련 연구(새로운공고),폐기물업종 유해화학물질 취급시설 기준 연구
폐기물처리시설 검사관리시스템 유지관리(2025년~2027년),폐기물처리시설 검사관리시스템 유지관리
폐업 개사육농장(금광면 사흥리 외 3개소) 철거공사 폐기물 처리용역,폐업 개사육농장 철거 폐기물처리
포항-안동2(1공구) 국도건설공사 전기공사 재해예방 기술지도용역,포항-안동2 1공구 국도 전기 재해예방 기술지도
포항-안동2(2공구) 국도건설공사 전기공사 재해예방 기술지도용역,포항-안동2 2공구 국도 전기 재해예방 기술지도
"포항교도소 급식용 공산품 구매입찰(규격, 가격 동시 입찰)",포항교도소 급식용 공산품 구매입찰
"포항교도소 급식용 축산물 구매 입찰(규격,가격 동시 입찰)",포항교도소 급식용 축산물 구매입찰
포항교도소 수용자 자비부담 안경구매 소액수의 견적제출 입찰,포항교도소 수용자 자비부담 안경구매
포항교도소 스팀다단식 취사기 구입 설치 소액수의 견적제출,포항교도소 스팀다단식 취사기 구입설치
포항교도소 음식물류 폐기물 처리 용역 소액수의 계약 견적제출 공고,포항교도소 음식물류 폐기물 처리
포항국토 관내 방재 및 전기설비 개선공사 실시설계 건설엔지니어링,포항국토 방재·전기설비 개선 실시설계
포항국토 관내 터널 등 시설물 정비공사 실시설계 건설엔지니어링,포항국토 터널 등 시설물 정비 실시설계
"포항국토 관내(4,7,28,35호선) 터널 시설물 정비공사",포항국토 관내 터널 시설물 정비
"포항국토 관내(4호선, 20호선, 35호선) 시설물 정비공사",포항국토 관내 시설물 정비
포항국토(관내 구조물) 재해예방 기술지도용역(전기통신분야),포항국토 구조물 재해예방 기술지도(전기통신)
포항국토(울진관내) 교량 및 터널 등 시설물 정비공사 실시설계 건설엔지니어링,포항국토 울진 교량·터널 정비 실시설계
포항국토(울진관내) 도로시설물 정비공사 실시설계 건설엔지니어링,포항국토 울진 도로시설물 정비 실시설계
포항남부경찰서어린이집 2025학년도 식자재납품 업체선정 입찰공고,포항남부서어린이집 식자재납품 업체선정
포항시 농촌공간 재구조화 및 재생 기본계획 수립 및 농촌공간정비사업 예비계획 수립 용역,포항시 농촌공간 재구조화 기본계획·예비계획
"포항신항 5부두(#51,52선석) 재개축 타당성조사 용역",포항신항 5부두 재개축 타당성조사
포항항 항만배후단지 통제시설(CCTV 등) 설치공사 실시설계 용역,포항항 항만배후단지 통제시설 실시설계
포항해양경찰서 경비함정 갑판 경정비(청락 및 도색) 용역,포항해경 경비함정 갑판 경정비
포항해양경찰서 경비함정(1510함) 자이로콤파스 부품 교체 수리 용역,포항해경 1510함 자이로콤파스 부품교체
포항해양경찰서 구조대 구조정(KCG R-13) 선외기 구매,포항해경 구조정 선외기 구매
포항해양경찰서 방제6호정 오일펜스(권취기 포함) 구매 설치,포항해경 방제6호정 오일펜스 구매설치
포항해양경찰서 연안구조정 물품(야간항해보조 초저조도카메라) 구매 및 설치,포항해경 연안구조정 초저조도카메라 구매설치
폭염 취약지역 지원을 위한 기상·사회·경제 융합 폭염정보 개발,폭염 취약지역 융합 폭염정보 개발
"플라스틱팰릿 다회용 포장재 구매(규격가격동시입찰, 긴급)",플라스틱팰릿 다회용 포장재 구매
피부부식성(재현성) 및 발달독성(사전) 대체시험법 검증시험,피부부식성·발달독성 대체시험법 검증
피지 마코가이 수산양식연구소 재건 및 기후변화 대응 역량강화(2~5차년도),피지 마코가이 수산양식연구소 재건·역량강화
하구 수생태계 현황 조사 및 건강성 평가(2025-2027),하구 수생태계 현황조사·건강성 평가
하나개입구~광명항간 도로개설공사-레미콘(25-40-150) 구매,하나개입구~광명항 도로개설 레미콘 구매
하도급법상 전자적 대금지급 시스템 도입 의무화에 관한 연구,하도급법 전자적 대금지급 시스템 의무화 연구
하동세계차 엑스포가든 지역개발사업 재해영향성검토 및 재해영향평가 용역,하동세계차 엑스포가든 재해영향평가
하동세계차 엑스포가든 지역개발사업 전략 및 소규모환경영향평가 용역,하동세계차 엑스포가든 전략·소규모환경영향평가
"하성단노을마을 체류형 복합단지 조성사업 실시설계용역(건축, 기계 등)",하성단노을마을 복합단지 실시설계(건축·기계)
"하성단노을마을 체류형 복합단지 조성사업 실시설계용역(토목, 조경)",하성단노을마을 복합단지 실시설계(토목·조경)
하우스내방제시설공사(2025년 기후변화대응 만감류 특화생산단지 육성시범사업)(민간대행),만감류 특화생산단지 하우스내방제시설공사
하우스내환기시설공사(2025년 기후변화대응 만감류 특화생산단지 육성시범사업)(민간대행),만감류 특화생산단지 하우스내환기시설공사
하천 내 재생에너지 시설의 치수ㆍ환경성 기반 적정성 기준 정립 연구,하천 내 재생에너지 시설 적정성 기준 연구
하천 수생태계 연속성 확보 조사 (2025) - 지류지천 연속성 개선을 위한 현장 적용 연구(Ⅱ) -,하천 수생태계 연속성 확보 조사
하천 수생태계 현황 조사 및 건강성 평가(2025-2027),하천 수생태계 현황조사·건강성 평가
하천사업의 사회적 가치를 반영한 정책효과 정량화 방안 연구,하천사업 사회적 가치 정책효과 정량화 연구
학교경영자의 갈등 조정 역량 강화를 위한 연수 프로그램 설계 및 운영방안 정책연구,학교경영자 갈등조정 역량 연수 프로그램 설계
학교자율시간 연계 농업 농촌 프로그램 및 운영모델 구축 연구용역,학교자율시간 농업농촌 프로그램·운영모델 연구
학교폭력 가해학생 대상 교육 효과성 분석 및 개입 확대 방안 연구,학교폭력 가해학생 교육 효과성·개입 확대 연구
학교폭력 예방 프로그램 고도화 및 현장 적용 활성화 연구,학교폭력 예방 프로그램 고도화·현장적용 연구
학소대 화장실 신축공사(건축) 관급자관급자재(냉난방기) 구매,학소대 화장실 신축 냉난방기 관급자재 구매
한-에콰도르 전략적경제협력협정(SECA) 국내보완 대책 수립연구 용역,한-에콰도르 SECA 국내보완 대책 연구
"한·중·일 국제공동연구(CRP) -PM2.5, O3 2차 생성물질 연구-",한중일 국제공동연구 PM2.5·O3 2차생성물질
한강 배수영향구간(창릉지구) 하천환경정비사업 건설사업관리용역,한강 창릉지구 정비 건설사업관리
한강 배수영향구간(홍릉·월문·왕숙지구 등) 하천정비사업 건설사업관리용역,한강 홍릉·월문·왕숙지구 정비 건설사업관리
한강(팔당댐~하구) 하천기본계획및 하천시설관리대장 작성 용역,한강 하천기본계획·시설관리대장 작성
한강권역 국가·지방하천 하천범람지도 및 도시침수지도 보완 작성,한강권역 하천범람지도·도시침수지도 작성
한강물환경생태관 개선방안 마련 및 컨텐츠 디자인 설계 및 제작·설치,한강물환경생태관 개선·컨텐츠 디자인 제작
한강물환경연구소 소모품(QIAcuity EG PCA kit 등 116종) 구매,한강물환경연구소 소모품 116종 구매
한강수계 수력발전댐 및 홍수조절댐 운영기준을 반영한 홍수예측모형 개선,한강수계 댐 운영기준 홍수예측모형 개선
한강수계 수력발전댐 및 홍수조정댐 운영기준을 반영한 홍수예측모형 개선,한강수계 댐 운영기준 홍수예측모형 개선
한강수계 영향권별 수질 예측 및 물환경관리계획 수립 연구 용역,한강수계 수질 예측·물환경관리계획 연구
한강시네폴리스 국도48호선 연결로 확장공사 관급자재 구매(거더제작 및 설치),한강시네폴리스 국도48호선 거더제작·설치
한강시네폴리스 국도48호선 연결로 확장공사 안전점검 수행기관 지정 공고,한강시네폴리스 국도48호선 안전점검기관 지정
한강통합물환경센터 소모품(금속류 전처리용튜브 등 102종) 구매,한강통합물환경센터 소모품 102종 구매
한강통합물환경센터 소모품(유리비이커 등 108종) 구매(4-3차) 입찰,한강통합물환경센터 소모품 108종 구매
한계산성 탐방인프라 구축사업(관리청사) 폐기물 처리 용역,한계산성 탐방인프라 관리청사 폐기물처리
한계산성 탐방인프라 구축사업(탐방지원센터) 건축공사 시공 감리 용역,한계산성 탐방지원센터 건축공사 감리
한계산성 탐방인프라 구축사업(탐방지원센터) 전기공사 감리 용역,한계산성 탐방지원센터 전기공사 감리
한계산성 탐방인프라 구축사업(탐방지원센터) 폐기물 처리 용역,한계산성 탐방지원센터 폐기물처리
한국 간호사건강연구-여성건강 결정요인 분석을 위한 전향적 추적관찰연구,한국 간호사건강연구 여성건강 추적관찰
한국 생물다양성 관측 네트워크(K-BON) 운영(2025년),한국 생물다양성 관측 네트워크 운영
한국-샌프란시스코 베이 지역 간 테크 생태계 및 협력 기회 분석,한국-샌프란시스코 테크 생태계·협력 분석
한국경진학교 2학기 주제별 체험학습 및 생애주기별 맞춤형 체험학습 전세버스 임차용역 소액수의 견적제출 공고,한국경진학교 체험학습 전세버스 임차
한국경진학교 교사동 수직 증축공사 (냉난방기) 구매 설치,한국경진학교 교사동 증축 냉난방기 구매설치
한국농수산대학교 ICT융복합 축산실습교육센터 조성공사(전기),한국농수산대 축산실습교육센터 조성(전기)
한국농수산대학교 ICT융복합 축산실습교육센터 조성공사(토목),한국농수산대 축산실습교육센터 조성(토목)
한국농수산대학교 LUPIC사업 「라오스 북부농림대학」 현지 교육시설 리모델링 및 실습하우스 설치 용역,한국농수산대 라오스 교육시설 리모델링
한국농수산대학교 LUPIC사업 「라오스 북부농림대학」 현지 교육시설 리모델링 및 실습하우스 설치 용역 입찰 공고,한국농수산대 라오스 교육시설 리모델링
한국농수산대학교 경쟁력강화를 위한 교육운영 개선방안 연구 용역,한국농수산대 경쟁력강화 교육운영 개선 연구
한국농수산대학교 기후변화교육센터 식물생장조절실 소모품(LED) 구입,한국농수산대 식물생장조절실 소모품 LED 구입
한국농수산대학교 수산양식실습장 개선공사 관급자재(드럼스크린) 구입,한국농수산대 수산양식실습장 드럼스크린
한국농수산대학교 수산양식실습장 개선공사 관급자재(상향류식 여과장치) 구입,한국농수산대 수산양식실습장 상향류식여과장치
한국농수산대학교 수산양식실습장 개선공사 관급자재(양어용수조) 구입,한국농수산대 수산양식실습장 양어용수조
한국농수산대학교 수산양식실습장 개선공사 관급자재(여과장치) 구입,한국농수산대 수산양식실습장 여과장치
한국농수산대학교 차륜형 로더(마사용 평탄 및 분뇨처리기) 구매,한국농수산대 차륜형 로더 구매
한국농수산대학교 캠퍼스 장애인 편의시설 조성공사 폐기물 처리 용역,한국농수산대 장애인 편의시설 조성 폐기물처리
한국농수산대학교 화훼전공 현장실습시설(단동 비닐하우스 5개동) 개선공사,한국농수산대 화훼 현장실습시설 개선
한국농업기술진흥원 2024년 경영관리 진단 및 주요사업 성과분석 용역,한국농업기술진흥원 경영관리 진단·성과분석
한국목록규칙(KCR) 개정 반영 국가서지 목록지침 개선 연구,한국목록규칙 개정 국가서지 목록지침 연구
한국산 Tephritinae아과 중점 과실파리류의 형태학적 매뉴얼 작성,한국산 과실파리류 형태학적 매뉴얼 작성
한국선진학교 가스열펌프(GHP) 배출가스 저감장치 구매설치,한국선진학교 GHP 배출가스 저감장치 구매설치
한국어능력시험(TOPIK) 디지털 전환에 따른 평가체계 개선 정책연구(2단계) 용역,TOPIK 디지털전환 평가체계 개선 연구
한국예술종합학교 구내식당 주부식 구입(25.11.~26.02.),한국예술종합학교 구내식당 주부식 구입
한국예술종합학교 구내식당 주부식 구입(25.3.~25.6.),한국예술종합학교 구내식당 주부식 구입
한국예술종합학교 구내식당 주부식 구입(25.7.~25.10.),한국예술종합학교 구내식당 주부식 구입
한국예술종합학교 천장관(기숙사) 환경개선 공사 국가유산수리 감리용역,한국예술종합학교 천장관 환경개선 수리감리
한국우진학교 노후 소방시설 개선 공사  소액수의 견적 제출 공고,한국우진학교 노후 소방시설 개선
한국유학종합시스템 빅데이터 활용과제 발굴 및 융합분석 활성화 연구 용역,한국유학종합시스템 빅데이터 융합분석 연구
한국인칩 v2.0 기반 장기이식 코호트를 이용한 유전체정보 생산,한국인칩 장기이식 코호트 유전체정보 생산
한국자생식물원 목재온실 조성공사 건설재해예방 기술지도용역,한국자생식물원 목재온실 재해예방 기술지도
한국자생식물원 목재온실 조성공사 관급자재(구조용집성목재),한국자생식물원 목재온실 구조용집성목재
한국전통문화대학교 교내 유휴공간 기초시설(전기) 구축 공사,한국전통문화대 유휴공간 기초시설 구축(전기)
한국전통문화대학교 그래픽디자인(UI) 수정·보완제작 용역,한국전통문화대 그래픽디자인 수정·보완 제작
한국전통문화대학교 전통건축학과 설계동 증축 공사 재해예방 기술지도 용역(전기통신),전통문화대 설계동 증축 재해예방 기술지도(전기통신)
한국전통문화대학교 전통건축학과 설계동 증축 공사 전기 감리용역,전통문화대 설계동 증축 전기 감리
한국전통문화대학교 전통건축학과 설계동 증축 공사 통신 감리용역,전통문화대 설계동 증축 통신 감리
한국전통문화대학교 전통건축학과 설계동 증축 공사(건설사업관리),전통문화대 설계동 증축 건설사업관리
한국전통문화대학교 전통건축학과 설계동 증축 소방공사 감리용역,전통문화대 설계동 증축 소방 감리
한국전통문화대학교 전통건축학과 설계동 증축공사 설계의도구현 용역,전통문화대 설계동 증축 설계의도구현
한국전통문화대학교 제2학생식당 건립 공사 BF 본인증 용역,전통문화대 제2학생식당 BF 본인증
한국전통문화대학교 제2학생식당 건립 공사 감리(건축) 용역,전통문화대 제2학생식당 건축 감리
한국전통문화대학교 제2학생식당 건립 공사(전기) 분전반 구매,전통문화대 제2학생식당 분전반 구매
한국전통문화대학교 흡수식 냉온수기 및 보일러용 유류 구매(경유),전통문화대 냉온수기·보일러용 경유 구매
한국조폐공사 화폐본부 지하동 정밀안전진단 및 내진성능평가,조폐공사 화폐본부 지하동 정밀안전진단·내진평가
한국조폐공사 화폐본부 지하동의 국립현대미술관 수장고 활용방안 연구용역,조폐공사 지하동 미술관 수장고 활용방안 연구
한국형 음향경고장치 개발을 위한 한국 해양포유류의 생물학적 특성 분석 고도화,한국형 음향경고장치용 해양포유류 특성 분석
한국형모델의 자료동화 개선 기술 개발 용역사업 계약 체결 요청,한국형모델 자료동화 개선 기술 개발
한국형수치예보모델 고도화 및 활용 확산 기술 개발을 위한 상세기획 연구,한국형수치예보모델 고도화 상세기획 연구
한글실험프로젝트 근대 한글 연구소 김포 부산 순회 전시 연출 용역,근대 한글 연구소 순회 전시 연출
"한눈에 이해되는 법령정보 제공 사업 추진을 위한 국토개발ㆍ도시 및 주택, 환경, 소방 분야 법령 시각콘텐츠 기획ㆍ개발",법령정보 국토·환경·소방 시각콘텐츠 개발
"한눈에 이해되는 법령정보 제공 사업 추진을 위한 재정ㆍ경제, 교육ㆍ학술 분야 법령 시각콘텐츠 기획ㆍ개발",법령정보 재정·교육 시각콘텐츠 개발
한려해상 자생식물 스마트양묘장 조성 등 기본계획 수립 용역,한려해상 자생식물 스마트양묘장 기본계획
한려해상 해양생태교육센터 조성공사 외부승강기 금속창호공사,한려해상 해양생태교육센터 외부승강기 금속창호
한미 자동출입국 상호이용시스템 재개발 사업  감리 및 개인정보영향평가,한미 자동출입국시스템 재개발 감리·영향평가
한반도통일미래센터 통일미래체험관 체험 콘텐츠 개선 및 제작·설치(변경공고),통일미래체험관 체험 콘텐츠 개선·제작설치
한빛권 방사능방재지휘센터 감속차로 구간 매장유산 시굴조사용역,한빛권 방재지휘센터 감속차로 매장유산 시굴
"한약(생약) 중 곰팡이독소, 다환방향족탄화수소류 시험법 개선을 위한 교차검증(25201한약안001)",한약 곰팡이독소·다환방향족 시험법 교차검증
한우 배합사료 화식기술 시범사업 TMF 화식 사료배합기 구입,한우 화식 사료배합기(TMF) 구입
한우 배합사료 화식기술 시범사업 TMF 화식 사료배합기 구입 [민간대행],한우 화식 사료배합기(TMF) 구입(민간대행)
한우암소사육동 및 부대시설 부지 내부도로 포장보수공사(아스콘포장),한우암소사육동 내부도로 아스콘 포장보수
한우암소사육동 및 부대시설 부지(조사료생산포장) 조성(토목)공사,한우암소사육동 조사료생산포장 토목공사
한울광역방사능방재지휘센터 방사선 비상대응 정보화 지원 설비 구축,한울 방재지휘센터 비상대응 정보화 설비 구축
한일교육교류협력사업의 성과분석 및 운영 개선방향 연구 용역,한일교육교류협력 성과분석·운영개선 연구
함안 군북-가야 국도건설공사 건설폐기물 파쇄장 운영·관리 용역,함안 군북-가야 국도 건설폐기물 파쇄장 운영
함안-가야 법수 등 2건 건설사업관리(설계단계) 건설엔지니어링,함안-가야 법수 등 설계단계 건설사업관리
"함양경찰서 파출소,치안센터 친환경자재(천정텍스) 설치 공사",함양경찰서 파출소 친환경 천정텍스 설치
함정 발전기관(두산 AD196) 총분해수리 부속 구매(특수조건 필독),함정 발전기관(AD196) 총분해수리 부속 구매
함정 워터제트 수리 예비품(TAILPIPE KIT) 구매(특수조건 필독),함정 워터제트 예비품(TAILPIPE KIT) 구매
함정 워터제트(HM651) 수리 예비부속 구매(특수조건 필독),함정 워터제트(HM651) 수리 예비부속 구매
함정 워터제트(HT-1000) 수리 예비품(EATON PUMP) 구매(특수조건 필독),함정 워터제트(HT-1000) EATON PUMP 구매
함정 주기관 감속기(ZF5000) 총분해수리 예비품 구매(특수조건 필독),함정 감속기(ZF5000) 총분해수리 예비품 구매
함정 주기관 및 발전기관(MTU) 분해수리 예비부속 구매(특수조건 필독),함정 주기관·발전기관(MTU) 수리 예비부속 구매
함정 주기관(MTU16V4000M93L) 총분해수리 예비품 구매(특수조건 필독),함정 주기관(MTU16V4000) 총분해 예비품 구매
함정 주기관(PIELSTICK) 복구수리 부속 구매(특수조건 필독),함정 주기관(PIELSTICK) 복구수리 부속 구매
함정 횡요감쇄기(KROSYS) 수리 예비부속 구매(특수조건 필독),함정 횡요감쇄기(KROSYS) 수리 예비부속 구매
"합성연료(Bio, E-Fuel 등) 적용 자동차 배출가스 인증제도 및 시험방법 마련 연구(II)",합성연료 자동차 배출가스 인증·시험방법 연구
항결핵 효능 예측 기술 개선을 통한 신약 후보 물질 발굴 플랫폼 고도화,항결핵 신약 후보물질 발굴 플랫폼 고도화
항공기 이탈방지 제동장치(EMAS) 국내 기준 마련 연구,항공기 이탈방지 제동장치(EMAS) 기준 연구
항공기 충돌 영향 분석 기반 무안공항 방위각 제공 시설 구조물 개선 연구,무안공항 방위각 시설 구조물 개선 연구
항공로관제용 비상 단거리이동통신시설 구축 기본 및 실시설계용역,항공로관제용 비상 단거리이동통신시설 설계
항공산업 경쟁력 강화 위한 민항기 국제공동개발 추진 방안 연구,민항기 국제공동개발 추진 방안 연구
항공안전 강화를 위한 건설 및 운영기준 정합성 확보방안 연구,항공안전 건설·운영기준 정합성 확보 연구
항공의 안전과 효율적 운영 등을 위한 항공분야 조직개편 및 적정인력 산정·충원에 관한 연구,항공분야 조직개편·적정인력 산정 연구
항공정보종합관리망(SWIM) 제작·구매 및 설치 정보통신 감리용역,항공정보종합관리망(SWIM) 정보통신 감리
항공화물 처리 효율화를 위한 세관 필요시설 검토 연구용역,항공화물 효율화 세관 필요시설 검토 연구
"항로표지 장비용품 구매 공고(충방전조절기, LED모듈, 섬광기)",항로표지 장비용품(충방전조절기 등) 구매
항로표지선(등대랑1호) 친환경 선박 대체건조 기본 및 실시설계용역,항로표지선(등대랑1호) 친환경 대체건조 설계
항로표지선(여명2호) 친환경 선박 대체건조 기본 및 실시설계용역,항로표지선(여명2호) 친환경 대체건조 설계
항만배후단지 이익공유형 분양제도 도입 타당성 검토 및 제도 개선방안 연구 용역,항만배후단지 이익공유형 분양제도 도입 연구
"항만순찰선 가온호 주기관 부품 구매(228,085,000원)",항만순찰선 가온호 주기관 부품 구매
항바이러스 물질 발굴 우선순위 바이러스 확대 적용을 위한 HTS 활용 거점실험실 운영,항바이러스 물질 발굴 HTS 거점실험실 운영
해상 양식어업의 친환경 국제인증(ASC) 어가 인식증진 및 사후심사 지원 컨설팅,해상 양식어업 ASC 인증 인식증진·심사 컨설팅
"해상, 항공, GPS 전파감시시스템 유지보수용역(2년 장기계속 계약)",해상·항공·GPS 전파감시시스템 유지보수
해상가두리 안정적 수정란 확보를 위한 채집시설 모델링 연구 위탁용역,해상가두리 수정란 채집시설 모델링 연구
해수면상승 대응 항만 설계기준 개선 및 보강방안 연구용역,해수면상승 대응 항만 설계기준 개선 연구
해안수산용 LM미생물 환경발출시험시설 설치 및 운영기준(안) 마련 연구,수산용 LM미생물 환경발출시험시설 운영기준 연구
"해양 교육프로그램 운영을 위한 내부(교육실, 회의실) 정비 공사",해양 교육실·회의실 내부 정비
해양 기후변화(해양물리) 감시예측 슈퍼컴퓨터 전용노드 임차(I),해양 기후변화 감시예측 슈퍼컴 노드 임차(I)
해양 기후변화(해양물리) 감시예측 슈퍼컴퓨터 전용노드 임차(II),해양 기후변화 감시예측 슈퍼컴 노드 임차(II)
해양경찰연구센터 해양경찰 현장지원 기술개발 기획연구 용역,해양경찰 현장지원 기술개발 기획연구
해양경찰청 XR단속-구조 훈련센터 신축공사 기본 및 실시설계 용역,해양경찰청 XR훈련센터 신축 설계
해양과학기지 기반 해양-대기 열속모수화 및 관측체계 개선(Ⅴ),해양과학기지 해양-대기 열속모수화 개선(Ⅴ)
해양기후변화(해양환경생태계) 감시예측 슈퍼컴퓨터 전용노드 임차(II),해양환경생태계 감시예측 슈퍼컴 노드 임차(II)
해양모빌리티 상용화 대비 해사안전 분야 법령 제.개정 소요 식별을 위한 기초연구,해양모빌리티 해사안전 법령 제개정 기초연구
해양보호구역(부안줄포만갯벌) 관리기본계획 수립 학술연구용역,부안줄포만갯벌 관리기본계획 학술연구
해양생물종(윤충류)을 이용한 생태독성 시험 교차검증(분석용역),윤충류 이용 생태독성 시험 교차검증
해양생태계 보전ㆍ관리 시설(외부 경관) 개선 물품 제작ㆍ설치,해양생태계 보전시설 외부경관 물품 제작설치
"해양생태계 보전시설 교육생 공용공간(2층, 3층) 정비공사",해양생태계 보전시설 공용공간 정비
"해양생태계 보전을 위한 환경 개선 물품(시트지, 사인물) 제작ㆍ설치",해양생태계 환경개선 물품(시트지 등) 제작설치
해양생태계 보전을 위한 환경 개선 물품(창호 래핑) 제작ㆍ설치,해양생태계 환경개선 물품(창호 래핑) 제작설치
해양생태계 조사 역량 강화를 위한 잠수교육시설 환경 개선,해양생태계 조사 잠수교육시설 환경 개선
해양생태계 조사ㆍ분석(탄소 저장ㆍ흡수량) TOC 분석기 소모품 구매,해양생태계 분석 TOC 분석기 소모품 구매
해양생태계 조사ㆍ분석(탄소 저장ㆍ흡수량) 동위원소 분석기 소모품 구매,해양생태계 분석 동위원소 분석기 소모품 구매
해양수산 사이버안전센터 정보보호시스템 유지관리(2026~2027),해양수산 사이버안전센터 정보보호 유지관리
해양수산부 부산청사 사무환경 조성사업(통신) 불법촬영카메라 탐지기,해수부 부산청사 불법촬영카메라 탐지기
해양수산부 정보통신실 운영 및 유지관리(2026~2027),해수부 정보통신실 운영·유지관리
해양수산부 지식역량 강화를 위한 2026년 지해로 서비스,해수부 지해로 서비스
해양수산인재개발원 2030중장기 발전계획 수립 연구용역(긴급),해양수산인재개발원 2030 발전계획 연구(긴급)
해양수산정보 공동활용체계 운영 및 유지관리(2026~2027),해양수산정보 공동활용체계 운영·유지관리
해양연구센터 청사 임대차계약 종료에 따른 원상복구(실내건축공사),해양연구센터 청사 원상복구 실내건축
해양오염사고의 패러다임 전환 대응 차세대 방제자원 확보 전략 연구용역,차세대 방제자원 확보 전략 연구
해양환경 위기대응 통합자원시스템  구축 1차 감리 용역 ,해양환경 위기대응 통합자원시스템 1차 감리
해외 경쟁당국의 최신 제도·법집행 시스템 등에 관한 연구,해외 경쟁당국 제도·법집행 시스템 연구
해외 생물자원 발굴 및 분류-동남아시아 국가(2025년),해외 생물자원 발굴·분류-동남아시아
해외 생물자원 발굴 및 분류-아프리카 및 몽골 국가(2025년) ,해외 생물자원 발굴·분류-아프리카·몽골
해외 생물자원 천연물의 골격계 성장·건강 유효성 평가(2025년),해외 생물자원 천연물 골격계 유효성 평가
해외 생물자원 천연물의 항비만·항피부염 유효성 평가(2025년),해외 생물자원 천연물 항비만·항피부염 평가
해외 영상분석 전문기관 공동연구 용역(긴급) 단일응찰 적합에 따른 수의시담 공고,해외 영상분석 공동연구(긴급) 수의시담
해외 체류 우리 국민 정신질환자 대상 영사조력 강화 방안 연구,해외 체류 정신질환자 영사조력 강화 연구
해외여론주도층 통일공공외교 활동 지원 사업 위탁운영 대행기관 선정,해외여론주도층 통일공공외교 위탁운영 선정
해외여론주도층 통일공공외교 활동 지원 사업 위탁운영 대행기관 선정 수의시담 공고,해외여론주도층 통일외교 위탁운영 선정 수의시담
해외조달시장 수출전략기업 육성사업(2025~2026년) 용역,해외조달 수출전략기업 육성
해운대APEC등표 등 6개소 정밀안전진단(점검) 용역 입찰 공고,해운대APEC등표 등 6개소 정밀안전진단
해운항만물류정보시스템(PORT-MIS) 재구축을 위한 ISMP 수립,해운항만물류정보시스템(PORT-MIS) ISMP 수립
해운항만물류정보시스템(PORT-MIS) 재구축을 위한 ISMP 수립 감리,PORT-MIS 재구축 ISMP 수립 감리
해조류 채취와 전통어촌공동체 국가무형유산 지정 가치 조사 연구,해조류 채취 어촌공동체 무형유산 가치 조사
행복도시 개발사업의 공공성 제고를 위한 제도개선방안 연구용역,행복도시 개발 공공성 제고 제도개선 연구
행복도시 건설기록 유네스코 세계기록유산 등재 신청 후속조치 용역,행복도시 건설기록 세계기록유산 등재 후속
"혁신기획_2025년 산림교육 운영사업(숲해설, 유아숲교육)",2025 산림교육 운영(숲해설·유아숲교육)
혁신도시 우선구매 목표비율 설정방식 및 활성화 방안 연구,혁신도시 우선구매 목표비율·활성화 연구
혁신제품 구매[2025년 주왕산 재해복구공사(월외~금은광이) 관급자재(목교) 구매·설치] ,주왕산 재해복구 관급자재(목교) 구매설치
"혁신제품(2022-235호, 기타자외선살균기) 제3자단가계약",혁신제품 기타자외선살균기 제3자단가계약
"혁신제품(제2022-076호, 자연석판석) 제3자단가계약",혁신제품 자연석판석 제3자단가계약
"혁신제품(제2022-266호, 태양광발전장치) 제3자 단가계약",혁신제품 태양광발전장치 제3자단가계약
"혁신제품(제2022-427호,파형강관,파형강관이음관)제3자단가계약",혁신제품 파형강관·이음관 제3자단가계약
"혁신제품(제2024-075호,LED보안등기구 등)제3자단가계약",혁신제품 LED보안등기구 제3자단가계약
현업 대기질 모델 예측 성능 향상 연구(Ⅲ) - CMAQ 모델의 고해상도화 및 화학과정 개선을 중심으로,현업 대기질 모델 CMAQ 성능 향상 연구(Ⅲ)
현역복무중 질병·심신장애 등 사유 전역자에 대한 공정성 확보 방안 연구,질병·심신장애 전역자 공정성 확보 연구
"현장 구급장비(의료용 흡인기, 분리형 들것, 산소소생기) 구매",현장 구급장비(흡인기·들것 등) 구매
현장 실무에 적합한 보고서 실습용 정책사례 개발 연구용역,보고서 실습용 정책사례 개발 연구
현장 적용성 제고를 위한 건설공사 발파 지침 제·개정 연구,건설공사 발파 지침 제·개정 연구
혈액수급관리시스템(BMS) 의료기관 연계 및 고도화(2단계) ,혈액수급관리시스템(BMS) 연계·고도화(2단계)
혈액수급관리시스템(BMS) 의료기관 연계 및 고도화(2단계) 감리,혈액수급관리시스템(BMS) 고도화 감리
혈액수급관리시스템(BMS) 의료기관 연계 및 고도화(2단계)를 위한  전자정부사업관리 위탁(PMO),혈액수급관리시스템(BMS) 고도화 PMO
"형식승인 환경시험(서지·버스트 시험, 염수분무 시험) 절차 표준기술 개발",형식승인 환경시험 절차 표준기술 개발
형집행법상 수용자 제도 및 처우에 관한 법리적·비교법적 연구,형집행법 수용자 제도·처우 법리 연구
혼합물질 확산평가 모델 지원을 위한 KORA 개선 연구(Ⅰ),혼합물질 확산평가 KORA 개선 연구(Ⅰ)
"홍성,예산권역 국도(21,29호선)  도로제설 및 결빙제거작업",홍성·예산권역 국도 제설·결빙제거
홍성교도소 서산지소 수용동 증축공사 임목폐기물 처리용역 ,홍성교도소 서산지소 수용동 증축 임목폐기물 처리
홍성교도소서산지소 운동시설 조성공사 소액수의 견적제출 공고,홍성교도소 서산지소 운동시설 조성
홍천 양덕원우체국 발착장 바닥 보수공사 소액수의 견적제출 공고,홍천 양덕원우체국 발착장 바닥 보수
홍천국토 관내 남부권역 도로유지보수공사 실시설계 건설엔지니어링,홍천국토 남부권역 도로유지보수 실시설계
홍천국토 관내 도로안전시설물 정비 등 실시설계 건설엔지니어링,홍천국토 도로안전시설물 정비 실시설계
홍천국토 관내 북부권역 도로유지보수공사 실시설계 건설엔지니어링,홍천국토 북부권역 도로유지보수 실시설계
홍천국토 관내 제설지원시설 및 졸음쉼터 환경개선공사 실시설계 건설엔지니어링,홍천국토 제설시설·졸음쉼터 환경개선 설계
홍천국토 관내 제설창고 신축 및 작업대기소 유지관리 소방공사,홍천국토 제설창고 신축·대기소 소방공사
홍천국토 관내 제설창고 신축 및 작업대기소 유지관리 전기공사,홍천국토 제설창고 신축·대기소 전기공사
홍천국토 도로안전운영과 남부권역 도로운영사업 통합건설사업관리용역,홍천국토 남부권역 도로운영 건설사업관리
홍천국토 도로안전운영과 북부권역 도로운영사업 통합건설사업관리용역,홍천국토 북부권역 도로운영 건설사업관리
홍천국토 시설안전관리과 남부권역 도로운영사업 통합건설사업관리용역,홍천국토 남부 도로운영 통합 건설사업관리
홍천국토 시설안전관리과 북부권역 도로운영사업 통합건설사업관리용역,홍천국토 북부 도로운영 통합 건설사업관리
화관법 개정에 따른 하위법령 이행실태 조사 및 해설서 마련,화관법 하위법령 이행실태 조사·해설서
화분매개곤충의 생태계서비스 평가 및 변화 예측 연구(2025년),화분매개곤충 생태계서비스 평가·예측 연구
화성직업훈련교도소 등 수용자 자비구매물품 과일류(7종) 입찰공고,화성직업훈련교도소 자비구매 과일류 입찰
화성직업훈련교도소 수용자 자비부담 안경류 구매 소액수의 견적제출 공고,화성직업훈련교도소 자비부담 안경류 구매
화성직업훈련교도소 실내건축 산업기사 공과 데스크톱 컴퓨터 구매 소액수의 견적제출 안내 공고,화성직업훈련교도소 데스크톱 컴퓨터 구매
화성탐사 국제협력 기반 국내 기술 실증 임무발굴 및 타당성 검토를 위한 기획연구,화성탐사 국제협력 기술 실증 임무발굴 기획
화순 동면-송광 봉산 도로시설개량공사 건설폐기물(폐콘크리트) 위탁처리용역,화순 동면-송광 봉산 폐콘크리트 위탁처리
화순 동면-송광 봉산 도로시설개량공사 매장문화재 시굴조사용역 ,화순 동면-송광 봉산 매장문화재 시굴조사
화순 동면-송광 봉산 도로시설개량공사 사후환경영향조사용역 ,화순 동면-송광 봉산 사후환경영향조사
화장품 위해성평가를 위한 피부흡수율 연구(25201화의안001),화장품 위해성평가 피부흡수율 연구
화재 대처요령(소방시설 사용법) 홍보 영상물 제작(수의시담),화재 대처요령 홍보 영상물 제작(수의시담)
"화포천 화포2지구 하천환경 정비사업 건설폐기물(폐콘크리트,폐아스콘)처리용역(1차)",화포천 화포2지구 건설폐기물 처리(1차)
화포천 화포2지구 하천환경 정비사업 건설폐기물(혼합폐기물)처리용역,화포천 화포2지구 혼합폐기물 처리
화학물질 보관·저장업 소방용수 수계유입 방지대책 마련 연구(II),화학물질 보관저장업 소방용수 유입방지 연구(II)
화학물질안전원 교육시스템 국가정보자원관리원 이전 및 기능개선,화학물질안전원 교육시스템 이전·기능개선
화학사고 대피장소 공공서비스 제공 및 관리도구 개선 방안 연구,화학사고 대피장소 공공서비스·관리도구 개선
화훼 노후 연구시설 개선 및 스마트모니터링 시스템 구축 공사,화훼 노후 연구시설 개선·스마트모니터링 구축
환경 대기 중 미세플라스틱 측정을 위한 시험방법(안) 마련 및 현장 적용성 평가,대기 중 미세플라스틱 측정 시험방법 마련
환경 위해우려물질에 대한 생물농축성 및 모니터링 연구(Ⅱ),위해우려물질 생물농축성·모니터링 연구(Ⅱ)
환경감시 지도점검용 광학가스 탐지카메라(OGI카메라) 구입,환경감시용 광학가스 탐지카메라(OGI) 구입
환경관리해역 관리 및 해역별 계획 2024년 이행평가 연구,환경관리해역 해역별 계획 이행평가 연구
환경부 소속.산하생물자원관 기후변화 연구 로드맵(26~30)수립,환경부 생물자원관 기후변화 연구 로드맵 수립
환경산업분야 인력 실태조사 및 수요전망(2024년 기준),환경산업 인력 실태조사·수요전망
환경안전 및 적정관리를 고려한 폐수 활용 방안 마련 연구,환경안전 고려 폐수 활용 방안 연구
환경영향 저감방안 마련을 위한 임도 개설지역의 동·식물상 변화 특성 구명(3) ,임도 개설지역 동·식물상 변화 특성 구명(3)
환경영향 저감방안 마련을 위한 임도 개설지역의 토사 유출 및 수질변화 특성 구명(3),임도 개설지역 토사유출·수질변화 구명(3)
환경오염 취약지역 환경노출 및 주민건강영향 조사 종합평가,환경오염 취약지역 노출·건강영향 종합평가
환경위성(GEMS) Level-0 자료 분석 및 검증 연구(I),환경위성(GEMS) Level-0 분석·검증 연구(I)
환경위성(GEMS) 기하보정 알고리즘 정확도 향상 연구(II),환경위성(GEMS) 기하보정 정확도 향상(II)
환경위성(GEMS) 지상농도 산출기법 확대 적용 및 자료생산(I),환경위성(GEMS) 지상농도 산출기법 자료생산(I)
환경위성을 포함한 대기오염 관측자료의 국외배포를 위한 서비스 체계 구축(IV),대기오염 관측자료 국외배포 서비스 구축(IV)
환경측정기기 테스트베드 현장시험 시험방법 및 기준(안) 연구(Ⅴ),환경측정기기 테스트베드 시험방법 연구(Ⅴ)
황강 용주지구 하천환경정비사업 건설폐기물(폐아스콘) 처리용역,황강 용주지구 폐아스콘 처리
"황강 용주지구 하천환경정비사업 건설폐기물(폐콘크리트,혼합폐기물) 처리용역",황강 용주지구 폐콘크리트·혼합폐기물 처리
황강 청덕지구 하천환경정비사업 건설폐기물(폐아스팔트) 처리용역,황강 청덕지구 폐아스팔트 처리
황강 청덕지구 하천환경정비사업 건설폐기물(폐콘크리트) 처리용역,황강 청덕지구 폐콘크리트 처리
황룡강 송정1지구 하천환경정비사업 폐콘크리트 위탁처리용역,황룡강 송정1지구 폐콘크리트 위탁처리
황룡강 송정2지구 하천환경정비사업 임목폐기물 위탁처리용역(1차),황룡강 송정2지구 임목폐기물 위탁처리(1차)
황룡강 송정2지구 하천환경정비사업 폐콘크리트 위탁처리용역,황룡강 송정2지구 폐콘크리트 위탁처리
황룡강 황룡1지구 등 2개소 하천환경정비사업 안전점검용역,황룡강 황룡1지구 등 2개소 안전점검
황룡강 황룡1지구 하천환경정비사업 임목폐기물 위탁처리용역,황룡강 황룡1지구 임목폐기물 위탁처리
황룡강 황룡1지구 하천환경정비사업 폐기물위탁처리용역(1차),황룡강 황룡1지구 폐기물 위탁처리(1차)
황룡강 황룡2지구 하천환경정비사업(2차) 관급자재(기능성생태블럭) 구매,황룡강 황룡2지구 관급자재 생태블럭 구매
황룡강 황룡2지구 하천환경정비사업(2차) 관급자재(기능성생태블럭) 구매 재안내 공고,황룡강 황룡2지구 생태블럭 구매 재안내
황매산 녹색문화체험지구 조성사업  오수처리시설 구입 및 설치,황매산 녹색문화체험지구 오수처리시설 설치
황매산 녹색문화체험지구 조성사업 오수처리시설 구입 및 설치,황매산 녹색문화체험지구 오수처리시설 설치
황토자원 체험시설 조성공사 관급자재(금속제창_온실창호) 구매,황토자원 체험시설 관급자재 온실창호 구매
후성유전학적 정보 기반 코로나19 등 신변종 바이러스 표적치료인자 발굴 기술 고도화 연구,코로나19 등 바이러스 표적치료인자 발굴 연구
후속 정지궤도 환경위성 개발 예비타당성조사 대응 연구(II),후속 정지궤도 환경위성 예타 대응 연구(II)
후속위성 신규 산출물 기획 및 위성센터 중장기계획 수립 연구,후속위성 산출물 기획·중장기계획 수립
후포항 정비(생활형SOC)사업 건설폐기물(폐콘크리트) 처리용역,후포항 정비 건설폐기물 폐콘크리트 처리
"훈련체계 방법별(시뮬레이터, 실제장비) 하베스터 작업 생산성 변화조사 ",하베스터 작업 생산성 변화조사
휴대용 고순도게르마늄 분광분석기 [Portable HPGe Spectrometer],휴대용 고순도게르마늄 분광분석기
휴대용 형광장비를 활용한 옥수수 곰팡이 오염 검출 모델 개발 (연구용 시료 제조),옥수수 곰팡이 오염 검출 모델 개발
흑산도항 재해취약지구 정비사업 기본 및 실시설계 경제성 검토 용역,흑산도항 재해취약지구 정비 설계 경제성 검토
흥교도소 급식용 수산물(냉동가오리 등 75종) 구매 입찰  ,흥교도소 급식용 수산물 구매 입찰
희귀식물 자생지 개체군 조사 및 적색목록 평가 자료 수집,희귀식물 자생지 개체군 조사·적색목록 평가
흰수리(KUH-1CG) 헬기 부품(주 기어박스 등) 구매(제조),흰수리(KUH-1CG) 헬기 부품 구매
히트펌프_순환여과양식시스템(RAS) 설비공사(기계설비) 관급자재,순환여과양식시스템(RAS) 설비 관급자재
｢Groundwater Korea 2025｣ 행사 대행 용역,Groundwater Korea 2025 행사 대행
｢국제조세조정에 관한 법률｣ 및 같은 법 시행령의 외국어 번역본 정비 ,국제조세조정법 시행령 외국어 번역본 정비
